line,method,points,epoch,train_accuracy_percent,test_oa_percent,test_macc_percent,source_log
A,Original,1024,1,49.87,55.34,48.33,pointnet2_results/x4_two_line_final/lineA_original_baseline/train.log
A,Original,1024,2,64.81,71.88,62.94,pointnet2_results/x4_two_line_final/lineA_original_baseline/train.log
A,Original,1024,3,69.85,74.51,66.81,pointnet2_results/x4_two_line_final/lineA_original_baseline/train.log
A,Original,1024,4,73.06,78.96,70.33,pointnet2_results/x4_two_line_final/lineA_original_baseline/train.log
A,Original,1024,5,75.73,78.93,72.96000000000001,pointnet2_results/x4_two_line_final/lineA_original_baseline/train.log
A,Original,1024,6,77.74,83.8,77.16,pointnet2_results/x4_two_line_final/lineA_original_baseline/train.log
A,Original,1024,7,79.11,83.83,78.60000000000001,pointnet2_results/x4_two_line_final/lineA_original_baseline/train.log
A,Original,1024,8,79.53,81.65,75.84,pointnet2_results/x4_two_line_final/lineA_original_baseline/train.log
A,Original,1024,9,81.26,83.24000000000001,76.73,pointnet2_results/x4_two_line_final/lineA_original_baseline/train.log
A,Original,1024,10,81.66,85.26,79.67999999999999,pointnet2_results/x4_two_line_final/lineA_original_baseline/train.log
A,Original,1024,11,81.89999999999999,84.88,81.8,pointnet2_results/x4_two_line_final/lineA_original_baseline/train.log
A,Original,1024,12,82.15,84.72,79.51,pointnet2_results/x4_two_line_final/lineA_original_baseline/train.log
A,Original,1024,13,83.11,83.78999999999999,78.48,pointnet2_results/x4_two_line_final/lineA_original_baseline/train.log
A,Original,1024,14,83.6,85.04,80.30000000000001,pointnet2_results/x4_two_line_final/lineA_original_baseline/train.log
A,Original,1024,15,84.1,85.1,78.53,pointnet2_results/x4_two_line_final/lineA_original_baseline/train.log
A,Original,1024,16,83.54,87.61,81.15,pointnet2_results/x4_two_line_final/lineA_original_baseline/train.log
A,Original,1024,17,84.27,82.97,76.42999999999999,pointnet2_results/x4_two_line_final/lineA_original_baseline/train.log
A,Original,1024,18,85.17,87.31,80.99,pointnet2_results/x4_two_line_final/lineA_original_baseline/train.log
A,Original,1024,19,84.99,85.11,80.31,pointnet2_results/x4_two_line_final/lineA_original_baseline/train.log
A,Original,1024,20,86.44,88.67,83.91,pointnet2_results/x4_two_line_final/lineA_original_baseline/train.log
A,Original,1024,21,87.26,88.67,81.88,pointnet2_results/x4_two_line_final/lineA_original_baseline/train.log
A,Original,1024,22,87.49,88.31,83.91999999999999,pointnet2_results/x4_two_line_final/lineA_original_baseline/train.log
A,Original,1024,23,88.05,88.28,81.2,pointnet2_results/x4_two_line_final/lineA_original_baseline/train.log
A,Original,1024,24,87.26,88.11,82.36,pointnet2_results/x4_two_line_final/lineA_original_baseline/train.log
A,Original,1024,25,88.13,88.72,83.39999999999999,pointnet2_results/x4_two_line_final/lineA_original_baseline/train.log
A,Original,1024,26,88.01,89.1,81.89,pointnet2_results/x4_two_line_final/lineA_original_baseline/train.log
A,Original,1024,27,87.88,86.27,82.25,pointnet2_results/x4_two_line_final/lineA_original_baseline/train.log
A,Original,1024,28,88.3,88.46000000000001,82.0,pointnet2_results/x4_two_line_final/lineA_original_baseline/train.log
A,Original,1024,29,88.24,89.09,83.21,pointnet2_results/x4_two_line_final/lineA_original_baseline/train.log
A,Original,1024,30,88.82,86.92,83.77,pointnet2_results/x4_two_line_final/lineA_original_baseline/train.log
A,Original,1024,31,88.75999999999999,87.53999999999999,83.13000000000001,pointnet2_results/x4_two_line_final/lineA_original_baseline/train.log
A,Original,1024,32,88.42,88.87,83.49,pointnet2_results/x4_two_line_final/lineA_original_baseline/train.log
A,Original,1024,33,88.77000000000001,88.57000000000001,84.43,pointnet2_results/x4_two_line_final/lineA_original_baseline/train.log
A,Original,1024,34,88.8,88.18,81.10000000000001,pointnet2_results/x4_two_line_final/lineA_original_baseline/train.log
A,Original,1024,35,89.46,86.63,82.3,pointnet2_results/x4_two_line_final/lineA_original_baseline/train.log
A,Original,1024,36,88.7,89.31,83.94,pointnet2_results/x4_two_line_final/lineA_original_baseline/train.log
A,Original,1024,37,89.1,88.96,84.0,pointnet2_results/x4_two_line_final/lineA_original_baseline/train.log
A,Original,1024,38,89.34,89.27000000000001,84.92,pointnet2_results/x4_two_line_final/lineA_original_baseline/train.log
A,Original,1024,39,89.67,90.47,84.50999999999999,pointnet2_results/x4_two_line_final/lineA_original_baseline/train.log
A,Original,1024,40,90.22,91.59,86.97,pointnet2_results/x4_two_line_final/lineA_original_baseline/train.log
A,Original,1024,41,90.89,91.14999999999999,86.11999999999999,pointnet2_results/x4_two_line_final/lineA_original_baseline/train.log
A,Original,1024,42,90.89,90.46,84.56,pointnet2_results/x4_two_line_final/lineA_original_baseline/train.log
A,Original,1024,43,91.2,89.62,84.33,pointnet2_results/x4_two_line_final/lineA_original_baseline/train.log
A,Original,1024,44,90.72,89.47,83.63000000000001,pointnet2_results/x4_two_line_final/lineA_original_baseline/train.log
A,Original,1024,45,90.99000000000001,90.48,85.46000000000001,pointnet2_results/x4_two_line_final/lineA_original_baseline/train.log
A,Original,1024,46,91.58,90.33,86.18,pointnet2_results/x4_two_line_final/lineA_original_baseline/train.log
A,Original,1024,47,91.47999999999999,90.34,85.28,pointnet2_results/x4_two_line_final/lineA_original_baseline/train.log
A,Original,1024,48,90.78,90.96,85.28,pointnet2_results/x4_two_line_final/lineA_original_baseline/train.log
A,Original,1024,49,91.51,90.83,85.76,pointnet2_results/x4_two_line_final/lineA_original_baseline/train.log
A,Original,1024,50,91.25,91.06,87.75,pointnet2_results/x4_two_line_final/lineA_original_baseline/train.log
A,Original,1024,51,91.51,89.81,85.11999999999999,pointnet2_results/x4_two_line_final/lineA_original_baseline/train.log
A,Original,1024,52,91.46,90.21000000000001,84.31,pointnet2_results/x4_two_line_final/lineA_original_baseline/train.log
A,Original,1024,53,92.09,89.86,85.82,pointnet2_results/x4_two_line_final/lineA_original_baseline/train.log
A,Original,1024,54,91.71000000000001,90.27,85.21,pointnet2_results/x4_two_line_final/lineA_original_baseline/train.log
A,Original,1024,55,91.93,90.34,87.9,pointnet2_results/x4_two_line_final/lineA_original_baseline/train.log
A,Original,1024,56,91.83,89.49000000000001,84.59,pointnet2_results/x4_two_line_final/lineA_original_baseline/train.log
A,Original,1024,57,91.63,90.09,85.22,pointnet2_results/x4_two_line_final/lineA_original_baseline/train.log
A,Original,1024,58,91.32000000000001,90.42,87.26,pointnet2_results/x4_two_line_final/lineA_original_baseline/train.log
A,Original,1024,59,92.33,90.74,86.48,pointnet2_results/x4_two_line_final/lineA_original_baseline/train.log
A,Original,1024,60,92.64,90.7,86.3,pointnet2_results/x4_two_line_final/lineA_original_baseline/train.log
A,Original,1024,61,92.86,91.47999999999999,87.2,pointnet2_results/x4_two_line_final/lineA_original_baseline/train.log
A,Original,1024,62,92.95,90.22,86.53999999999999,pointnet2_results/x4_two_line_final/lineA_original_baseline/train.log
A,Original,1024,63,93.07,91.09,86.33999999999999,pointnet2_results/x4_two_line_final/lineA_original_baseline/train.log
A,Original,1024,64,92.75999999999999,91.62,86.48,pointnet2_results/x4_two_line_final/lineA_original_baseline/train.log
A,Original,1024,65,93.38,90.55,86.95,pointnet2_results/x4_two_line_final/lineA_original_baseline/train.log
A,Original,1024,66,93.51,90.01,85.42999999999999,pointnet2_results/x4_two_line_final/lineA_original_baseline/train.log
A,Original,1024,67,93.21000000000001,91.35,88.08,pointnet2_results/x4_two_line_final/lineA_original_baseline/train.log
A,Original,1024,68,93.47999999999999,90.75999999999999,86.45,pointnet2_results/x4_two_line_final/lineA_original_baseline/train.log
A,Original,1024,69,93.53,90.81,87.2,pointnet2_results/x4_two_line_final/lineA_original_baseline/train.log
A,Original,1024,70,93.47999999999999,90.97,85.88,pointnet2_results/x4_two_line_final/lineA_original_baseline/train.log
A,Original,1024,71,93.33,91.8,86.50999999999999,pointnet2_results/x4_two_line_final/lineA_original_baseline/train.log
A,Original,1024,72,93.37,90.12,85.50999999999999,pointnet2_results/x4_two_line_final/lineA_original_baseline/train.log
A,Original,1024,73,93.62,90.9,85.82,pointnet2_results/x4_two_line_final/lineA_original_baseline/train.log
A,Original,1024,74,93.75,90.61,85.83,pointnet2_results/x4_two_line_final/lineA_original_baseline/train.log
A,Original,1024,75,94.07,90.32,85.45,pointnet2_results/x4_two_line_final/lineA_original_baseline/train.log
A,Original,1024,76,93.58,90.41,85.8,pointnet2_results/x4_two_line_final/lineA_original_baseline/train.log
A,Original,1024,77,93.65,90.95,86.65,pointnet2_results/x4_two_line_final/lineA_original_baseline/train.log
A,Original,1024,78,93.58999999999999,90.8,86.53,pointnet2_results/x4_two_line_final/lineA_original_baseline/train.log
A,Original,1024,79,93.78,89.86,85.34,pointnet2_results/x4_two_line_final/lineA_original_baseline/train.log
A,Original,1024,80,94.23,90.88000000000001,85.61,pointnet2_results/x4_two_line_final/lineA_original_baseline/train.log
A,Original,1024,81,94.36,91.19,86.78,pointnet2_results/x4_two_line_final/lineA_original_baseline/train.log
A,Original,1024,82,94.62,90.72,87.21,pointnet2_results/x4_two_line_final/lineA_original_baseline/train.log
A,Original,1024,83,94.58,91.47,86.99,pointnet2_results/x4_two_line_final/lineA_original_baseline/train.log
A,Original,1024,84,94.66,90.7,86.57000000000001,pointnet2_results/x4_two_line_final/lineA_original_baseline/train.log
A,Original,1024,85,94.44,91.95,88.0,pointnet2_results/x4_two_line_final/lineA_original_baseline/train.log
A,Original,1024,86,94.96,91.03999999999999,86.22,pointnet2_results/x4_two_line_final/lineA_original_baseline/train.log
A,Original,1024,87,94.65,91.2,88.12,pointnet2_results/x4_two_line_final/lineA_original_baseline/train.log
A,Original,1024,88,95.06,90.88000000000001,86.87,pointnet2_results/x4_two_line_final/lineA_original_baseline/train.log
A,Original,1024,89,94.67999999999999,90.5,87.72,pointnet2_results/x4_two_line_final/lineA_original_baseline/train.log
A,Original,1024,90,94.49,91.29,87.3,pointnet2_results/x4_two_line_final/lineA_original_baseline/train.log
A,Original,1024,91,94.62,91.41,86.92999999999999,pointnet2_results/x4_two_line_final/lineA_original_baseline/train.log
A,Original,1024,92,95.04,90.53999999999999,86.65,pointnet2_results/x4_two_line_final/lineA_original_baseline/train.log
A,Original,1024,93,95.14,90.57,85.92,pointnet2_results/x4_two_line_final/lineA_original_baseline/train.log
A,Original,1024,94,94.49,91.35,87.25,pointnet2_results/x4_two_line_final/lineA_original_baseline/train.log
A,Original,1024,95,95.08,90.78,86.48,pointnet2_results/x4_two_line_final/lineA_original_baseline/train.log
A,Original,1024,96,95.21,91.51,87.7,pointnet2_results/x4_two_line_final/lineA_original_baseline/train.log
A,Original,1024,97,94.85,91.13,86.47,pointnet2_results/x4_two_line_final/lineA_original_baseline/train.log
A,Original,1024,98,94.77,91.43,86.81,pointnet2_results/x4_two_line_final/lineA_original_baseline/train.log
A,Original,1024,99,94.86,90.83,86.33,pointnet2_results/x4_two_line_final/lineA_original_baseline/train.log
A,Original,1024,100,95.17999999999999,90.53,86.14,pointnet2_results/x4_two_line_final/lineA_original_baseline/train.log
A,Original,1024,101,95.83,90.59,86.14,pointnet2_results/x4_two_line_final/lineA_original_baseline/train.log
A,Original,1024,102,95.45,90.63,87.49,pointnet2_results/x4_two_line_final/lineA_original_baseline/train.log
A,Original,1024,103,95.7,91.63,88.53,pointnet2_results/x4_two_line_final/lineA_original_baseline/train.log
A,Original,1024,104,95.7,91.38,86.42,pointnet2_results/x4_two_line_final/lineA_original_baseline/train.log
A,Original,1024,105,95.55,90.95,87.76,pointnet2_results/x4_two_line_final/lineA_original_baseline/train.log
A,Original,1024,106,95.91,90.83,86.45,pointnet2_results/x4_two_line_final/lineA_original_baseline/train.log
A,Original,1024,107,95.77,91.34,86.77,pointnet2_results/x4_two_line_final/lineA_original_baseline/train.log
A,Original,1024,108,95.5,90.49000000000001,85.67,pointnet2_results/x4_two_line_final/lineA_original_baseline/train.log
A,Original,1024,109,95.86,90.85,86.26,pointnet2_results/x4_two_line_final/lineA_original_baseline/train.log
A,Original,1024,110,96.06,90.83,86.53,pointnet2_results/x4_two_line_final/lineA_original_baseline/train.log
A,Original,1024,111,96.07,91.41,87.51,pointnet2_results/x4_two_line_final/lineA_original_baseline/train.log
A,Original,1024,112,96.36,90.98,86.65,pointnet2_results/x4_two_line_final/lineA_original_baseline/train.log
A,Original,1024,113,96.04,90.7,86.13,pointnet2_results/x4_two_line_final/lineA_original_baseline/train.log
A,Original,1024,114,95.92,90.62,86.4,pointnet2_results/x4_two_line_final/lineA_original_baseline/train.log
A,Original,1024,115,95.84,91.32000000000001,87.45,pointnet2_results/x4_two_line_final/lineA_original_baseline/train.log
A,Original,1024,116,96.03,90.95,87.01,pointnet2_results/x4_two_line_final/lineA_original_baseline/train.log
A,Original,1024,117,96.17999999999999,91.03,86.61999999999999,pointnet2_results/x4_two_line_final/lineA_original_baseline/train.log
A,Original,1024,118,96.06,91.18,87.58,pointnet2_results/x4_two_line_final/lineA_original_baseline/train.log
A,Original,1024,119,95.75,91.32000000000001,86.94,pointnet2_results/x4_two_line_final/lineA_original_baseline/train.log
A,Original,1024,120,96.36,91.2,87.24,pointnet2_results/x4_two_line_final/lineA_original_baseline/train.log
A,Original,1024,121,96.6,91.07,86.86,pointnet2_results/x4_two_line_final/lineA_original_baseline/train.log
A,Original,1024,122,96.37,91.14999999999999,87.91,pointnet2_results/x4_two_line_final/lineA_original_baseline/train.log
A,Original,1024,123,96.57,91.16,86.65,pointnet2_results/x4_two_line_final/lineA_original_baseline/train.log
A,Original,1024,124,96.54,91.3,87.41,pointnet2_results/x4_two_line_final/lineA_original_baseline/train.log
A,Original,1024,125,96.57,91.14,86.75,pointnet2_results/x4_two_line_final/lineA_original_baseline/train.log
A,Original,1024,126,96.39,90.78,86.3,pointnet2_results/x4_two_line_final/lineA_original_baseline/train.log
A,Original,1024,127,96.5,91.23,87.64999999999999,pointnet2_results/x4_two_line_final/lineA_original_baseline/train.log
A,Original,1024,128,96.67999999999999,91.39,86.88,pointnet2_results/x4_two_line_final/lineA_original_baseline/train.log
A,Original,1024,129,96.75,91.7,87.21,pointnet2_results/x4_two_line_final/lineA_original_baseline/train.log
A,Original,1024,130,96.57,90.77,86.7,pointnet2_results/x4_two_line_final/lineA_original_baseline/train.log
A,Original,1024,131,96.84,91.35,86.78,pointnet2_results/x4_two_line_final/lineA_original_baseline/train.log
A,Original,1024,132,96.54,91.55,88.73,pointnet2_results/x4_two_line_final/lineA_original_baseline/train.log
A,Original,1024,133,96.66,90.78,86.9,pointnet2_results/x4_two_line_final/lineA_original_baseline/train.log
A,Original,1024,134,96.65,91.03,88.39,pointnet2_results/x4_two_line_final/lineA_original_baseline/train.log
A,Original,1024,135,96.59,91.39,87.79,pointnet2_results/x4_two_line_final/lineA_original_baseline/train.log
A,Original,1024,136,96.74000000000001,91.49000000000001,87.62,pointnet2_results/x4_two_line_final/lineA_original_baseline/train.log
A,Original,1024,137,96.50999999999999,91.25999999999999,86.11,pointnet2_results/x4_two_line_final/lineA_original_baseline/train.log
A,Original,1024,138,96.48,90.83,86.72999999999999,pointnet2_results/x4_two_line_final/lineA_original_baseline/train.log
A,Original,1024,139,96.71,90.83,87.72999999999999,pointnet2_results/x4_two_line_final/lineA_original_baseline/train.log
A,Original,1024,140,96.93,91.28,87.18,pointnet2_results/x4_two_line_final/lineA_original_baseline/train.log
A,Original,1024,141,97.41,91.18,87.2,pointnet2_results/x4_two_line_final/lineA_original_baseline/train.log
A,Original,1024,142,97.27,91.4,88.09,pointnet2_results/x4_two_line_final/lineA_original_baseline/train.log
A,Original,1024,143,97.07000000000001,91.05,87.57000000000001,pointnet2_results/x4_two_line_final/lineA_original_baseline/train.log
A,Original,1024,144,97.26,91.51,88.12,pointnet2_results/x4_two_line_final/lineA_original_baseline/train.log
A,Original,1024,145,96.97,91.03,87.52,pointnet2_results/x4_two_line_final/lineA_original_baseline/train.log
A,Original,1024,146,97.26,91.67,87.22,pointnet2_results/x4_two_line_final/lineA_original_baseline/train.log
A,Original,1024,147,97.04,91.39,88.44999999999999,pointnet2_results/x4_two_line_final/lineA_original_baseline/train.log
A,Original,1024,148,97.18,91.59,87.96000000000001,pointnet2_results/x4_two_line_final/lineA_original_baseline/train.log
A,Original,1024,149,97.0,91.64,88.66000000000001,pointnet2_results/x4_two_line_final/lineA_original_baseline/train.log
A,Original,1024,150,97.03,91.64,88.26,pointnet2_results/x4_two_line_final/lineA_original_baseline/train.log
A,Original,1024,151,97.25,91.67,88.67,pointnet2_results/x4_two_line_final/lineA_original_baseline/train.log
A,Original,1024,152,97.04,91.51,87.86,pointnet2_results/x4_two_line_final/lineA_original_baseline/train.log
A,Original,1024,153,97.26,91.06,87.76,pointnet2_results/x4_two_line_final/lineA_original_baseline/train.log
A,Original,1024,154,97.47,91.3,87.74,pointnet2_results/x4_two_line_final/lineA_original_baseline/train.log
A,Original,1024,155,97.33000000000001,91.23,87.76,pointnet2_results/x4_two_line_final/lineA_original_baseline/train.log
A,Original,1024,156,97.42,91.25999999999999,87.72,pointnet2_results/x4_two_line_final/lineA_original_baseline/train.log
A,Original,1024,157,97.22,91.06,87.71,pointnet2_results/x4_two_line_final/lineA_original_baseline/train.log
A,Original,1024,158,97.22,90.53,87.41,pointnet2_results/x4_two_line_final/lineA_original_baseline/train.log
A,Original,1024,159,97.06,90.97,87.11,pointnet2_results/x4_two_line_final/lineA_original_baseline/train.log
A,Original,1024,160,97.38,91.06,87.33,pointnet2_results/x4_two_line_final/lineA_original_baseline/train.log
A,Original,1024,161,97.49,90.86,87.22999999999999,pointnet2_results/x4_two_line_final/lineA_original_baseline/train.log
A,Original,1024,162,97.43,91.14,87.91,pointnet2_results/x4_two_line_final/lineA_original_baseline/train.log
A,Original,1024,163,97.38,91.18,88.2,pointnet2_results/x4_two_line_final/lineA_original_baseline/train.log
A,Original,1024,164,97.65,91.11,87.78,pointnet2_results/x4_two_line_final/lineA_original_baseline/train.log
A,Original,1024,165,97.42,91.59,87.94,pointnet2_results/x4_two_line_final/lineA_original_baseline/train.log
A,Original,1024,166,97.78,91.51,87.94999999999999,pointnet2_results/x4_two_line_final/lineA_original_baseline/train.log
A,Original,1024,167,97.46000000000001,91.2,87.92,pointnet2_results/x4_two_line_final/lineA_original_baseline/train.log
A,Original,1024,168,97.52,91.55,88.73,pointnet2_results/x4_two_line_final/lineA_original_baseline/train.log
A,Original,1024,169,97.68,90.86999999999999,87.33,pointnet2_results/x4_two_line_final/lineA_original_baseline/train.log
A,Original,1024,170,97.28,90.95,87.57000000000001,pointnet2_results/x4_two_line_final/lineA_original_baseline/train.log
A,Original,1024,171,97.64,91.29,87.68,pointnet2_results/x4_two_line_final/lineA_original_baseline/train.log
A,Original,1024,172,97.45,91.39,87.63,pointnet2_results/x4_two_line_final/lineA_original_baseline/train.log
A,Original,1024,173,97.50999999999999,91.35,88.22,pointnet2_results/x4_two_line_final/lineA_original_baseline/train.log
A,Original,1024,174,97.50999999999999,90.86999999999999,86.56,pointnet2_results/x4_two_line_final/lineA_original_baseline/train.log
A,Original,1024,175,97.98,91.51,88.11,pointnet2_results/x4_two_line_final/lineA_original_baseline/train.log
A,Original,1024,176,97.54,91.39,87.85,pointnet2_results/x4_two_line_final/lineA_original_baseline/train.log
A,Original,1024,177,97.53,91.11,87.79,pointnet2_results/x4_two_line_final/lineA_original_baseline/train.log
A,Original,1024,178,97.78,90.91,87.44,pointnet2_results/x4_two_line_final/lineA_original_baseline/train.log
A,Original,1024,179,97.45,91.22,86.97,pointnet2_results/x4_two_line_final/lineA_original_baseline/train.log
A,Original,1024,180,97.56,91.23,88.07000000000001,pointnet2_results/x4_two_line_final/lineA_original_baseline/train.log
A,Original,1024,181,97.78999999999999,90.66,86.9,pointnet2_results/x4_two_line_final/lineA_original_baseline/train.log
A,Original,1024,182,97.91,91.11,88.06,pointnet2_results/x4_two_line_final/lineA_original_baseline/train.log
A,Original,1024,183,97.38,91.39,88.22,pointnet2_results/x4_two_line_final/lineA_original_baseline/train.log
A,Original,1024,184,97.65,90.83,87.24,pointnet2_results/x4_two_line_final/lineA_original_baseline/train.log
A,Original,1024,185,97.84,91.19,87.52,pointnet2_results/x4_two_line_final/lineA_original_baseline/train.log
A,Original,1024,186,97.98,91.14999999999999,87.55,pointnet2_results/x4_two_line_final/lineA_original_baseline/train.log
A,Original,1024,187,97.8,91.39,87.97,pointnet2_results/x4_two_line_final/lineA_original_baseline/train.log
A,Original,1024,188,97.97,90.95,87.72,pointnet2_results/x4_two_line_final/lineA_original_baseline/train.log
A,Original,1024,189,98.05,91.31,88.05,pointnet2_results/x4_two_line_final/lineA_original_baseline/train.log
A,Original,1024,190,97.88,91.06,87.94999999999999,pointnet2_results/x4_two_line_final/lineA_original_baseline/train.log
A,Original,1024,191,97.72999999999999,90.9,87.37,pointnet2_results/x4_two_line_final/lineA_original_baseline/train.log
A,Original,1024,192,97.75,91.18,88.27000000000001,pointnet2_results/x4_two_line_final/lineA_original_baseline/train.log
A,Original,1024,193,98.02,91.45,88.68,pointnet2_results/x4_two_line_final/lineA_original_baseline/train.log
A,Original,1024,194,98.14,91.46,88.49000000000001,pointnet2_results/x4_two_line_final/lineA_original_baseline/train.log
A,Original,1024,195,97.89999999999999,91.11,88.66000000000001,pointnet2_results/x4_two_line_final/lineA_original_baseline/train.log
A,Original,1024,196,98.13,91.12,86.36,pointnet2_results/x4_two_line_final/lineA_original_baseline/train.log
A,Original,1024,197,97.85000000000001,91.60000000000001,88.85,pointnet2_results/x4_two_line_final/lineA_original_baseline/train.log
A,Original,1024,198,97.91,91.24,87.62,pointnet2_results/x4_two_line_final/lineA_original_baseline/train.log
A,Original,1024,199,97.97,91.11,87.39,pointnet2_results/x4_two_line_final/lineA_original_baseline/train.log
A,Original,1024,200,97.82,91.31,87.2,pointnet2_results/x4_two_line_final/lineA_original_baseline/train.log
A,EAR,4096,1,53.580000000000005,62.970000000000006,54.37,pointnet2_results/x4_two_line_final/lineA_original_up/ear/train.log
A,EAR,4096,2,68.92,67.94,62.59,pointnet2_results/x4_two_line_final/lineA_original_up/ear/train.log
A,EAR,4096,3,73.6,74.97,66.51,pointnet2_results/x4_two_line_final/lineA_original_up/ear/train.log
A,EAR,4096,4,76.82,77.69,71.09,pointnet2_results/x4_two_line_final/lineA_original_up/ear/train.log
A,EAR,4096,5,78.56,81.8,75.64999999999999,pointnet2_results/x4_two_line_final/lineA_original_up/ear/train.log
A,EAR,4096,6,79.77,83.11,77.69,pointnet2_results/x4_two_line_final/lineA_original_up/ear/train.log
A,EAR,4096,7,80.23,76.67,72.26,pointnet2_results/x4_two_line_final/lineA_original_up/ear/train.log
A,EAR,4096,8,81.46,84.22,78.25999999999999,pointnet2_results/x4_two_line_final/lineA_original_up/ear/train.log
A,EAR,4096,9,82.89999999999999,83.81,79.55,pointnet2_results/x4_two_line_final/lineA_original_up/ear/train.log
A,EAR,4096,10,82.99,86.26,82.55,pointnet2_results/x4_two_line_final/lineA_original_up/ear/train.log
A,EAR,4096,11,83.2,85.63,81.96,pointnet2_results/x4_two_line_final/lineA_original_up/ear/train.log
A,EAR,4096,12,83.99,86.02,82.35,pointnet2_results/x4_two_line_final/lineA_original_up/ear/train.log
A,EAR,4096,13,84.33,87.13,82.08,pointnet2_results/x4_two_line_final/lineA_original_up/ear/train.log
A,EAR,4096,14,84.41,86.38,80.86,pointnet2_results/x4_two_line_final/lineA_original_up/ear/train.log
A,EAR,4096,15,85.11999999999999,86.9,82.1,pointnet2_results/x4_two_line_final/lineA_original_up/ear/train.log
A,EAR,4096,16,85.17,87.42999999999999,83.1,pointnet2_results/x4_two_line_final/lineA_original_up/ear/train.log
A,EAR,4096,17,85.63,86.13,82.28,pointnet2_results/x4_two_line_final/lineA_original_up/ear/train.log
A,EAR,4096,18,86.04,81.61,77.63,pointnet2_results/x4_two_line_final/lineA_original_up/ear/train.log
A,EAR,4096,19,85.99,87.82,82.96,pointnet2_results/x4_two_line_final/lineA_original_up/ear/train.log
A,EAR,4096,20,87.64999999999999,89.82,85.88,pointnet2_results/x4_two_line_final/lineA_original_up/ear/train.log
A,EAR,4096,21,88.69,88.5,85.32,pointnet2_results/x4_two_line_final/lineA_original_up/ear/train.log
A,EAR,4096,22,88.25,88.5,86.46000000000001,pointnet2_results/x4_two_line_final/lineA_original_up/ear/train.log
A,EAR,4096,23,88.1,88.11,84.95,pointnet2_results/x4_two_line_final/lineA_original_up/ear/train.log
A,EAR,4096,24,89.11,88.67,84.94,pointnet2_results/x4_two_line_final/lineA_original_up/ear/train.log
A,EAR,4096,25,89.19,88.4,85.2,pointnet2_results/x4_two_line_final/lineA_original_up/ear/train.log
A,EAR,4096,26,89.01,89.78,85.41,pointnet2_results/x4_two_line_final/lineA_original_up/ear/train.log
A,EAR,4096,27,89.0,88.37,84.91,pointnet2_results/x4_two_line_final/lineA_original_up/ear/train.log
A,EAR,4096,28,89.29,89.25999999999999,85.72999999999999,pointnet2_results/x4_two_line_final/lineA_original_up/ear/train.log
A,EAR,4096,29,89.4,88.53999999999999,84.25,pointnet2_results/x4_two_line_final/lineA_original_up/ear/train.log
A,EAR,4096,30,90.01,88.92,85.88,pointnet2_results/x4_two_line_final/lineA_original_up/ear/train.log
A,EAR,4096,31,89.66,88.67,85.54,pointnet2_results/x4_two_line_final/lineA_original_up/ear/train.log
A,EAR,4096,32,90.45,89.52,86.18,pointnet2_results/x4_two_line_final/lineA_original_up/ear/train.log
A,EAR,4096,33,89.78,89.16,84.6,pointnet2_results/x4_two_line_final/lineA_original_up/ear/train.log
A,EAR,4096,34,90.62,89.13,85.39999999999999,pointnet2_results/x4_two_line_final/lineA_original_up/ear/train.log
A,EAR,4096,35,90.69,88.98,85.53,pointnet2_results/x4_two_line_final/lineA_original_up/ear/train.log
A,EAR,4096,36,90.06,90.38000000000001,86.42,pointnet2_results/x4_two_line_final/lineA_original_up/ear/train.log
A,EAR,4096,37,89.97,89.39,84.74000000000001,pointnet2_results/x4_two_line_final/lineA_original_up/ear/train.log
A,EAR,4096,38,90.24,90.0,86.83999999999999,pointnet2_results/x4_two_line_final/lineA_original_up/ear/train.log
A,EAR,4096,39,91.0,89.7,85.83,pointnet2_results/x4_two_line_final/lineA_original_up/ear/train.log
A,EAR,4096,40,91.28,90.06,86.5,pointnet2_results/x4_two_line_final/lineA_original_up/ear/train.log
A,EAR,4096,41,92.25999999999999,89.94,86.49,pointnet2_results/x4_two_line_final/lineA_original_up/ear/train.log
A,EAR,4096,42,92.34,90.10000000000001,87.13,pointnet2_results/x4_two_line_final/lineA_original_up/ear/train.log
A,EAR,4096,43,92.11,89.97,86.41,pointnet2_results/x4_two_line_final/lineA_original_up/ear/train.log
A,EAR,4096,44,92.02,90.86999999999999,86.24000000000001,pointnet2_results/x4_two_line_final/lineA_original_up/ear/train.log
A,EAR,4096,45,92.34,89.91,85.74000000000001,pointnet2_results/x4_two_line_final/lineA_original_up/ear/train.log
A,EAR,4096,46,92.17999999999999,90.44,87.42999999999999,pointnet2_results/x4_two_line_final/lineA_original_up/ear/train.log
A,EAR,4096,47,92.77,89.95,86.15,pointnet2_results/x4_two_line_final/lineA_original_up/ear/train.log
A,EAR,4096,48,92.33,89.33,86.95,pointnet2_results/x4_two_line_final/lineA_original_up/ear/train.log
A,EAR,4096,49,92.43,89.81,87.52,pointnet2_results/x4_two_line_final/lineA_original_up/ear/train.log
A,EAR,4096,50,92.33,89.86,86.83,pointnet2_results/x4_two_line_final/lineA_original_up/ear/train.log
A,EAR,4096,51,92.97999999999999,90.86,87.41,pointnet2_results/x4_two_line_final/lineA_original_up/ear/train.log
A,EAR,4096,52,92.7,90.75,86.56,pointnet2_results/x4_two_line_final/lineA_original_up/ear/train.log
A,EAR,4096,53,92.86999999999999,89.96,87.59,pointnet2_results/x4_two_line_final/lineA_original_up/ear/train.log
A,EAR,4096,54,92.66,89.12,86.44,pointnet2_results/x4_two_line_final/lineA_original_up/ear/train.log
A,EAR,4096,55,93.13,89.58,86.59,pointnet2_results/x4_two_line_final/lineA_original_up/ear/train.log
A,EAR,4096,56,92.78999999999999,90.06,85.77,pointnet2_results/x4_two_line_final/lineA_original_up/ear/train.log
A,EAR,4096,57,92.44,91.03,86.68,pointnet2_results/x4_two_line_final/lineA_original_up/ear/train.log
A,EAR,4096,58,93.14,89.52,85.85000000000001,pointnet2_results/x4_two_line_final/lineA_original_up/ear/train.log
A,EAR,4096,59,93.56,89.77000000000001,86.0,pointnet2_results/x4_two_line_final/lineA_original_up/ear/train.log
A,EAR,4096,60,93.93,90.4,87.06,pointnet2_results/x4_two_line_final/lineA_original_up/ear/train.log
A,EAR,4096,61,94.39999999999999,91.47999999999999,88.19,pointnet2_results/x4_two_line_final/lineA_original_up/ear/train.log
A,EAR,4096,62,93.93,90.42,87.38,pointnet2_results/x4_two_line_final/lineA_original_up/ear/train.log
A,EAR,4096,63,94.43,89.39,86.0,pointnet2_results/x4_two_line_final/lineA_original_up/ear/train.log
A,EAR,4096,64,94.55,91.16,86.72999999999999,pointnet2_results/x4_two_line_final/lineA_original_up/ear/train.log
A,EAR,4096,65,94.65,90.74,86.76,pointnet2_results/x4_two_line_final/lineA_original_up/ear/train.log
A,EAR,4096,66,94.42,90.21000000000001,86.7,pointnet2_results/x4_two_line_final/lineA_original_up/ear/train.log
A,EAR,4096,67,94.3,89.58,86.74,pointnet2_results/x4_two_line_final/lineA_original_up/ear/train.log
A,EAR,4096,68,94.67,90.32,87.42999999999999,pointnet2_results/x4_two_line_final/lineA_original_up/ear/train.log
A,EAR,4096,69,94.86,91.42,87.76,pointnet2_results/x4_two_line_final/lineA_original_up/ear/train.log
A,EAR,4096,70,94.56,88.92,84.91,pointnet2_results/x4_two_line_final/lineA_original_up/ear/train.log
A,EAR,4096,71,94.74000000000001,90.32,87.03,pointnet2_results/x4_two_line_final/lineA_original_up/ear/train.log
A,EAR,4096,72,94.55,90.35,86.99,pointnet2_results/x4_two_line_final/lineA_original_up/ear/train.log
A,EAR,4096,73,94.67,90.18,86.19,pointnet2_results/x4_two_line_final/lineA_original_up/ear/train.log
A,EAR,4096,74,94.61,90.14999999999999,86.4,pointnet2_results/x4_two_line_final/lineA_original_up/ear/train.log
A,EAR,4096,75,95.17,90.29,86.6,pointnet2_results/x4_two_line_final/lineA_original_up/ear/train.log
A,EAR,4096,76,94.92,90.42,87.49,pointnet2_results/x4_two_line_final/lineA_original_up/ear/train.log
A,EAR,4096,77,95.02000000000001,90.03999999999999,86.66,pointnet2_results/x4_two_line_final/lineA_original_up/ear/train.log
A,EAR,4096,78,94.64,90.36999999999999,87.32,pointnet2_results/x4_two_line_final/lineA_original_up/ear/train.log
A,EAR,4096,79,95.07,90.21000000000001,86.75,pointnet2_results/x4_two_line_final/lineA_original_up/ear/train.log
A,EAR,4096,80,95.78,90.06,88.34,pointnet2_results/x4_two_line_final/lineA_original_up/ear/train.log
A,EAR,4096,81,95.84,90.45,87.91,pointnet2_results/x4_two_line_final/lineA_original_up/ear/train.log
A,EAR,4096,82,95.63000000000001,90.7,88.22,pointnet2_results/x4_two_line_final/lineA_original_up/ear/train.log
A,EAR,4096,83,96.19,91.03999999999999,88.35,pointnet2_results/x4_two_line_final/lineA_original_up/ear/train.log
A,EAR,4096,84,95.97,91.3,88.17,pointnet2_results/x4_two_line_final/lineA_original_up/ear/train.log
A,EAR,4096,85,96.06,91.03999999999999,88.19,pointnet2_results/x4_two_line_final/lineA_original_up/ear/train.log
A,EAR,4096,86,95.89999999999999,90.48,87.37,pointnet2_results/x4_two_line_final/lineA_original_up/ear/train.log
A,EAR,4096,87,96.06,89.89,87.05000000000001,pointnet2_results/x4_two_line_final/lineA_original_up/ear/train.log
A,EAR,4096,88,96.25,90.53,87.28,pointnet2_results/x4_two_line_final/lineA_original_up/ear/train.log
A,EAR,4096,89,95.91,90.99000000000001,88.1,pointnet2_results/x4_two_line_final/lineA_original_up/ear/train.log
A,EAR,4096,90,95.89999999999999,90.73,88.16000000000001,pointnet2_results/x4_two_line_final/lineA_original_up/ear/train.log
A,EAR,4096,91,96.05,90.16,86.08,pointnet2_results/x4_two_line_final/lineA_original_up/ear/train.log
A,EAR,4096,92,95.98,90.7,87.74,pointnet2_results/x4_two_line_final/lineA_original_up/ear/train.log
A,EAR,4096,93,96.32,90.5,86.91,pointnet2_results/x4_two_line_final/lineA_original_up/ear/train.log
A,EAR,4096,94,95.87,90.53,87.83999999999999,pointnet2_results/x4_two_line_final/lineA_original_up/ear/train.log
A,EAR,4096,95,96.14,90.34,88.29,pointnet2_results/x4_two_line_final/lineA_original_up/ear/train.log
A,EAR,4096,96,95.88,90.05,86.68,pointnet2_results/x4_two_line_final/lineA_original_up/ear/train.log
A,EAR,4096,97,96.41,90.66,86.82,pointnet2_results/x4_two_line_final/lineA_original_up/ear/train.log
A,EAR,4096,98,96.34,90.99000000000001,88.14999999999999,pointnet2_results/x4_two_line_final/lineA_original_up/ear/train.log
A,EAR,4096,99,96.33,90.7,87.61,pointnet2_results/x4_two_line_final/lineA_original_up/ear/train.log
A,EAR,4096,100,96.98,90.92,88.23,pointnet2_results/x4_two_line_final/lineA_original_up/ear/train.log
A,EAR,4096,101,96.86,90.9,87.86,pointnet2_results/x4_two_line_final/lineA_original_up/ear/train.log
A,EAR,4096,102,96.97,90.44,86.49,pointnet2_results/x4_two_line_final/lineA_original_up/ear/train.log
A,EAR,4096,103,96.78,90.86999999999999,88.17,pointnet2_results/x4_two_line_final/lineA_original_up/ear/train.log
A,EAR,4096,104,97.14,90.38000000000001,87.91,pointnet2_results/x4_two_line_final/lineA_original_up/ear/train.log
A,EAR,4096,105,96.89,89.98,88.19,pointnet2_results/x4_two_line_final/lineA_original_up/ear/train.log
A,EAR,4096,106,96.92,89.35,86.87,pointnet2_results/x4_two_line_final/lineA_original_up/ear/train.log
A,EAR,4096,107,96.88,90.28,87.55,pointnet2_results/x4_two_line_final/lineA_original_up/ear/train.log
A,EAR,4096,108,97.09,89.7,86.7,pointnet2_results/x4_two_line_final/lineA_original_up/ear/train.log
A,EAR,4096,109,97.24000000000001,90.14,88.08,pointnet2_results/x4_two_line_final/lineA_original_up/ear/train.log
A,EAR,4096,110,97.06,90.66,87.92,pointnet2_results/x4_two_line_final/lineA_original_up/ear/train.log
A,EAR,4096,111,97.03,89.89,87.08,pointnet2_results/x4_two_line_final/lineA_original_up/ear/train.log
A,EAR,4096,112,97.28999999999999,90.28,86.98,pointnet2_results/x4_two_line_final/lineA_original_up/ear/train.log
A,EAR,4096,113,97.48,89.82,87.86,pointnet2_results/x4_two_line_final/lineA_original_up/ear/train.log
A,EAR,4096,114,97.27,90.27,87.75,pointnet2_results/x4_two_line_final/lineA_original_up/ear/train.log
A,EAR,4096,115,97.24000000000001,90.5,87.1,pointnet2_results/x4_two_line_final/lineA_original_up/ear/train.log
A,EAR,4096,116,97.09,91.14999999999999,88.25,pointnet2_results/x4_two_line_final/lineA_original_up/ear/train.log
A,EAR,4096,117,97.59,90.45,87.25,pointnet2_results/x4_two_line_final/lineA_original_up/ear/train.log
A,EAR,4096,118,97.17,89.44,87.53999999999999,pointnet2_results/x4_two_line_final/lineA_original_up/ear/train.log
A,EAR,4096,119,97.16,89.92999999999999,86.81,pointnet2_results/x4_two_line_final/lineA_original_up/ear/train.log
A,EAR,4096,120,97.65,90.88000000000001,87.39,pointnet2_results/x4_two_line_final/lineA_original_up/ear/train.log
A,EAR,4096,121,97.69,90.13,87.9,pointnet2_results/x4_two_line_final/lineA_original_up/ear/train.log
A,EAR,4096,122,97.64,89.91,87.03,pointnet2_results/x4_two_line_final/lineA_original_up/ear/train.log
A,EAR,4096,123,97.89,90.78,87.42999999999999,pointnet2_results/x4_two_line_final/lineA_original_up/ear/train.log
A,EAR,4096,124,98.06,90.41,87.06,pointnet2_results/x4_two_line_final/lineA_original_up/ear/train.log
A,EAR,4096,125,97.85000000000001,90.94,87.52,pointnet2_results/x4_two_line_final/lineA_original_up/ear/train.log
A,EAR,4096,126,97.75,89.85,86.49,pointnet2_results/x4_two_line_final/lineA_original_up/ear/train.log
A,EAR,4096,127,97.75,90.36999999999999,87.38,pointnet2_results/x4_two_line_final/lineA_original_up/ear/train.log
A,EAR,4096,128,97.82,90.89,88.13,pointnet2_results/x4_two_line_final/lineA_original_up/ear/train.log
A,EAR,4096,129,97.77,90.33,86.74,pointnet2_results/x4_two_line_final/lineA_original_up/ear/train.log
A,EAR,4096,130,97.87,90.13,86.77,pointnet2_results/x4_two_line_final/lineA_original_up/ear/train.log
A,EAR,4096,131,97.92,90.13,86.78,pointnet2_results/x4_two_line_final/lineA_original_up/ear/train.log
A,EAR,4096,132,97.61999999999999,89.97,86.61999999999999,pointnet2_results/x4_two_line_final/lineA_original_up/ear/train.log
A,EAR,4096,133,97.84,90.36,86.79,pointnet2_results/x4_two_line_final/lineA_original_up/ear/train.log
A,EAR,4096,134,97.8,90.19,87.52,pointnet2_results/x4_two_line_final/lineA_original_up/ear/train.log
A,EAR,4096,135,98.03,90.19,87.18,pointnet2_results/x4_two_line_final/lineA_original_up/ear/train.log
A,EAR,4096,136,97.92999999999999,90.78,87.63,pointnet2_results/x4_two_line_final/lineA_original_up/ear/train.log
A,EAR,4096,137,97.97,90.45,86.79,pointnet2_results/x4_two_line_final/lineA_original_up/ear/train.log
A,EAR,4096,138,98.22,90.91,87.8,pointnet2_results/x4_two_line_final/lineA_original_up/ear/train.log
A,EAR,4096,139,97.99,90.62,87.11,pointnet2_results/x4_two_line_final/lineA_original_up/ear/train.log
A,EAR,4096,140,98.21,90.48,87.48,pointnet2_results/x4_two_line_final/lineA_original_up/ear/train.log
A,EAR,4096,141,98.32,89.81,86.65,pointnet2_results/x4_two_line_final/lineA_original_up/ear/train.log
A,EAR,4096,142,98.22999999999999,90.09,87.24,pointnet2_results/x4_two_line_final/lineA_original_up/ear/train.log
A,EAR,4096,143,98.06,90.36999999999999,87.2,pointnet2_results/x4_two_line_final/lineA_original_up/ear/train.log
A,EAR,4096,144,98.42,90.16999999999999,86.78,pointnet2_results/x4_two_line_final/lineA_original_up/ear/train.log
A,EAR,4096,145,98.54,90.5,86.28,pointnet2_results/x4_two_line_final/lineA_original_up/ear/train.log
A,EAR,4096,146,98.5,90.47,87.22999999999999,pointnet2_results/x4_two_line_final/lineA_original_up/ear/train.log
A,EAR,4096,147,98.22999999999999,89.98,87.37,pointnet2_results/x4_two_line_final/lineA_original_up/ear/train.log
A,EAR,4096,148,98.48,90.86,87.56,pointnet2_results/x4_two_line_final/lineA_original_up/ear/train.log
A,EAR,4096,149,98.48,90.60000000000001,87.62,pointnet2_results/x4_two_line_final/lineA_original_up/ear/train.log
A,EAR,4096,150,98.52,90.58,87.92,pointnet2_results/x4_two_line_final/lineA_original_up/ear/train.log
A,EAR,4096,151,98.54,90.2,87.09,pointnet2_results/x4_two_line_final/lineA_original_up/ear/train.log
A,EAR,4096,152,98.4,90.09,87.58,pointnet2_results/x4_two_line_final/lineA_original_up/ear/train.log
A,EAR,4096,153,98.38,90.14999999999999,87.22999999999999,pointnet2_results/x4_two_line_final/lineA_original_up/ear/train.log
A,EAR,4096,154,98.49,89.99000000000001,86.86,pointnet2_results/x4_two_line_final/lineA_original_up/ear/train.log
A,EAR,4096,155,98.2,90.56,87.61,pointnet2_results/x4_two_line_final/lineA_original_up/ear/train.log
A,EAR,4096,156,98.55000000000001,89.73,87.61,pointnet2_results/x4_two_line_final/lineA_original_up/ear/train.log
A,EAR,4096,157,98.31,89.69,86.36,pointnet2_results/x4_two_line_final/lineA_original_up/ear/train.log
A,EAR,4096,158,98.42999999999999,90.36999999999999,86.83999999999999,pointnet2_results/x4_two_line_final/lineA_original_up/ear/train.log
A,EAR,4096,159,98.34,90.57,87.33999999999999,pointnet2_results/x4_two_line_final/lineA_original_up/ear/train.log
A,EAR,4096,160,98.53,90.23,86.67,pointnet2_results/x4_two_line_final/lineA_original_up/ear/train.log
A,EAR,4096,161,98.55000000000001,89.92999999999999,86.65,pointnet2_results/x4_two_line_final/lineA_original_up/ear/train.log
A,EAR,4096,162,98.75,90.52,87.06,pointnet2_results/x4_two_line_final/lineA_original_up/ear/train.log
A,EAR,4096,163,98.55000000000001,90.36,87.05000000000001,pointnet2_results/x4_two_line_final/lineA_original_up/ear/train.log
A,EAR,4096,164,98.68,90.39,87.39,pointnet2_results/x4_two_line_final/lineA_original_up/ear/train.log
A,EAR,4096,165,98.58,90.36,87.66000000000001,pointnet2_results/x4_two_line_final/lineA_original_up/ear/train.log
A,EAR,4096,166,98.48,90.03,87.18,pointnet2_results/x4_two_line_final/lineA_original_up/ear/train.log
A,EAR,4096,167,98.63,90.25,87.03,pointnet2_results/x4_two_line_final/lineA_original_up/ear/train.log
A,EAR,4096,168,98.81,89.85,87.32,pointnet2_results/x4_two_line_final/lineA_original_up/ear/train.log
A,EAR,4096,169,98.61,90.45,87.3,pointnet2_results/x4_two_line_final/lineA_original_up/ear/train.log
A,EAR,4096,170,98.6,90.77,87.76,pointnet2_results/x4_two_line_final/lineA_original_up/ear/train.log
A,EAR,4096,171,98.86,90.49000000000001,87.2,pointnet2_results/x4_two_line_final/lineA_original_up/ear/train.log
A,EAR,4096,172,98.56,90.81,88.06,pointnet2_results/x4_two_line_final/lineA_original_up/ear/train.log
A,EAR,4096,173,98.68,90.93,88.01,pointnet2_results/x4_two_line_final/lineA_original_up/ear/train.log
A,EAR,4096,174,98.81,89.96,87.08,pointnet2_results/x4_two_line_final/lineA_original_up/ear/train.log
A,EAR,4096,175,98.7,90.8,88.07000000000001,pointnet2_results/x4_two_line_final/lineA_original_up/ear/train.log
A,EAR,4096,176,99.02,90.22,87.61,pointnet2_results/x4_two_line_final/lineA_original_up/ear/train.log
A,EAR,4096,177,98.78,90.86,87.89,pointnet2_results/x4_two_line_final/lineA_original_up/ear/train.log
A,EAR,4096,178,98.71,90.07,87.02,pointnet2_results/x4_two_line_final/lineA_original_up/ear/train.log
A,EAR,4096,179,98.9,90.3,87.58,pointnet2_results/x4_two_line_final/lineA_original_up/ear/train.log
A,EAR,4096,180,98.85000000000001,91.07,88.39,pointnet2_results/x4_two_line_final/lineA_original_up/ear/train.log
A,EAR,4096,181,98.79,90.66,88.3,pointnet2_results/x4_two_line_final/lineA_original_up/ear/train.log
A,EAR,4096,182,98.95,90.98,88.53,pointnet2_results/x4_two_line_final/lineA_original_up/ear/train.log
A,EAR,4096,183,98.97,91.03,88.44,pointnet2_results/x4_two_line_final/lineA_original_up/ear/train.log
A,EAR,4096,184,98.85000000000001,90.53,87.64,pointnet2_results/x4_two_line_final/lineA_original_up/ear/train.log
A,EAR,4096,185,99.0,90.57,87.64,pointnet2_results/x4_two_line_final/lineA_original_up/ear/train.log
A,EAR,4096,186,99.0,90.64999999999999,86.67,pointnet2_results/x4_two_line_final/lineA_original_up/ear/train.log
A,EAR,4096,187,98.79,90.02,86.6,pointnet2_results/x4_two_line_final/lineA_original_up/ear/train.log
A,EAR,4096,188,98.87,89.91,86.5,pointnet2_results/x4_two_line_final/lineA_original_up/ear/train.log
A,EAR,4096,189,98.86,90.44,86.68,pointnet2_results/x4_two_line_final/lineA_original_up/ear/train.log
A,EAR,4096,190,98.91,89.92,86.64,pointnet2_results/x4_two_line_final/lineA_original_up/ear/train.log
A,EAR,4096,191,99.05000000000001,90.61,88.1,pointnet2_results/x4_two_line_final/lineA_original_up/ear/train.log
A,EAR,4096,192,98.94,90.49000000000001,86.97,pointnet2_results/x4_two_line_final/lineA_original_up/ear/train.log
A,EAR,4096,193,99.14,90.52,87.4,pointnet2_results/x4_two_line_final/lineA_original_up/ear/train.log
A,EAR,4096,194,98.85000000000001,90.28,86.96000000000001,pointnet2_results/x4_two_line_final/lineA_original_up/ear/train.log
A,EAR,4096,195,99.0,90.24,87.24,pointnet2_results/x4_two_line_final/lineA_original_up/ear/train.log
A,EAR,4096,196,99.03999999999999,90.9,87.51,pointnet2_results/x4_two_line_final/lineA_original_up/ear/train.log
A,EAR,4096,197,99.15,90.02,86.95,pointnet2_results/x4_two_line_final/lineA_original_up/ear/train.log
A,EAR,4096,198,98.94,90.52,86.94,pointnet2_results/x4_two_line_final/lineA_original_up/ear/train.log
A,EAR,4096,199,99.2,90.9,87.92999999999999,pointnet2_results/x4_two_line_final/lineA_original_up/ear/train.log
A,EAR,4096,200,99.08,90.85,87.3,pointnet2_results/x4_two_line_final/lineA_original_up/ear/train.log
A,PDANS,4096,1,56.98,71.47,60.78,pointnet2_results/x4_two_line_final/lineA_original_up/pdans/train.log
A,PDANS,4096,2,72.08,74.76,68.63,pointnet2_results/x4_two_line_final/lineA_original_up/pdans/train.log
A,PDANS,4096,3,76.42999999999999,76.48,72.04,pointnet2_results/x4_two_line_final/lineA_original_up/pdans/train.log
A,PDANS,4096,4,78.97,81.66,76.19,pointnet2_results/x4_two_line_final/lineA_original_up/pdans/train.log
A,PDANS,4096,5,81.67,83.54,78.34,pointnet2_results/x4_two_line_final/lineA_original_up/pdans/train.log
A,PDANS,4096,6,81.69999999999999,84.17,79.56,pointnet2_results/x4_two_line_final/lineA_original_up/pdans/train.log
A,PDANS,4096,7,82.72,84.13000000000001,79.86,pointnet2_results/x4_two_line_final/lineA_original_up/pdans/train.log
A,PDANS,4096,8,83.19,85.96000000000001,79.11,pointnet2_results/x4_two_line_final/lineA_original_up/pdans/train.log
A,PDANS,4096,9,84.21,85.79,81.33,pointnet2_results/x4_two_line_final/lineA_original_up/pdans/train.log
A,PDANS,4096,10,84.48,83.91999999999999,80.34,pointnet2_results/x4_two_line_final/lineA_original_up/pdans/train.log
A,PDANS,4096,11,84.94,87.48,82.17999999999999,pointnet2_results/x4_two_line_final/lineA_original_up/pdans/train.log
A,PDANS,4096,12,85.68,84.99,82.19,pointnet2_results/x4_two_line_final/lineA_original_up/pdans/train.log
A,PDANS,4096,13,86.00999999999999,83.05,78.92,pointnet2_results/x4_two_line_final/lineA_original_up/pdans/train.log
A,PDANS,4096,14,85.34,85.87,81.02000000000001,pointnet2_results/x4_two_line_final/lineA_original_up/pdans/train.log
A,PDANS,4096,15,86.50999999999999,86.87,82.67999999999999,pointnet2_results/x4_two_line_final/lineA_original_up/pdans/train.log
A,PDANS,4096,16,86.22999999999999,87.26,82.59,pointnet2_results/x4_two_line_final/lineA_original_up/pdans/train.log
A,PDANS,4096,17,86.83999999999999,87.25,82.37,pointnet2_results/x4_two_line_final/lineA_original_up/pdans/train.log
A,PDANS,4096,18,87.66000000000001,86.92999999999999,81.03,pointnet2_results/x4_two_line_final/lineA_original_up/pdans/train.log
A,PDANS,4096,19,87.22,87.39,83.09,pointnet2_results/x4_two_line_final/lineA_original_up/pdans/train.log
A,PDANS,4096,20,88.99000000000001,88.07000000000001,84.54,pointnet2_results/x4_two_line_final/lineA_original_up/pdans/train.log
A,PDANS,4096,21,89.78,87.36,83.44,pointnet2_results/x4_two_line_final/lineA_original_up/pdans/train.log
A,PDANS,4096,22,90.07,88.34,84.58,pointnet2_results/x4_two_line_final/lineA_original_up/pdans/train.log
A,PDANS,4096,23,89.92999999999999,88.49000000000001,84.54,pointnet2_results/x4_two_line_final/lineA_original_up/pdans/train.log
A,PDANS,4096,24,89.92999999999999,89.05999999999999,85.63,pointnet2_results/x4_two_line_final/lineA_original_up/pdans/train.log
A,PDANS,4096,25,90.13,88.07000000000001,85.61999999999999,pointnet2_results/x4_two_line_final/lineA_original_up/pdans/train.log
A,PDANS,4096,26,90.34,89.55,85.37,pointnet2_results/x4_two_line_final/lineA_original_up/pdans/train.log
A,PDANS,4096,27,90.47,89.51,84.58,pointnet2_results/x4_two_line_final/lineA_original_up/pdans/train.log
A,PDANS,4096,28,90.4,88.66000000000001,84.38,pointnet2_results/x4_two_line_final/lineA_original_up/pdans/train.log
A,PDANS,4096,29,90.64,87.27000000000001,84.61,pointnet2_results/x4_two_line_final/lineA_original_up/pdans/train.log
A,PDANS,4096,30,91.12,89.25,85.1,pointnet2_results/x4_two_line_final/lineA_original_up/pdans/train.log
A,PDANS,4096,31,90.71000000000001,88.84,85.41,pointnet2_results/x4_two_line_final/lineA_original_up/pdans/train.log
A,PDANS,4096,32,90.9,89.1,83.47,pointnet2_results/x4_two_line_final/lineA_original_up/pdans/train.log
A,PDANS,4096,33,90.64999999999999,89.31,85.48,pointnet2_results/x4_two_line_final/lineA_original_up/pdans/train.log
A,PDANS,4096,34,91.24,89.22,85.71,pointnet2_results/x4_two_line_final/lineA_original_up/pdans/train.log
A,PDANS,4096,35,91.82000000000001,89.45,85.7,pointnet2_results/x4_two_line_final/lineA_original_up/pdans/train.log
A,PDANS,4096,36,91.11,88.64999999999999,84.95,pointnet2_results/x4_two_line_final/lineA_original_up/pdans/train.log
A,PDANS,4096,37,91.22,89.42999999999999,85.86,pointnet2_results/x4_two_line_final/lineA_original_up/pdans/train.log
A,PDANS,4096,38,91.25999999999999,89.71000000000001,86.13,pointnet2_results/x4_two_line_final/lineA_original_up/pdans/train.log
A,PDANS,4096,39,91.79,90.23,86.08,pointnet2_results/x4_two_line_final/lineA_original_up/pdans/train.log
A,PDANS,4096,40,92.84,89.94,85.8,pointnet2_results/x4_two_line_final/lineA_original_up/pdans/train.log
A,PDANS,4096,41,93.24,90.78,86.63,pointnet2_results/x4_two_line_final/lineA_original_up/pdans/train.log
A,PDANS,4096,42,93.27,90.23,87.28,pointnet2_results/x4_two_line_final/lineA_original_up/pdans/train.log
A,PDANS,4096,43,93.24,90.89,86.35000000000001,pointnet2_results/x4_two_line_final/lineA_original_up/pdans/train.log
A,PDANS,4096,44,93.15,90.73,86.74,pointnet2_results/x4_two_line_final/lineA_original_up/pdans/train.log
A,PDANS,4096,45,93.03,91.29,87.75,pointnet2_results/x4_two_line_final/lineA_original_up/pdans/train.log
A,PDANS,4096,46,93.47999999999999,90.51,87.37,pointnet2_results/x4_two_line_final/lineA_original_up/pdans/train.log
A,PDANS,4096,47,93.78,89.71000000000001,85.8,pointnet2_results/x4_two_line_final/lineA_original_up/pdans/train.log
A,PDANS,4096,48,93.85,89.81,86.66,pointnet2_results/x4_two_line_final/lineA_original_up/pdans/train.log
A,PDANS,4096,49,94.04,89.85,86.14,pointnet2_results/x4_two_line_final/lineA_original_up/pdans/train.log
A,PDANS,4096,50,93.51,89.88000000000001,86.87,pointnet2_results/x4_two_line_final/lineA_original_up/pdans/train.log
A,PDANS,4096,51,93.61,91.09,87.38,pointnet2_results/x4_two_line_final/lineA_original_up/pdans/train.log
A,PDANS,4096,52,93.64,89.51,86.00999999999999,pointnet2_results/x4_two_line_final/lineA_original_up/pdans/train.log
A,PDANS,4096,53,93.73,90.06,86.74,pointnet2_results/x4_two_line_final/lineA_original_up/pdans/train.log
A,PDANS,4096,54,93.99,90.16999999999999,86.92999999999999,pointnet2_results/x4_two_line_final/lineA_original_up/pdans/train.log
A,PDANS,4096,55,94.31,90.49000000000001,86.41,pointnet2_results/x4_two_line_final/lineA_original_up/pdans/train.log
A,PDANS,4096,56,94.13,89.82,86.25,pointnet2_results/x4_two_line_final/lineA_original_up/pdans/train.log
A,PDANS,4096,57,94.17,89.82,85.79,pointnet2_results/x4_two_line_final/lineA_original_up/pdans/train.log
A,PDANS,4096,58,94.25,89.89,87.2,pointnet2_results/x4_two_line_final/lineA_original_up/pdans/train.log
A,PDANS,4096,59,94.3,89.41,85.76,pointnet2_results/x4_two_line_final/lineA_original_up/pdans/train.log
A,PDANS,4096,60,95.09,90.07,86.56,pointnet2_results/x4_two_line_final/lineA_original_up/pdans/train.log
A,PDANS,4096,61,95.46,90.86999999999999,87.11,pointnet2_results/x4_two_line_final/lineA_original_up/pdans/train.log
A,PDANS,4096,62,95.13000000000001,90.35,86.6,pointnet2_results/x4_two_line_final/lineA_original_up/pdans/train.log
A,PDANS,4096,63,95.43,89.94,85.94000000000001,pointnet2_results/x4_two_line_final/lineA_original_up/pdans/train.log
A,PDANS,4096,64,95.67,90.3,86.04,pointnet2_results/x4_two_line_final/lineA_original_up/pdans/train.log
A,PDANS,4096,65,95.50999999999999,89.94,85.72,pointnet2_results/x4_two_line_final/lineA_original_up/pdans/train.log
A,PDANS,4096,66,95.41,91.12,87.31,pointnet2_results/x4_two_line_final/lineA_original_up/pdans/train.log
A,PDANS,4096,67,95.53,90.02,87.37,pointnet2_results/x4_two_line_final/lineA_original_up/pdans/train.log
A,PDANS,4096,68,95.82000000000001,89.81,86.47,pointnet2_results/x4_two_line_final/lineA_original_up/pdans/train.log
A,PDANS,4096,69,95.83,90.44,87.11,pointnet2_results/x4_two_line_final/lineA_original_up/pdans/train.log
A,PDANS,4096,70,95.44,89.68,86.92,pointnet2_results/x4_two_line_final/lineA_original_up/pdans/train.log
A,PDANS,4096,71,95.97,90.22,86.35000000000001,pointnet2_results/x4_two_line_final/lineA_original_up/pdans/train.log
A,PDANS,4096,72,95.46,90.61,86.5,pointnet2_results/x4_two_line_final/lineA_original_up/pdans/train.log
A,PDANS,4096,73,95.56,89.42999999999999,86.37,pointnet2_results/x4_two_line_final/lineA_original_up/pdans/train.log
A,PDANS,4096,74,95.76,90.74,86.8,pointnet2_results/x4_two_line_final/lineA_original_up/pdans/train.log
A,PDANS,4096,75,95.71,91.07,87.83999999999999,pointnet2_results/x4_two_line_final/lineA_original_up/pdans/train.log
A,PDANS,4096,76,95.66,90.49000000000001,87.11,pointnet2_results/x4_two_line_final/lineA_original_up/pdans/train.log
A,PDANS,4096,77,95.91,90.93,86.24000000000001,pointnet2_results/x4_two_line_final/lineA_original_up/pdans/train.log
A,PDANS,4096,78,95.67,89.98,86.71,pointnet2_results/x4_two_line_final/lineA_original_up/pdans/train.log
A,PDANS,4096,79,95.89999999999999,90.38000000000001,88.13,pointnet2_results/x4_two_line_final/lineA_original_up/pdans/train.log
A,PDANS,4096,80,96.55,90.23,88.22,pointnet2_results/x4_two_line_final/lineA_original_up/pdans/train.log
A,PDANS,4096,81,96.74000000000001,90.61,87.37,pointnet2_results/x4_two_line_final/lineA_original_up/pdans/train.log
A,PDANS,4096,82,96.69,90.48,87.56,pointnet2_results/x4_two_line_final/lineA_original_up/pdans/train.log
A,PDANS,4096,83,97.0,91.14999999999999,87.82,pointnet2_results/x4_two_line_final/lineA_original_up/pdans/train.log
A,PDANS,4096,84,96.78999999999999,91.62,88.44,pointnet2_results/x4_two_line_final/lineA_original_up/pdans/train.log
A,PDANS,4096,85,96.73,90.92,87.52,pointnet2_results/x4_two_line_final/lineA_original_up/pdans/train.log
A,PDANS,4096,86,96.97,90.10000000000001,87.3,pointnet2_results/x4_two_line_final/lineA_original_up/pdans/train.log
A,PDANS,4096,87,96.94,90.09,86.36,pointnet2_results/x4_two_line_final/lineA_original_up/pdans/train.log
A,PDANS,4096,88,96.97,91.35,87.56,pointnet2_results/x4_two_line_final/lineA_original_up/pdans/train.log
A,PDANS,4096,89,96.86,90.39,86.92,pointnet2_results/x4_two_line_final/lineA_original_up/pdans/train.log
A,PDANS,4096,90,96.93,90.61,87.61,pointnet2_results/x4_two_line_final/lineA_original_up/pdans/train.log
A,PDANS,4096,91,96.92,90.23,86.78,pointnet2_results/x4_two_line_final/lineA_original_up/pdans/train.log
A,PDANS,4096,92,97.2,90.83,88.05,pointnet2_results/x4_two_line_final/lineA_original_up/pdans/train.log
A,PDANS,4096,93,97.75,90.89,87.72,pointnet2_results/x4_two_line_final/lineA_original_up/pdans/train.log
A,PDANS,4096,94,97.0,90.36,86.45,pointnet2_results/x4_two_line_final/lineA_original_up/pdans/train.log
A,PDANS,4096,95,97.1,90.07,87.2,pointnet2_results/x4_two_line_final/lineA_original_up/pdans/train.log
A,PDANS,4096,96,97.22,91.07,87.78,pointnet2_results/x4_two_line_final/lineA_original_up/pdans/train.log
A,PDANS,4096,97,97.41,90.64999999999999,86.7,pointnet2_results/x4_two_line_final/lineA_original_up/pdans/train.log
A,PDANS,4096,98,97.22,90.06,86.4,pointnet2_results/x4_two_line_final/lineA_original_up/pdans/train.log
A,PDANS,4096,99,97.16,90.78,87.64999999999999,pointnet2_results/x4_two_line_final/lineA_original_up/pdans/train.log
A,PDANS,4096,100,97.38,90.86,87.78,pointnet2_results/x4_two_line_final/lineA_original_up/pdans/train.log
A,PDANS,4096,101,97.78999999999999,90.64999999999999,86.68,pointnet2_results/x4_two_line_final/lineA_original_up/pdans/train.log
A,PDANS,4096,102,97.59,91.07,87.98,pointnet2_results/x4_two_line_final/lineA_original_up/pdans/train.log
A,PDANS,4096,103,97.84,90.95,87.89,pointnet2_results/x4_two_line_final/lineA_original_up/pdans/train.log
A,PDANS,4096,104,97.6,91.14999999999999,87.42,pointnet2_results/x4_two_line_final/lineA_original_up/pdans/train.log
A,PDANS,4096,105,97.84,90.58,87.53,pointnet2_results/x4_two_line_final/lineA_original_up/pdans/train.log
A,PDANS,4096,106,97.7,90.77,87.94,pointnet2_results/x4_two_line_final/lineA_original_up/pdans/train.log
A,PDANS,4096,107,97.88,90.75,88.03999999999999,pointnet2_results/x4_two_line_final/lineA_original_up/pdans/train.log
A,PDANS,4096,108,97.92,90.11,87.72,pointnet2_results/x4_two_line_final/lineA_original_up/pdans/train.log
A,PDANS,4096,109,98.00999999999999,90.86999999999999,88.14,pointnet2_results/x4_two_line_final/lineA_original_up/pdans/train.log
A,PDANS,4096,110,98.11,90.74,87.74,pointnet2_results/x4_two_line_final/lineA_original_up/pdans/train.log
A,PDANS,4096,111,98.06,90.78,88.72,pointnet2_results/x4_two_line_final/lineA_original_up/pdans/train.log
A,PDANS,4096,112,97.92,90.95,87.91,pointnet2_results/x4_two_line_final/lineA_original_up/pdans/train.log
A,PDANS,4096,113,98.11999999999999,90.78,87.83,pointnet2_results/x4_two_line_final/lineA_original_up/pdans/train.log
A,PDANS,4096,114,98.1,91.2,88.11,pointnet2_results/x4_two_line_final/lineA_original_up/pdans/train.log
A,PDANS,4096,115,98.13,90.99000000000001,87.92,pointnet2_results/x4_two_line_final/lineA_original_up/pdans/train.log
A,PDANS,4096,116,98.09,90.33,86.86,pointnet2_results/x4_two_line_final/lineA_original_up/pdans/train.log
A,PDANS,4096,117,98.11,90.74,87.47,pointnet2_results/x4_two_line_final/lineA_original_up/pdans/train.log
A,PDANS,4096,118,98.03,90.83,87.97,pointnet2_results/x4_two_line_final/lineA_original_up/pdans/train.log
A,PDANS,4096,119,98.15,90.34,86.86,pointnet2_results/x4_two_line_final/lineA_original_up/pdans/train.log
A,PDANS,4096,120,98.24000000000001,90.86999999999999,87.76,pointnet2_results/x4_two_line_final/lineA_original_up/pdans/train.log
A,PDANS,4096,121,98.42999999999999,90.86,87.66000000000001,pointnet2_results/x4_two_line_final/lineA_original_up/pdans/train.log
A,PDANS,4096,122,98.57000000000001,90.84,87.86,pointnet2_results/x4_two_line_final/lineA_original_up/pdans/train.log
A,PDANS,4096,123,98.46000000000001,91.38,87.64999999999999,pointnet2_results/x4_two_line_final/lineA_original_up/pdans/train.log
A,PDANS,4096,124,98.37,91.3,88.68,pointnet2_results/x4_two_line_final/lineA_original_up/pdans/train.log
A,PDANS,4096,125,98.25,90.82000000000001,87.06,pointnet2_results/x4_two_line_final/lineA_original_up/pdans/train.log
A,PDANS,4096,126,98.58,90.27,86.66,pointnet2_results/x4_two_line_final/lineA_original_up/pdans/train.log
A,PDANS,4096,127,98.32,90.86999999999999,88.03999999999999,pointnet2_results/x4_two_line_final/lineA_original_up/pdans/train.log
A,PDANS,4096,128,98.50999999999999,90.82000000000001,87.63,pointnet2_results/x4_two_line_final/lineA_original_up/pdans/train.log
A,PDANS,4096,129,98.5,90.28,86.85000000000001,pointnet2_results/x4_two_line_final/lineA_original_up/pdans/train.log
A,PDANS,4096,130,98.54,90.8,87.41,pointnet2_results/x4_two_line_final/lineA_original_up/pdans/train.log
A,PDANS,4096,131,98.61,90.95,87.77000000000001,pointnet2_results/x4_two_line_final/lineA_original_up/pdans/train.log
A,PDANS,4096,132,98.42,90.91,87.94,pointnet2_results/x4_two_line_final/lineA_original_up/pdans/train.log
A,PDANS,4096,133,98.36,91.25,88.72,pointnet2_results/x4_two_line_final/lineA_original_up/pdans/train.log
A,PDANS,4096,134,98.35000000000001,90.91,88.67,pointnet2_results/x4_two_line_final/lineA_original_up/pdans/train.log
A,PDANS,4096,135,98.83999999999999,90.77,87.77000000000001,pointnet2_results/x4_two_line_final/lineA_original_up/pdans/train.log
A,PDANS,4096,136,98.65,90.86,88.25,pointnet2_results/x4_two_line_final/lineA_original_up/pdans/train.log
A,PDANS,4096,137,98.64,90.47,88.06,pointnet2_results/x4_two_line_final/lineA_original_up/pdans/train.log
A,PDANS,4096,138,98.7,90.81,87.53,pointnet2_results/x4_two_line_final/lineA_original_up/pdans/train.log
A,PDANS,4096,139,98.50999999999999,91.22,88.27000000000001,pointnet2_results/x4_two_line_final/lineA_original_up/pdans/train.log
A,PDANS,4096,140,98.9,91.23,88.34,pointnet2_results/x4_two_line_final/lineA_original_up/pdans/train.log
A,PDANS,4096,141,98.97,90.9,88.98,pointnet2_results/x4_two_line_final/lineA_original_up/pdans/train.log
A,PDANS,4096,142,98.86,91.0,88.84,pointnet2_results/x4_two_line_final/lineA_original_up/pdans/train.log
A,PDANS,4096,143,98.89,91.4,88.56,pointnet2_results/x4_two_line_final/lineA_original_up/pdans/train.log
A,PDANS,4096,144,99.00999999999999,90.85,88.48,pointnet2_results/x4_two_line_final/lineA_original_up/pdans/train.log
A,PDANS,4096,145,98.89,91.18,87.98,pointnet2_results/x4_two_line_final/lineA_original_up/pdans/train.log
A,PDANS,4096,146,98.98,90.99000000000001,88.13,pointnet2_results/x4_two_line_final/lineA_original_up/pdans/train.log
A,PDANS,4096,147,98.78,90.8,87.82,pointnet2_results/x4_two_line_final/lineA_original_up/pdans/train.log
A,PDANS,4096,148,99.2,91.47,88.49000000000001,pointnet2_results/x4_two_line_final/lineA_original_up/pdans/train.log
A,PDANS,4096,149,98.99,90.86999999999999,88.78,pointnet2_results/x4_two_line_final/lineA_original_up/pdans/train.log
A,PDANS,4096,150,98.92999999999999,91.12,88.08,pointnet2_results/x4_two_line_final/lineA_original_up/pdans/train.log
A,PDANS,4096,151,98.97,90.86999999999999,87.97,pointnet2_results/x4_two_line_final/lineA_original_up/pdans/train.log
A,PDANS,4096,152,99.07000000000001,91.22,87.86,pointnet2_results/x4_two_line_final/lineA_original_up/pdans/train.log
A,PDANS,4096,153,98.95,90.19,87.22,pointnet2_results/x4_two_line_final/lineA_original_up/pdans/train.log
A,PDANS,4096,154,99.0,91.07,88.22,pointnet2_results/x4_two_line_final/lineA_original_up/pdans/train.log
A,PDANS,4096,155,98.96000000000001,90.9,87.78,pointnet2_results/x4_two_line_final/lineA_original_up/pdans/train.log
A,PDANS,4096,156,98.79,91.19,87.92999999999999,pointnet2_results/x4_two_line_final/lineA_original_up/pdans/train.log
A,PDANS,4096,157,99.22999999999999,90.97,88.06,pointnet2_results/x4_two_line_final/lineA_original_up/pdans/train.log
A,PDANS,4096,158,99.00999999999999,90.74,87.75,pointnet2_results/x4_two_line_final/lineA_original_up/pdans/train.log
A,PDANS,4096,159,98.83,90.83,87.94,pointnet2_results/x4_two_line_final/lineA_original_up/pdans/train.log
A,PDANS,4096,160,99.11999999999999,91.28,88.06,pointnet2_results/x4_two_line_final/lineA_original_up/pdans/train.log
A,PDANS,4096,161,99.11,90.5,88.42999999999999,pointnet2_results/x4_two_line_final/lineA_original_up/pdans/train.log
A,PDANS,4096,162,99.11999999999999,91.0,88.53,pointnet2_results/x4_two_line_final/lineA_original_up/pdans/train.log
A,PDANS,4096,163,99.15,91.47999999999999,88.97,pointnet2_results/x4_two_line_final/lineA_original_up/pdans/train.log
A,PDANS,4096,164,99.2,91.25999999999999,88.09,pointnet2_results/x4_two_line_final/lineA_original_up/pdans/train.log
A,PDANS,4096,165,99.05000000000001,90.86999999999999,88.24,pointnet2_results/x4_two_line_final/lineA_original_up/pdans/train.log
A,PDANS,4096,166,99.05000000000001,90.94,88.2,pointnet2_results/x4_two_line_final/lineA_original_up/pdans/train.log
A,PDANS,4096,167,99.21,90.42,87.88,pointnet2_results/x4_two_line_final/lineA_original_up/pdans/train.log
A,PDANS,4096,168,99.14,91.32000000000001,88.73,pointnet2_results/x4_two_line_final/lineA_original_up/pdans/train.log
A,PDANS,4096,169,99.08,91.08000000000001,88.49000000000001,pointnet2_results/x4_two_line_final/lineA_original_up/pdans/train.log
A,PDANS,4096,170,99.24,91.08000000000001,88.64,pointnet2_results/x4_two_line_final/lineA_original_up/pdans/train.log
A,PDANS,4096,171,99.28,90.83,88.37,pointnet2_results/x4_two_line_final/lineA_original_up/pdans/train.log
A,PDANS,4096,172,99.32,90.94,88.03999999999999,pointnet2_results/x4_two_line_final/lineA_original_up/pdans/train.log
A,PDANS,4096,173,99.33,90.99000000000001,88.14,pointnet2_results/x4_two_line_final/lineA_original_up/pdans/train.log
A,PDANS,4096,174,99.19,90.86999999999999,88.62,pointnet2_results/x4_two_line_final/lineA_original_up/pdans/train.log
A,PDANS,4096,175,99.03,91.23,88.4,pointnet2_results/x4_two_line_final/lineA_original_up/pdans/train.log
A,PDANS,4096,176,99.15,90.83,88.13,pointnet2_results/x4_two_line_final/lineA_original_up/pdans/train.log
A,PDANS,4096,177,99.21,90.96,87.72999999999999,pointnet2_results/x4_two_line_final/lineA_original_up/pdans/train.log
A,PDANS,4096,178,99.11,91.14,88.6,pointnet2_results/x4_two_line_final/lineA_original_up/pdans/train.log
A,PDANS,4096,179,99.3,90.91,88.03999999999999,pointnet2_results/x4_two_line_final/lineA_original_up/pdans/train.log
A,PDANS,4096,180,99.2,90.99000000000001,88.49000000000001,pointnet2_results/x4_two_line_final/lineA_original_up/pdans/train.log
A,PDANS,4096,181,99.38,90.96,88.32,pointnet2_results/x4_two_line_final/lineA_original_up/pdans/train.log
A,PDANS,4096,182,99.25,91.17,88.53,pointnet2_results/x4_two_line_final/lineA_original_up/pdans/train.log
A,PDANS,4096,183,99.31,90.94,87.89,pointnet2_results/x4_two_line_final/lineA_original_up/pdans/train.log
A,PDANS,4096,184,99.37,91.21000000000001,87.6,pointnet2_results/x4_two_line_final/lineA_original_up/pdans/train.log
A,PDANS,4096,185,99.41,91.16,88.24,pointnet2_results/x4_two_line_final/lineA_original_up/pdans/train.log
A,PDANS,4096,186,99.29,90.95,87.88,pointnet2_results/x4_two_line_final/lineA_original_up/pdans/train.log
A,PDANS,4096,187,99.2,90.52,89.0,pointnet2_results/x4_two_line_final/lineA_original_up/pdans/train.log
A,PDANS,4096,188,99.44,90.57,87.42999999999999,pointnet2_results/x4_two_line_final/lineA_original_up/pdans/train.log
A,PDANS,4096,189,99.42999999999999,91.03999999999999,88.73,pointnet2_results/x4_two_line_final/lineA_original_up/pdans/train.log
A,PDANS,4096,190,99.58,91.36,88.84,pointnet2_results/x4_two_line_final/lineA_original_up/pdans/train.log
A,PDANS,4096,191,99.36,90.95,88.53999999999999,pointnet2_results/x4_two_line_final/lineA_original_up/pdans/train.log
A,PDANS,4096,192,99.51,91.34,88.24,pointnet2_results/x4_two_line_final/lineA_original_up/pdans/train.log
A,PDANS,4096,193,99.33,91.25999999999999,88.56,pointnet2_results/x4_two_line_final/lineA_original_up/pdans/train.log
A,PDANS,4096,194,99.37,90.9,88.3,pointnet2_results/x4_two_line_final/lineA_original_up/pdans/train.log
A,PDANS,4096,195,99.42,90.79,88.28,pointnet2_results/x4_two_line_final/lineA_original_up/pdans/train.log
A,PDANS,4096,196,99.3,90.85,87.83,pointnet2_results/x4_two_line_final/lineA_original_up/pdans/train.log
A,PDANS,4096,197,99.33999999999999,90.86999999999999,88.53999999999999,pointnet2_results/x4_two_line_final/lineA_original_up/pdans/train.log
A,PDANS,4096,198,99.33,91.12,87.97,pointnet2_results/x4_two_line_final/lineA_original_up/pdans/train.log
A,PDANS,4096,199,99.35000000000001,91.4,89.03999999999999,pointnet2_results/x4_two_line_final/lineA_original_up/pdans/train.log
A,PDANS,4096,200,99.31,90.86999999999999,87.92999999999999,pointnet2_results/x4_two_line_final/lineA_original_up/pdans/train.log
A,PU-Net,4096,1,56.69,63.370000000000005,54.65,pointnet2_results/x4_two_line_final/lineA_original_up/pu_net/train.log
A,PU-Net,4096,2,71.41,71.83,65.9,pointnet2_results/x4_two_line_final/lineA_original_up/pu_net/train.log
A,PU-Net,4096,3,76.19,79.91,71.73,pointnet2_results/x4_two_line_final/lineA_original_up/pu_net/train.log
A,PU-Net,4096,4,78.60000000000001,78.46,73.14,pointnet2_results/x4_two_line_final/lineA_original_up/pu_net/train.log
A,PU-Net,4096,5,80.97999999999999,82.01,76.99000000000001,pointnet2_results/x4_two_line_final/lineA_original_up/pu_net/train.log
A,PU-Net,4096,6,81.86,81.67,75.52,pointnet2_results/x4_two_line_final/lineA_original_up/pu_net/train.log
A,PU-Net,4096,7,82.26,83.16,77.5,pointnet2_results/x4_two_line_final/lineA_original_up/pu_net/train.log
A,PU-Net,4096,8,83.17,85.84,79.64,pointnet2_results/x4_two_line_final/lineA_original_up/pu_net/train.log
A,PU-Net,4096,9,83.47,82.50999999999999,77.72,pointnet2_results/x4_two_line_final/lineA_original_up/pu_net/train.log
A,PU-Net,4096,10,84.08,82.93,79.67,pointnet2_results/x4_two_line_final/lineA_original_up/pu_net/train.log
A,PU-Net,4096,11,85.08,84.09,80.67,pointnet2_results/x4_two_line_final/lineA_original_up/pu_net/train.log
A,PU-Net,4096,12,85.35000000000001,86.67,80.97999999999999,pointnet2_results/x4_two_line_final/lineA_original_up/pu_net/train.log
A,PU-Net,4096,13,85.42999999999999,85.7,81.22,pointnet2_results/x4_two_line_final/lineA_original_up/pu_net/train.log
A,PU-Net,4096,14,86.33,85.39999999999999,80.28999999999999,pointnet2_results/x4_two_line_final/lineA_original_up/pu_net/train.log
A,PU-Net,4096,15,86.55000000000001,85.78,81.11,pointnet2_results/x4_two_line_final/lineA_original_up/pu_net/train.log
A,PU-Net,4096,16,86.3,85.7,81.56,pointnet2_results/x4_two_line_final/lineA_original_up/pu_net/train.log
A,PU-Net,4096,17,86.72,86.67,82.5,pointnet2_results/x4_two_line_final/lineA_original_up/pu_net/train.log
A,PU-Net,4096,18,87.03,85.44,79.69000000000001,pointnet2_results/x4_two_line_final/lineA_original_up/pu_net/train.log
A,PU-Net,4096,19,87.17,86.1,82.96,pointnet2_results/x4_two_line_final/lineA_original_up/pu_net/train.log
A,PU-Net,4096,20,89.0,88.36,84.75,pointnet2_results/x4_two_line_final/lineA_original_up/pu_net/train.log
A,PU-Net,4096,21,89.60000000000001,87.49,82.36,pointnet2_results/x4_two_line_final/lineA_original_up/pu_net/train.log
A,PU-Net,4096,22,89.85,87.22,84.58,pointnet2_results/x4_two_line_final/lineA_original_up/pu_net/train.log
A,PU-Net,4096,23,90.0,87.94,84.78999999999999,pointnet2_results/x4_two_line_final/lineA_original_up/pu_net/train.log
A,PU-Net,4096,24,89.84,88.53999999999999,85.57000000000001,pointnet2_results/x4_two_line_final/lineA_original_up/pu_net/train.log
A,PU-Net,4096,25,90.27,86.42,82.76,pointnet2_results/x4_two_line_final/lineA_original_up/pu_net/train.log
A,PU-Net,4096,26,90.12,87.76,83.53,pointnet2_results/x4_two_line_final/lineA_original_up/pu_net/train.log
A,PU-Net,4096,27,90.39,88.62,85.25,pointnet2_results/x4_two_line_final/lineA_original_up/pu_net/train.log
A,PU-Net,4096,28,89.92,87.59,83.45,pointnet2_results/x4_two_line_final/lineA_original_up/pu_net/train.log
A,PU-Net,4096,29,90.48,87.79,84.28,pointnet2_results/x4_two_line_final/lineA_original_up/pu_net/train.log
A,PU-Net,4096,30,90.78,88.44999999999999,85.39,pointnet2_results/x4_two_line_final/lineA_original_up/pu_net/train.log
A,PU-Net,4096,31,90.74,87.28,83.53,pointnet2_results/x4_two_line_final/lineA_original_up/pu_net/train.log
A,PU-Net,4096,32,90.99000000000001,87.46000000000001,84.65,pointnet2_results/x4_two_line_final/lineA_original_up/pu_net/train.log
A,PU-Net,4096,33,90.82000000000001,88.42999999999999,84.39999999999999,pointnet2_results/x4_two_line_final/lineA_original_up/pu_net/train.log
A,PU-Net,4096,34,90.78,88.49000000000001,85.31,pointnet2_results/x4_two_line_final/lineA_original_up/pu_net/train.log
A,PU-Net,4096,35,91.5,89.42999999999999,85.67,pointnet2_results/x4_two_line_final/lineA_original_up/pu_net/train.log
A,PU-Net,4096,36,91.10000000000001,88.91,85.91,pointnet2_results/x4_two_line_final/lineA_original_up/pu_net/train.log
A,PU-Net,4096,37,91.34,88.71,84.31,pointnet2_results/x4_two_line_final/lineA_original_up/pu_net/train.log
A,PU-Net,4096,38,91.60000000000001,88.42999999999999,84.27,pointnet2_results/x4_two_line_final/lineA_original_up/pu_net/train.log
A,PU-Net,4096,39,91.52,88.38000000000001,83.75,pointnet2_results/x4_two_line_final/lineA_original_up/pu_net/train.log
A,PU-Net,4096,40,92.84,89.5,86.05000000000001,pointnet2_results/x4_two_line_final/lineA_original_up/pu_net/train.log
A,PU-Net,4096,41,93.35,89.56,85.8,pointnet2_results/x4_two_line_final/lineA_original_up/pu_net/train.log
A,PU-Net,4096,42,93.45,89.25999999999999,86.22,pointnet2_results/x4_two_line_final/lineA_original_up/pu_net/train.log
A,PU-Net,4096,43,92.78,89.32,84.53,pointnet2_results/x4_two_line_final/lineA_original_up/pu_net/train.log
A,PU-Net,4096,44,93.05,90.55,86.15,pointnet2_results/x4_two_line_final/lineA_original_up/pu_net/train.log
A,PU-Net,4096,45,93.28,89.3,85.02,pointnet2_results/x4_two_line_final/lineA_original_up/pu_net/train.log
A,PU-Net,4096,46,93.53,90.08,85.98,pointnet2_results/x4_two_line_final/lineA_original_up/pu_net/train.log
A,PU-Net,4096,47,93.88,88.78,84.66,pointnet2_results/x4_two_line_final/lineA_original_up/pu_net/train.log
A,PU-Net,4096,48,93.43,88.72,84.87,pointnet2_results/x4_two_line_final/lineA_original_up/pu_net/train.log
A,PU-Net,4096,49,93.54,89.0,85.74000000000001,pointnet2_results/x4_two_line_final/lineA_original_up/pu_net/train.log
A,PU-Net,4096,50,93.58999999999999,89.37,85.84,pointnet2_results/x4_two_line_final/lineA_original_up/pu_net/train.log
A,PU-Net,4096,51,94.19,90.06,86.57000000000001,pointnet2_results/x4_two_line_final/lineA_original_up/pu_net/train.log
A,PU-Net,4096,52,93.54,89.03999999999999,84.82,pointnet2_results/x4_two_line_final/lineA_original_up/pu_net/train.log
A,PU-Net,4096,53,93.93,87.18,83.17999999999999,pointnet2_results/x4_two_line_final/lineA_original_up/pu_net/train.log
A,PU-Net,4096,54,93.96,89.85,87.91,pointnet2_results/x4_two_line_final/lineA_original_up/pu_net/train.log
A,PU-Net,4096,55,94.11,88.9,85.17,pointnet2_results/x4_two_line_final/lineA_original_up/pu_net/train.log
A,PU-Net,4096,56,93.72,88.69,84.53,pointnet2_results/x4_two_line_final/lineA_original_up/pu_net/train.log
A,PU-Net,4096,57,94.05,90.06,86.36,pointnet2_results/x4_two_line_final/lineA_original_up/pu_net/train.log
A,PU-Net,4096,58,94.33,88.98,86.13,pointnet2_results/x4_two_line_final/lineA_original_up/pu_net/train.log
A,PU-Net,4096,59,93.97,89.25999999999999,86.38,pointnet2_results/x4_two_line_final/lineA_original_up/pu_net/train.log
A,PU-Net,4096,60,94.84,89.98,86.3,pointnet2_results/x4_two_line_final/lineA_original_up/pu_net/train.log
A,PU-Net,4096,61,95.19999999999999,89.49000000000001,85.71,pointnet2_results/x4_two_line_final/lineA_original_up/pu_net/train.log
A,PU-Net,4096,62,94.97,89.61,85.86,pointnet2_results/x4_two_line_final/lineA_original_up/pu_net/train.log
A,PU-Net,4096,63,95.19,89.4,85.99,pointnet2_results/x4_two_line_final/lineA_original_up/pu_net/train.log
A,PU-Net,4096,64,95.48,89.63,84.73,pointnet2_results/x4_two_line_final/lineA_original_up/pu_net/train.log
A,PU-Net,4096,65,95.69,89.52,85.88,pointnet2_results/x4_two_line_final/lineA_original_up/pu_net/train.log
A,PU-Net,4096,66,95.23,90.14,86.53,pointnet2_results/x4_two_line_final/lineA_original_up/pu_net/train.log
A,PU-Net,4096,67,95.55,89.53999999999999,86.86,pointnet2_results/x4_two_line_final/lineA_original_up/pu_net/train.log
A,PU-Net,4096,68,95.89999999999999,89.72,85.75,pointnet2_results/x4_two_line_final/lineA_original_up/pu_net/train.log
A,PU-Net,4096,69,96.12,89.89,86.11,pointnet2_results/x4_two_line_final/lineA_original_up/pu_net/train.log
A,PU-Net,4096,70,95.66,88.85,85.85000000000001,pointnet2_results/x4_two_line_final/lineA_original_up/pu_net/train.log
A,PU-Net,4096,71,95.69,89.63,85.24000000000001,pointnet2_results/x4_two_line_final/lineA_original_up/pu_net/train.log
A,PU-Net,4096,72,95.76,90.77,87.36,pointnet2_results/x4_two_line_final/lineA_original_up/pu_net/train.log
A,PU-Net,4096,73,95.73,89.28,86.61,pointnet2_results/x4_two_line_final/lineA_original_up/pu_net/train.log
A,PU-Net,4096,74,96.21,89.64,85.39999999999999,pointnet2_results/x4_two_line_final/lineA_original_up/pu_net/train.log
A,PU-Net,4096,75,96.24000000000001,89.39,86.17,pointnet2_results/x4_two_line_final/lineA_original_up/pu_net/train.log
A,PU-Net,4096,76,95.77,89.94,86.75,pointnet2_results/x4_two_line_final/lineA_original_up/pu_net/train.log
A,PU-Net,4096,77,95.50999999999999,90.19,86.71,pointnet2_results/x4_two_line_final/lineA_original_up/pu_net/train.log
A,PU-Net,4096,78,95.71,89.49000000000001,85.74000000000001,pointnet2_results/x4_two_line_final/lineA_original_up/pu_net/train.log
A,PU-Net,4096,79,96.13000000000001,89.97,85.66,pointnet2_results/x4_two_line_final/lineA_original_up/pu_net/train.log
A,PU-Net,4096,80,96.73,90.06,86.55000000000001,pointnet2_results/x4_two_line_final/lineA_original_up/pu_net/train.log
A,PU-Net,4096,81,96.73,89.8,85.84,pointnet2_results/x4_two_line_final/lineA_original_up/pu_net/train.log
A,PU-Net,4096,82,96.78,90.05,86.07000000000001,pointnet2_results/x4_two_line_final/lineA_original_up/pu_net/train.log
A,PU-Net,4096,83,96.76,89.41,85.11,pointnet2_results/x4_two_line_final/lineA_original_up/pu_net/train.log
A,PU-Net,4096,84,96.6,90.49000000000001,86.87,pointnet2_results/x4_two_line_final/lineA_original_up/pu_net/train.log
A,PU-Net,4096,85,96.72,90.48,86.83999999999999,pointnet2_results/x4_two_line_final/lineA_original_up/pu_net/train.log
A,PU-Net,4096,86,97.13000000000001,89.17,86.00999999999999,pointnet2_results/x4_two_line_final/lineA_original_up/pu_net/train.log
A,PU-Net,4096,87,96.85000000000001,89.85,86.27,pointnet2_results/x4_two_line_final/lineA_original_up/pu_net/train.log
A,PU-Net,4096,88,97.24000000000001,89.31,85.42,pointnet2_results/x4_two_line_final/lineA_original_up/pu_net/train.log
A,PU-Net,4096,89,96.93,89.47,86.11999999999999,pointnet2_results/x4_two_line_final/lineA_original_up/pu_net/train.log
A,PU-Net,4096,90,97.21,89.72,86.35000000000001,pointnet2_results/x4_two_line_final/lineA_original_up/pu_net/train.log
A,PU-Net,4096,91,97.28,89.86,85.09,pointnet2_results/x4_two_line_final/lineA_original_up/pu_net/train.log
A,PU-Net,4096,92,97.13000000000001,89.98,85.82,pointnet2_results/x4_two_line_final/lineA_original_up/pu_net/train.log
A,PU-Net,4096,93,97.03,89.81,85.91,pointnet2_results/x4_two_line_final/lineA_original_up/pu_net/train.log
A,PU-Net,4096,94,97.39999999999999,89.85,85.74000000000001,pointnet2_results/x4_two_line_final/lineA_original_up/pu_net/train.log
A,PU-Net,4096,95,97.27,89.64,86.13,pointnet2_results/x4_two_line_final/lineA_original_up/pu_net/train.log
A,PU-Net,4096,96,97.22,90.02,87.02,pointnet2_results/x4_two_line_final/lineA_original_up/pu_net/train.log
A,PU-Net,4096,97,97.3,90.66,86.8,pointnet2_results/x4_two_line_final/lineA_original_up/pu_net/train.log
A,PU-Net,4096,98,97.13000000000001,89.53999999999999,86.52,pointnet2_results/x4_two_line_final/lineA_original_up/pu_net/train.log
A,PU-Net,4096,99,97.00999999999999,89.73,86.22,pointnet2_results/x4_two_line_final/lineA_original_up/pu_net/train.log
A,PU-Net,4096,100,97.74000000000001,90.41,86.91,pointnet2_results/x4_two_line_final/lineA_original_up/pu_net/train.log
A,PU-Net,4096,101,97.84,89.56,85.1,pointnet2_results/x4_two_line_final/lineA_original_up/pu_net/train.log
A,PU-Net,4096,102,97.83,90.23,86.11,pointnet2_results/x4_two_line_final/lineA_original_up/pu_net/train.log
A,PU-Net,4096,103,97.75,89.98,86.1,pointnet2_results/x4_two_line_final/lineA_original_up/pu_net/train.log
A,PU-Net,4096,104,97.7,89.98,85.9,pointnet2_results/x4_two_line_final/lineA_original_up/pu_net/train.log
A,PU-Net,4096,105,97.74000000000001,89.4,85.89,pointnet2_results/x4_two_line_final/lineA_original_up/pu_net/train.log
A,PU-Net,4096,106,97.97,89.86,87.21,pointnet2_results/x4_two_line_final/lineA_original_up/pu_net/train.log
A,PU-Net,4096,107,97.71,90.16999999999999,86.33,pointnet2_results/x4_two_line_final/lineA_original_up/pu_net/train.log
A,PU-Net,4096,108,98.16,89.3,85.55,pointnet2_results/x4_two_line_final/lineA_original_up/pu_net/train.log
A,PU-Net,4096,109,98.11,89.34,86.02,pointnet2_results/x4_two_line_final/lineA_original_up/pu_net/train.log
A,PU-Net,4096,110,98.2,90.14,86.08,pointnet2_results/x4_two_line_final/lineA_original_up/pu_net/train.log
A,PU-Net,4096,111,97.95,89.95,86.71,pointnet2_results/x4_two_line_final/lineA_original_up/pu_net/train.log
A,PU-Net,4096,112,97.83,89.63,85.28999999999999,pointnet2_results/x4_two_line_final/lineA_original_up/pu_net/train.log
A,PU-Net,4096,113,98.1,88.75999999999999,85.99,pointnet2_results/x4_two_line_final/lineA_original_up/pu_net/train.log
A,PU-Net,4096,114,98.07000000000001,90.06,86.2,pointnet2_results/x4_two_line_final/lineA_original_up/pu_net/train.log
A,PU-Net,4096,115,98.04,89.63,86.95,pointnet2_results/x4_two_line_final/lineA_original_up/pu_net/train.log
A,PU-Net,4096,116,97.97,90.02,86.13,pointnet2_results/x4_two_line_final/lineA_original_up/pu_net/train.log
A,PU-Net,4096,117,98.37,90.46,86.31,pointnet2_results/x4_two_line_final/lineA_original_up/pu_net/train.log
A,PU-Net,4096,118,97.92,89.89,86.42999999999999,pointnet2_results/x4_two_line_final/lineA_original_up/pu_net/train.log
A,PU-Net,4096,119,98.08,89.13,86.21,pointnet2_results/x4_two_line_final/lineA_original_up/pu_net/train.log
A,PU-Net,4096,120,98.25,90.03999999999999,86.79,pointnet2_results/x4_two_line_final/lineA_original_up/pu_net/train.log
A,PU-Net,4096,121,98.42,89.57000000000001,86.31,pointnet2_results/x4_two_line_final/lineA_original_up/pu_net/train.log
A,PU-Net,4096,122,98.49,90.10000000000001,86.52,pointnet2_results/x4_two_line_final/lineA_original_up/pu_net/train.log
A,PU-Net,4096,123,98.59,90.53,87.28,pointnet2_results/x4_two_line_final/lineA_original_up/pu_net/train.log
A,PU-Net,4096,124,98.47,89.9,86.41,pointnet2_results/x4_two_line_final/lineA_original_up/pu_net/train.log
A,PU-Net,4096,125,98.25,89.77000000000001,86.61999999999999,pointnet2_results/x4_two_line_final/lineA_original_up/pu_net/train.log
A,PU-Net,4096,126,98.63,89.86,86.63,pointnet2_results/x4_two_line_final/lineA_original_up/pu_net/train.log
A,PU-Net,4096,127,98.65,89.78,86.71,pointnet2_results/x4_two_line_final/lineA_original_up/pu_net/train.log
A,PU-Net,4096,128,98.63,89.77000000000001,85.46000000000001,pointnet2_results/x4_two_line_final/lineA_original_up/pu_net/train.log
A,PU-Net,4096,129,98.22999999999999,90.24,86.1,pointnet2_results/x4_two_line_final/lineA_original_up/pu_net/train.log
A,PU-Net,4096,130,98.41,90.02,85.97,pointnet2_results/x4_two_line_final/lineA_original_up/pu_net/train.log
A,PU-Net,4096,131,98.63,90.08,85.9,pointnet2_results/x4_two_line_final/lineA_original_up/pu_net/train.log
A,PU-Net,4096,132,98.68,89.73,86.21,pointnet2_results/x4_two_line_final/lineA_original_up/pu_net/train.log
A,PU-Net,4096,133,98.47,90.02,87.35000000000001,pointnet2_results/x4_two_line_final/lineA_original_up/pu_net/train.log
A,PU-Net,4096,134,98.55000000000001,89.60000000000001,86.55000000000001,pointnet2_results/x4_two_line_final/lineA_original_up/pu_net/train.log
A,PU-Net,4096,135,98.50999999999999,89.89,85.66,pointnet2_results/x4_two_line_final/lineA_original_up/pu_net/train.log
A,PU-Net,4096,136,98.76,89.82,86.77,pointnet2_results/x4_two_line_final/lineA_original_up/pu_net/train.log
A,PU-Net,4096,137,98.47,89.62,85.76,pointnet2_results/x4_two_line_final/lineA_original_up/pu_net/train.log
A,PU-Net,4096,138,98.81,90.38000000000001,86.26,pointnet2_results/x4_two_line_final/lineA_original_up/pu_net/train.log
A,PU-Net,4096,139,98.58,90.29,86.33,pointnet2_results/x4_two_line_final/lineA_original_up/pu_net/train.log
A,PU-Net,4096,140,99.03999999999999,89.85,87.64,pointnet2_results/x4_two_line_final/lineA_original_up/pu_net/train.log
A,PU-Net,4096,141,98.82,89.85,86.15,pointnet2_results/x4_two_line_final/lineA_original_up/pu_net/train.log
A,PU-Net,4096,142,98.75,89.79,86.05000000000001,pointnet2_results/x4_two_line_final/lineA_original_up/pu_net/train.log
A,PU-Net,4096,143,99.03,90.25999999999999,86.0,pointnet2_results/x4_two_line_final/lineA_original_up/pu_net/train.log
A,PU-Net,4096,144,98.81,89.92999999999999,86.46000000000001,pointnet2_results/x4_two_line_final/lineA_original_up/pu_net/train.log
A,PU-Net,4096,145,99.03999999999999,90.22,86.83,pointnet2_results/x4_two_line_final/lineA_original_up/pu_net/train.log
A,PU-Net,4096,146,99.08,90.41,86.0,pointnet2_results/x4_two_line_final/lineA_original_up/pu_net/train.log
A,PU-Net,4096,147,98.72999999999999,90.28,86.33,pointnet2_results/x4_two_line_final/lineA_original_up/pu_net/train.log
A,PU-Net,4096,148,99.08,90.09,86.22,pointnet2_results/x4_two_line_final/lineA_original_up/pu_net/train.log
A,PU-Net,4096,149,98.97,90.06,86.09,pointnet2_results/x4_two_line_final/lineA_original_up/pu_net/train.log
A,PU-Net,4096,150,99.07000000000001,90.22,86.91,pointnet2_results/x4_two_line_final/lineA_original_up/pu_net/train.log
A,PU-Net,4096,151,99.13,90.09,86.0,pointnet2_results/x4_two_line_final/lineA_original_up/pu_net/train.log
A,PU-Net,4096,152,99.09,89.64999999999999,85.88,pointnet2_results/x4_two_line_final/lineA_original_up/pu_net/train.log
A,PU-Net,4096,153,98.96000000000001,89.85,85.46000000000001,pointnet2_results/x4_two_line_final/lineA_original_up/pu_net/train.log
A,PU-Net,4096,154,98.96000000000001,89.9,86.16,pointnet2_results/x4_two_line_final/lineA_original_up/pu_net/train.log
A,PU-Net,4096,155,99.08,89.9,86.16,pointnet2_results/x4_two_line_final/lineA_original_up/pu_net/train.log
A,PU-Net,4096,156,99.22999999999999,89.61,85.83,pointnet2_results/x4_two_line_final/lineA_original_up/pu_net/train.log
A,PU-Net,4096,157,98.99,89.94,86.07000000000001,pointnet2_results/x4_two_line_final/lineA_original_up/pu_net/train.log
A,PU-Net,4096,158,99.11999999999999,89.97,86.66,pointnet2_results/x4_two_line_final/lineA_original_up/pu_net/train.log
A,PU-Net,4096,159,99.11,89.94,86.1,pointnet2_results/x4_two_line_final/lineA_original_up/pu_net/train.log
A,PU-Net,4096,160,99.11,90.06,85.89,pointnet2_results/x4_two_line_final/lineA_original_up/pu_net/train.log
A,PU-Net,4096,161,99.1,90.25999999999999,86.47,pointnet2_results/x4_two_line_final/lineA_original_up/pu_net/train.log
A,PU-Net,4096,162,99.1,90.25999999999999,85.96000000000001,pointnet2_results/x4_two_line_final/lineA_original_up/pu_net/train.log
A,PU-Net,4096,163,99.19,90.18,85.97,pointnet2_results/x4_two_line_final/lineA_original_up/pu_net/train.log
A,PU-Net,4096,164,99.19,90.56,86.75,pointnet2_results/x4_two_line_final/lineA_original_up/pu_net/train.log
A,PU-Net,4096,165,99.15,90.55,86.71,pointnet2_results/x4_two_line_final/lineA_original_up/pu_net/train.log
A,PU-Net,4096,166,99.33999999999999,90.53,86.59,pointnet2_results/x4_two_line_final/lineA_original_up/pu_net/train.log
A,PU-Net,4096,167,99.37,90.62,87.12,pointnet2_results/x4_two_line_final/lineA_original_up/pu_net/train.log
A,PU-Net,4096,168,99.00999999999999,90.66,87.46000000000001,pointnet2_results/x4_two_line_final/lineA_original_up/pu_net/train.log
A,PU-Net,4096,169,99.08,90.34,86.71,pointnet2_results/x4_two_line_final/lineA_original_up/pu_net/train.log
A,PU-Net,4096,170,99.33,90.31,87.45,pointnet2_results/x4_two_line_final/lineA_original_up/pu_net/train.log
A,PU-Net,4096,171,99.25,89.86,86.97,pointnet2_results/x4_two_line_final/lineA_original_up/pu_net/train.log
A,PU-Net,4096,172,99.11,90.42,87.21,pointnet2_results/x4_two_line_final/lineA_original_up/pu_net/train.log
A,PU-Net,4096,173,99.41,89.79,85.89,pointnet2_results/x4_two_line_final/lineA_original_up/pu_net/train.log
A,PU-Net,4096,174,99.22,89.79,86.1,pointnet2_results/x4_two_line_final/lineA_original_up/pu_net/train.log
A,PU-Net,4096,175,99.15,90.39,87.27000000000001,pointnet2_results/x4_two_line_final/lineA_original_up/pu_net/train.log
A,PU-Net,4096,176,99.4,90.42,86.83999999999999,pointnet2_results/x4_two_line_final/lineA_original_up/pu_net/train.log
A,PU-Net,4096,177,99.2,90.66,87.51,pointnet2_results/x4_two_line_final/lineA_original_up/pu_net/train.log
A,PU-Net,4096,178,99.14,90.21000000000001,87.52,pointnet2_results/x4_two_line_final/lineA_original_up/pu_net/train.log
A,PU-Net,4096,179,99.24,90.25999999999999,86.87,pointnet2_results/x4_two_line_final/lineA_original_up/pu_net/train.log
A,PU-Net,4096,180,99.39,90.61,88.06,pointnet2_results/x4_two_line_final/lineA_original_up/pu_net/train.log
A,PU-Net,4096,181,99.31,90.39,87.49,pointnet2_results/x4_two_line_final/lineA_original_up/pu_net/train.log
A,PU-Net,4096,182,99.33,90.11,87.91,pointnet2_results/x4_two_line_final/lineA_original_up/pu_net/train.log
A,PU-Net,4096,183,99.49,90.25999999999999,86.92999999999999,pointnet2_results/x4_two_line_final/lineA_original_up/pu_net/train.log
A,PU-Net,4096,184,99.31,89.72,86.63,pointnet2_results/x4_two_line_final/lineA_original_up/pu_net/train.log
A,PU-Net,4096,185,99.45,90.53999999999999,87.27000000000001,pointnet2_results/x4_two_line_final/lineA_original_up/pu_net/train.log
A,PU-Net,4096,186,99.25,90.01,86.89,pointnet2_results/x4_two_line_final/lineA_original_up/pu_net/train.log
A,PU-Net,4096,187,99.33,90.2,86.14,pointnet2_results/x4_two_line_final/lineA_original_up/pu_net/train.log
A,PU-Net,4096,188,99.48,90.22,87.48,pointnet2_results/x4_two_line_final/lineA_original_up/pu_net/train.log
A,PU-Net,4096,189,99.33,90.95,87.46000000000001,pointnet2_results/x4_two_line_final/lineA_original_up/pu_net/train.log
A,PU-Net,4096,190,99.47,90.39,87.03999999999999,pointnet2_results/x4_two_line_final/lineA_original_up/pu_net/train.log
A,PU-Net,4096,191,99.42,90.60000000000001,87.5,pointnet2_results/x4_two_line_final/lineA_original_up/pu_net/train.log
A,PU-Net,4096,192,99.31,90.4,86.46000000000001,pointnet2_results/x4_two_line_final/lineA_original_up/pu_net/train.log
A,PU-Net,4096,193,99.42,90.66,87.22,pointnet2_results/x4_two_line_final/lineA_original_up/pu_net/train.log
A,PU-Net,4096,194,99.25,90.07,85.78,pointnet2_results/x4_two_line_final/lineA_original_up/pu_net/train.log
A,PU-Net,4096,195,99.44,90.57,88.03,pointnet2_results/x4_two_line_final/lineA_original_up/pu_net/train.log
A,PU-Net,4096,196,99.32,90.24,86.42,pointnet2_results/x4_two_line_final/lineA_original_up/pu_net/train.log
A,PU-Net,4096,197,99.37,90.46,87.53,pointnet2_results/x4_two_line_final/lineA_original_up/pu_net/train.log
A,PU-Net,4096,198,99.45,90.32,87.14,pointnet2_results/x4_two_line_final/lineA_original_up/pu_net/train.log
A,PU-Net,4096,199,99.41,90.38000000000001,87.16000000000001,pointnet2_results/x4_two_line_final/lineA_original_up/pu_net/train.log
A,PU-Net,4096,200,99.51,90.55,87.03999999999999,pointnet2_results/x4_two_line_final/lineA_original_up/pu_net/train.log
A,PU-GCN,4096,1,57.37,67.35,58.43000000000001,pointnet2_results/x4_two_line_final/lineA_original_up/pu_gcn/train.log
A,PU-GCN,4096,2,74.05000000000001,76.8,70.55,pointnet2_results/x4_two_line_final/lineA_original_up/pu_gcn/train.log
A,PU-GCN,4096,3,77.69,80.67999999999999,73.96000000000001,pointnet2_results/x4_two_line_final/lineA_original_up/pu_gcn/train.log
A,PU-GCN,4096,4,79.84,83.28,77.05,pointnet2_results/x4_two_line_final/lineA_original_up/pu_gcn/train.log
A,PU-GCN,4096,5,81.15,84.64,77.53999999999999,pointnet2_results/x4_two_line_final/lineA_original_up/pu_gcn/train.log
A,PU-GCN,4096,6,82.67999999999999,83.69,78.71000000000001,pointnet2_results/x4_two_line_final/lineA_original_up/pu_gcn/train.log
A,PU-GCN,4096,7,83.38,84.66,80.04,pointnet2_results/x4_two_line_final/lineA_original_up/pu_gcn/train.log
A,PU-GCN,4096,8,83.72,85.11999999999999,79.43,pointnet2_results/x4_two_line_final/lineA_original_up/pu_gcn/train.log
A,PU-GCN,4096,9,84.71,85.56,82.04,pointnet2_results/x4_two_line_final/lineA_original_up/pu_gcn/train.log
A,PU-GCN,4096,10,85.71,85.5,81.12,pointnet2_results/x4_two_line_final/lineA_original_up/pu_gcn/train.log
A,PU-GCN,4096,11,84.96000000000001,87.66000000000001,83.11,pointnet2_results/x4_two_line_final/lineA_original_up/pu_gcn/train.log
A,PU-GCN,4096,12,85.79,86.83999999999999,82.66,pointnet2_results/x4_two_line_final/lineA_original_up/pu_gcn/train.log
A,PU-GCN,4096,13,86.16,86.46000000000001,82.83,pointnet2_results/x4_two_line_final/lineA_original_up/pu_gcn/train.log
A,PU-GCN,4096,14,86.49,86.83999999999999,81.31,pointnet2_results/x4_two_line_final/lineA_original_up/pu_gcn/train.log
A,PU-GCN,4096,15,87.25,86.68,81.36,pointnet2_results/x4_two_line_final/lineA_original_up/pu_gcn/train.log
A,PU-GCN,4096,16,87.03,87.6,82.66,pointnet2_results/x4_two_line_final/lineA_original_up/pu_gcn/train.log
A,PU-GCN,4096,17,87.35000000000001,86.06,82.16,pointnet2_results/x4_two_line_final/lineA_original_up/pu_gcn/train.log
A,PU-GCN,4096,18,87.78,88.75999999999999,83.41,pointnet2_results/x4_two_line_final/lineA_original_up/pu_gcn/train.log
A,PU-GCN,4096,19,88.13,87.18,82.62,pointnet2_results/x4_two_line_final/lineA_original_up/pu_gcn/train.log
A,PU-GCN,4096,20,89.07000000000001,89.66,84.69,pointnet2_results/x4_two_line_final/lineA_original_up/pu_gcn/train.log
A,PU-GCN,4096,21,89.75,88.37,85.39,pointnet2_results/x4_two_line_final/lineA_original_up/pu_gcn/train.log
A,PU-GCN,4096,22,90.29,88.88000000000001,85.68,pointnet2_results/x4_two_line_final/lineA_original_up/pu_gcn/train.log
A,PU-GCN,4096,23,89.68,88.92999999999999,84.65,pointnet2_results/x4_two_line_final/lineA_original_up/pu_gcn/train.log
A,PU-GCN,4096,24,89.98,90.32,87.09,pointnet2_results/x4_two_line_final/lineA_original_up/pu_gcn/train.log
A,PU-GCN,4096,25,90.72,88.63,85.63,pointnet2_results/x4_two_line_final/lineA_original_up/pu_gcn/train.log
A,PU-GCN,4096,26,90.66,89.77000000000001,85.54,pointnet2_results/x4_two_line_final/lineA_original_up/pu_gcn/train.log
A,PU-GCN,4096,27,90.63,89.84,85.98,pointnet2_results/x4_two_line_final/lineA_original_up/pu_gcn/train.log
A,PU-GCN,4096,28,90.61,89.8,85.50999999999999,pointnet2_results/x4_two_line_final/lineA_original_up/pu_gcn/train.log
A,PU-GCN,4096,29,90.99000000000001,88.37,84.5,pointnet2_results/x4_two_line_final/lineA_original_up/pu_gcn/train.log
A,PU-GCN,4096,30,90.9,89.77000000000001,86.11,pointnet2_results/x4_two_line_final/lineA_original_up/pu_gcn/train.log
A,PU-GCN,4096,31,90.92,89.27000000000001,85.48,pointnet2_results/x4_two_line_final/lineA_original_up/pu_gcn/train.log
A,PU-GCN,4096,32,91.55,89.22,85.34,pointnet2_results/x4_two_line_final/lineA_original_up/pu_gcn/train.log
A,PU-GCN,4096,33,91.23,89.07000000000001,84.54,pointnet2_results/x4_two_line_final/lineA_original_up/pu_gcn/train.log
A,PU-GCN,4096,34,91.16,90.03,85.22999999999999,pointnet2_results/x4_two_line_final/lineA_original_up/pu_gcn/train.log
A,PU-GCN,4096,35,91.71000000000001,90.28,86.35000000000001,pointnet2_results/x4_two_line_final/lineA_original_up/pu_gcn/train.log
A,PU-GCN,4096,36,91.43,90.05,85.98,pointnet2_results/x4_two_line_final/lineA_original_up/pu_gcn/train.log
A,PU-GCN,4096,37,91.53999999999999,89.51,85.96000000000001,pointnet2_results/x4_two_line_final/lineA_original_up/pu_gcn/train.log
A,PU-GCN,4096,38,91.75,89.63,86.45,pointnet2_results/x4_two_line_final/lineA_original_up/pu_gcn/train.log
A,PU-GCN,4096,39,91.82000000000001,88.83,84.49,pointnet2_results/x4_two_line_final/lineA_original_up/pu_gcn/train.log
A,PU-GCN,4096,40,92.84,90.60000000000001,86.55000000000001,pointnet2_results/x4_two_line_final/lineA_original_up/pu_gcn/train.log
A,PU-GCN,4096,41,93.61,90.9,86.5,pointnet2_results/x4_two_line_final/lineA_original_up/pu_gcn/train.log
A,PU-GCN,4096,42,93.15,89.75999999999999,87.05000000000001,pointnet2_results/x4_two_line_final/lineA_original_up/pu_gcn/train.log
A,PU-GCN,4096,43,92.97999999999999,90.84,85.72999999999999,pointnet2_results/x4_two_line_final/lineA_original_up/pu_gcn/train.log
A,PU-GCN,4096,44,93.38,91.38,87.71,pointnet2_results/x4_two_line_final/lineA_original_up/pu_gcn/train.log
A,PU-GCN,4096,45,93.58999999999999,90.25999999999999,85.38,pointnet2_results/x4_two_line_final/lineA_original_up/pu_gcn/train.log
A,PU-GCN,4096,46,93.60000000000001,90.2,85.9,pointnet2_results/x4_two_line_final/lineA_original_up/pu_gcn/train.log
A,PU-GCN,4096,47,93.54,91.05,86.61999999999999,pointnet2_results/x4_two_line_final/lineA_original_up/pu_gcn/train.log
A,PU-GCN,4096,48,93.76,90.53,86.53999999999999,pointnet2_results/x4_two_line_final/lineA_original_up/pu_gcn/train.log
A,PU-GCN,4096,49,93.89999999999999,90.53999999999999,86.42,pointnet2_results/x4_two_line_final/lineA_original_up/pu_gcn/train.log
A,PU-GCN,4096,50,93.67999999999999,89.81,85.48,pointnet2_results/x4_two_line_final/lineA_original_up/pu_gcn/train.log
A,PU-GCN,4096,51,94.03,90.34,87.02,pointnet2_results/x4_two_line_final/lineA_original_up/pu_gcn/train.log
A,PU-GCN,4096,52,93.52000000000001,90.51,86.41,pointnet2_results/x4_two_line_final/lineA_original_up/pu_gcn/train.log
A,PU-GCN,4096,53,94.0,89.92999999999999,86.2,pointnet2_results/x4_two_line_final/lineA_original_up/pu_gcn/train.log
A,PU-GCN,4096,54,93.60000000000001,90.84,87.41,pointnet2_results/x4_two_line_final/lineA_original_up/pu_gcn/train.log
A,PU-GCN,4096,55,94.22,89.99000000000001,87.11,pointnet2_results/x4_two_line_final/lineA_original_up/pu_gcn/train.log
A,PU-GCN,4096,56,94.17,89.79,86.14,pointnet2_results/x4_two_line_final/lineA_original_up/pu_gcn/train.log
A,PU-GCN,4096,57,93.97999999999999,90.83,86.48,pointnet2_results/x4_two_line_final/lineA_original_up/pu_gcn/train.log
A,PU-GCN,4096,58,94.54,89.49000000000001,87.03999999999999,pointnet2_results/x4_two_line_final/lineA_original_up/pu_gcn/train.log
A,PU-GCN,4096,59,94.04,89.68,87.77000000000001,pointnet2_results/x4_two_line_final/lineA_original_up/pu_gcn/train.log
A,PU-GCN,4096,60,94.95,91.0,87.12,pointnet2_results/x4_two_line_final/lineA_original_up/pu_gcn/train.log
A,PU-GCN,4096,61,95.28999999999999,90.69,87.79,pointnet2_results/x4_two_line_final/lineA_original_up/pu_gcn/train.log
A,PU-GCN,4096,62,95.08,90.31,88.01,pointnet2_results/x4_two_line_final/lineA_original_up/pu_gcn/train.log
A,PU-GCN,4096,63,95.3,90.27,86.61999999999999,pointnet2_results/x4_two_line_final/lineA_original_up/pu_gcn/train.log
A,PU-GCN,4096,64,95.28,90.97,87.22999999999999,pointnet2_results/x4_two_line_final/lineA_original_up/pu_gcn/train.log
A,PU-GCN,4096,65,95.63000000000001,91.21000000000001,87.46000000000001,pointnet2_results/x4_two_line_final/lineA_original_up/pu_gcn/train.log
A,PU-GCN,4096,66,95.56,90.58,86.14,pointnet2_results/x4_two_line_final/lineA_original_up/pu_gcn/train.log
A,PU-GCN,4096,67,95.42,90.06,87.28,pointnet2_results/x4_two_line_final/lineA_original_up/pu_gcn/train.log
A,PU-GCN,4096,68,95.67,89.75,87.3,pointnet2_results/x4_two_line_final/lineA_original_up/pu_gcn/train.log
A,PU-GCN,4096,69,95.48,90.71000000000001,87.03999999999999,pointnet2_results/x4_two_line_final/lineA_original_up/pu_gcn/train.log
A,PU-GCN,4096,70,95.64,90.35,86.99,pointnet2_results/x4_two_line_final/lineA_original_up/pu_gcn/train.log
A,PU-GCN,4096,71,95.98,90.86999999999999,86.49,pointnet2_results/x4_two_line_final/lineA_original_up/pu_gcn/train.log
A,PU-GCN,4096,72,95.56,91.05,87.05000000000001,pointnet2_results/x4_two_line_final/lineA_original_up/pu_gcn/train.log
A,PU-GCN,4096,73,95.67999999999999,90.4,86.61999999999999,pointnet2_results/x4_two_line_final/lineA_original_up/pu_gcn/train.log
A,PU-GCN,4096,74,95.8,91.19,87.42,pointnet2_results/x4_two_line_final/lineA_original_up/pu_gcn/train.log
A,PU-GCN,4096,75,95.85000000000001,90.8,87.92,pointnet2_results/x4_two_line_final/lineA_original_up/pu_gcn/train.log
A,PU-GCN,4096,76,96.00999999999999,90.95,87.96000000000001,pointnet2_results/x4_two_line_final/lineA_original_up/pu_gcn/train.log
A,PU-GCN,4096,77,95.91,90.91,87.99,pointnet2_results/x4_two_line_final/lineA_original_up/pu_gcn/train.log
A,PU-GCN,4096,78,95.96000000000001,91.49000000000001,88.05,pointnet2_results/x4_two_line_final/lineA_original_up/pu_gcn/train.log
A,PU-GCN,4096,79,95.69,90.63,88.03,pointnet2_results/x4_two_line_final/lineA_original_up/pu_gcn/train.log
A,PU-GCN,4096,80,96.34,90.7,88.09,pointnet2_results/x4_two_line_final/lineA_original_up/pu_gcn/train.log
A,PU-GCN,4096,81,96.7,91.63,87.74,pointnet2_results/x4_two_line_final/lineA_original_up/pu_gcn/train.log
A,PU-GCN,4096,82,97.0,90.71000000000001,87.29,pointnet2_results/x4_two_line_final/lineA_original_up/pu_gcn/train.log
A,PU-GCN,4096,83,96.95,91.13,87.88,pointnet2_results/x4_two_line_final/lineA_original_up/pu_gcn/train.log
A,PU-GCN,4096,84,97.23,91.12,87.31,pointnet2_results/x4_two_line_final/lineA_original_up/pu_gcn/train.log
A,PU-GCN,4096,85,96.96000000000001,90.42,86.39,pointnet2_results/x4_two_line_final/lineA_original_up/pu_gcn/train.log
A,PU-GCN,4096,86,96.75,90.94,87.28,pointnet2_results/x4_two_line_final/lineA_original_up/pu_gcn/train.log
A,PU-GCN,4096,87,97.04,90.78,86.9,pointnet2_results/x4_two_line_final/lineA_original_up/pu_gcn/train.log
A,PU-GCN,4096,88,96.82,90.60000000000001,87.22,pointnet2_results/x4_two_line_final/lineA_original_up/pu_gcn/train.log
A,PU-GCN,4096,89,96.81,90.79,87.81,pointnet2_results/x4_two_line_final/lineA_original_up/pu_gcn/train.log
A,PU-GCN,4096,90,96.91,90.58,87.13,pointnet2_results/x4_two_line_final/lineA_original_up/pu_gcn/train.log
A,PU-GCN,4096,91,96.91,91.03999999999999,86.92999999999999,pointnet2_results/x4_two_line_final/lineA_original_up/pu_gcn/train.log
A,PU-GCN,4096,92,97.11999999999999,90.45,87.89,pointnet2_results/x4_two_line_final/lineA_original_up/pu_gcn/train.log
A,PU-GCN,4096,93,97.27,91.12,88.29,pointnet2_results/x4_two_line_final/lineA_original_up/pu_gcn/train.log
A,PU-GCN,4096,94,96.92,90.25999999999999,86.78,pointnet2_results/x4_two_line_final/lineA_original_up/pu_gcn/train.log
A,PU-GCN,4096,95,97.13000000000001,90.46,88.4,pointnet2_results/x4_two_line_final/lineA_original_up/pu_gcn/train.log
A,PU-GCN,4096,96,97.06,90.34,87.03999999999999,pointnet2_results/x4_two_line_final/lineA_original_up/pu_gcn/train.log
A,PU-GCN,4096,97,97.35000000000001,90.79,87.1,pointnet2_results/x4_two_line_final/lineA_original_up/pu_gcn/train.log
A,PU-GCN,4096,98,97.28,89.75999999999999,86.83999999999999,pointnet2_results/x4_two_line_final/lineA_original_up/pu_gcn/train.log
A,PU-GCN,4096,99,97.08,90.61,87.68,pointnet2_results/x4_two_line_final/lineA_original_up/pu_gcn/train.log
A,PU-GCN,4096,100,97.48,90.3,86.95,pointnet2_results/x4_two_line_final/lineA_original_up/pu_gcn/train.log
A,PU-GCN,4096,101,97.59,91.17,87.22999999999999,pointnet2_results/x4_two_line_final/lineA_original_up/pu_gcn/train.log
A,PU-GCN,4096,102,97.39,90.39,87.17,pointnet2_results/x4_two_line_final/lineA_original_up/pu_gcn/train.log
A,PU-GCN,4096,103,97.67,90.86,87.06,pointnet2_results/x4_two_line_final/lineA_original_up/pu_gcn/train.log
A,PU-GCN,4096,104,97.64,90.39,86.66,pointnet2_results/x4_two_line_final/lineA_original_up/pu_gcn/train.log
A,PU-GCN,4096,105,97.92999999999999,90.42999999999999,86.50999999999999,pointnet2_results/x4_two_line_final/lineA_original_up/pu_gcn/train.log
A,PU-GCN,4096,106,98.08,90.49000000000001,87.46000000000001,pointnet2_results/x4_two_line_final/lineA_original_up/pu_gcn/train.log
A,PU-GCN,4096,107,97.71,91.03,87.42,pointnet2_results/x4_two_line_final/lineA_original_up/pu_gcn/train.log
A,PU-GCN,4096,108,97.82,90.86999999999999,88.53999999999999,pointnet2_results/x4_two_line_final/lineA_original_up/pu_gcn/train.log
A,PU-GCN,4096,109,97.96000000000001,90.34,87.71,pointnet2_results/x4_two_line_final/lineA_original_up/pu_gcn/train.log
A,PU-GCN,4096,110,98.16,91.0,87.36,pointnet2_results/x4_two_line_final/lineA_original_up/pu_gcn/train.log
A,PU-GCN,4096,111,97.91,90.5,86.72,pointnet2_results/x4_two_line_final/lineA_original_up/pu_gcn/train.log
A,PU-GCN,4096,112,97.98,90.8,87.17,pointnet2_results/x4_two_line_final/lineA_original_up/pu_gcn/train.log
A,PU-GCN,4096,113,98.00999999999999,90.53,88.0,pointnet2_results/x4_two_line_final/lineA_original_up/pu_gcn/train.log
A,PU-GCN,4096,114,98.15,89.98,86.3,pointnet2_results/x4_two_line_final/lineA_original_up/pu_gcn/train.log
A,PU-GCN,4096,115,97.97,89.89,86.17,pointnet2_results/x4_two_line_final/lineA_original_up/pu_gcn/train.log
A,PU-GCN,4096,116,97.98,90.23,86.61,pointnet2_results/x4_two_line_final/lineA_original_up/pu_gcn/train.log
A,PU-GCN,4096,117,98.17,90.07,86.81,pointnet2_results/x4_two_line_final/lineA_original_up/pu_gcn/train.log
A,PU-GCN,4096,118,97.92,89.87,87.18,pointnet2_results/x4_two_line_final/lineA_original_up/pu_gcn/train.log
A,PU-GCN,4096,119,98.05,90.07,87.03,pointnet2_results/x4_two_line_final/lineA_original_up/pu_gcn/train.log
A,PU-GCN,4096,120,98.13,90.68,86.74,pointnet2_results/x4_two_line_final/lineA_original_up/pu_gcn/train.log
A,PU-GCN,4096,121,98.42,90.41,86.8,pointnet2_results/x4_two_line_final/lineA_original_up/pu_gcn/train.log
A,PU-GCN,4096,122,98.38,90.89,87.55,pointnet2_results/x4_two_line_final/lineA_original_up/pu_gcn/train.log
A,PU-GCN,4096,123,98.4,91.25,87.16000000000001,pointnet2_results/x4_two_line_final/lineA_original_up/pu_gcn/train.log
A,PU-GCN,4096,124,98.42,90.48,86.72999999999999,pointnet2_results/x4_two_line_final/lineA_original_up/pu_gcn/train.log
A,PU-GCN,4096,125,98.41,90.59,86.75,pointnet2_results/x4_two_line_final/lineA_original_up/pu_gcn/train.log
A,PU-GCN,4096,126,98.4,89.75,87.38,pointnet2_results/x4_two_line_final/lineA_original_up/pu_gcn/train.log
A,PU-GCN,4096,127,98.55000000000001,90.71000000000001,86.97,pointnet2_results/x4_two_line_final/lineA_original_up/pu_gcn/train.log
A,PU-GCN,4096,128,98.3,90.67,87.87,pointnet2_results/x4_two_line_final/lineA_original_up/pu_gcn/train.log
A,PU-GCN,4096,129,98.57000000000001,91.33,87.21,pointnet2_results/x4_two_line_final/lineA_original_up/pu_gcn/train.log
A,PU-GCN,4096,130,98.57000000000001,90.95,86.83,pointnet2_results/x4_two_line_final/lineA_original_up/pu_gcn/train.log
A,PU-GCN,4096,131,98.65,89.98,87.06,pointnet2_results/x4_two_line_final/lineA_original_up/pu_gcn/train.log
A,PU-GCN,4096,132,98.54,90.51,87.3,pointnet2_results/x4_two_line_final/lineA_original_up/pu_gcn/train.log
A,PU-GCN,4096,133,98.14,90.72,87.29,pointnet2_results/x4_two_line_final/lineA_original_up/pu_gcn/train.log
A,PU-GCN,4096,134,98.41,90.4,87.49,pointnet2_results/x4_two_line_final/lineA_original_up/pu_gcn/train.log
A,PU-GCN,4096,135,98.63,90.38000000000001,86.58,pointnet2_results/x4_two_line_final/lineA_original_up/pu_gcn/train.log
A,PU-GCN,4096,136,98.74000000000001,91.33,88.41,pointnet2_results/x4_two_line_final/lineA_original_up/pu_gcn/train.log
A,PU-GCN,4096,137,98.56,90.60000000000001,87.21,pointnet2_results/x4_two_line_final/lineA_original_up/pu_gcn/train.log
A,PU-GCN,4096,138,98.42,90.4,86.91,pointnet2_results/x4_two_line_final/lineA_original_up/pu_gcn/train.log
A,PU-GCN,4096,139,98.69,90.74,87.12,pointnet2_results/x4_two_line_final/lineA_original_up/pu_gcn/train.log
A,PU-GCN,4096,140,98.88,90.60000000000001,87.11,pointnet2_results/x4_two_line_final/lineA_original_up/pu_gcn/train.log
A,PU-GCN,4096,141,98.77,90.27,86.36,pointnet2_results/x4_two_line_final/lineA_original_up/pu_gcn/train.log
A,PU-GCN,4096,142,98.83,90.8,87.51,pointnet2_results/x4_two_line_final/lineA_original_up/pu_gcn/train.log
A,PU-GCN,4096,143,98.66,90.34,87.31,pointnet2_results/x4_two_line_final/lineA_original_up/pu_gcn/train.log
A,PU-GCN,4096,144,98.85000000000001,91.39,87.28,pointnet2_results/x4_two_line_final/lineA_original_up/pu_gcn/train.log
A,PU-GCN,4096,145,99.07000000000001,91.31,87.48,pointnet2_results/x4_two_line_final/lineA_original_up/pu_gcn/train.log
A,PU-GCN,4096,146,98.8,90.92,87.53999999999999,pointnet2_results/x4_two_line_final/lineA_original_up/pu_gcn/train.log
A,PU-GCN,4096,147,98.81,90.95,87.72,pointnet2_results/x4_two_line_final/lineA_original_up/pu_gcn/train.log
A,PU-GCN,4096,148,98.92999999999999,91.03999999999999,87.4,pointnet2_results/x4_two_line_final/lineA_original_up/pu_gcn/train.log
A,PU-GCN,4096,149,98.79,91.0,87.6,pointnet2_results/x4_two_line_final/lineA_original_up/pu_gcn/train.log
A,PU-GCN,4096,150,98.91,90.64,86.71,pointnet2_results/x4_two_line_final/lineA_original_up/pu_gcn/train.log
A,PU-GCN,4096,151,98.76,90.88000000000001,87.45,pointnet2_results/x4_two_line_final/lineA_original_up/pu_gcn/train.log
A,PU-GCN,4096,152,98.76,91.2,87.21,pointnet2_results/x4_two_line_final/lineA_original_up/pu_gcn/train.log
A,PU-GCN,4096,153,98.99,90.53999999999999,86.7,pointnet2_results/x4_two_line_final/lineA_original_up/pu_gcn/train.log
A,PU-GCN,4096,154,98.75,91.07,87.68,pointnet2_results/x4_two_line_final/lineA_original_up/pu_gcn/train.log
A,PU-GCN,4096,155,98.81,91.0,88.39,pointnet2_results/x4_two_line_final/lineA_original_up/pu_gcn/train.log
A,PU-GCN,4096,156,98.98,90.97,88.0,pointnet2_results/x4_two_line_final/lineA_original_up/pu_gcn/train.log
A,PU-GCN,4096,157,98.8,91.42,88.12,pointnet2_results/x4_two_line_final/lineA_original_up/pu_gcn/train.log
A,PU-GCN,4096,158,98.68,90.8,87.7,pointnet2_results/x4_two_line_final/lineA_original_up/pu_gcn/train.log
A,PU-GCN,4096,159,99.03,90.88000000000001,87.4,pointnet2_results/x4_two_line_final/lineA_original_up/pu_gcn/train.log
A,PU-GCN,4096,160,98.92999999999999,90.5,87.17,pointnet2_results/x4_two_line_final/lineA_original_up/pu_gcn/train.log
A,PU-GCN,4096,161,99.03999999999999,90.86999999999999,87.13,pointnet2_results/x4_two_line_final/lineA_original_up/pu_gcn/train.log
A,PU-GCN,4096,162,99.1,90.66,87.5,pointnet2_results/x4_two_line_final/lineA_original_up/pu_gcn/train.log
A,PU-GCN,4096,163,99.11,91.16,87.99,pointnet2_results/x4_two_line_final/lineA_original_up/pu_gcn/train.log
A,PU-GCN,4096,164,99.1,91.03999999999999,87.44,pointnet2_results/x4_two_line_final/lineA_original_up/pu_gcn/train.log
A,PU-GCN,4096,165,98.91,90.52,87.25,pointnet2_results/x4_two_line_final/lineA_original_up/pu_gcn/train.log
A,PU-GCN,4096,166,99.25,90.92,87.94,pointnet2_results/x4_two_line_final/lineA_original_up/pu_gcn/train.log
A,PU-GCN,4096,167,99.22999999999999,91.2,87.8,pointnet2_results/x4_two_line_final/lineA_original_up/pu_gcn/train.log
A,PU-GCN,4096,168,99.08,91.0,87.76,pointnet2_results/x4_two_line_final/lineA_original_up/pu_gcn/train.log
A,PU-GCN,4096,169,99.05000000000001,90.66,87.24,pointnet2_results/x4_two_line_final/lineA_original_up/pu_gcn/train.log
A,PU-GCN,4096,170,99.05000000000001,90.91,87.6,pointnet2_results/x4_two_line_final/lineA_original_up/pu_gcn/train.log
A,PU-GCN,4096,171,99.22,90.62,86.50999999999999,pointnet2_results/x4_two_line_final/lineA_original_up/pu_gcn/train.log
A,PU-GCN,4096,172,99.15,91.07,87.67,pointnet2_results/x4_two_line_final/lineA_original_up/pu_gcn/train.log
A,PU-GCN,4096,173,99.29,90.66,86.38,pointnet2_results/x4_two_line_final/lineA_original_up/pu_gcn/train.log
A,PU-GCN,4096,174,99.09,91.23,87.51,pointnet2_results/x4_two_line_final/lineA_original_up/pu_gcn/train.log
A,PU-GCN,4096,175,99.21,91.43,88.16000000000001,pointnet2_results/x4_two_line_final/lineA_original_up/pu_gcn/train.log
A,PU-GCN,4096,176,99.17,91.08000000000001,87.42999999999999,pointnet2_results/x4_two_line_final/lineA_original_up/pu_gcn/train.log
A,PU-GCN,4096,177,99.03,91.14,87.09,pointnet2_results/x4_two_line_final/lineA_original_up/pu_gcn/train.log
A,PU-GCN,4096,178,99.03,91.11,87.71,pointnet2_results/x4_two_line_final/lineA_original_up/pu_gcn/train.log
A,PU-GCN,4096,179,99.24,90.93,87.66000000000001,pointnet2_results/x4_two_line_final/lineA_original_up/pu_gcn/train.log
A,PU-GCN,4096,180,99.26,91.25,87.94,pointnet2_results/x4_two_line_final/lineA_original_up/pu_gcn/train.log
A,PU-GCN,4096,181,99.19,90.85,87.78,pointnet2_results/x4_two_line_final/lineA_original_up/pu_gcn/train.log
A,PU-GCN,4096,182,99.22999999999999,91.29,88.03,pointnet2_results/x4_two_line_final/lineA_original_up/pu_gcn/train.log
A,PU-GCN,4096,183,99.29,90.67,86.88,pointnet2_results/x4_two_line_final/lineA_original_up/pu_gcn/train.log
A,PU-GCN,4096,184,99.19,90.83,87.39,pointnet2_results/x4_two_line_final/lineA_original_up/pu_gcn/train.log
A,PU-GCN,4096,185,99.31,90.83,87.94999999999999,pointnet2_results/x4_two_line_final/lineA_original_up/pu_gcn/train.log
A,PU-GCN,4096,186,99.18,90.89,87.67,pointnet2_results/x4_two_line_final/lineA_original_up/pu_gcn/train.log
A,PU-GCN,4096,187,99.39,90.8,87.53,pointnet2_results/x4_two_line_final/lineA_original_up/pu_gcn/train.log
A,PU-GCN,4096,188,99.33,90.92,87.53999999999999,pointnet2_results/x4_two_line_final/lineA_original_up/pu_gcn/train.log
A,PU-GCN,4096,189,99.14,91.17,87.53999999999999,pointnet2_results/x4_two_line_final/lineA_original_up/pu_gcn/train.log
A,PU-GCN,4096,190,99.33,90.42,86.92,pointnet2_results/x4_two_line_final/lineA_original_up/pu_gcn/train.log
A,PU-GCN,4096,191,99.36,91.53,88.35,pointnet2_results/x4_two_line_final/lineA_original_up/pu_gcn/train.log
A,PU-GCN,4096,192,99.21,91.03999999999999,87.17,pointnet2_results/x4_two_line_final/lineA_original_up/pu_gcn/train.log
A,PU-GCN,4096,193,99.37,91.53,88.17,pointnet2_results/x4_two_line_final/lineA_original_up/pu_gcn/train.log
A,PU-GCN,4096,194,99.29,91.01,87.63,pointnet2_results/x4_two_line_final/lineA_original_up/pu_gcn/train.log
A,PU-GCN,4096,195,99.42,90.74,87.28,pointnet2_results/x4_two_line_final/lineA_original_up/pu_gcn/train.log
A,PU-GCN,4096,196,99.22999999999999,90.28,86.6,pointnet2_results/x4_two_line_final/lineA_original_up/pu_gcn/train.log
A,PU-GCN,4096,197,99.39,90.7,87.76,pointnet2_results/x4_two_line_final/lineA_original_up/pu_gcn/train.log
A,PU-GCN,4096,198,99.36,90.56,87.45,pointnet2_results/x4_two_line_final/lineA_original_up/pu_gcn/train.log
A,PU-GCN,4096,199,99.37,90.83,87.28,pointnet2_results/x4_two_line_final/lineA_original_up/pu_gcn/train.log
A,PU-GCN,4096,200,99.36,91.0,87.26,pointnet2_results/x4_two_line_final/lineA_original_up/pu_gcn/train.log
A,PU-EdgeFormer,4096,1,54.2,65.86999999999999,52.290000000000006,pointnet2_results/x4_two_line_final/lineA_original_up/pu_edgeformer/train.log
A,PU-EdgeFormer,4096,2,70.04,67.41,61.45,pointnet2_results/x4_two_line_final/lineA_original_up/pu_edgeformer/train.log
A,PU-EdgeFormer,4096,3,74.22,69.83,62.17,pointnet2_results/x4_two_line_final/lineA_original_up/pu_edgeformer/train.log
A,PU-EdgeFormer,4096,4,77.85,76.07000000000001,70.11,pointnet2_results/x4_two_line_final/lineA_original_up/pu_edgeformer/train.log
A,PU-EdgeFormer,4096,5,79.4,78.39,72.65,pointnet2_results/x4_two_line_final/lineA_original_up/pu_edgeformer/train.log
A,PU-EdgeFormer,4096,6,80.49,81.12,74.35000000000001,pointnet2_results/x4_two_line_final/lineA_original_up/pu_edgeformer/train.log
A,PU-EdgeFormer,4096,7,82.06,81.43,75.55,pointnet2_results/x4_two_line_final/lineA_original_up/pu_edgeformer/train.log
A,PU-EdgeFormer,4096,8,82.33,78.56,71.50999999999999,pointnet2_results/x4_two_line_final/lineA_original_up/pu_edgeformer/train.log
A,PU-EdgeFormer,4096,9,82.62,83.39,77.27000000000001,pointnet2_results/x4_two_line_final/lineA_original_up/pu_edgeformer/train.log
A,PU-EdgeFormer,4096,10,83.76,84.0,79.3,pointnet2_results/x4_two_line_final/lineA_original_up/pu_edgeformer/train.log
A,PU-EdgeFormer,4096,11,84.65,83.61,78.8,pointnet2_results/x4_two_line_final/lineA_original_up/pu_edgeformer/train.log
A,PU-EdgeFormer,4096,12,84.8,85.06,80.03,pointnet2_results/x4_two_line_final/lineA_original_up/pu_edgeformer/train.log
A,PU-EdgeFormer,4096,13,85.5,84.06,78.83,pointnet2_results/x4_two_line_final/lineA_original_up/pu_edgeformer/train.log
A,PU-EdgeFormer,4096,14,84.88,86.04,80.97,pointnet2_results/x4_two_line_final/lineA_original_up/pu_edgeformer/train.log
A,PU-EdgeFormer,4096,15,85.9,83.25,79.14999999999999,pointnet2_results/x4_two_line_final/lineA_original_up/pu_edgeformer/train.log
A,PU-EdgeFormer,4096,16,86.42999999999999,85.04,80.41,pointnet2_results/x4_two_line_final/lineA_original_up/pu_edgeformer/train.log
A,PU-EdgeFormer,4096,17,86.66,86.65,81.62,pointnet2_results/x4_two_line_final/lineA_original_up/pu_edgeformer/train.log
A,PU-EdgeFormer,4096,18,87.1,84.14,78.92,pointnet2_results/x4_two_line_final/lineA_original_up/pu_edgeformer/train.log
A,PU-EdgeFormer,4096,19,87.39,84.84,78.72,pointnet2_results/x4_two_line_final/lineA_original_up/pu_edgeformer/train.log
A,PU-EdgeFormer,4096,20,88.46000000000001,89.03999999999999,85.06,pointnet2_results/x4_two_line_final/lineA_original_up/pu_edgeformer/train.log
A,PU-EdgeFormer,4096,21,89.42999999999999,87.29,83.28,pointnet2_results/x4_two_line_final/lineA_original_up/pu_edgeformer/train.log
A,PU-EdgeFormer,4096,22,89.98,87.39,83.50999999999999,pointnet2_results/x4_two_line_final/lineA_original_up/pu_edgeformer/train.log
A,PU-EdgeFormer,4096,23,89.23,87.83999999999999,84.04,pointnet2_results/x4_two_line_final/lineA_original_up/pu_edgeformer/train.log
A,PU-EdgeFormer,4096,24,89.81,87.27000000000001,83.88,pointnet2_results/x4_two_line_final/lineA_original_up/pu_edgeformer/train.log
A,PU-EdgeFormer,4096,25,89.71000000000001,87.4,83.44,pointnet2_results/x4_two_line_final/lineA_original_up/pu_edgeformer/train.log
A,PU-EdgeFormer,4096,26,89.58,87.42,84.28999999999999,pointnet2_results/x4_two_line_final/lineA_original_up/pu_edgeformer/train.log
A,PU-EdgeFormer,4096,27,89.82,86.50999999999999,82.66,pointnet2_results/x4_two_line_final/lineA_original_up/pu_edgeformer/train.log
A,PU-EdgeFormer,4096,28,89.96,88.0,83.44,pointnet2_results/x4_two_line_final/lineA_original_up/pu_edgeformer/train.log
A,PU-EdgeFormer,4096,29,90.42999999999999,87.21,82.44,pointnet2_results/x4_two_line_final/lineA_original_up/pu_edgeformer/train.log
A,PU-EdgeFormer,4096,30,90.3,89.1,84.98,pointnet2_results/x4_two_line_final/lineA_original_up/pu_edgeformer/train.log
A,PU-EdgeFormer,4096,31,90.73,88.26,83.8,pointnet2_results/x4_two_line_final/lineA_original_up/pu_edgeformer/train.log
A,PU-EdgeFormer,4096,32,91.2,88.05,82.64,pointnet2_results/x4_two_line_final/lineA_original_up/pu_edgeformer/train.log
A,PU-EdgeFormer,4096,33,90.71000000000001,89.33,85.76,pointnet2_results/x4_two_line_final/lineA_original_up/pu_edgeformer/train.log
A,PU-EdgeFormer,4096,34,91.2,87.26,82.91,pointnet2_results/x4_two_line_final/lineA_original_up/pu_edgeformer/train.log
A,PU-EdgeFormer,4096,35,91.22,86.41,81.17999999999999,pointnet2_results/x4_two_line_final/lineA_original_up/pu_edgeformer/train.log
A,PU-EdgeFormer,4096,36,90.62,88.53999999999999,84.73,pointnet2_results/x4_two_line_final/lineA_original_up/pu_edgeformer/train.log
A,PU-EdgeFormer,4096,37,91.34,88.35,84.48,pointnet2_results/x4_two_line_final/lineA_original_up/pu_edgeformer/train.log
A,PU-EdgeFormer,4096,38,91.3,86.99,84.31,pointnet2_results/x4_two_line_final/lineA_original_up/pu_edgeformer/train.log
A,PU-EdgeFormer,4096,39,91.36999999999999,88.32,83.47,pointnet2_results/x4_two_line_final/lineA_original_up/pu_edgeformer/train.log
A,PU-EdgeFormer,4096,40,92.61,89.62,85.96000000000001,pointnet2_results/x4_two_line_final/lineA_original_up/pu_edgeformer/train.log
A,PU-EdgeFormer,4096,41,93.34,89.84,85.22,pointnet2_results/x4_two_line_final/lineA_original_up/pu_edgeformer/train.log
A,PU-EdgeFormer,4096,42,93.24,88.53,84.57000000000001,pointnet2_results/x4_two_line_final/lineA_original_up/pu_edgeformer/train.log
A,PU-EdgeFormer,4096,43,92.93,88.88000000000001,84.3,pointnet2_results/x4_two_line_final/lineA_original_up/pu_edgeformer/train.log
A,PU-EdgeFormer,4096,44,92.78999999999999,89.69,85.03,pointnet2_results/x4_two_line_final/lineA_original_up/pu_edgeformer/train.log
A,PU-EdgeFormer,4096,45,92.84,88.5,83.78,pointnet2_results/x4_two_line_final/lineA_original_up/pu_edgeformer/train.log
A,PU-EdgeFormer,4096,46,93.93,89.17,84.24000000000001,pointnet2_results/x4_two_line_final/lineA_original_up/pu_edgeformer/train.log
A,PU-EdgeFormer,4096,47,93.76,89.67,85.85000000000001,pointnet2_results/x4_two_line_final/lineA_original_up/pu_edgeformer/train.log
A,PU-EdgeFormer,4096,48,93.42,88.51,83.78,pointnet2_results/x4_two_line_final/lineA_original_up/pu_edgeformer/train.log
A,PU-EdgeFormer,4096,49,93.41000000000001,88.96,83.85000000000001,pointnet2_results/x4_two_line_final/lineA_original_up/pu_edgeformer/train.log
A,PU-EdgeFormer,4096,50,93.47999999999999,89.17,85.17,pointnet2_results/x4_two_line_final/lineA_original_up/pu_edgeformer/train.log
A,PU-EdgeFormer,4096,51,94.02000000000001,89.09,85.86,pointnet2_results/x4_two_line_final/lineA_original_up/pu_edgeformer/train.log
A,PU-EdgeFormer,4096,52,93.67,89.14999999999999,84.3,pointnet2_results/x4_two_line_final/lineA_original_up/pu_edgeformer/train.log
A,PU-EdgeFormer,4096,53,93.99,88.96,84.24000000000001,pointnet2_results/x4_two_line_final/lineA_original_up/pu_edgeformer/train.log
A,PU-EdgeFormer,4096,54,93.58999999999999,88.73,85.42999999999999,pointnet2_results/x4_two_line_final/lineA_original_up/pu_edgeformer/train.log
A,PU-EdgeFormer,4096,55,94.08999999999999,88.75999999999999,84.8,pointnet2_results/x4_two_line_final/lineA_original_up/pu_edgeformer/train.log
A,PU-EdgeFormer,4096,56,94.11,87.9,82.6,pointnet2_results/x4_two_line_final/lineA_original_up/pu_edgeformer/train.log
A,PU-EdgeFormer,4096,57,94.21000000000001,89.69,83.93,pointnet2_results/x4_two_line_final/lineA_original_up/pu_edgeformer/train.log
A,PU-EdgeFormer,4096,58,94.42,89.13,85.78,pointnet2_results/x4_two_line_final/lineA_original_up/pu_edgeformer/train.log
A,PU-EdgeFormer,4096,59,94.14,89.47,86.22999999999999,pointnet2_results/x4_two_line_final/lineA_original_up/pu_edgeformer/train.log
A,PU-EdgeFormer,4096,60,95.19,90.16,85.39,pointnet2_results/x4_two_line_final/lineA_original_up/pu_edgeformer/train.log
A,PU-EdgeFormer,4096,61,95.45,90.45,87.2,pointnet2_results/x4_two_line_final/lineA_original_up/pu_edgeformer/train.log
A,PU-EdgeFormer,4096,62,95.32000000000001,89.57000000000001,84.85000000000001,pointnet2_results/x4_two_line_final/lineA_original_up/pu_edgeformer/train.log
A,PU-EdgeFormer,4096,63,95.53,88.96,84.7,pointnet2_results/x4_two_line_final/lineA_original_up/pu_edgeformer/train.log
A,PU-EdgeFormer,4096,64,95.28999999999999,89.28,84.95,pointnet2_results/x4_two_line_final/lineA_original_up/pu_edgeformer/train.log
A,PU-EdgeFormer,4096,65,95.27,89.56,84.97,pointnet2_results/x4_two_line_final/lineA_original_up/pu_edgeformer/train.log
A,PU-EdgeFormer,4096,66,95.69,89.85,85.52,pointnet2_results/x4_two_line_final/lineA_original_up/pu_edgeformer/train.log
A,PU-EdgeFormer,4096,67,95.34,89.68,85.8,pointnet2_results/x4_two_line_final/lineA_original_up/pu_edgeformer/train.log
A,PU-EdgeFormer,4096,68,95.77,88.28,83.48,pointnet2_results/x4_two_line_final/lineA_original_up/pu_edgeformer/train.log
A,PU-EdgeFormer,4096,69,95.88,89.42999999999999,85.03,pointnet2_results/x4_two_line_final/lineA_original_up/pu_edgeformer/train.log
A,PU-EdgeFormer,4096,70,95.56,89.68,85.49,pointnet2_results/x4_two_line_final/lineA_original_up/pu_edgeformer/train.log
A,PU-EdgeFormer,4096,71,95.86,90.25999999999999,86.29,pointnet2_results/x4_two_line_final/lineA_original_up/pu_edgeformer/train.log
A,PU-EdgeFormer,4096,72,95.89999999999999,89.25999999999999,84.78,pointnet2_results/x4_two_line_final/lineA_original_up/pu_edgeformer/train.log
A,PU-EdgeFormer,4096,73,95.74000000000001,89.56,85.19,pointnet2_results/x4_two_line_final/lineA_original_up/pu_edgeformer/train.log
A,PU-EdgeFormer,4096,74,96.21,90.12,85.77,pointnet2_results/x4_two_line_final/lineA_original_up/pu_edgeformer/train.log
A,PU-EdgeFormer,4096,75,95.97,89.3,85.39999999999999,pointnet2_results/x4_two_line_final/lineA_original_up/pu_edgeformer/train.log
A,PU-EdgeFormer,4096,76,96.13000000000001,88.96,85.21,pointnet2_results/x4_two_line_final/lineA_original_up/pu_edgeformer/train.log
A,PU-EdgeFormer,4096,77,95.89,89.21,86.36,pointnet2_results/x4_two_line_final/lineA_original_up/pu_edgeformer/train.log
A,PU-EdgeFormer,4096,78,95.78,89.27000000000001,84.95,pointnet2_results/x4_two_line_final/lineA_original_up/pu_edgeformer/train.log
A,PU-EdgeFormer,4096,79,96.17999999999999,89.25,85.00999999999999,pointnet2_results/x4_two_line_final/lineA_original_up/pu_edgeformer/train.log
A,PU-EdgeFormer,4096,80,96.76,89.33,85.33,pointnet2_results/x4_two_line_final/lineA_original_up/pu_edgeformer/train.log
A,PU-EdgeFormer,4096,81,96.65,89.72,85.16,pointnet2_results/x4_two_line_final/lineA_original_up/pu_edgeformer/train.log
A,PU-EdgeFormer,4096,82,96.84,89.83,85.22999999999999,pointnet2_results/x4_two_line_final/lineA_original_up/pu_edgeformer/train.log
A,PU-EdgeFormer,4096,83,97.0,90.53999999999999,86.35000000000001,pointnet2_results/x4_two_line_final/lineA_original_up/pu_edgeformer/train.log
A,PU-EdgeFormer,4096,84,97.21,90.16999999999999,86.08,pointnet2_results/x4_two_line_final/lineA_original_up/pu_edgeformer/train.log
A,PU-EdgeFormer,4096,85,97.03,90.14999999999999,85.35000000000001,pointnet2_results/x4_two_line_final/lineA_original_up/pu_edgeformer/train.log
A,PU-EdgeFormer,4096,86,97.00999999999999,89.56,85.13,pointnet2_results/x4_two_line_final/lineA_original_up/pu_edgeformer/train.log
A,PU-EdgeFormer,4096,87,97.32,90.14,85.92,pointnet2_results/x4_two_line_final/lineA_original_up/pu_edgeformer/train.log
A,PU-EdgeFormer,4096,88,97.11999999999999,89.68,85.56,pointnet2_results/x4_two_line_final/lineA_original_up/pu_edgeformer/train.log
A,PU-EdgeFormer,4096,89,96.65,89.16,84.22,pointnet2_results/x4_two_line_final/lineA_original_up/pu_edgeformer/train.log
A,PU-EdgeFormer,4096,90,97.37,89.63,85.27,pointnet2_results/x4_two_line_final/lineA_original_up/pu_edgeformer/train.log
A,PU-EdgeFormer,4096,91,96.96000000000001,90.08,85.78,pointnet2_results/x4_two_line_final/lineA_original_up/pu_edgeformer/train.log
A,PU-EdgeFormer,4096,92,97.18,89.39,85.21,pointnet2_results/x4_two_line_final/lineA_original_up/pu_edgeformer/train.log
A,PU-EdgeFormer,4096,93,97.28999999999999,89.57000000000001,85.66,pointnet2_results/x4_two_line_final/lineA_original_up/pu_edgeformer/train.log
A,PU-EdgeFormer,4096,94,97.11,89.60000000000001,85.16,pointnet2_results/x4_two_line_final/lineA_original_up/pu_edgeformer/train.log
A,PU-EdgeFormer,4096,95,97.14,89.05999999999999,86.0,pointnet2_results/x4_two_line_final/lineA_original_up/pu_edgeformer/train.log
A,PU-EdgeFormer,4096,96,97.24000000000001,89.39,85.19,pointnet2_results/x4_two_line_final/lineA_original_up/pu_edgeformer/train.log
A,PU-EdgeFormer,4096,97,97.26,88.78,84.44,pointnet2_results/x4_two_line_final/lineA_original_up/pu_edgeformer/train.log
A,PU-EdgeFormer,4096,98,97.37,89.05999999999999,85.2,pointnet2_results/x4_two_line_final/lineA_original_up/pu_edgeformer/train.log
A,PU-EdgeFormer,4096,99,97.17,89.86,85.75,pointnet2_results/x4_two_line_final/lineA_original_up/pu_edgeformer/train.log
A,PU-EdgeFormer,4096,100,97.72999999999999,89.49000000000001,85.27,pointnet2_results/x4_two_line_final/lineA_original_up/pu_edgeformer/train.log
A,PU-EdgeFormer,4096,101,97.52,90.49000000000001,86.82,pointnet2_results/x4_two_line_final/lineA_original_up/pu_edgeformer/train.log
A,PU-EdgeFormer,4096,102,97.87,89.66,84.8,pointnet2_results/x4_two_line_final/lineA_original_up/pu_edgeformer/train.log
A,PU-EdgeFormer,4096,103,98.06,90.22,86.56,pointnet2_results/x4_two_line_final/lineA_original_up/pu_edgeformer/train.log
A,PU-EdgeFormer,4096,104,97.89999999999999,89.83,85.44,pointnet2_results/x4_two_line_final/lineA_original_up/pu_edgeformer/train.log
A,PU-EdgeFormer,4096,105,98.00999999999999,89.81,86.37,pointnet2_results/x4_two_line_final/lineA_original_up/pu_edgeformer/train.log
A,PU-EdgeFormer,4096,106,97.66,89.2,86.04,pointnet2_results/x4_two_line_final/lineA_original_up/pu_edgeformer/train.log
A,PU-EdgeFormer,4096,107,98.16,89.89,85.46000000000001,pointnet2_results/x4_two_line_final/lineA_original_up/pu_edgeformer/train.log
A,PU-EdgeFormer,4096,108,98.03,89.4,85.88,pointnet2_results/x4_two_line_final/lineA_original_up/pu_edgeformer/train.log
A,PU-EdgeFormer,4096,109,97.75,89.63,85.32,pointnet2_results/x4_two_line_final/lineA_original_up/pu_edgeformer/train.log
A,PU-EdgeFormer,4096,110,98.32,90.25999999999999,86.22,pointnet2_results/x4_two_line_final/lineA_original_up/pu_edgeformer/train.log
A,PU-EdgeFormer,4096,111,97.99,89.24,84.84,pointnet2_results/x4_two_line_final/lineA_original_up/pu_edgeformer/train.log
A,PU-EdgeFormer,4096,112,97.92,89.64,85.45,pointnet2_results/x4_two_line_final/lineA_original_up/pu_edgeformer/train.log
A,PU-EdgeFormer,4096,113,98.31,89.24,85.05,pointnet2_results/x4_two_line_final/lineA_original_up/pu_edgeformer/train.log
A,PU-EdgeFormer,4096,114,98.02,89.83,85.2,pointnet2_results/x4_two_line_final/lineA_original_up/pu_edgeformer/train.log
A,PU-EdgeFormer,4096,115,98.17,90.49000000000001,86.09,pointnet2_results/x4_two_line_final/lineA_original_up/pu_edgeformer/train.log
A,PU-EdgeFormer,4096,116,98.31,89.98,85.83,pointnet2_results/x4_two_line_final/lineA_original_up/pu_edgeformer/train.log
A,PU-EdgeFormer,4096,117,98.2,89.88000000000001,85.6,pointnet2_results/x4_two_line_final/lineA_original_up/pu_edgeformer/train.log
A,PU-EdgeFormer,4096,118,98.24000000000001,89.16,85.39,pointnet2_results/x4_two_line_final/lineA_original_up/pu_edgeformer/train.log
A,PU-EdgeFormer,4096,119,98.05,89.4,85.46000000000001,pointnet2_results/x4_two_line_final/lineA_original_up/pu_edgeformer/train.log
A,PU-EdgeFormer,4096,120,98.28,90.48,86.3,pointnet2_results/x4_two_line_final/lineA_original_up/pu_edgeformer/train.log
A,PU-EdgeFormer,4096,121,98.67,89.60000000000001,85.49,pointnet2_results/x4_two_line_final/lineA_original_up/pu_edgeformer/train.log
A,PU-EdgeFormer,4096,122,98.61999999999999,89.89,86.18,pointnet2_results/x4_two_line_final/lineA_original_up/pu_edgeformer/train.log
A,PU-EdgeFormer,4096,123,98.54,90.11,85.6,pointnet2_results/x4_two_line_final/lineA_original_up/pu_edgeformer/train.log
A,PU-EdgeFormer,4096,124,98.57000000000001,90.35,87.1,pointnet2_results/x4_two_line_final/lineA_original_up/pu_edgeformer/train.log
A,PU-EdgeFormer,4096,125,98.57000000000001,89.77000000000001,85.72,pointnet2_results/x4_two_line_final/lineA_original_up/pu_edgeformer/train.log
A,PU-EdgeFormer,4096,126,98.50999999999999,89.21,85.13,pointnet2_results/x4_two_line_final/lineA_original_up/pu_edgeformer/train.log
A,PU-EdgeFormer,4096,127,98.41,90.09,86.22,pointnet2_results/x4_two_line_final/lineA_original_up/pu_edgeformer/train.log
A,PU-EdgeFormer,4096,128,98.89,88.99000000000001,85.04,pointnet2_results/x4_two_line_final/lineA_original_up/pu_edgeformer/train.log
A,PU-EdgeFormer,4096,129,98.77,89.45,85.79,pointnet2_results/x4_two_line_final/lineA_original_up/pu_edgeformer/train.log
A,PU-EdgeFormer,4096,130,98.69,89.8,85.61,pointnet2_results/x4_two_line_final/lineA_original_up/pu_edgeformer/train.log
A,PU-EdgeFormer,4096,131,98.9,89.81,86.22,pointnet2_results/x4_two_line_final/lineA_original_up/pu_edgeformer/train.log
A,PU-EdgeFormer,4096,132,98.72,89.34,84.76,pointnet2_results/x4_two_line_final/lineA_original_up/pu_edgeformer/train.log
A,PU-EdgeFormer,4096,133,98.67,89.95,86.11,pointnet2_results/x4_two_line_final/lineA_original_up/pu_edgeformer/train.log
A,PU-EdgeFormer,4096,134,98.74000000000001,89.81,86.41,pointnet2_results/x4_two_line_final/lineA_original_up/pu_edgeformer/train.log
A,PU-EdgeFormer,4096,135,98.86,89.89,85.7,pointnet2_results/x4_two_line_final/lineA_original_up/pu_edgeformer/train.log
A,PU-EdgeFormer,4096,136,98.75,89.35,84.91,pointnet2_results/x4_two_line_final/lineA_original_up/pu_edgeformer/train.log
A,PU-EdgeFormer,4096,137,98.87,89.49000000000001,84.59,pointnet2_results/x4_two_line_final/lineA_original_up/pu_edgeformer/train.log
A,PU-EdgeFormer,4096,138,98.42999999999999,89.92,85.72999999999999,pointnet2_results/x4_two_line_final/lineA_original_up/pu_edgeformer/train.log
A,PU-EdgeFormer,4096,139,98.87,89.46,84.92,pointnet2_results/x4_two_line_final/lineA_original_up/pu_edgeformer/train.log
A,PU-EdgeFormer,4096,140,98.96000000000001,89.47,85.83,pointnet2_results/x4_two_line_final/lineA_original_up/pu_edgeformer/train.log
A,PU-EdgeFormer,4096,141,99.1,90.28,86.11999999999999,pointnet2_results/x4_two_line_final/lineA_original_up/pu_edgeformer/train.log
A,PU-EdgeFormer,4096,142,98.95,90.41,86.26,pointnet2_results/x4_two_line_final/lineA_original_up/pu_edgeformer/train.log
A,PU-EdgeFormer,4096,143,99.18,89.57000000000001,85.68,pointnet2_results/x4_two_line_final/lineA_original_up/pu_edgeformer/train.log
A,PU-EdgeFormer,4096,144,98.94,89.35,85.42999999999999,pointnet2_results/x4_two_line_final/lineA_original_up/pu_edgeformer/train.log
A,PU-EdgeFormer,4096,145,99.16,89.72,85.39,pointnet2_results/x4_two_line_final/lineA_original_up/pu_edgeformer/train.log
A,PU-EdgeFormer,4096,146,98.97,89.8,85.68,pointnet2_results/x4_two_line_final/lineA_original_up/pu_edgeformer/train.log
A,PU-EdgeFormer,4096,147,98.85000000000001,89.34,85.08,pointnet2_results/x4_two_line_final/lineA_original_up/pu_edgeformer/train.log
A,PU-EdgeFormer,4096,148,99.14,89.94,86.29,pointnet2_results/x4_two_line_final/lineA_original_up/pu_edgeformer/train.log
A,PU-EdgeFormer,4096,149,99.0,89.92,85.85000000000001,pointnet2_results/x4_two_line_final/lineA_original_up/pu_edgeformer/train.log
A,PU-EdgeFormer,4096,150,98.96000000000001,89.89,85.53,pointnet2_results/x4_two_line_final/lineA_original_up/pu_edgeformer/train.log
A,PU-EdgeFormer,4096,151,99.0,89.3,85.36,pointnet2_results/x4_two_line_final/lineA_original_up/pu_edgeformer/train.log
A,PU-EdgeFormer,4096,152,99.19,90.33,86.29,pointnet2_results/x4_two_line_final/lineA_original_up/pu_edgeformer/train.log
A,PU-EdgeFormer,4096,153,99.09,89.79,85.6,pointnet2_results/x4_two_line_final/lineA_original_up/pu_edgeformer/train.log
A,PU-EdgeFormer,4096,154,99.03,90.16999999999999,85.9,pointnet2_results/x4_two_line_final/lineA_original_up/pu_edgeformer/train.log
A,PU-EdgeFormer,4096,155,99.24,89.72,85.09,pointnet2_results/x4_two_line_final/lineA_original_up/pu_edgeformer/train.log
A,PU-EdgeFormer,4096,156,99.28,89.75999999999999,85.31,pointnet2_results/x4_two_line_final/lineA_original_up/pu_edgeformer/train.log
A,PU-EdgeFormer,4096,157,99.03,89.81,85.22,pointnet2_results/x4_two_line_final/lineA_original_up/pu_edgeformer/train.log
A,PU-EdgeFormer,4096,158,98.94,89.96,86.06,pointnet2_results/x4_two_line_final/lineA_original_up/pu_edgeformer/train.log
A,PU-EdgeFormer,4096,159,99.11,88.79,84.26,pointnet2_results/x4_two_line_final/lineA_original_up/pu_edgeformer/train.log
A,PU-EdgeFormer,4096,160,99.2,89.52,85.66,pointnet2_results/x4_two_line_final/lineA_original_up/pu_edgeformer/train.log
A,PU-EdgeFormer,4096,161,99.33,89.58,85.85000000000001,pointnet2_results/x4_two_line_final/lineA_original_up/pu_edgeformer/train.log
A,PU-EdgeFormer,4096,162,99.24,90.06,86.1,pointnet2_results/x4_two_line_final/lineA_original_up/pu_edgeformer/train.log
A,PU-EdgeFormer,4096,163,99.33999999999999,89.48,85.1,pointnet2_results/x4_two_line_final/lineA_original_up/pu_edgeformer/train.log
A,PU-EdgeFormer,4096,164,99.11,89.98,85.95,pointnet2_results/x4_two_line_final/lineA_original_up/pu_edgeformer/train.log
A,PU-EdgeFormer,4096,165,99.29,90.02,86.38,pointnet2_results/x4_two_line_final/lineA_original_up/pu_edgeformer/train.log
A,PU-EdgeFormer,4096,166,99.17,90.16,86.22,pointnet2_results/x4_two_line_final/lineA_original_up/pu_edgeformer/train.log
A,PU-EdgeFormer,4096,167,99.35000000000001,90.16999999999999,86.36,pointnet2_results/x4_two_line_final/lineA_original_up/pu_edgeformer/train.log
A,PU-EdgeFormer,4096,168,99.07000000000001,89.48,85.72,pointnet2_results/x4_two_line_final/lineA_original_up/pu_edgeformer/train.log
A,PU-EdgeFormer,4096,169,99.16,90.08,86.33999999999999,pointnet2_results/x4_two_line_final/lineA_original_up/pu_edgeformer/train.log
A,PU-EdgeFormer,4096,170,99.11999999999999,90.05,86.16,pointnet2_results/x4_two_line_final/lineA_original_up/pu_edgeformer/train.log
A,PU-EdgeFormer,4096,171,99.38,90.05,86.22,pointnet2_results/x4_two_line_final/lineA_original_up/pu_edgeformer/train.log
A,PU-EdgeFormer,4096,172,99.38,90.16,86.11999999999999,pointnet2_results/x4_two_line_final/lineA_original_up/pu_edgeformer/train.log
A,PU-EdgeFormer,4096,173,99.11,89.56,85.83,pointnet2_results/x4_two_line_final/lineA_original_up/pu_edgeformer/train.log
A,PU-EdgeFormer,4096,174,99.32,90.25,85.67,pointnet2_results/x4_two_line_final/lineA_original_up/pu_edgeformer/train.log
A,PU-EdgeFormer,4096,175,99.08,90.42,87.02,pointnet2_results/x4_two_line_final/lineA_original_up/pu_edgeformer/train.log
A,PU-EdgeFormer,4096,176,99.49,90.07,85.72,pointnet2_results/x4_two_line_final/lineA_original_up/pu_edgeformer/train.log
A,PU-EdgeFormer,4096,177,99.3,89.41,84.61,pointnet2_results/x4_two_line_final/lineA_original_up/pu_edgeformer/train.log
A,PU-EdgeFormer,4096,178,99.37,89.81,85.77,pointnet2_results/x4_two_line_final/lineA_original_up/pu_edgeformer/train.log
A,PU-EdgeFormer,4096,179,99.2,90.08,85.67,pointnet2_results/x4_two_line_final/lineA_original_up/pu_edgeformer/train.log
A,PU-EdgeFormer,4096,180,99.38,90.21000000000001,86.58,pointnet2_results/x4_two_line_final/lineA_original_up/pu_edgeformer/train.log
A,PU-EdgeFormer,4096,181,99.48,89.72,85.48,pointnet2_results/x4_two_line_final/lineA_original_up/pu_edgeformer/train.log
A,PU-EdgeFormer,4096,182,99.52,90.25,86.13,pointnet2_results/x4_two_line_final/lineA_original_up/pu_edgeformer/train.log
A,PU-EdgeFormer,4096,183,99.45,89.91,86.06,pointnet2_results/x4_two_line_final/lineA_original_up/pu_edgeformer/train.log
A,PU-EdgeFormer,4096,184,99.3,89.89,85.68,pointnet2_results/x4_two_line_final/lineA_original_up/pu_edgeformer/train.log
A,PU-EdgeFormer,4096,185,99.35000000000001,90.16999999999999,85.87,pointnet2_results/x4_two_line_final/lineA_original_up/pu_edgeformer/train.log
A,PU-EdgeFormer,4096,186,99.38,90.05,86.55000000000001,pointnet2_results/x4_two_line_final/lineA_original_up/pu_edgeformer/train.log
A,PU-EdgeFormer,4096,187,99.33999999999999,89.85,86.35000000000001,pointnet2_results/x4_two_line_final/lineA_original_up/pu_edgeformer/train.log
A,PU-EdgeFormer,4096,188,99.44,90.11,86.03,pointnet2_results/x4_two_line_final/lineA_original_up/pu_edgeformer/train.log
A,PU-EdgeFormer,4096,189,99.56,90.36999999999999,86.24000000000001,pointnet2_results/x4_two_line_final/lineA_original_up/pu_edgeformer/train.log
A,PU-EdgeFormer,4096,190,99.59,90.19,85.39999999999999,pointnet2_results/x4_two_line_final/lineA_original_up/pu_edgeformer/train.log
A,PU-EdgeFormer,4096,191,99.44,90.0,85.98,pointnet2_results/x4_two_line_final/lineA_original_up/pu_edgeformer/train.log
A,PU-EdgeFormer,4096,192,99.5,90.33,85.99,pointnet2_results/x4_two_line_final/lineA_original_up/pu_edgeformer/train.log
A,PU-EdgeFormer,4096,193,99.3,90.07,85.82,pointnet2_results/x4_two_line_final/lineA_original_up/pu_edgeformer/train.log
A,PU-EdgeFormer,4096,194,99.4,90.28,86.06,pointnet2_results/x4_two_line_final/lineA_original_up/pu_edgeformer/train.log
A,PU-EdgeFormer,4096,195,99.48,90.07,85.92999999999999,pointnet2_results/x4_two_line_final/lineA_original_up/pu_edgeformer/train.log
A,PU-EdgeFormer,4096,196,99.41,89.79,85.75,pointnet2_results/x4_two_line_final/lineA_original_up/pu_edgeformer/train.log
A,PU-EdgeFormer,4096,197,99.51,89.86,85.74000000000001,pointnet2_results/x4_two_line_final/lineA_original_up/pu_edgeformer/train.log
A,PU-EdgeFormer,4096,198,99.51,90.34,86.21,pointnet2_results/x4_two_line_final/lineA_original_up/pu_edgeformer/train.log
A,PU-EdgeFormer,4096,199,99.49,90.18,86.25,pointnet2_results/x4_two_line_final/lineA_original_up/pu_edgeformer/train.log
A,PU-EdgeFormer,4096,200,99.51,90.13,86.41,pointnet2_results/x4_two_line_final/lineA_original_up/pu_edgeformer/train.log
B,Sparse,256,1,33.52,32.28,26.3,pointnet2_results/x4_two_line_final/lineB_downsampled_x4_baseline/train.log
B,Sparse,256,2,43.16,42.26,36.49,pointnet2_results/x4_two_line_final/lineB_downsampled_x4_baseline/train.log
B,Sparse,256,3,50.839999999999996,48.15,40.699999999999996,pointnet2_results/x4_two_line_final/lineB_downsampled_x4_baseline/train.log
B,Sparse,256,4,56.71000000000001,59.599999999999994,53.47,pointnet2_results/x4_two_line_final/lineB_downsampled_x4_baseline/train.log
B,Sparse,256,5,61.019999999999996,66.25999999999999,58.540000000000006,pointnet2_results/x4_two_line_final/lineB_downsampled_x4_baseline/train.log
B,Sparse,256,6,65.09,70.39,61.88,pointnet2_results/x4_two_line_final/lineB_downsampled_x4_baseline/train.log
B,Sparse,256,7,68.14,73.45,66.33,pointnet2_results/x4_two_line_final/lineB_downsampled_x4_baseline/train.log
B,Sparse,256,8,70.17999999999999,71.58,66.19,pointnet2_results/x4_two_line_final/lineB_downsampled_x4_baseline/train.log
B,Sparse,256,9,71.78,78.53999999999999,74.15,pointnet2_results/x4_two_line_final/lineB_downsampled_x4_baseline/train.log
B,Sparse,256,10,72.8,79.97999999999999,74.94,pointnet2_results/x4_two_line_final/lineB_downsampled_x4_baseline/train.log
B,Sparse,256,11,73.77,80.08,74.61,pointnet2_results/x4_two_line_final/lineB_downsampled_x4_baseline/train.log
B,Sparse,256,12,74.53,78.14999999999999,71.63000000000001,pointnet2_results/x4_two_line_final/lineB_downsampled_x4_baseline/train.log
B,Sparse,256,13,75.6,77.41,71.46000000000001,pointnet2_results/x4_two_line_final/lineB_downsampled_x4_baseline/train.log
B,Sparse,256,14,75.77000000000001,76.89,70.49,pointnet2_results/x4_two_line_final/lineB_downsampled_x4_baseline/train.log
B,Sparse,256,15,76.12,82.17999999999999,75.87,pointnet2_results/x4_two_line_final/lineB_downsampled_x4_baseline/train.log
B,Sparse,256,16,76.73,83.8,77.2,pointnet2_results/x4_two_line_final/lineB_downsampled_x4_baseline/train.log
B,Sparse,256,17,76.92999999999999,82.8,78.19,pointnet2_results/x4_two_line_final/lineB_downsampled_x4_baseline/train.log
B,Sparse,256,18,77.36,81.05,74.83999999999999,pointnet2_results/x4_two_line_final/lineB_downsampled_x4_baseline/train.log
B,Sparse,256,19,77.86999999999999,82.42,77.31,pointnet2_results/x4_two_line_final/lineB_downsampled_x4_baseline/train.log
B,Sparse,256,20,79.9,84.91,78.62,pointnet2_results/x4_two_line_final/lineB_downsampled_x4_baseline/train.log
B,Sparse,256,21,80.06,85.67,80.21000000000001,pointnet2_results/x4_two_line_final/lineB_downsampled_x4_baseline/train.log
B,Sparse,256,22,80.22,84.41,79.21000000000001,pointnet2_results/x4_two_line_final/lineB_downsampled_x4_baseline/train.log
B,Sparse,256,23,80.13,84.44,79.41,pointnet2_results/x4_two_line_final/lineB_downsampled_x4_baseline/train.log
B,Sparse,256,24,80.99,83.83,79.0,pointnet2_results/x4_two_line_final/lineB_downsampled_x4_baseline/train.log
B,Sparse,256,25,81.07,85.88,80.0,pointnet2_results/x4_two_line_final/lineB_downsampled_x4_baseline/train.log
B,Sparse,256,26,81.28,86.11999999999999,81.21000000000001,pointnet2_results/x4_two_line_final/lineB_downsampled_x4_baseline/train.log
B,Sparse,256,27,80.75,85.61,80.25999999999999,pointnet2_results/x4_two_line_final/lineB_downsampled_x4_baseline/train.log
B,Sparse,256,28,81.46,85.41,78.18,pointnet2_results/x4_two_line_final/lineB_downsampled_x4_baseline/train.log
B,Sparse,256,29,81.28999999999999,86.25,82.27,pointnet2_results/x4_two_line_final/lineB_downsampled_x4_baseline/train.log
B,Sparse,256,30,81.39,86.04,81.71000000000001,pointnet2_results/x4_two_line_final/lineB_downsampled_x4_baseline/train.log
B,Sparse,256,31,81.75,86.45,81.87,pointnet2_results/x4_two_line_final/lineB_downsampled_x4_baseline/train.log
B,Sparse,256,32,82.0,86.63,81.14,pointnet2_results/x4_two_line_final/lineB_downsampled_x4_baseline/train.log
B,Sparse,256,33,82.42,87.69,82.76,pointnet2_results/x4_two_line_final/lineB_downsampled_x4_baseline/train.log
B,Sparse,256,34,82.27,85.78,81.73,pointnet2_results/x4_two_line_final/lineB_downsampled_x4_baseline/train.log
B,Sparse,256,35,83.41,85.19,80.07,pointnet2_results/x4_two_line_final/lineB_downsampled_x4_baseline/train.log
B,Sparse,256,36,82.34,85.28,80.0,pointnet2_results/x4_two_line_final/lineB_downsampled_x4_baseline/train.log
B,Sparse,256,37,81.89,86.44,82.62,pointnet2_results/x4_two_line_final/lineB_downsampled_x4_baseline/train.log
B,Sparse,256,38,82.82000000000001,86.6,82.03,pointnet2_results/x4_two_line_final/lineB_downsampled_x4_baseline/train.log
B,Sparse,256,39,82.69,85.00999999999999,79.49000000000001,pointnet2_results/x4_two_line_final/lineB_downsampled_x4_baseline/train.log
B,Sparse,256,40,83.73,88.41,83.72,pointnet2_results/x4_two_line_final/lineB_downsampled_x4_baseline/train.log
B,Sparse,256,41,84.17999999999999,87.18,83.81,pointnet2_results/x4_two_line_final/lineB_downsampled_x4_baseline/train.log
B,Sparse,256,42,84.73,87.31,83.73,pointnet2_results/x4_two_line_final/lineB_downsampled_x4_baseline/train.log
B,Sparse,256,43,84.75,88.09,82.77,pointnet2_results/x4_two_line_final/lineB_downsampled_x4_baseline/train.log
B,Sparse,256,44,84.82,87.33999999999999,80.4,pointnet2_results/x4_two_line_final/lineB_downsampled_x4_baseline/train.log
B,Sparse,256,45,84.86,88.36,82.86,pointnet2_results/x4_two_line_final/lineB_downsampled_x4_baseline/train.log
B,Sparse,256,46,84.75,87.71,83.54,pointnet2_results/x4_two_line_final/lineB_downsampled_x4_baseline/train.log
B,Sparse,256,47,85.28,87.81,84.32,pointnet2_results/x4_two_line_final/lineB_downsampled_x4_baseline/train.log
B,Sparse,256,48,84.6,88.02,84.23,pointnet2_results/x4_two_line_final/lineB_downsampled_x4_baseline/train.log
B,Sparse,256,49,85.72999999999999,88.63,84.46000000000001,pointnet2_results/x4_two_line_final/lineB_downsampled_x4_baseline/train.log
B,Sparse,256,50,85.8,88.33,83.38,pointnet2_results/x4_two_line_final/lineB_downsampled_x4_baseline/train.log
B,Sparse,256,51,85.35000000000001,88.23,84.08,pointnet2_results/x4_two_line_final/lineB_downsampled_x4_baseline/train.log
B,Sparse,256,52,85.8,88.5,82.37,pointnet2_results/x4_two_line_final/lineB_downsampled_x4_baseline/train.log
B,Sparse,256,53,85.14,88.62,85.38,pointnet2_results/x4_two_line_final/lineB_downsampled_x4_baseline/train.log
B,Sparse,256,54,85.38,87.61,84.13000000000001,pointnet2_results/x4_two_line_final/lineB_downsampled_x4_baseline/train.log
B,Sparse,256,55,86.27,87.5,82.52000000000001,pointnet2_results/x4_two_line_final/lineB_downsampled_x4_baseline/train.log
B,Sparse,256,56,85.53,88.24,83.35000000000001,pointnet2_results/x4_two_line_final/lineB_downsampled_x4_baseline/train.log
B,Sparse,256,57,85.50999999999999,87.88,82.21000000000001,pointnet2_results/x4_two_line_final/lineB_downsampled_x4_baseline/train.log
B,Sparse,256,58,85.07000000000001,88.58,84.15,pointnet2_results/x4_two_line_final/lineB_downsampled_x4_baseline/train.log
B,Sparse,256,59,85.81,87.55,83.67,pointnet2_results/x4_two_line_final/lineB_downsampled_x4_baseline/train.log
B,Sparse,256,60,86.48,88.96,85.5,pointnet2_results/x4_two_line_final/lineB_downsampled_x4_baseline/train.log
B,Sparse,256,61,86.77,88.94,83.63000000000001,pointnet2_results/x4_two_line_final/lineB_downsampled_x4_baseline/train.log
B,Sparse,256,62,86.2,88.71,83.87,pointnet2_results/x4_two_line_final/lineB_downsampled_x4_baseline/train.log
B,Sparse,256,63,87.31,88.8,83.52000000000001,pointnet2_results/x4_two_line_final/lineB_downsampled_x4_baseline/train.log
B,Sparse,256,64,87.03999999999999,88.78,84.03,pointnet2_results/x4_two_line_final/lineB_downsampled_x4_baseline/train.log
B,Sparse,256,65,87.18,88.34,84.32,pointnet2_results/x4_two_line_final/lineB_downsampled_x4_baseline/train.log
B,Sparse,256,66,87.37,89.39,84.92,pointnet2_results/x4_two_line_final/lineB_downsampled_x4_baseline/train.log
B,Sparse,256,67,87.06,89.28,85.47,pointnet2_results/x4_two_line_final/lineB_downsampled_x4_baseline/train.log
B,Sparse,256,68,87.82,88.58,84.16,pointnet2_results/x4_two_line_final/lineB_downsampled_x4_baseline/train.log
B,Sparse,256,69,87.46000000000001,88.37,83.37,pointnet2_results/x4_two_line_final/lineB_downsampled_x4_baseline/train.log
B,Sparse,256,70,87.7,88.59,84.1,pointnet2_results/x4_two_line_final/lineB_downsampled_x4_baseline/train.log
B,Sparse,256,71,86.83999999999999,88.53999999999999,83.50999999999999,pointnet2_results/x4_two_line_final/lineB_downsampled_x4_baseline/train.log
B,Sparse,256,72,87.53,89.35,85.05,pointnet2_results/x4_two_line_final/lineB_downsampled_x4_baseline/train.log
B,Sparse,256,73,87.97,88.03,84.31,pointnet2_results/x4_two_line_final/lineB_downsampled_x4_baseline/train.log
B,Sparse,256,74,88.08,89.55,85.68,pointnet2_results/x4_two_line_final/lineB_downsampled_x4_baseline/train.log
B,Sparse,256,75,88.33,88.83,85.3,pointnet2_results/x4_two_line_final/lineB_downsampled_x4_baseline/train.log
B,Sparse,256,76,87.58,89.36,86.11999999999999,pointnet2_results/x4_two_line_final/lineB_downsampled_x4_baseline/train.log
B,Sparse,256,77,88.11,89.42999999999999,85.32,pointnet2_results/x4_two_line_final/lineB_downsampled_x4_baseline/train.log
B,Sparse,256,78,88.19,89.0,84.54,pointnet2_results/x4_two_line_final/lineB_downsampled_x4_baseline/train.log
B,Sparse,256,79,87.52,89.72,87.39,pointnet2_results/x4_two_line_final/lineB_downsampled_x4_baseline/train.log
B,Sparse,256,80,88.18,88.55,84.84,pointnet2_results/x4_two_line_final/lineB_downsampled_x4_baseline/train.log
B,Sparse,256,81,88.75,89.45,83.83,pointnet2_results/x4_two_line_final/lineB_downsampled_x4_baseline/train.log
B,Sparse,256,82,88.56,90.42,86.59,pointnet2_results/x4_two_line_final/lineB_downsampled_x4_baseline/train.log
B,Sparse,256,83,89.02,89.92,86.31,pointnet2_results/x4_two_line_final/lineB_downsampled_x4_baseline/train.log
B,Sparse,256,84,89.16,89.60000000000001,85.86,pointnet2_results/x4_two_line_final/lineB_downsampled_x4_baseline/train.log
B,Sparse,256,85,88.73,90.01,85.94000000000001,pointnet2_results/x4_two_line_final/lineB_downsampled_x4_baseline/train.log
B,Sparse,256,86,88.8,89.95,86.5,pointnet2_results/x4_two_line_final/lineB_downsampled_x4_baseline/train.log
B,Sparse,256,87,88.94999999999999,89.88000000000001,85.42999999999999,pointnet2_results/x4_two_line_final/lineB_downsampled_x4_baseline/train.log
B,Sparse,256,88,89.03,90.16,86.0,pointnet2_results/x4_two_line_final/lineB_downsampled_x4_baseline/train.log
B,Sparse,256,89,89.02,90.01,85.74000000000001,pointnet2_results/x4_two_line_final/lineB_downsampled_x4_baseline/train.log
B,Sparse,256,90,89.31,89.51,85.8,pointnet2_results/x4_two_line_final/lineB_downsampled_x4_baseline/train.log
B,Sparse,256,91,88.82,89.59,85.49,pointnet2_results/x4_two_line_final/lineB_downsampled_x4_baseline/train.log
B,Sparse,256,92,89.03999999999999,89.72,85.78,pointnet2_results/x4_two_line_final/lineB_downsampled_x4_baseline/train.log
B,Sparse,256,93,89.36,89.42999999999999,85.26,pointnet2_results/x4_two_line_final/lineB_downsampled_x4_baseline/train.log
B,Sparse,256,94,89.60000000000001,89.64,85.41,pointnet2_results/x4_two_line_final/lineB_downsampled_x4_baseline/train.log
B,Sparse,256,95,89.25,89.68,85.41,pointnet2_results/x4_two_line_final/lineB_downsampled_x4_baseline/train.log
B,Sparse,256,96,88.88000000000001,89.56,85.36,pointnet2_results/x4_two_line_final/lineB_downsampled_x4_baseline/train.log
B,Sparse,256,97,89.62,89.33,85.21,pointnet2_results/x4_two_line_final/lineB_downsampled_x4_baseline/train.log
B,Sparse,256,98,89.68,89.41,85.41,pointnet2_results/x4_two_line_final/lineB_downsampled_x4_baseline/train.log
B,Sparse,256,99,89.31,89.81,86.03,pointnet2_results/x4_two_line_final/lineB_downsampled_x4_baseline/train.log
B,Sparse,256,100,89.92,89.86,86.39,pointnet2_results/x4_two_line_final/lineB_downsampled_x4_baseline/train.log
B,Sparse,256,101,90.25,90.14999999999999,86.14,pointnet2_results/x4_two_line_final/lineB_downsampled_x4_baseline/train.log
B,Sparse,256,102,89.75999999999999,89.92,85.35000000000001,pointnet2_results/x4_two_line_final/lineB_downsampled_x4_baseline/train.log
B,Sparse,256,103,90.08,90.11,86.27,pointnet2_results/x4_two_line_final/lineB_downsampled_x4_baseline/train.log
B,Sparse,256,104,90.47,90.36,86.39,pointnet2_results/x4_two_line_final/lineB_downsampled_x4_baseline/train.log
B,Sparse,256,105,90.25999999999999,89.94,85.97,pointnet2_results/x4_two_line_final/lineB_downsampled_x4_baseline/train.log
B,Sparse,256,106,89.91,90.10000000000001,86.69,pointnet2_results/x4_two_line_final/lineB_downsampled_x4_baseline/train.log
B,Sparse,256,107,90.27,89.97,86.1,pointnet2_results/x4_two_line_final/lineB_downsampled_x4_baseline/train.log
B,Sparse,256,108,90.49000000000001,90.4,86.94,pointnet2_results/x4_two_line_final/lineB_downsampled_x4_baseline/train.log
B,Sparse,256,109,90.13,89.78,85.84,pointnet2_results/x4_two_line_final/lineB_downsampled_x4_baseline/train.log
B,Sparse,256,110,90.72,90.53,87.58,pointnet2_results/x4_two_line_final/lineB_downsampled_x4_baseline/train.log
B,Sparse,256,111,90.45,90.3,87.17,pointnet2_results/x4_two_line_final/lineB_downsampled_x4_baseline/train.log
B,Sparse,256,112,90.36,90.14999999999999,86.11,pointnet2_results/x4_two_line_final/lineB_downsampled_x4_baseline/train.log
B,Sparse,256,113,90.8,90.29,86.7,pointnet2_results/x4_two_line_final/lineB_downsampled_x4_baseline/train.log
B,Sparse,256,114,90.4,90.09,86.97,pointnet2_results/x4_two_line_final/lineB_downsampled_x4_baseline/train.log
B,Sparse,256,115,90.86999999999999,90.06,86.57000000000001,pointnet2_results/x4_two_line_final/lineB_downsampled_x4_baseline/train.log
B,Sparse,256,116,89.92,90.16,86.16,pointnet2_results/x4_two_line_final/lineB_downsampled_x4_baseline/train.log
B,Sparse,256,117,90.68,90.29,87.0,pointnet2_results/x4_two_line_final/lineB_downsampled_x4_baseline/train.log
B,Sparse,256,118,90.23,89.72,85.2,pointnet2_results/x4_two_line_final/lineB_downsampled_x4_baseline/train.log
B,Sparse,256,119,90.68,89.56,86.29,pointnet2_results/x4_two_line_final/lineB_downsampled_x4_baseline/train.log
B,Sparse,256,120,90.72,90.14,86.95,pointnet2_results/x4_two_line_final/lineB_downsampled_x4_baseline/train.log
B,Sparse,256,121,90.78,90.06,86.97,pointnet2_results/x4_two_line_final/lineB_downsampled_x4_baseline/train.log
B,Sparse,256,122,91.02,90.06,86.61,pointnet2_results/x4_two_line_final/lineB_downsampled_x4_baseline/train.log
B,Sparse,256,123,91.03,90.58,87.69,pointnet2_results/x4_two_line_final/lineB_downsampled_x4_baseline/train.log
B,Sparse,256,124,91.11,90.85,87.37,pointnet2_results/x4_two_line_final/lineB_downsampled_x4_baseline/train.log
B,Sparse,256,125,91.03,90.12,87.22,pointnet2_results/x4_two_line_final/lineB_downsampled_x4_baseline/train.log
B,Sparse,256,126,90.88000000000001,90.33,87.71,pointnet2_results/x4_two_line_final/lineB_downsampled_x4_baseline/train.log
B,Sparse,256,127,91.03999999999999,90.53,87.32,pointnet2_results/x4_two_line_final/lineB_downsampled_x4_baseline/train.log
B,Sparse,256,128,91.74,90.08,86.77,pointnet2_results/x4_two_line_final/lineB_downsampled_x4_baseline/train.log
B,Sparse,256,129,91.64999999999999,90.08,86.18,pointnet2_results/x4_two_line_final/lineB_downsampled_x4_baseline/train.log
B,Sparse,256,130,91.14999999999999,90.66,87.53,pointnet2_results/x4_two_line_final/lineB_downsampled_x4_baseline/train.log
B,Sparse,256,131,91.36,90.53,86.64,pointnet2_results/x4_two_line_final/lineB_downsampled_x4_baseline/train.log
B,Sparse,256,132,91.19,90.49000000000001,86.67,pointnet2_results/x4_two_line_final/lineB_downsampled_x4_baseline/train.log
B,Sparse,256,133,91.24,89.85,86.42,pointnet2_results/x4_two_line_final/lineB_downsampled_x4_baseline/train.log
B,Sparse,256,134,91.51,90.2,86.2,pointnet2_results/x4_two_line_final/lineB_downsampled_x4_baseline/train.log
B,Sparse,256,135,91.10000000000001,89.57000000000001,85.92999999999999,pointnet2_results/x4_two_line_final/lineB_downsampled_x4_baseline/train.log
B,Sparse,256,136,91.67,90.53999999999999,87.2,pointnet2_results/x4_two_line_final/lineB_downsampled_x4_baseline/train.log
B,Sparse,256,137,91.38,90.02,86.58,pointnet2_results/x4_two_line_final/lineB_downsampled_x4_baseline/train.log
B,Sparse,256,138,91.43,89.56,85.91,pointnet2_results/x4_two_line_final/lineB_downsampled_x4_baseline/train.log
B,Sparse,256,139,91.67999999999999,90.10000000000001,86.65,pointnet2_results/x4_two_line_final/lineB_downsampled_x4_baseline/train.log
B,Sparse,256,140,91.72,90.10000000000001,86.66,pointnet2_results/x4_two_line_final/lineB_downsampled_x4_baseline/train.log
B,Sparse,256,141,91.89,90.14,86.72,pointnet2_results/x4_two_line_final/lineB_downsampled_x4_baseline/train.log
B,Sparse,256,142,92.02,90.22,86.25,pointnet2_results/x4_two_line_final/lineB_downsampled_x4_baseline/train.log
B,Sparse,256,143,91.94,90.18,86.47,pointnet2_results/x4_two_line_final/lineB_downsampled_x4_baseline/train.log
B,Sparse,256,144,92.14,90.18,86.27,pointnet2_results/x4_two_line_final/lineB_downsampled_x4_baseline/train.log
B,Sparse,256,145,91.95,90.2,86.96000000000001,pointnet2_results/x4_two_line_final/lineB_downsampled_x4_baseline/train.log
B,Sparse,256,146,91.86999999999999,90.39,86.77,pointnet2_results/x4_two_line_final/lineB_downsampled_x4_baseline/train.log
B,Sparse,256,147,91.74,90.12,86.78,pointnet2_results/x4_two_line_final/lineB_downsampled_x4_baseline/train.log
B,Sparse,256,148,91.9,89.97,86.65,pointnet2_results/x4_two_line_final/lineB_downsampled_x4_baseline/train.log
B,Sparse,256,149,92.51,90.66,87.79,pointnet2_results/x4_two_line_final/lineB_downsampled_x4_baseline/train.log
B,Sparse,256,150,91.85,89.81,86.61999999999999,pointnet2_results/x4_two_line_final/lineB_downsampled_x4_baseline/train.log
B,Sparse,256,151,92.31,90.25999999999999,86.09,pointnet2_results/x4_two_line_final/lineB_downsampled_x4_baseline/train.log
B,Sparse,256,152,91.8,89.97,86.72,pointnet2_results/x4_two_line_final/lineB_downsampled_x4_baseline/train.log
B,Sparse,256,153,92.57,89.89,87.1,pointnet2_results/x4_two_line_final/lineB_downsampled_x4_baseline/train.log
B,Sparse,256,154,92.17,89.85,86.57000000000001,pointnet2_results/x4_two_line_final/lineB_downsampled_x4_baseline/train.log
B,Sparse,256,155,91.84,90.13,86.50999999999999,pointnet2_results/x4_two_line_final/lineB_downsampled_x4_baseline/train.log
B,Sparse,256,156,92.08,90.06,87.15,pointnet2_results/x4_two_line_final/lineB_downsampled_x4_baseline/train.log
B,Sparse,256,157,92.10000000000001,90.22,87.17,pointnet2_results/x4_two_line_final/lineB_downsampled_x4_baseline/train.log
B,Sparse,256,158,92.10000000000001,90.4,87.39,pointnet2_results/x4_two_line_final/lineB_downsampled_x4_baseline/train.log
B,Sparse,256,159,91.95,90.42,87.8,pointnet2_results/x4_two_line_final/lineB_downsampled_x4_baseline/train.log
B,Sparse,256,160,92.55,90.46,87.78,pointnet2_results/x4_two_line_final/lineB_downsampled_x4_baseline/train.log
B,Sparse,256,161,92.13,90.18,86.81,pointnet2_results/x4_two_line_final/lineB_downsampled_x4_baseline/train.log
B,Sparse,256,162,92.36,90.22,86.59,pointnet2_results/x4_two_line_final/lineB_downsampled_x4_baseline/train.log
B,Sparse,256,163,92.23,90.06,86.42999999999999,pointnet2_results/x4_two_line_final/lineB_downsampled_x4_baseline/train.log
B,Sparse,256,164,91.9,89.94,86.64,pointnet2_results/x4_two_line_final/lineB_downsampled_x4_baseline/train.log
B,Sparse,256,165,92.39,90.3,87.07000000000001,pointnet2_results/x4_two_line_final/lineB_downsampled_x4_baseline/train.log
B,Sparse,256,166,92.46,90.05,86.38,pointnet2_results/x4_two_line_final/lineB_downsampled_x4_baseline/train.log
B,Sparse,256,167,92.21000000000001,90.25999999999999,87.22,pointnet2_results/x4_two_line_final/lineB_downsampled_x4_baseline/train.log
B,Sparse,256,168,92.62,89.94,86.22999999999999,pointnet2_results/x4_two_line_final/lineB_downsampled_x4_baseline/train.log
B,Sparse,256,169,92.55,90.5,87.44,pointnet2_results/x4_two_line_final/lineB_downsampled_x4_baseline/train.log
B,Sparse,256,170,92.65,89.89,86.15,pointnet2_results/x4_two_line_final/lineB_downsampled_x4_baseline/train.log
B,Sparse,256,171,92.51,89.72,86.78,pointnet2_results/x4_two_line_final/lineB_downsampled_x4_baseline/train.log
B,Sparse,256,172,92.65,90.49000000000001,87.4,pointnet2_results/x4_two_line_final/lineB_downsampled_x4_baseline/train.log
B,Sparse,256,173,92.7,90.38000000000001,87.59,pointnet2_results/x4_two_line_final/lineB_downsampled_x4_baseline/train.log
B,Sparse,256,174,92.47999999999999,90.42,87.53,pointnet2_results/x4_two_line_final/lineB_downsampled_x4_baseline/train.log
B,Sparse,256,175,92.84,90.41,87.57000000000001,pointnet2_results/x4_two_line_final/lineB_downsampled_x4_baseline/train.log
B,Sparse,256,176,92.52,90.53999999999999,87.53,pointnet2_results/x4_two_line_final/lineB_downsampled_x4_baseline/train.log
B,Sparse,256,177,92.83,90.06,86.53999999999999,pointnet2_results/x4_two_line_final/lineB_downsampled_x4_baseline/train.log
B,Sparse,256,178,93.22,90.06,86.53,pointnet2_results/x4_two_line_final/lineB_downsampled_x4_baseline/train.log
B,Sparse,256,179,92.97,90.18,87.42,pointnet2_results/x4_two_line_final/lineB_downsampled_x4_baseline/train.log
B,Sparse,256,180,92.82000000000001,90.46,87.28,pointnet2_results/x4_two_line_final/lineB_downsampled_x4_baseline/train.log
B,Sparse,256,181,92.75999999999999,90.16999999999999,87.06,pointnet2_results/x4_two_line_final/lineB_downsampled_x4_baseline/train.log
B,Sparse,256,182,92.83,90.25999999999999,87.56,pointnet2_results/x4_two_line_final/lineB_downsampled_x4_baseline/train.log
B,Sparse,256,183,93.16,90.25999999999999,87.44,pointnet2_results/x4_two_line_final/lineB_downsampled_x4_baseline/train.log
B,Sparse,256,184,93.06,90.3,87.52,pointnet2_results/x4_two_line_final/lineB_downsampled_x4_baseline/train.log
B,Sparse,256,185,92.57,90.53,87.74,pointnet2_results/x4_two_line_final/lineB_downsampled_x4_baseline/train.log
B,Sparse,256,186,92.75999999999999,90.25999999999999,87.8,pointnet2_results/x4_two_line_final/lineB_downsampled_x4_baseline/train.log
B,Sparse,256,187,93.24,90.38000000000001,87.3,pointnet2_results/x4_two_line_final/lineB_downsampled_x4_baseline/train.log
B,Sparse,256,188,92.99,90.53999999999999,88.06,pointnet2_results/x4_two_line_final/lineB_downsampled_x4_baseline/train.log
B,Sparse,256,189,92.69,90.05,86.69,pointnet2_results/x4_two_line_final/lineB_downsampled_x4_baseline/train.log
B,Sparse,256,190,92.86999999999999,90.12,87.35000000000001,pointnet2_results/x4_two_line_final/lineB_downsampled_x4_baseline/train.log
B,Sparse,256,191,92.86,90.25999999999999,87.18,pointnet2_results/x4_two_line_final/lineB_downsampled_x4_baseline/train.log
B,Sparse,256,192,92.82000000000001,90.49000000000001,86.99,pointnet2_results/x4_two_line_final/lineB_downsampled_x4_baseline/train.log
B,Sparse,256,193,92.92,90.18,86.61,pointnet2_results/x4_two_line_final/lineB_downsampled_x4_baseline/train.log
B,Sparse,256,194,93.27,90.74,87.85,pointnet2_results/x4_two_line_final/lineB_downsampled_x4_baseline/train.log
B,Sparse,256,195,93.24,90.62,87.69,pointnet2_results/x4_two_line_final/lineB_downsampled_x4_baseline/train.log
B,Sparse,256,196,93.31,90.18,87.25,pointnet2_results/x4_two_line_final/lineB_downsampled_x4_baseline/train.log
B,Sparse,256,197,93.06,89.94,87.55,pointnet2_results/x4_two_line_final/lineB_downsampled_x4_baseline/train.log
B,Sparse,256,198,93.2,90.34,87.28,pointnet2_results/x4_two_line_final/lineB_downsampled_x4_baseline/train.log
B,Sparse,256,199,93.16,90.38000000000001,87.44,pointnet2_results/x4_two_line_final/lineB_downsampled_x4_baseline/train.log
B,Sparse,256,200,92.97999999999999,90.46,87.52,pointnet2_results/x4_two_line_final/lineB_downsampled_x4_baseline/train.log
B,EAR,1024,1,42.3,42.11,35.54,pointnet2_results/x4_two_line_final/lineB_downsampled_x4_up/ear/train.log
B,EAR,1024,2,54.75,56.88999999999999,50.760000000000005,pointnet2_results/x4_two_line_final/lineB_downsampled_x4_up/ear/train.log
B,EAR,1024,3,60.27,57.989999999999995,51.53,pointnet2_results/x4_two_line_final/lineB_downsampled_x4_up/ear/train.log
B,EAR,1024,4,63.949999999999996,64.57000000000001,58.74,pointnet2_results/x4_two_line_final/lineB_downsampled_x4_up/ear/train.log
B,EAR,1024,5,67.5,70.34,61.480000000000004,pointnet2_results/x4_two_line_final/lineB_downsampled_x4_up/ear/train.log
B,EAR,1024,6,68.94,73.97,65.7,pointnet2_results/x4_two_line_final/lineB_downsampled_x4_up/ear/train.log
B,EAR,1024,7,71.46000000000001,73.69,66.9,pointnet2_results/x4_two_line_final/lineB_downsampled_x4_up/ear/train.log
B,EAR,1024,8,72.54,70.28,63.870000000000005,pointnet2_results/x4_two_line_final/lineB_downsampled_x4_up/ear/train.log
B,EAR,1024,9,74.03,79.74,73.61,pointnet2_results/x4_two_line_final/lineB_downsampled_x4_up/ear/train.log
B,EAR,1024,10,74.64,79.38,73.45,pointnet2_results/x4_two_line_final/lineB_downsampled_x4_up/ear/train.log
B,EAR,1024,11,75.9,75.57000000000001,69.52000000000001,pointnet2_results/x4_two_line_final/lineB_downsampled_x4_up/ear/train.log
B,EAR,1024,12,76.41,80.82000000000001,75.53999999999999,pointnet2_results/x4_two_line_final/lineB_downsampled_x4_up/ear/train.log
B,EAR,1024,13,78.12,80.28,74.5,pointnet2_results/x4_two_line_final/lineB_downsampled_x4_up/ear/train.log
B,EAR,1024,14,77.96,81.21000000000001,74.72,pointnet2_results/x4_two_line_final/lineB_downsampled_x4_up/ear/train.log
B,EAR,1024,15,78.22,77.61,72.92,pointnet2_results/x4_two_line_final/lineB_downsampled_x4_up/ear/train.log
B,EAR,1024,16,79.05,82.09,75.59,pointnet2_results/x4_two_line_final/lineB_downsampled_x4_up/ear/train.log
B,EAR,1024,17,78.64,82.22,76.73,pointnet2_results/x4_two_line_final/lineB_downsampled_x4_up/ear/train.log
B,EAR,1024,18,79.75999999999999,80.69,75.33,pointnet2_results/x4_two_line_final/lineB_downsampled_x4_up/ear/train.log
B,EAR,1024,19,79.72,82.27,76.97,pointnet2_results/x4_two_line_final/lineB_downsampled_x4_up/ear/train.log
B,EAR,1024,20,81.67,85.56,79.13,pointnet2_results/x4_two_line_final/lineB_downsampled_x4_up/ear/train.log
B,EAR,1024,21,82.8,85.19,79.42,pointnet2_results/x4_two_line_final/lineB_downsampled_x4_up/ear/train.log
B,EAR,1024,22,82.39999999999999,84.50999999999999,80.01,pointnet2_results/x4_two_line_final/lineB_downsampled_x4_up/ear/train.log
B,EAR,1024,23,82.55,85.19,80.25999999999999,pointnet2_results/x4_two_line_final/lineB_downsampled_x4_up/ear/train.log
B,EAR,1024,24,83.24000000000001,86.17,81.23,pointnet2_results/x4_two_line_final/lineB_downsampled_x4_up/ear/train.log
B,EAR,1024,25,83.49,85.37,79.62,pointnet2_results/x4_two_line_final/lineB_downsampled_x4_up/ear/train.log
B,EAR,1024,26,83.05,84.64,78.55,pointnet2_results/x4_two_line_final/lineB_downsampled_x4_up/ear/train.log
B,EAR,1024,27,83.3,84.83000000000001,79.07,pointnet2_results/x4_two_line_final/lineB_downsampled_x4_up/ear/train.log
B,EAR,1024,28,83.27,83.78999999999999,78.35,pointnet2_results/x4_two_line_final/lineB_downsampled_x4_up/ear/train.log
B,EAR,1024,29,83.50999999999999,85.7,80.55,pointnet2_results/x4_two_line_final/lineB_downsampled_x4_up/ear/train.log
B,EAR,1024,30,84.45,82.45,77.68,pointnet2_results/x4_two_line_final/lineB_downsampled_x4_up/ear/train.log
B,EAR,1024,31,83.87,85.11999999999999,81.03,pointnet2_results/x4_two_line_final/lineB_downsampled_x4_up/ear/train.log
B,EAR,1024,32,84.15,85.53,80.28,pointnet2_results/x4_two_line_final/lineB_downsampled_x4_up/ear/train.log
B,EAR,1024,33,84.04,85.11,79.77,pointnet2_results/x4_two_line_final/lineB_downsampled_x4_up/ear/train.log
B,EAR,1024,34,84.87,85.39999999999999,80.64,pointnet2_results/x4_two_line_final/lineB_downsampled_x4_up/ear/train.log
B,EAR,1024,35,85.27,84.64,78.52,pointnet2_results/x4_two_line_final/lineB_downsampled_x4_up/ear/train.log
B,EAR,1024,36,84.81,86.11999999999999,81.12,pointnet2_results/x4_two_line_final/lineB_downsampled_x4_up/ear/train.log
B,EAR,1024,37,84.91,86.07000000000001,78.9,pointnet2_results/x4_two_line_final/lineB_downsampled_x4_up/ear/train.log
B,EAR,1024,38,85.11,86.26,81.24,pointnet2_results/x4_two_line_final/lineB_downsampled_x4_up/ear/train.log
B,EAR,1024,39,85.66,85.89,80.55,pointnet2_results/x4_two_line_final/lineB_downsampled_x4_up/ear/train.log
B,EAR,1024,40,86.22999999999999,87.06,81.5,pointnet2_results/x4_two_line_final/lineB_downsampled_x4_up/ear/train.log
B,EAR,1024,41,86.77,87.25,82.15,pointnet2_results/x4_two_line_final/lineB_downsampled_x4_up/ear/train.log
B,EAR,1024,42,87.14,87.06,82.58,pointnet2_results/x4_two_line_final/lineB_downsampled_x4_up/ear/train.log
B,EAR,1024,43,87.28,87.71,82.16,pointnet2_results/x4_two_line_final/lineB_downsampled_x4_up/ear/train.log
B,EAR,1024,44,87.03999999999999,86.52,81.17999999999999,pointnet2_results/x4_two_line_final/lineB_downsampled_x4_up/ear/train.log
B,EAR,1024,45,86.94,87.42999999999999,82.24000000000001,pointnet2_results/x4_two_line_final/lineB_downsampled_x4_up/ear/train.log
B,EAR,1024,46,87.88,87.94,82.96,pointnet2_results/x4_two_line_final/lineB_downsampled_x4_up/ear/train.log
B,EAR,1024,47,87.44,87.1,81.8,pointnet2_results/x4_two_line_final/lineB_downsampled_x4_up/ear/train.log
B,EAR,1024,48,87.26,86.89,83.17999999999999,pointnet2_results/x4_two_line_final/lineB_downsampled_x4_up/ear/train.log
B,EAR,1024,49,87.94999999999999,86.89,82.07,pointnet2_results/x4_two_line_final/lineB_downsampled_x4_up/ear/train.log
B,EAR,1024,50,88.36,86.61,82.39999999999999,pointnet2_results/x4_two_line_final/lineB_downsampled_x4_up/ear/train.log
B,EAR,1024,51,88.18,87.42999999999999,82.33,pointnet2_results/x4_two_line_final/lineB_downsampled_x4_up/ear/train.log
B,EAR,1024,52,87.47,87.13,81.69,pointnet2_results/x4_two_line_final/lineB_downsampled_x4_up/ear/train.log
B,EAR,1024,53,87.98,86.44,81.81,pointnet2_results/x4_two_line_final/lineB_downsampled_x4_up/ear/train.log
B,EAR,1024,54,87.72,86.21,81.85,pointnet2_results/x4_two_line_final/lineB_downsampled_x4_up/ear/train.log
B,EAR,1024,55,88.07000000000001,87.11,82.27,pointnet2_results/x4_two_line_final/lineB_downsampled_x4_up/ear/train.log
B,EAR,1024,56,88.03,86.92999999999999,81.65,pointnet2_results/x4_two_line_final/lineB_downsampled_x4_up/ear/train.log
B,EAR,1024,57,88.07000000000001,87.16000000000001,81.34,pointnet2_results/x4_two_line_final/lineB_downsampled_x4_up/ear/train.log
B,EAR,1024,58,88.55,86.97,83.47,pointnet2_results/x4_two_line_final/lineB_downsampled_x4_up/ear/train.log
B,EAR,1024,59,88.64999999999999,86.46000000000001,81.97,pointnet2_results/x4_two_line_final/lineB_downsampled_x4_up/ear/train.log
B,EAR,1024,60,89.16,87.79,83.39,pointnet2_results/x4_two_line_final/lineB_downsampled_x4_up/ear/train.log
B,EAR,1024,61,89.13,87.91,84.46000000000001,pointnet2_results/x4_two_line_final/lineB_downsampled_x4_up/ear/train.log
B,EAR,1024,62,89.81,87.53,83.77,pointnet2_results/x4_two_line_final/lineB_downsampled_x4_up/ear/train.log
B,EAR,1024,63,89.88000000000001,88.38000000000001,82.77,pointnet2_results/x4_two_line_final/lineB_downsampled_x4_up/ear/train.log
B,EAR,1024,64,89.36,87.9,83.02000000000001,pointnet2_results/x4_two_line_final/lineB_downsampled_x4_up/ear/train.log
B,EAR,1024,65,89.86,88.29,83.02000000000001,pointnet2_results/x4_two_line_final/lineB_downsampled_x4_up/ear/train.log
B,EAR,1024,66,89.42999999999999,87.7,84.25,pointnet2_results/x4_two_line_final/lineB_downsampled_x4_up/ear/train.log
B,EAR,1024,67,89.92,87.86,83.96000000000001,pointnet2_results/x4_two_line_final/lineB_downsampled_x4_up/ear/train.log
B,EAR,1024,68,90.34,87.9,84.09,pointnet2_results/x4_two_line_final/lineB_downsampled_x4_up/ear/train.log
B,EAR,1024,69,90.28,87.88,83.88,pointnet2_results/x4_two_line_final/lineB_downsampled_x4_up/ear/train.log
B,EAR,1024,70,90.22,87.49,82.22,pointnet2_results/x4_two_line_final/lineB_downsampled_x4_up/ear/train.log
B,EAR,1024,71,89.9,87.81,83.03,pointnet2_results/x4_two_line_final/lineB_downsampled_x4_up/ear/train.log
B,EAR,1024,72,90.03999999999999,88.37,83.65,pointnet2_results/x4_two_line_final/lineB_downsampled_x4_up/ear/train.log
B,EAR,1024,73,90.55,87.42999999999999,82.76,pointnet2_results/x4_two_line_final/lineB_downsampled_x4_up/ear/train.log
B,EAR,1024,74,90.74,87.69,82.24000000000001,pointnet2_results/x4_two_line_final/lineB_downsampled_x4_up/ear/train.log
B,EAR,1024,75,89.89,87.74,84.52,pointnet2_results/x4_two_line_final/lineB_downsampled_x4_up/ear/train.log
B,EAR,1024,76,90.63,87.64,84.24000000000001,pointnet2_results/x4_two_line_final/lineB_downsampled_x4_up/ear/train.log
B,EAR,1024,77,90.44,88.11,83.39,pointnet2_results/x4_two_line_final/lineB_downsampled_x4_up/ear/train.log
B,EAR,1024,78,90.55,87.05000000000001,82.32000000000001,pointnet2_results/x4_two_line_final/lineB_downsampled_x4_up/ear/train.log
B,EAR,1024,79,90.83,87.11,83.63000000000001,pointnet2_results/x4_two_line_final/lineB_downsampled_x4_up/ear/train.log
B,EAR,1024,80,91.31,88.07000000000001,83.3,pointnet2_results/x4_two_line_final/lineB_downsampled_x4_up/ear/train.log
B,EAR,1024,81,91.62,88.81,83.89999999999999,pointnet2_results/x4_two_line_final/lineB_downsampled_x4_up/ear/train.log
B,EAR,1024,82,92.17,87.55,83.17,pointnet2_results/x4_two_line_final/lineB_downsampled_x4_up/ear/train.log
B,EAR,1024,83,91.67,88.19,84.67,pointnet2_results/x4_two_line_final/lineB_downsampled_x4_up/ear/train.log
B,EAR,1024,84,91.77,88.0,84.34,pointnet2_results/x4_two_line_final/lineB_downsampled_x4_up/ear/train.log
B,EAR,1024,85,91.85,87.92999999999999,84.00999999999999,pointnet2_results/x4_two_line_final/lineB_downsampled_x4_up/ear/train.log
B,EAR,1024,86,92.45,88.14999999999999,83.26,pointnet2_results/x4_two_line_final/lineB_downsampled_x4_up/ear/train.log
B,EAR,1024,87,91.93,87.86,83.56,pointnet2_results/x4_two_line_final/lineB_downsampled_x4_up/ear/train.log
B,EAR,1024,88,91.92,88.8,84.31,pointnet2_results/x4_two_line_final/lineB_downsampled_x4_up/ear/train.log
B,EAR,1024,89,91.71000000000001,88.09,83.59,pointnet2_results/x4_two_line_final/lineB_downsampled_x4_up/ear/train.log
B,EAR,1024,90,92.06,87.33,83.22,pointnet2_results/x4_two_line_final/lineB_downsampled_x4_up/ear/train.log
B,EAR,1024,91,92.36999999999999,87.76,83.50999999999999,pointnet2_results/x4_two_line_final/lineB_downsampled_x4_up/ear/train.log
B,EAR,1024,92,92.15,87.53,84.15,pointnet2_results/x4_two_line_final/lineB_downsampled_x4_up/ear/train.log
B,EAR,1024,93,92.29,87.18,83.97,pointnet2_results/x4_two_line_final/lineB_downsampled_x4_up/ear/train.log
B,EAR,1024,94,91.63,88.19,84.21,pointnet2_results/x4_two_line_final/lineB_downsampled_x4_up/ear/train.log
B,EAR,1024,95,92.0,88.06,84.57000000000001,pointnet2_results/x4_two_line_final/lineB_downsampled_x4_up/ear/train.log
B,EAR,1024,96,92.52,87.62,84.56,pointnet2_results/x4_two_line_final/lineB_downsampled_x4_up/ear/train.log
B,EAR,1024,97,92.35,88.55,83.58,pointnet2_results/x4_two_line_final/lineB_downsampled_x4_up/ear/train.log
B,EAR,1024,98,92.23,88.28,85.53,pointnet2_results/x4_two_line_final/lineB_downsampled_x4_up/ear/train.log
B,EAR,1024,99,92.47,87.16000000000001,83.34,pointnet2_results/x4_two_line_final/lineB_downsampled_x4_up/ear/train.log
B,EAR,1024,100,93.19,88.18,84.55,pointnet2_results/x4_two_line_final/lineB_downsampled_x4_up/ear/train.log
B,EAR,1024,101,93.37,88.26,84.83000000000001,pointnet2_results/x4_two_line_final/lineB_downsampled_x4_up/ear/train.log
B,EAR,1024,102,93.36,88.42999999999999,84.61,pointnet2_results/x4_two_line_final/lineB_downsampled_x4_up/ear/train.log
B,EAR,1024,103,93.22,88.44,85.09,pointnet2_results/x4_two_line_final/lineB_downsampled_x4_up/ear/train.log
B,EAR,1024,104,93.69,88.16000000000001,84.54,pointnet2_results/x4_two_line_final/lineB_downsampled_x4_up/ear/train.log
B,EAR,1024,105,93.39,87.71,84.5,pointnet2_results/x4_two_line_final/lineB_downsampled_x4_up/ear/train.log
B,EAR,1024,106,93.72,88.2,85.37,pointnet2_results/x4_two_line_final/lineB_downsampled_x4_up/ear/train.log
B,EAR,1024,107,93.4,87.99,84.44,pointnet2_results/x4_two_line_final/lineB_downsampled_x4_up/ear/train.log
B,EAR,1024,108,93.78,87.49,84.04,pointnet2_results/x4_two_line_final/lineB_downsampled_x4_up/ear/train.log
B,EAR,1024,109,93.35,88.02,84.77,pointnet2_results/x4_two_line_final/lineB_downsampled_x4_up/ear/train.log
B,EAR,1024,110,93.75,87.72999999999999,84.68,pointnet2_results/x4_two_line_final/lineB_downsampled_x4_up/ear/train.log
B,EAR,1024,111,93.77,87.53999999999999,82.93,pointnet2_results/x4_two_line_final/lineB_downsampled_x4_up/ear/train.log
B,EAR,1024,112,94.17,88.27000000000001,83.91,pointnet2_results/x4_two_line_final/lineB_downsampled_x4_up/ear/train.log
B,EAR,1024,113,93.89999999999999,87.48,84.07,pointnet2_results/x4_two_line_final/lineB_downsampled_x4_up/ear/train.log
B,EAR,1024,114,93.86,88.52,85.11999999999999,pointnet2_results/x4_two_line_final/lineB_downsampled_x4_up/ear/train.log
B,EAR,1024,115,94.19,88.14999999999999,84.21,pointnet2_results/x4_two_line_final/lineB_downsampled_x4_up/ear/train.log
B,EAR,1024,116,93.88,88.81,84.5,pointnet2_results/x4_two_line_final/lineB_downsampled_x4_up/ear/train.log
B,EAR,1024,117,94.27,88.26,84.15,pointnet2_results/x4_two_line_final/lineB_downsampled_x4_up/ear/train.log
B,EAR,1024,118,93.83,88.1,84.92,pointnet2_results/x4_two_line_final/lineB_downsampled_x4_up/ear/train.log
B,EAR,1024,119,94.07,88.4,84.94,pointnet2_results/x4_two_line_final/lineB_downsampled_x4_up/ear/train.log
B,EAR,1024,120,94.63000000000001,88.01,85.6,pointnet2_results/x4_two_line_final/lineB_downsampled_x4_up/ear/train.log
B,EAR,1024,121,94.46,88.55,84.85000000000001,pointnet2_results/x4_two_line_final/lineB_downsampled_x4_up/ear/train.log
B,EAR,1024,122,94.28999999999999,88.5,84.58,pointnet2_results/x4_two_line_final/lineB_downsampled_x4_up/ear/train.log
B,EAR,1024,123,94.66,88.31,84.27,pointnet2_results/x4_two_line_final/lineB_downsampled_x4_up/ear/train.log
B,EAR,1024,124,94.46,87.61,84.45,pointnet2_results/x4_two_line_final/lineB_downsampled_x4_up/ear/train.log
B,EAR,1024,125,95.19,88.03,84.57000000000001,pointnet2_results/x4_two_line_final/lineB_downsampled_x4_up/ear/train.log
B,EAR,1024,126,94.69999999999999,88.06,84.53,pointnet2_results/x4_two_line_final/lineB_downsampled_x4_up/ear/train.log
B,EAR,1024,127,95.0,88.13,83.88,pointnet2_results/x4_two_line_final/lineB_downsampled_x4_up/ear/train.log
B,EAR,1024,128,95.11,88.67,85.24000000000001,pointnet2_results/x4_two_line_final/lineB_downsampled_x4_up/ear/train.log
B,EAR,1024,129,95.04,88.3,83.7,pointnet2_results/x4_two_line_final/lineB_downsampled_x4_up/ear/train.log
B,EAR,1024,130,94.71000000000001,88.7,85.25,pointnet2_results/x4_two_line_final/lineB_downsampled_x4_up/ear/train.log
B,EAR,1024,131,94.98,88.1,84.42,pointnet2_results/x4_two_line_final/lineB_downsampled_x4_up/ear/train.log
B,EAR,1024,132,94.48,88.1,83.58,pointnet2_results/x4_two_line_final/lineB_downsampled_x4_up/ear/train.log
B,EAR,1024,133,94.89999999999999,88.52,84.07,pointnet2_results/x4_two_line_final/lineB_downsampled_x4_up/ear/train.log
B,EAR,1024,134,94.99,87.9,85.11,pointnet2_results/x4_two_line_final/lineB_downsampled_x4_up/ear/train.log
B,EAR,1024,135,95.09,87.4,83.89999999999999,pointnet2_results/x4_two_line_final/lineB_downsampled_x4_up/ear/train.log
B,EAR,1024,136,95.22,87.56,83.96000000000001,pointnet2_results/x4_two_line_final/lineB_downsampled_x4_up/ear/train.log
B,EAR,1024,137,95.03,87.11,82.73,pointnet2_results/x4_two_line_final/lineB_downsampled_x4_up/ear/train.log
B,EAR,1024,138,95.1,87.91,84.36,pointnet2_results/x4_two_line_final/lineB_downsampled_x4_up/ear/train.log
B,EAR,1024,139,95.28,87.32,82.99,pointnet2_results/x4_two_line_final/lineB_downsampled_x4_up/ear/train.log
B,EAR,1024,140,95.02000000000001,88.46000000000001,84.64,pointnet2_results/x4_two_line_final/lineB_downsampled_x4_up/ear/train.log
B,EAR,1024,141,95.7,87.14,84.33,pointnet2_results/x4_two_line_final/lineB_downsampled_x4_up/ear/train.log
B,EAR,1024,142,95.69,87.78,84.68,pointnet2_results/x4_two_line_final/lineB_downsampled_x4_up/ear/train.log
B,EAR,1024,143,95.82000000000001,87.86,83.6,pointnet2_results/x4_two_line_final/lineB_downsampled_x4_up/ear/train.log
B,EAR,1024,144,95.47,87.98,84.6,pointnet2_results/x4_two_line_final/lineB_downsampled_x4_up/ear/train.log
B,EAR,1024,145,95.74000000000001,88.38000000000001,84.17,pointnet2_results/x4_two_line_final/lineB_downsampled_x4_up/ear/train.log
B,EAR,1024,146,95.57,88.34,83.89999999999999,pointnet2_results/x4_two_line_final/lineB_downsampled_x4_up/ear/train.log
B,EAR,1024,147,95.69,87.86,84.48,pointnet2_results/x4_two_line_final/lineB_downsampled_x4_up/ear/train.log
B,EAR,1024,148,95.66,87.94,84.28,pointnet2_results/x4_two_line_final/lineB_downsampled_x4_up/ear/train.log
B,EAR,1024,149,95.67,87.77000000000001,84.05,pointnet2_results/x4_two_line_final/lineB_downsampled_x4_up/ear/train.log
B,EAR,1024,150,95.78,87.58,83.74000000000001,pointnet2_results/x4_two_line_final/lineB_downsampled_x4_up/ear/train.log
B,EAR,1024,151,95.78999999999999,87.5,83.33,pointnet2_results/x4_two_line_final/lineB_downsampled_x4_up/ear/train.log
B,EAR,1024,152,96.0,88.19,84.88,pointnet2_results/x4_two_line_final/lineB_downsampled_x4_up/ear/train.log
B,EAR,1024,153,95.6,87.82,83.76,pointnet2_results/x4_two_line_final/lineB_downsampled_x4_up/ear/train.log
B,EAR,1024,154,95.87,88.03,85.52,pointnet2_results/x4_two_line_final/lineB_downsampled_x4_up/ear/train.log
B,EAR,1024,155,95.78999999999999,87.9,84.8,pointnet2_results/x4_two_line_final/lineB_downsampled_x4_up/ear/train.log
B,EAR,1024,156,96.15,87.78,84.58,pointnet2_results/x4_two_line_final/lineB_downsampled_x4_up/ear/train.log
B,EAR,1024,157,96.15,87.98,85.28999999999999,pointnet2_results/x4_two_line_final/lineB_downsampled_x4_up/ear/train.log
B,EAR,1024,158,96.04,88.53999999999999,85.48,pointnet2_results/x4_two_line_final/lineB_downsampled_x4_up/ear/train.log
B,EAR,1024,159,95.97,88.39,85.14,pointnet2_results/x4_two_line_final/lineB_downsampled_x4_up/ear/train.log
B,EAR,1024,160,96.06,88.11,85.25,pointnet2_results/x4_two_line_final/lineB_downsampled_x4_up/ear/train.log
B,EAR,1024,161,96.43,88.3,85.16,pointnet2_results/x4_two_line_final/lineB_downsampled_x4_up/ear/train.log
B,EAR,1024,162,96.07,87.9,84.3,pointnet2_results/x4_two_line_final/lineB_downsampled_x4_up/ear/train.log
B,EAR,1024,163,96.12,87.64999999999999,84.56,pointnet2_results/x4_two_line_final/lineB_downsampled_x4_up/ear/train.log
B,EAR,1024,164,96.16,88.07000000000001,84.82,pointnet2_results/x4_two_line_final/lineB_downsampled_x4_up/ear/train.log
B,EAR,1024,165,96.57,87.94,84.39,pointnet2_results/x4_two_line_final/lineB_downsampled_x4_up/ear/train.log
B,EAR,1024,166,96.47,87.98,84.08,pointnet2_results/x4_two_line_final/lineB_downsampled_x4_up/ear/train.log
B,EAR,1024,167,96.34,87.41,83.95,pointnet2_results/x4_two_line_final/lineB_downsampled_x4_up/ear/train.log
B,EAR,1024,168,96.12,88.26,84.50999999999999,pointnet2_results/x4_two_line_final/lineB_downsampled_x4_up/ear/train.log
B,EAR,1024,169,96.74000000000001,88.18,84.77,pointnet2_results/x4_two_line_final/lineB_downsampled_x4_up/ear/train.log
B,EAR,1024,170,96.41999999999999,88.02,84.15,pointnet2_results/x4_two_line_final/lineB_downsampled_x4_up/ear/train.log
B,EAR,1024,171,96.41,88.14999999999999,85.0,pointnet2_results/x4_two_line_final/lineB_downsampled_x4_up/ear/train.log
B,EAR,1024,172,96.52,88.3,84.94,pointnet2_results/x4_two_line_final/lineB_downsampled_x4_up/ear/train.log
B,EAR,1024,173,96.34,88.31,85.49,pointnet2_results/x4_two_line_final/lineB_downsampled_x4_up/ear/train.log
B,EAR,1024,174,96.47,88.42,85.3,pointnet2_results/x4_two_line_final/lineB_downsampled_x4_up/ear/train.log
B,EAR,1024,175,96.57,88.26,84.28999999999999,pointnet2_results/x4_two_line_final/lineB_downsampled_x4_up/ear/train.log
B,EAR,1024,176,96.64,88.38000000000001,84.65,pointnet2_results/x4_two_line_final/lineB_downsampled_x4_up/ear/train.log
B,EAR,1024,177,96.53,87.9,83.98,pointnet2_results/x4_two_line_final/lineB_downsampled_x4_up/ear/train.log
B,EAR,1024,178,96.75,88.62,84.50999999999999,pointnet2_results/x4_two_line_final/lineB_downsampled_x4_up/ear/train.log
B,EAR,1024,179,96.36,87.98,84.73,pointnet2_results/x4_two_line_final/lineB_downsampled_x4_up/ear/train.log
B,EAR,1024,180,96.88,88.34,84.85000000000001,pointnet2_results/x4_two_line_final/lineB_downsampled_x4_up/ear/train.log
B,EAR,1024,181,96.64,88.2,84.42,pointnet2_results/x4_two_line_final/lineB_downsampled_x4_up/ear/train.log
B,EAR,1024,182,96.46000000000001,88.1,84.61,pointnet2_results/x4_two_line_final/lineB_downsampled_x4_up/ear/train.log
B,EAR,1024,183,96.92,88.37,84.78,pointnet2_results/x4_two_line_final/lineB_downsampled_x4_up/ear/train.log
B,EAR,1024,184,96.78999999999999,88.17,84.06,pointnet2_results/x4_two_line_final/lineB_downsampled_x4_up/ear/train.log
B,EAR,1024,185,96.49,88.38000000000001,84.91,pointnet2_results/x4_two_line_final/lineB_downsampled_x4_up/ear/train.log
B,EAR,1024,186,96.69,88.51,84.61999999999999,pointnet2_results/x4_two_line_final/lineB_downsampled_x4_up/ear/train.log
B,EAR,1024,187,96.8,88.13,84.11999999999999,pointnet2_results/x4_two_line_final/lineB_downsampled_x4_up/ear/train.log
B,EAR,1024,188,96.63000000000001,88.58,84.86,pointnet2_results/x4_two_line_final/lineB_downsampled_x4_up/ear/train.log
B,EAR,1024,189,96.77,87.94,84.11999999999999,pointnet2_results/x4_two_line_final/lineB_downsampled_x4_up/ear/train.log
B,EAR,1024,190,96.78,88.11,84.43,pointnet2_results/x4_two_line_final/lineB_downsampled_x4_up/ear/train.log
B,EAR,1024,191,96.99,87.98,84.27,pointnet2_results/x4_two_line_final/lineB_downsampled_x4_up/ear/train.log
B,EAR,1024,192,97.23,88.1,84.48,pointnet2_results/x4_two_line_final/lineB_downsampled_x4_up/ear/train.log
B,EAR,1024,193,96.83,88.41,84.6,pointnet2_results/x4_two_line_final/lineB_downsampled_x4_up/ear/train.log
B,EAR,1024,194,96.97,87.94,84.54,pointnet2_results/x4_two_line_final/lineB_downsampled_x4_up/ear/train.log
B,EAR,1024,195,96.98,88.11,84.39,pointnet2_results/x4_two_line_final/lineB_downsampled_x4_up/ear/train.log
B,EAR,1024,196,96.85000000000001,87.64999999999999,83.48,pointnet2_results/x4_two_line_final/lineB_downsampled_x4_up/ear/train.log
B,EAR,1024,197,96.94,87.72999999999999,83.78,pointnet2_results/x4_two_line_final/lineB_downsampled_x4_up/ear/train.log
B,EAR,1024,198,96.84,87.86,83.67,pointnet2_results/x4_two_line_final/lineB_downsampled_x4_up/ear/train.log
B,EAR,1024,199,96.86,87.82,84.63000000000001,pointnet2_results/x4_two_line_final/lineB_downsampled_x4_up/ear/train.log
B,EAR,1024,200,96.86,88.02,84.13000000000001,pointnet2_results/x4_two_line_final/lineB_downsampled_x4_up/ear/train.log
B,PDANS,1024,1,46.08,34.47,31.14,pointnet2_results/x4_two_line_final/lineB_downsampled_x4_up/pdans/train.log
B,PDANS,1024,2,61.519999999999996,61.94,55.58,pointnet2_results/x4_two_line_final/lineB_downsampled_x4_up/pdans/train.log
B,PDANS,1024,3,66.29,71.03,61.42999999999999,pointnet2_results/x4_two_line_final/lineB_downsampled_x4_up/pdans/train.log
B,PDANS,1024,4,70.15,76.1,69.41000000000001,pointnet2_results/x4_two_line_final/lineB_downsampled_x4_up/pdans/train.log
B,PDANS,1024,5,73.81,77.14,70.82000000000001,pointnet2_results/x4_two_line_final/lineB_downsampled_x4_up/pdans/train.log
B,PDANS,1024,6,75.02,78.14999999999999,72.58,pointnet2_results/x4_two_line_final/lineB_downsampled_x4_up/pdans/train.log
B,PDANS,1024,7,76.58,80.0,74.03999999999999,pointnet2_results/x4_two_line_final/lineB_downsampled_x4_up/pdans/train.log
B,PDANS,1024,8,77.22,78.49000000000001,70.71,pointnet2_results/x4_two_line_final/lineB_downsampled_x4_up/pdans/train.log
B,PDANS,1024,9,78.41,80.15,74.82,pointnet2_results/x4_two_line_final/lineB_downsampled_x4_up/pdans/train.log
B,PDANS,1024,10,79.07,80.35,77.3,pointnet2_results/x4_two_line_final/lineB_downsampled_x4_up/pdans/train.log
B,PDANS,1024,11,80.17,81.63,76.1,pointnet2_results/x4_two_line_final/lineB_downsampled_x4_up/pdans/train.log
B,PDANS,1024,12,80.62,82.49,77.33,pointnet2_results/x4_two_line_final/lineB_downsampled_x4_up/pdans/train.log
B,PDANS,1024,13,81.2,83.5,79.5,pointnet2_results/x4_two_line_final/lineB_downsampled_x4_up/pdans/train.log
B,PDANS,1024,14,81.84,82.57,76.7,pointnet2_results/x4_two_line_final/lineB_downsampled_x4_up/pdans/train.log
B,PDANS,1024,15,82.06,81.95,77.2,pointnet2_results/x4_two_line_final/lineB_downsampled_x4_up/pdans/train.log
B,PDANS,1024,16,82.77,83.81,78.69,pointnet2_results/x4_two_line_final/lineB_downsampled_x4_up/pdans/train.log
B,PDANS,1024,17,82.28999999999999,83.71,78.5,pointnet2_results/x4_two_line_final/lineB_downsampled_x4_up/pdans/train.log
B,PDANS,1024,18,83.35000000000001,83.67,79.82000000000001,pointnet2_results/x4_two_line_final/lineB_downsampled_x4_up/pdans/train.log
B,PDANS,1024,19,83.39,83.06,79.53,pointnet2_results/x4_two_line_final/lineB_downsampled_x4_up/pdans/train.log
B,PDANS,1024,20,85.3,86.6,81.46,pointnet2_results/x4_two_line_final/lineB_downsampled_x4_up/pdans/train.log
B,PDANS,1024,21,85.39999999999999,86.67,82.59,pointnet2_results/x4_two_line_final/lineB_downsampled_x4_up/pdans/train.log
B,PDANS,1024,22,86.22999999999999,84.47,81.28999999999999,pointnet2_results/x4_two_line_final/lineB_downsampled_x4_up/pdans/train.log
B,PDANS,1024,23,86.28,86.91,82.78,pointnet2_results/x4_two_line_final/lineB_downsampled_x4_up/pdans/train.log
B,PDANS,1024,24,86.76,86.17,81.96,pointnet2_results/x4_two_line_final/lineB_downsampled_x4_up/pdans/train.log
B,PDANS,1024,25,86.6,85.87,80.36999999999999,pointnet2_results/x4_two_line_final/lineB_downsampled_x4_up/pdans/train.log
B,PDANS,1024,26,87.02,86.85000000000001,82.89,pointnet2_results/x4_two_line_final/lineB_downsampled_x4_up/pdans/train.log
B,PDANS,1024,27,86.76,86.5,82.61,pointnet2_results/x4_two_line_final/lineB_downsampled_x4_up/pdans/train.log
B,PDANS,1024,28,86.97,87.49,83.1,pointnet2_results/x4_two_line_final/lineB_downsampled_x4_up/pdans/train.log
B,PDANS,1024,29,87.45,85.84,81.2,pointnet2_results/x4_two_line_final/lineB_downsampled_x4_up/pdans/train.log
B,PDANS,1024,30,86.89,87.41,83.61,pointnet2_results/x4_two_line_final/lineB_downsampled_x4_up/pdans/train.log
B,PDANS,1024,31,87.31,86.2,84.0,pointnet2_results/x4_two_line_final/lineB_downsampled_x4_up/pdans/train.log
B,PDANS,1024,32,87.27000000000001,87.53999999999999,81.46,pointnet2_results/x4_two_line_final/lineB_downsampled_x4_up/pdans/train.log
B,PDANS,1024,33,87.33,87.82,82.91,pointnet2_results/x4_two_line_final/lineB_downsampled_x4_up/pdans/train.log
B,PDANS,1024,34,87.75,87.58,84.11,pointnet2_results/x4_two_line_final/lineB_downsampled_x4_up/pdans/train.log
B,PDANS,1024,35,88.1,86.89,82.54,pointnet2_results/x4_two_line_final/lineB_downsampled_x4_up/pdans/train.log
B,PDANS,1024,36,87.67,88.1,83.35000000000001,pointnet2_results/x4_two_line_final/lineB_downsampled_x4_up/pdans/train.log
B,PDANS,1024,37,88.24,86.79,82.72,pointnet2_results/x4_two_line_final/lineB_downsampled_x4_up/pdans/train.log
B,PDANS,1024,38,87.59,87.53,83.00999999999999,pointnet2_results/x4_two_line_final/lineB_downsampled_x4_up/pdans/train.log
B,PDANS,1024,39,88.63,88.46000000000001,84.38,pointnet2_results/x4_two_line_final/lineB_downsampled_x4_up/pdans/train.log
B,PDANS,1024,40,89.77000000000001,89.16,84.89999999999999,pointnet2_results/x4_two_line_final/lineB_downsampled_x4_up/pdans/train.log
B,PDANS,1024,41,90.42,87.26,83.95,pointnet2_results/x4_two_line_final/lineB_downsampled_x4_up/pdans/train.log
B,PDANS,1024,42,90.42999999999999,88.31,84.27,pointnet2_results/x4_two_line_final/lineB_downsampled_x4_up/pdans/train.log
B,PDANS,1024,43,89.86,88.53999999999999,83.41,pointnet2_results/x4_two_line_final/lineB_downsampled_x4_up/pdans/train.log
B,PDANS,1024,44,90.01,88.2,83.89999999999999,pointnet2_results/x4_two_line_final/lineB_downsampled_x4_up/pdans/train.log
B,PDANS,1024,45,90.82000000000001,88.64999999999999,84.61999999999999,pointnet2_results/x4_two_line_final/lineB_downsampled_x4_up/pdans/train.log
B,PDANS,1024,46,90.4,88.16000000000001,83.84,pointnet2_results/x4_two_line_final/lineB_downsampled_x4_up/pdans/train.log
B,PDANS,1024,47,90.84,87.92999999999999,84.5,pointnet2_results/x4_two_line_final/lineB_downsampled_x4_up/pdans/train.log
B,PDANS,1024,48,90.79,87.39,83.38,pointnet2_results/x4_two_line_final/lineB_downsampled_x4_up/pdans/train.log
B,PDANS,1024,49,90.66,87.94,84.93,pointnet2_results/x4_two_line_final/lineB_downsampled_x4_up/pdans/train.log
B,PDANS,1024,50,90.69,87.32,83.97,pointnet2_results/x4_two_line_final/lineB_downsampled_x4_up/pdans/train.log
B,PDANS,1024,51,91.08000000000001,88.53999999999999,83.8,pointnet2_results/x4_two_line_final/lineB_downsampled_x4_up/pdans/train.log
B,PDANS,1024,52,90.63,88.96,84.89,pointnet2_results/x4_two_line_final/lineB_downsampled_x4_up/pdans/train.log
B,PDANS,1024,53,91.07,87.64999999999999,83.74000000000001,pointnet2_results/x4_two_line_final/lineB_downsampled_x4_up/pdans/train.log
B,PDANS,1024,54,90.88000000000001,87.96000000000001,84.31,pointnet2_results/x4_two_line_final/lineB_downsampled_x4_up/pdans/train.log
B,PDANS,1024,55,91.39,88.0,83.96000000000001,pointnet2_results/x4_two_line_final/lineB_downsampled_x4_up/pdans/train.log
B,PDANS,1024,56,90.42999999999999,88.53999999999999,83.87,pointnet2_results/x4_two_line_final/lineB_downsampled_x4_up/pdans/train.log
B,PDANS,1024,57,91.5,89.28,84.77,pointnet2_results/x4_two_line_final/lineB_downsampled_x4_up/pdans/train.log
B,PDANS,1024,58,91.39,88.53999999999999,85.41,pointnet2_results/x4_two_line_final/lineB_downsampled_x4_up/pdans/train.log
B,PDANS,1024,59,91.29,89.23,85.07000000000001,pointnet2_results/x4_two_line_final/lineB_downsampled_x4_up/pdans/train.log
B,PDANS,1024,60,92.51,89.13,84.88,pointnet2_results/x4_two_line_final/lineB_downsampled_x4_up/pdans/train.log
B,PDANS,1024,61,92.57,88.69,84.89999999999999,pointnet2_results/x4_two_line_final/lineB_downsampled_x4_up/pdans/train.log
B,PDANS,1024,62,92.65,89.14,86.3,pointnet2_results/x4_two_line_final/lineB_downsampled_x4_up/pdans/train.log
B,PDANS,1024,63,92.97,88.53999999999999,84.50999999999999,pointnet2_results/x4_two_line_final/lineB_downsampled_x4_up/pdans/train.log
B,PDANS,1024,64,92.66,88.67,84.71,pointnet2_results/x4_two_line_final/lineB_downsampled_x4_up/pdans/train.log
B,PDANS,1024,65,93.08,88.75,84.21,pointnet2_results/x4_two_line_final/lineB_downsampled_x4_up/pdans/train.log
B,PDANS,1024,66,93.12,89.14999999999999,85.38,pointnet2_results/x4_two_line_final/lineB_downsampled_x4_up/pdans/train.log
B,PDANS,1024,67,93.08,88.69,85.87,pointnet2_results/x4_two_line_final/lineB_downsampled_x4_up/pdans/train.log
B,PDANS,1024,68,93.17,88.4,84.64,pointnet2_results/x4_two_line_final/lineB_downsampled_x4_up/pdans/train.log
B,PDANS,1024,69,93.19,88.35,84.91,pointnet2_results/x4_two_line_final/lineB_downsampled_x4_up/pdans/train.log
B,PDANS,1024,70,93.23,88.35,84.02,pointnet2_results/x4_two_line_final/lineB_downsampled_x4_up/pdans/train.log
B,PDANS,1024,71,93.26,89.25,84.97,pointnet2_results/x4_two_line_final/lineB_downsampled_x4_up/pdans/train.log
B,PDANS,1024,72,92.86,88.78,85.28999999999999,pointnet2_results/x4_two_line_final/lineB_downsampled_x4_up/pdans/train.log
B,PDANS,1024,73,93.42,88.71,84.68,pointnet2_results/x4_two_line_final/lineB_downsampled_x4_up/pdans/train.log
B,PDANS,1024,74,93.52000000000001,89.98,85.31,pointnet2_results/x4_two_line_final/lineB_downsampled_x4_up/pdans/train.log
B,PDANS,1024,75,93.74,88.71,85.09,pointnet2_results/x4_two_line_final/lineB_downsampled_x4_up/pdans/train.log
B,PDANS,1024,76,93.32000000000001,88.96,84.27,pointnet2_results/x4_two_line_final/lineB_downsampled_x4_up/pdans/train.log
B,PDANS,1024,77,93.62,89.35,85.65,pointnet2_results/x4_two_line_final/lineB_downsampled_x4_up/pdans/train.log
B,PDANS,1024,78,93.2,89.28,85.36,pointnet2_results/x4_two_line_final/lineB_downsampled_x4_up/pdans/train.log
B,PDANS,1024,79,93.91000000000001,89.25,85.74000000000001,pointnet2_results/x4_two_line_final/lineB_downsampled_x4_up/pdans/train.log
B,PDANS,1024,80,94.45,88.63,84.96000000000001,pointnet2_results/x4_two_line_final/lineB_downsampled_x4_up/pdans/train.log
B,PDANS,1024,81,94.44,89.42,85.32,pointnet2_results/x4_two_line_final/lineB_downsampled_x4_up/pdans/train.log
B,PDANS,1024,82,94.55,89.28,85.53,pointnet2_results/x4_two_line_final/lineB_downsampled_x4_up/pdans/train.log
B,PDANS,1024,83,94.72,89.29,85.6,pointnet2_results/x4_two_line_final/lineB_downsampled_x4_up/pdans/train.log
B,PDANS,1024,84,94.83,88.84,84.78,pointnet2_results/x4_two_line_final/lineB_downsampled_x4_up/pdans/train.log
B,PDANS,1024,85,94.63000000000001,89.25999999999999,84.92,pointnet2_results/x4_two_line_final/lineB_downsampled_x4_up/pdans/train.log
B,PDANS,1024,86,94.84,89.68,86.0,pointnet2_results/x4_two_line_final/lineB_downsampled_x4_up/pdans/train.log
B,PDANS,1024,87,94.52000000000001,88.75,84.5,pointnet2_results/x4_two_line_final/lineB_downsampled_x4_up/pdans/train.log
B,PDANS,1024,88,94.82000000000001,88.88000000000001,84.95,pointnet2_results/x4_two_line_final/lineB_downsampled_x4_up/pdans/train.log
B,PDANS,1024,89,94.89999999999999,89.09,85.68,pointnet2_results/x4_two_line_final/lineB_downsampled_x4_up/pdans/train.log
B,PDANS,1024,90,94.66,88.87,85.05,pointnet2_results/x4_two_line_final/lineB_downsampled_x4_up/pdans/train.log
B,PDANS,1024,91,94.46,89.56,85.78,pointnet2_results/x4_two_line_final/lineB_downsampled_x4_up/pdans/train.log
B,PDANS,1024,92,94.96,89.42999999999999,85.42999999999999,pointnet2_results/x4_two_line_final/lineB_downsampled_x4_up/pdans/train.log
B,PDANS,1024,93,95.04,89.41,86.27,pointnet2_results/x4_two_line_final/lineB_downsampled_x4_up/pdans/train.log
B,PDANS,1024,94,94.98,89.13,85.15,pointnet2_results/x4_two_line_final/lineB_downsampled_x4_up/pdans/train.log
B,PDANS,1024,95,95.19,89.89,87.33999999999999,pointnet2_results/x4_two_line_final/lineB_downsampled_x4_up/pdans/train.log
B,PDANS,1024,96,94.91000000000001,89.29,84.61,pointnet2_results/x4_two_line_final/lineB_downsampled_x4_up/pdans/train.log
B,PDANS,1024,97,94.81,89.45,86.07000000000001,pointnet2_results/x4_two_line_final/lineB_downsampled_x4_up/pdans/train.log
B,PDANS,1024,98,95.27,88.39,86.1,pointnet2_results/x4_two_line_final/lineB_downsampled_x4_up/pdans/train.log
B,PDANS,1024,99,94.8,87.99,84.94,pointnet2_results/x4_two_line_final/lineB_downsampled_x4_up/pdans/train.log
B,PDANS,1024,100,95.5,89.42999999999999,86.05000000000001,pointnet2_results/x4_two_line_final/lineB_downsampled_x4_up/pdans/train.log
B,PDANS,1024,101,95.92,89.57000000000001,86.38,pointnet2_results/x4_two_line_final/lineB_downsampled_x4_up/pdans/train.log
B,PDANS,1024,102,95.91,88.71,85.69,pointnet2_results/x4_two_line_final/lineB_downsampled_x4_up/pdans/train.log
B,PDANS,1024,103,95.49,88.9,85.78,pointnet2_results/x4_two_line_final/lineB_downsampled_x4_up/pdans/train.log
B,PDANS,1024,104,96.24000000000001,89.46,86.4,pointnet2_results/x4_two_line_final/lineB_downsampled_x4_up/pdans/train.log
B,PDANS,1024,105,95.78999999999999,89.97,86.63,pointnet2_results/x4_two_line_final/lineB_downsampled_x4_up/pdans/train.log
B,PDANS,1024,106,96.06,89.42,86.28,pointnet2_results/x4_two_line_final/lineB_downsampled_x4_up/pdans/train.log
B,PDANS,1024,107,96.24000000000001,89.72,86.56,pointnet2_results/x4_two_line_final/lineB_downsampled_x4_up/pdans/train.log
B,PDANS,1024,108,96.43,89.03999999999999,85.77,pointnet2_results/x4_two_line_final/lineB_downsampled_x4_up/pdans/train.log
B,PDANS,1024,109,96.08,88.47,85.31,pointnet2_results/x4_two_line_final/lineB_downsampled_x4_up/pdans/train.log
B,PDANS,1024,110,96.08,89.77000000000001,85.77,pointnet2_results/x4_two_line_final/lineB_downsampled_x4_up/pdans/train.log
B,PDANS,1024,111,96.21,89.09,86.11999999999999,pointnet2_results/x4_two_line_final/lineB_downsampled_x4_up/pdans/train.log
B,PDANS,1024,112,96.36,89.24,85.77,pointnet2_results/x4_two_line_final/lineB_downsampled_x4_up/pdans/train.log
B,PDANS,1024,113,96.22,88.7,85.48,pointnet2_results/x4_two_line_final/lineB_downsampled_x4_up/pdans/train.log
B,PDANS,1024,114,96.28,89.22,86.36,pointnet2_results/x4_two_line_final/lineB_downsampled_x4_up/pdans/train.log
B,PDANS,1024,115,96.33,88.72,85.31,pointnet2_results/x4_two_line_final/lineB_downsampled_x4_up/pdans/train.log
B,PDANS,1024,116,96.38,89.47,86.22999999999999,pointnet2_results/x4_two_line_final/lineB_downsampled_x4_up/pdans/train.log
B,PDANS,1024,117,96.3,89.37,85.74000000000001,pointnet2_results/x4_two_line_final/lineB_downsampled_x4_up/pdans/train.log
B,PDANS,1024,118,96.55,88.62,84.89,pointnet2_results/x4_two_line_final/lineB_downsampled_x4_up/pdans/train.log
B,PDANS,1024,119,96.39,89.0,86.08,pointnet2_results/x4_two_line_final/lineB_downsampled_x4_up/pdans/train.log
B,PDANS,1024,120,96.47,89.12,85.66,pointnet2_results/x4_two_line_final/lineB_downsampled_x4_up/pdans/train.log
B,PDANS,1024,121,96.89,88.67,85.56,pointnet2_results/x4_two_line_final/lineB_downsampled_x4_up/pdans/train.log
B,PDANS,1024,122,96.49,89.51,86.1,pointnet2_results/x4_two_line_final/lineB_downsampled_x4_up/pdans/train.log
B,PDANS,1024,123,96.96000000000001,88.98,84.8,pointnet2_results/x4_two_line_final/lineB_downsampled_x4_up/pdans/train.log
B,PDANS,1024,124,97.26,89.21,86.11,pointnet2_results/x4_two_line_final/lineB_downsampled_x4_up/pdans/train.log
B,PDANS,1024,125,97.13000000000001,90.18,87.31,pointnet2_results/x4_two_line_final/lineB_downsampled_x4_up/pdans/train.log
B,PDANS,1024,126,96.94,89.27000000000001,86.63,pointnet2_results/x4_two_line_final/lineB_downsampled_x4_up/pdans/train.log
B,PDANS,1024,127,97.02,89.05999999999999,85.81,pointnet2_results/x4_two_line_final/lineB_downsampled_x4_up/pdans/train.log
B,PDANS,1024,128,97.18,88.5,85.18,pointnet2_results/x4_two_line_final/lineB_downsampled_x4_up/pdans/train.log
B,PDANS,1024,129,96.86,89.48,85.41,pointnet2_results/x4_two_line_final/lineB_downsampled_x4_up/pdans/train.log
B,PDANS,1024,130,97.16,89.09,85.24000000000001,pointnet2_results/x4_two_line_final/lineB_downsampled_x4_up/pdans/train.log
B,PDANS,1024,131,97.13000000000001,88.79,85.9,pointnet2_results/x4_two_line_final/lineB_downsampled_x4_up/pdans/train.log
B,PDANS,1024,132,97.14,89.46,86.0,pointnet2_results/x4_two_line_final/lineB_downsampled_x4_up/pdans/train.log
B,PDANS,1024,133,97.05,89.19,85.53,pointnet2_results/x4_two_line_final/lineB_downsampled_x4_up/pdans/train.log
B,PDANS,1024,134,97.03,89.32,86.1,pointnet2_results/x4_two_line_final/lineB_downsampled_x4_up/pdans/train.log
B,PDANS,1024,135,97.04,88.2,84.63000000000001,pointnet2_results/x4_two_line_final/lineB_downsampled_x4_up/pdans/train.log
B,PDANS,1024,136,97.35000000000001,89.08,85.11,pointnet2_results/x4_two_line_final/lineB_downsampled_x4_up/pdans/train.log
B,PDANS,1024,137,97.07000000000001,88.89,84.58,pointnet2_results/x4_two_line_final/lineB_downsampled_x4_up/pdans/train.log
B,PDANS,1024,138,97.16,89.62,85.28,pointnet2_results/x4_two_line_final/lineB_downsampled_x4_up/pdans/train.log
B,PDANS,1024,139,97.1,89.59,85.55,pointnet2_results/x4_two_line_final/lineB_downsampled_x4_up/pdans/train.log
B,PDANS,1024,140,96.89,89.92999999999999,85.42,pointnet2_results/x4_two_line_final/lineB_downsampled_x4_up/pdans/train.log
B,PDANS,1024,141,97.41,90.06,86.44,pointnet2_results/x4_two_line_final/lineB_downsampled_x4_up/pdans/train.log
B,PDANS,1024,142,97.44,89.64,86.2,pointnet2_results/x4_two_line_final/lineB_downsampled_x4_up/pdans/train.log
B,PDANS,1024,143,97.56,89.83,85.6,pointnet2_results/x4_two_line_final/lineB_downsampled_x4_up/pdans/train.log
B,PDANS,1024,144,97.53,89.4,85.92,pointnet2_results/x4_two_line_final/lineB_downsampled_x4_up/pdans/train.log
B,PDANS,1024,145,97.52,90.34,86.2,pointnet2_results/x4_two_line_final/lineB_downsampled_x4_up/pdans/train.log
B,PDANS,1024,146,97.69,89.44,85.22999999999999,pointnet2_results/x4_two_line_final/lineB_downsampled_x4_up/pdans/train.log
B,PDANS,1024,147,97.37,89.27000000000001,86.06,pointnet2_results/x4_two_line_final/lineB_downsampled_x4_up/pdans/train.log
B,PDANS,1024,148,97.66,90.25,86.67,pointnet2_results/x4_two_line_final/lineB_downsampled_x4_up/pdans/train.log
B,PDANS,1024,149,97.36,88.99000000000001,85.87,pointnet2_results/x4_two_line_final/lineB_downsampled_x4_up/pdans/train.log
B,PDANS,1024,150,97.95,89.31,86.56,pointnet2_results/x4_two_line_final/lineB_downsampled_x4_up/pdans/train.log
B,PDANS,1024,151,97.99,89.78,86.24000000000001,pointnet2_results/x4_two_line_final/lineB_downsampled_x4_up/pdans/train.log
B,PDANS,1024,152,97.78,89.19,85.92,pointnet2_results/x4_two_line_final/lineB_downsampled_x4_up/pdans/train.log
B,PDANS,1024,153,97.78,89.02,85.47,pointnet2_results/x4_two_line_final/lineB_downsampled_x4_up/pdans/train.log
B,PDANS,1024,154,97.44,88.91,85.26,pointnet2_results/x4_two_line_final/lineB_downsampled_x4_up/pdans/train.log
B,PDANS,1024,155,97.67,88.81,84.39999999999999,pointnet2_results/x4_two_line_final/lineB_downsampled_x4_up/pdans/train.log
B,PDANS,1024,156,97.72,89.34,85.69,pointnet2_results/x4_two_line_final/lineB_downsampled_x4_up/pdans/train.log
B,PDANS,1024,157,97.69,88.87,86.04,pointnet2_results/x4_two_line_final/lineB_downsampled_x4_up/pdans/train.log
B,PDANS,1024,158,98.11,89.32,85.87,pointnet2_results/x4_two_line_final/lineB_downsampled_x4_up/pdans/train.log
B,PDANS,1024,159,97.74000000000001,88.71,84.52,pointnet2_results/x4_two_line_final/lineB_downsampled_x4_up/pdans/train.log
B,PDANS,1024,160,97.78,88.83,85.28,pointnet2_results/x4_two_line_final/lineB_downsampled_x4_up/pdans/train.log
B,PDANS,1024,161,97.91,89.3,85.1,pointnet2_results/x4_two_line_final/lineB_downsampled_x4_up/pdans/train.log
B,PDANS,1024,162,97.78,89.16,85.38,pointnet2_results/x4_two_line_final/lineB_downsampled_x4_up/pdans/train.log
B,PDANS,1024,163,97.89,89.14,85.33,pointnet2_results/x4_two_line_final/lineB_downsampled_x4_up/pdans/train.log
B,PDANS,1024,164,97.71,89.42999999999999,85.00999999999999,pointnet2_results/x4_two_line_final/lineB_downsampled_x4_up/pdans/train.log
B,PDANS,1024,165,98.28,89.2,85.32,pointnet2_results/x4_two_line_final/lineB_downsampled_x4_up/pdans/train.log
B,PDANS,1024,166,98.1,88.94999999999999,85.68,pointnet2_results/x4_two_line_final/lineB_downsampled_x4_up/pdans/train.log
B,PDANS,1024,167,98.04,88.88000000000001,85.42,pointnet2_results/x4_two_line_final/lineB_downsampled_x4_up/pdans/train.log
B,PDANS,1024,168,98.28,88.88000000000001,85.3,pointnet2_results/x4_two_line_final/lineB_downsampled_x4_up/pdans/train.log
B,PDANS,1024,169,98.31,89.48,85.97,pointnet2_results/x4_two_line_final/lineB_downsampled_x4_up/pdans/train.log
B,PDANS,1024,170,98.08,89.47,86.31,pointnet2_results/x4_two_line_final/lineB_downsampled_x4_up/pdans/train.log
B,PDANS,1024,171,97.88,89.37,85.58,pointnet2_results/x4_two_line_final/lineB_downsampled_x4_up/pdans/train.log
B,PDANS,1024,172,97.89999999999999,89.41,86.18,pointnet2_results/x4_two_line_final/lineB_downsampled_x4_up/pdans/train.log
B,PDANS,1024,173,97.83,89.16,85.39,pointnet2_results/x4_two_line_final/lineB_downsampled_x4_up/pdans/train.log
B,PDANS,1024,174,98.17,89.73,86.24000000000001,pointnet2_results/x4_two_line_final/lineB_downsampled_x4_up/pdans/train.log
B,PDANS,1024,175,98.16,89.94,86.79,pointnet2_results/x4_two_line_final/lineB_downsampled_x4_up/pdans/train.log
B,PDANS,1024,176,98.14,89.68,86.16,pointnet2_results/x4_two_line_final/lineB_downsampled_x4_up/pdans/train.log
B,PDANS,1024,177,98.06,89.57000000000001,86.6,pointnet2_results/x4_two_line_final/lineB_downsampled_x4_up/pdans/train.log
B,PDANS,1024,178,98.18,89.12,86.3,pointnet2_results/x4_two_line_final/lineB_downsampled_x4_up/pdans/train.log
B,PDANS,1024,179,98.17,89.56,86.47,pointnet2_results/x4_two_line_final/lineB_downsampled_x4_up/pdans/train.log
B,PDANS,1024,180,98.34,89.37,86.29,pointnet2_results/x4_two_line_final/lineB_downsampled_x4_up/pdans/train.log
B,PDANS,1024,181,97.92999999999999,89.48,86.92999999999999,pointnet2_results/x4_two_line_final/lineB_downsampled_x4_up/pdans/train.log
B,PDANS,1024,182,98.16,89.97,86.74,pointnet2_results/x4_two_line_final/lineB_downsampled_x4_up/pdans/train.log
B,PDANS,1024,183,98.17,89.97,86.85000000000001,pointnet2_results/x4_two_line_final/lineB_downsampled_x4_up/pdans/train.log
B,PDANS,1024,184,98.22999999999999,89.42999999999999,86.33999999999999,pointnet2_results/x4_two_line_final/lineB_downsampled_x4_up/pdans/train.log
B,PDANS,1024,185,98.18,89.77000000000001,86.71,pointnet2_results/x4_two_line_final/lineB_downsampled_x4_up/pdans/train.log
B,PDANS,1024,186,98.47,89.68,86.32,pointnet2_results/x4_two_line_final/lineB_downsampled_x4_up/pdans/train.log
B,PDANS,1024,187,98.17,89.3,85.87,pointnet2_results/x4_two_line_final/lineB_downsampled_x4_up/pdans/train.log
B,PDANS,1024,188,98.37,89.27000000000001,86.28,pointnet2_results/x4_two_line_final/lineB_downsampled_x4_up/pdans/train.log
B,PDANS,1024,189,98.33,89.42999999999999,85.69,pointnet2_results/x4_two_line_final/lineB_downsampled_x4_up/pdans/train.log
B,PDANS,1024,190,98.2,89.39,86.05000000000001,pointnet2_results/x4_two_line_final/lineB_downsampled_x4_up/pdans/train.log
B,PDANS,1024,191,98.41,89.27000000000001,86.59,pointnet2_results/x4_two_line_final/lineB_downsampled_x4_up/pdans/train.log
B,PDANS,1024,192,98.41,88.98,84.37,pointnet2_results/x4_two_line_final/lineB_downsampled_x4_up/pdans/train.log
B,PDANS,1024,193,98.14,89.14999999999999,85.37,pointnet2_results/x4_two_line_final/lineB_downsampled_x4_up/pdans/train.log
B,PDANS,1024,194,98.22999999999999,89.52,85.54,pointnet2_results/x4_two_line_final/lineB_downsampled_x4_up/pdans/train.log
B,PDANS,1024,195,98.53,89.44,86.14,pointnet2_results/x4_two_line_final/lineB_downsampled_x4_up/pdans/train.log
B,PDANS,1024,196,98.39,89.44,85.9,pointnet2_results/x4_two_line_final/lineB_downsampled_x4_up/pdans/train.log
B,PDANS,1024,197,98.58,89.7,86.46000000000001,pointnet2_results/x4_two_line_final/lineB_downsampled_x4_up/pdans/train.log
B,PDANS,1024,198,98.36,90.14999999999999,85.97,pointnet2_results/x4_two_line_final/lineB_downsampled_x4_up/pdans/train.log
B,PDANS,1024,199,98.21,89.77000000000001,86.08,pointnet2_results/x4_two_line_final/lineB_downsampled_x4_up/pdans/train.log
B,PDANS,1024,200,98.22999999999999,89.46,85.86,pointnet2_results/x4_two_line_final/lineB_downsampled_x4_up/pdans/train.log
B,PU-Net,1024,1,49.7,54.98,46.02,pointnet2_results/x4_two_line_final/lineB_downsampled_x4_up/pu_net/train.log
B,PU-Net,1024,2,65.19,58.489999999999995,56.38999999999999,pointnet2_results/x4_two_line_final/lineB_downsampled_x4_up/pu_net/train.log
B,PU-Net,1024,3,69.6,76.92999999999999,67.86,pointnet2_results/x4_two_line_final/lineB_downsampled_x4_up/pu_net/train.log
B,PU-Net,1024,4,72.65,77.49000000000001,72.82,pointnet2_results/x4_two_line_final/lineB_downsampled_x4_up/pu_net/train.log
B,PU-Net,1024,5,76.24,81.89,75.6,pointnet2_results/x4_two_line_final/lineB_downsampled_x4_up/pu_net/train.log
B,PU-Net,1024,6,76.9,80.67,74.36,pointnet2_results/x4_two_line_final/lineB_downsampled_x4_up/pu_net/train.log
B,PU-Net,1024,7,77.97,78.03999999999999,73.39,pointnet2_results/x4_two_line_final/lineB_downsampled_x4_up/pu_net/train.log
B,PU-Net,1024,8,79.54,78.62,73.68,pointnet2_results/x4_two_line_final/lineB_downsampled_x4_up/pu_net/train.log
B,PU-Net,1024,9,80.35,84.08,79.25,pointnet2_results/x4_two_line_final/lineB_downsampled_x4_up/pu_net/train.log
B,PU-Net,1024,10,80.34,83.31,77.97,pointnet2_results/x4_two_line_final/lineB_downsampled_x4_up/pu_net/train.log
B,PU-Net,1024,11,80.84,84.77,78.95,pointnet2_results/x4_two_line_final/lineB_downsampled_x4_up/pu_net/train.log
B,PU-Net,1024,12,82.08,83.26,79.58,pointnet2_results/x4_two_line_final/lineB_downsampled_x4_up/pu_net/train.log
B,PU-Net,1024,13,82.54,83.59,79.89,pointnet2_results/x4_two_line_final/lineB_downsampled_x4_up/pu_net/train.log
B,PU-Net,1024,14,82.41000000000001,85.59,79.47999999999999,pointnet2_results/x4_two_line_final/lineB_downsampled_x4_up/pu_net/train.log
B,PU-Net,1024,15,82.37,82.87,78.43,pointnet2_results/x4_two_line_final/lineB_downsampled_x4_up/pu_net/train.log
B,PU-Net,1024,16,83.64,85.04,79.07,pointnet2_results/x4_two_line_final/lineB_downsampled_x4_up/pu_net/train.log
B,PU-Net,1024,17,83.74000000000001,85.94000000000001,80.88,pointnet2_results/x4_two_line_final/lineB_downsampled_x4_up/pu_net/train.log
B,PU-Net,1024,18,84.09,84.95,81.14,pointnet2_results/x4_two_line_final/lineB_downsampled_x4_up/pu_net/train.log
B,PU-Net,1024,19,84.54,86.31,82.04,pointnet2_results/x4_two_line_final/lineB_downsampled_x4_up/pu_net/train.log
B,PU-Net,1024,20,86.28,87.78,82.53,pointnet2_results/x4_two_line_final/lineB_downsampled_x4_up/pu_net/train.log
B,PU-Net,1024,21,86.67,87.71,83.85000000000001,pointnet2_results/x4_two_line_final/lineB_downsampled_x4_up/pu_net/train.log
B,PU-Net,1024,22,86.26,86.7,82.59,pointnet2_results/x4_two_line_final/lineB_downsampled_x4_up/pu_net/train.log
B,PU-Net,1024,23,86.48,86.79,83.39,pointnet2_results/x4_two_line_final/lineB_downsampled_x4_up/pu_net/train.log
B,PU-Net,1024,24,87.32,88.08,84.42,pointnet2_results/x4_two_line_final/lineB_downsampled_x4_up/pu_net/train.log
B,PU-Net,1024,25,86.46000000000001,87.45,83.1,pointnet2_results/x4_two_line_final/lineB_downsampled_x4_up/pu_net/train.log
B,PU-Net,1024,26,87.33,88.35,83.76,pointnet2_results/x4_two_line_final/lineB_downsampled_x4_up/pu_net/train.log
B,PU-Net,1024,27,87.16000000000001,87.64999999999999,83.88,pointnet2_results/x4_two_line_final/lineB_downsampled_x4_up/pu_net/train.log
B,PU-Net,1024,28,87.33999999999999,88.02,83.84,pointnet2_results/x4_two_line_final/lineB_downsampled_x4_up/pu_net/train.log
B,PU-Net,1024,29,87.77000000000001,89.45,84.85000000000001,pointnet2_results/x4_two_line_final/lineB_downsampled_x4_up/pu_net/train.log
B,PU-Net,1024,30,87.5,88.3,84.78,pointnet2_results/x4_two_line_final/lineB_downsampled_x4_up/pu_net/train.log
B,PU-Net,1024,31,87.4,88.5,84.95,pointnet2_results/x4_two_line_final/lineB_downsampled_x4_up/pu_net/train.log
B,PU-Net,1024,32,88.05,88.37,84.64,pointnet2_results/x4_two_line_final/lineB_downsampled_x4_up/pu_net/train.log
B,PU-Net,1024,33,87.9,89.25999999999999,85.39,pointnet2_results/x4_two_line_final/lineB_downsampled_x4_up/pu_net/train.log
B,PU-Net,1024,34,88.34,88.17,84.69,pointnet2_results/x4_two_line_final/lineB_downsampled_x4_up/pu_net/train.log
B,PU-Net,1024,35,88.64999999999999,88.32,84.31,pointnet2_results/x4_two_line_final/lineB_downsampled_x4_up/pu_net/train.log
B,PU-Net,1024,36,87.94,88.33,84.37,pointnet2_results/x4_two_line_final/lineB_downsampled_x4_up/pu_net/train.log
B,PU-Net,1024,37,88.32,88.59,85.15,pointnet2_results/x4_two_line_final/lineB_downsampled_x4_up/pu_net/train.log
B,PU-Net,1024,38,88.19,87.57000000000001,83.99,pointnet2_results/x4_two_line_final/lineB_downsampled_x4_up/pu_net/train.log
B,PU-Net,1024,39,89.01,89.73,85.7,pointnet2_results/x4_two_line_final/lineB_downsampled_x4_up/pu_net/train.log
B,PU-Net,1024,40,89.14999999999999,89.57000000000001,86.31,pointnet2_results/x4_two_line_final/lineB_downsampled_x4_up/pu_net/train.log
B,PU-Net,1024,41,90.12,89.81,86.02,pointnet2_results/x4_two_line_final/lineB_downsampled_x4_up/pu_net/train.log
B,PU-Net,1024,42,90.34,89.73,86.92999999999999,pointnet2_results/x4_two_line_final/lineB_downsampled_x4_up/pu_net/train.log
B,PU-Net,1024,43,90.2,89.68,85.09,pointnet2_results/x4_two_line_final/lineB_downsampled_x4_up/pu_net/train.log
B,PU-Net,1024,44,90.42999999999999,89.83,85.55,pointnet2_results/x4_two_line_final/lineB_downsampled_x4_up/pu_net/train.log
B,PU-Net,1024,45,90.28,89.61,85.13,pointnet2_results/x4_two_line_final/lineB_downsampled_x4_up/pu_net/train.log
B,PU-Net,1024,46,90.25,89.05999999999999,84.91,pointnet2_results/x4_two_line_final/lineB_downsampled_x4_up/pu_net/train.log
B,PU-Net,1024,47,91.28,89.03999999999999,85.57000000000001,pointnet2_results/x4_two_line_final/lineB_downsampled_x4_up/pu_net/train.log
B,PU-Net,1024,48,90.67,89.68,86.81,pointnet2_results/x4_two_line_final/lineB_downsampled_x4_up/pu_net/train.log
B,PU-Net,1024,49,90.84,89.05,87.03999999999999,pointnet2_results/x4_two_line_final/lineB_downsampled_x4_up/pu_net/train.log
B,PU-Net,1024,50,90.67,88.53,85.50999999999999,pointnet2_results/x4_two_line_final/lineB_downsampled_x4_up/pu_net/train.log
B,PU-Net,1024,51,90.89,90.44,86.0,pointnet2_results/x4_two_line_final/lineB_downsampled_x4_up/pu_net/train.log
B,PU-Net,1024,52,90.9,88.69,85.66,pointnet2_results/x4_two_line_final/lineB_downsampled_x4_up/pu_net/train.log
B,PU-Net,1024,53,91.44,89.3,86.71,pointnet2_results/x4_two_line_final/lineB_downsampled_x4_up/pu_net/train.log
B,PU-Net,1024,54,91.14,88.79,86.08,pointnet2_results/x4_two_line_final/lineB_downsampled_x4_up/pu_net/train.log
B,PU-Net,1024,55,91.08000000000001,90.25999999999999,86.25,pointnet2_results/x4_two_line_final/lineB_downsampled_x4_up/pu_net/train.log
B,PU-Net,1024,56,90.98,89.22,84.83000000000001,pointnet2_results/x4_two_line_final/lineB_downsampled_x4_up/pu_net/train.log
B,PU-Net,1024,57,91.02,89.42999999999999,84.33,pointnet2_results/x4_two_line_final/lineB_downsampled_x4_up/pu_net/train.log
B,PU-Net,1024,58,91.07,88.03999999999999,84.31,pointnet2_results/x4_two_line_final/lineB_downsampled_x4_up/pu_net/train.log
B,PU-Net,1024,59,90.98,89.05,85.42999999999999,pointnet2_results/x4_two_line_final/lineB_downsampled_x4_up/pu_net/train.log
B,PU-Net,1024,60,92.35,89.96,85.9,pointnet2_results/x4_two_line_final/lineB_downsampled_x4_up/pu_net/train.log
B,PU-Net,1024,61,91.97999999999999,90.22,86.3,pointnet2_results/x4_two_line_final/lineB_downsampled_x4_up/pu_net/train.log
B,PU-Net,1024,62,92.60000000000001,89.87,86.74,pointnet2_results/x4_two_line_final/lineB_downsampled_x4_up/pu_net/train.log
B,PU-Net,1024,63,92.74,89.77000000000001,86.47,pointnet2_results/x4_two_line_final/lineB_downsampled_x4_up/pu_net/train.log
B,PU-Net,1024,64,92.83,89.49000000000001,85.13,pointnet2_results/x4_two_line_final/lineB_downsampled_x4_up/pu_net/train.log
B,PU-Net,1024,65,92.69,89.68,86.28,pointnet2_results/x4_two_line_final/lineB_downsampled_x4_up/pu_net/train.log
B,PU-Net,1024,66,92.71000000000001,89.77000000000001,86.33,pointnet2_results/x4_two_line_final/lineB_downsampled_x4_up/pu_net/train.log
B,PU-Net,1024,67,92.77,90.25999999999999,87.4,pointnet2_results/x4_two_line_final/lineB_downsampled_x4_up/pu_net/train.log
B,PU-Net,1024,68,92.95,90.14,86.53999999999999,pointnet2_results/x4_two_line_final/lineB_downsampled_x4_up/pu_net/train.log
B,PU-Net,1024,69,92.69,89.09,85.72,pointnet2_results/x4_two_line_final/lineB_downsampled_x4_up/pu_net/train.log
B,PU-Net,1024,70,92.82000000000001,89.58,87.35000000000001,pointnet2_results/x4_two_line_final/lineB_downsampled_x4_up/pu_net/train.log
B,PU-Net,1024,71,92.94,89.85,85.56,pointnet2_results/x4_two_line_final/lineB_downsampled_x4_up/pu_net/train.log
B,PU-Net,1024,72,92.73,89.72,87.0,pointnet2_results/x4_two_line_final/lineB_downsampled_x4_up/pu_net/train.log
B,PU-Net,1024,73,92.85,89.87,86.1,pointnet2_results/x4_two_line_final/lineB_downsampled_x4_up/pu_net/train.log
B,PU-Net,1024,74,92.75,90.33,87.1,pointnet2_results/x4_two_line_final/lineB_downsampled_x4_up/pu_net/train.log
B,PU-Net,1024,75,92.93,89.64,86.72999999999999,pointnet2_results/x4_two_line_final/lineB_downsampled_x4_up/pu_net/train.log
B,PU-Net,1024,76,93.21000000000001,89.16,85.79,pointnet2_results/x4_two_line_final/lineB_downsampled_x4_up/pu_net/train.log
B,PU-Net,1024,77,93.13,89.86,87.22999999999999,pointnet2_results/x4_two_line_final/lineB_downsampled_x4_up/pu_net/train.log
B,PU-Net,1024,78,93.12,89.72,86.17,pointnet2_results/x4_two_line_final/lineB_downsampled_x4_up/pu_net/train.log
B,PU-Net,1024,79,93.7,89.51,85.82,pointnet2_results/x4_two_line_final/lineB_downsampled_x4_up/pu_net/train.log
B,PU-Net,1024,80,93.60000000000001,89.53,85.85000000000001,pointnet2_results/x4_two_line_final/lineB_downsampled_x4_up/pu_net/train.log
B,PU-Net,1024,81,94.19999999999999,90.36999999999999,86.27,pointnet2_results/x4_two_line_final/lineB_downsampled_x4_up/pu_net/train.log
B,PU-Net,1024,82,94.04,90.36,87.33,pointnet2_results/x4_two_line_final/lineB_downsampled_x4_up/pu_net/train.log
B,PU-Net,1024,83,94.02000000000001,90.36,87.51,pointnet2_results/x4_two_line_final/lineB_downsampled_x4_up/pu_net/train.log
B,PU-Net,1024,84,93.95,89.84,87.03,pointnet2_results/x4_two_line_final/lineB_downsampled_x4_up/pu_net/train.log
B,PU-Net,1024,85,94.61,90.16999999999999,86.57000000000001,pointnet2_results/x4_two_line_final/lineB_downsampled_x4_up/pu_net/train.log
B,PU-Net,1024,86,94.19,89.91,87.18,pointnet2_results/x4_two_line_final/lineB_downsampled_x4_up/pu_net/train.log
B,PU-Net,1024,87,94.13,90.63,86.47,pointnet2_results/x4_two_line_final/lineB_downsampled_x4_up/pu_net/train.log
B,PU-Net,1024,88,94.44,90.14,86.18,pointnet2_results/x4_two_line_final/lineB_downsampled_x4_up/pu_net/train.log
B,PU-Net,1024,89,94.05,89.52,85.81,pointnet2_results/x4_two_line_final/lineB_downsampled_x4_up/pu_net/train.log
B,PU-Net,1024,90,94.23,89.94,86.83999999999999,pointnet2_results/x4_two_line_final/lineB_downsampled_x4_up/pu_net/train.log
B,PU-Net,1024,91,94.62,90.56,87.94999999999999,pointnet2_results/x4_two_line_final/lineB_downsampled_x4_up/pu_net/train.log
B,PU-Net,1024,92,94.53,90.44,87.3,pointnet2_results/x4_two_line_final/lineB_downsampled_x4_up/pu_net/train.log
B,PU-Net,1024,93,94.56,90.34,86.42,pointnet2_results/x4_two_line_final/lineB_downsampled_x4_up/pu_net/train.log
B,PU-Net,1024,94,94.63000000000001,89.77000000000001,85.81,pointnet2_results/x4_two_line_final/lineB_downsampled_x4_up/pu_net/train.log
B,PU-Net,1024,95,94.62,89.47,86.07000000000001,pointnet2_results/x4_two_line_final/lineB_downsampled_x4_up/pu_net/train.log
B,PU-Net,1024,96,94.51,90.29,86.02,pointnet2_results/x4_two_line_final/lineB_downsampled_x4_up/pu_net/train.log
B,PU-Net,1024,97,94.74000000000001,89.07000000000001,85.71,pointnet2_results/x4_two_line_final/lineB_downsampled_x4_up/pu_net/train.log
B,PU-Net,1024,98,94.53,89.39,86.5,pointnet2_results/x4_two_line_final/lineB_downsampled_x4_up/pu_net/train.log
B,PU-Net,1024,99,94.61,89.83,86.5,pointnet2_results/x4_two_line_final/lineB_downsampled_x4_up/pu_net/train.log
B,PU-Net,1024,100,95.15,90.10000000000001,86.69,pointnet2_results/x4_two_line_final/lineB_downsampled_x4_up/pu_net/train.log
B,PU-Net,1024,101,95.19,90.74,87.64,pointnet2_results/x4_two_line_final/lineB_downsampled_x4_up/pu_net/train.log
B,PU-Net,1024,102,95.33,90.16999999999999,86.57000000000001,pointnet2_results/x4_two_line_final/lineB_downsampled_x4_up/pu_net/train.log
B,PU-Net,1024,103,94.85,90.25,87.37,pointnet2_results/x4_two_line_final/lineB_downsampled_x4_up/pu_net/train.log
B,PU-Net,1024,104,95.55,90.12,87.74,pointnet2_results/x4_two_line_final/lineB_downsampled_x4_up/pu_net/train.log
B,PU-Net,1024,105,95.28,89.39,86.24000000000001,pointnet2_results/x4_two_line_final/lineB_downsampled_x4_up/pu_net/train.log
B,PU-Net,1024,106,95.11,90.18,87.07000000000001,pointnet2_results/x4_two_line_final/lineB_downsampled_x4_up/pu_net/train.log
B,PU-Net,1024,107,95.56,90.18,87.29,pointnet2_results/x4_two_line_final/lineB_downsampled_x4_up/pu_net/train.log
B,PU-Net,1024,108,95.59,90.32,86.53999999999999,pointnet2_results/x4_two_line_final/lineB_downsampled_x4_up/pu_net/train.log
B,PU-Net,1024,109,95.8,90.46,87.41,pointnet2_results/x4_two_line_final/lineB_downsampled_x4_up/pu_net/train.log
B,PU-Net,1024,110,95.59,90.06,85.58,pointnet2_results/x4_two_line_final/lineB_downsampled_x4_up/pu_net/train.log
B,PU-Net,1024,111,95.59,90.7,87.02,pointnet2_results/x4_two_line_final/lineB_downsampled_x4_up/pu_net/train.log
B,PU-Net,1024,112,95.96000000000001,90.66,86.65,pointnet2_results/x4_two_line_final/lineB_downsampled_x4_up/pu_net/train.log
B,PU-Net,1024,113,95.78,90.10000000000001,86.81,pointnet2_results/x4_two_line_final/lineB_downsampled_x4_up/pu_net/train.log
B,PU-Net,1024,114,96.05,90.16999999999999,87.57000000000001,pointnet2_results/x4_two_line_final/lineB_downsampled_x4_up/pu_net/train.log
B,PU-Net,1024,115,95.84,89.79,86.57000000000001,pointnet2_results/x4_two_line_final/lineB_downsampled_x4_up/pu_net/train.log
B,PU-Net,1024,116,95.7,90.02,86.76,pointnet2_results/x4_two_line_final/lineB_downsampled_x4_up/pu_net/train.log
B,PU-Net,1024,117,95.7,90.02,86.22,pointnet2_results/x4_two_line_final/lineB_downsampled_x4_up/pu_net/train.log
B,PU-Net,1024,118,95.82000000000001,90.01,86.25,pointnet2_results/x4_two_line_final/lineB_downsampled_x4_up/pu_net/train.log
B,PU-Net,1024,119,95.86,89.64,85.8,pointnet2_results/x4_two_line_final/lineB_downsampled_x4_up/pu_net/train.log
B,PU-Net,1024,120,95.97,90.12,86.75,pointnet2_results/x4_two_line_final/lineB_downsampled_x4_up/pu_net/train.log
B,PU-Net,1024,121,96.43,89.89,86.68,pointnet2_results/x4_two_line_final/lineB_downsampled_x4_up/pu_net/train.log
B,PU-Net,1024,122,96.24000000000001,89.86,86.94,pointnet2_results/x4_two_line_final/lineB_downsampled_x4_up/pu_net/train.log
B,PU-Net,1024,123,96.34,90.21000000000001,86.71,pointnet2_results/x4_two_line_final/lineB_downsampled_x4_up/pu_net/train.log
B,PU-Net,1024,124,96.28999999999999,89.51,86.4,pointnet2_results/x4_two_line_final/lineB_downsampled_x4_up/pu_net/train.log
B,PU-Net,1024,125,96.31,90.39,86.39,pointnet2_results/x4_two_line_final/lineB_downsampled_x4_up/pu_net/train.log
B,PU-Net,1024,126,96.28999999999999,90.39,88.03999999999999,pointnet2_results/x4_two_line_final/lineB_downsampled_x4_up/pu_net/train.log
B,PU-Net,1024,127,96.34,90.14,86.87,pointnet2_results/x4_two_line_final/lineB_downsampled_x4_up/pu_net/train.log
B,PU-Net,1024,128,96.41999999999999,90.25999999999999,86.89,pointnet2_results/x4_two_line_final/lineB_downsampled_x4_up/pu_net/train.log
B,PU-Net,1024,129,96.13000000000001,90.32,87.06,pointnet2_results/x4_two_line_final/lineB_downsampled_x4_up/pu_net/train.log
B,PU-Net,1024,130,96.57,90.23,86.6,pointnet2_results/x4_two_line_final/lineB_downsampled_x4_up/pu_net/train.log
B,PU-Net,1024,131,96.54,90.14,87.37,pointnet2_results/x4_two_line_final/lineB_downsampled_x4_up/pu_net/train.log
B,PU-Net,1024,132,96.73,90.48,87.58,pointnet2_results/x4_two_line_final/lineB_downsampled_x4_up/pu_net/train.log
B,PU-Net,1024,133,96.27,90.39,87.26,pointnet2_results/x4_two_line_final/lineB_downsampled_x4_up/pu_net/train.log
B,PU-Net,1024,134,96.64,89.82,87.24,pointnet2_results/x4_two_line_final/lineB_downsampled_x4_up/pu_net/train.log
B,PU-Net,1024,135,96.47,90.42999999999999,87.25,pointnet2_results/x4_two_line_final/lineB_downsampled_x4_up/pu_net/train.log
B,PU-Net,1024,136,96.34,90.27,87.0,pointnet2_results/x4_two_line_final/lineB_downsampled_x4_up/pu_net/train.log
B,PU-Net,1024,137,96.39,89.83,86.74,pointnet2_results/x4_two_line_final/lineB_downsampled_x4_up/pu_net/train.log
B,PU-Net,1024,138,96.67,90.23,87.5,pointnet2_results/x4_two_line_final/lineB_downsampled_x4_up/pu_net/train.log
B,PU-Net,1024,139,96.04,90.41,86.92,pointnet2_results/x4_two_line_final/lineB_downsampled_x4_up/pu_net/train.log
B,PU-Net,1024,140,96.63000000000001,90.83,87.77000000000001,pointnet2_results/x4_two_line_final/lineB_downsampled_x4_up/pu_net/train.log
B,PU-Net,1024,141,96.89999999999999,90.28,88.05,pointnet2_results/x4_two_line_final/lineB_downsampled_x4_up/pu_net/train.log
B,PU-Net,1024,142,96.97,90.31,86.33999999999999,pointnet2_results/x4_two_line_final/lineB_downsampled_x4_up/pu_net/train.log
B,PU-Net,1024,143,96.88,90.06,86.17,pointnet2_results/x4_two_line_final/lineB_downsampled_x4_up/pu_net/train.log
B,PU-Net,1024,144,96.76,90.8,87.89,pointnet2_results/x4_two_line_final/lineB_downsampled_x4_up/pu_net/train.log
B,PU-Net,1024,145,96.95,90.53,86.94,pointnet2_results/x4_two_line_final/lineB_downsampled_x4_up/pu_net/train.log
B,PU-Net,1024,146,97.05,90.09,86.16,pointnet2_results/x4_two_line_final/lineB_downsampled_x4_up/pu_net/train.log
B,PU-Net,1024,147,97.07000000000001,89.77000000000001,86.61,pointnet2_results/x4_two_line_final/lineB_downsampled_x4_up/pu_net/train.log
B,PU-Net,1024,148,96.97,91.27,87.86,pointnet2_results/x4_two_line_final/lineB_downsampled_x4_up/pu_net/train.log
B,PU-Net,1024,149,97.03,90.47,87.26,pointnet2_results/x4_two_line_final/lineB_downsampled_x4_up/pu_net/train.log
B,PU-Net,1024,150,96.95,89.95,87.17,pointnet2_results/x4_two_line_final/lineB_downsampled_x4_up/pu_net/train.log
B,PU-Net,1024,151,96.85000000000001,91.17,87.75,pointnet2_results/x4_two_line_final/lineB_downsampled_x4_up/pu_net/train.log
B,PU-Net,1024,152,96.78999999999999,90.99000000000001,87.8,pointnet2_results/x4_two_line_final/lineB_downsampled_x4_up/pu_net/train.log
B,PU-Net,1024,153,96.86,90.66,87.58,pointnet2_results/x4_two_line_final/lineB_downsampled_x4_up/pu_net/train.log
B,PU-Net,1024,154,96.98,90.95,87.94,pointnet2_results/x4_two_line_final/lineB_downsampled_x4_up/pu_net/train.log
B,PU-Net,1024,155,97.24000000000001,90.63,87.71,pointnet2_results/x4_two_line_final/lineB_downsampled_x4_up/pu_net/train.log
B,PU-Net,1024,156,96.97,90.62,87.6,pointnet2_results/x4_two_line_final/lineB_downsampled_x4_up/pu_net/train.log
B,PU-Net,1024,157,97.02,90.56,87.35000000000001,pointnet2_results/x4_two_line_final/lineB_downsampled_x4_up/pu_net/train.log
B,PU-Net,1024,158,97.24000000000001,90.91,87.36,pointnet2_results/x4_two_line_final/lineB_downsampled_x4_up/pu_net/train.log
B,PU-Net,1024,159,97.14,90.74,87.13,pointnet2_results/x4_two_line_final/lineB_downsampled_x4_up/pu_net/train.log
B,PU-Net,1024,160,97.49,90.45,86.92999999999999,pointnet2_results/x4_two_line_final/lineB_downsampled_x4_up/pu_net/train.log
B,PU-Net,1024,161,97.47,90.66,87.76,pointnet2_results/x4_two_line_final/lineB_downsampled_x4_up/pu_net/train.log
B,PU-Net,1024,162,97.14,90.78,87.72,pointnet2_results/x4_two_line_final/lineB_downsampled_x4_up/pu_net/train.log
B,PU-Net,1024,163,97.69,90.42999999999999,87.77000000000001,pointnet2_results/x4_two_line_final/lineB_downsampled_x4_up/pu_net/train.log
B,PU-Net,1024,164,97.08,90.75,87.33,pointnet2_results/x4_two_line_final/lineB_downsampled_x4_up/pu_net/train.log
B,PU-Net,1024,165,97.31,90.39,87.06,pointnet2_results/x4_two_line_final/lineB_downsampled_x4_up/pu_net/train.log
B,PU-Net,1024,166,97.3,89.99000000000001,87.07000000000001,pointnet2_results/x4_two_line_final/lineB_downsampled_x4_up/pu_net/train.log
B,PU-Net,1024,167,97.52,90.66,87.33999999999999,pointnet2_results/x4_two_line_final/lineB_downsampled_x4_up/pu_net/train.log
B,PU-Net,1024,168,97.48,90.22,87.24,pointnet2_results/x4_two_line_final/lineB_downsampled_x4_up/pu_net/train.log
B,PU-Net,1024,169,97.46000000000001,90.48,87.45,pointnet2_results/x4_two_line_final/lineB_downsampled_x4_up/pu_net/train.log
B,PU-Net,1024,170,97.55,90.32,87.82,pointnet2_results/x4_two_line_final/lineB_downsampled_x4_up/pu_net/train.log
B,PU-Net,1024,171,97.48,90.42999999999999,87.52,pointnet2_results/x4_two_line_final/lineB_downsampled_x4_up/pu_net/train.log
B,PU-Net,1024,172,97.28999999999999,90.95,88.09,pointnet2_results/x4_two_line_final/lineB_downsampled_x4_up/pu_net/train.log
B,PU-Net,1024,173,97.74000000000001,90.84,88.09,pointnet2_results/x4_two_line_final/lineB_downsampled_x4_up/pu_net/train.log
B,PU-Net,1024,174,97.68,90.31,87.5,pointnet2_results/x4_two_line_final/lineB_downsampled_x4_up/pu_net/train.log
B,PU-Net,1024,175,97.33000000000001,90.95,87.28,pointnet2_results/x4_two_line_final/lineB_downsampled_x4_up/pu_net/train.log
B,PU-Net,1024,176,97.5,90.53999999999999,86.96000000000001,pointnet2_results/x4_two_line_final/lineB_downsampled_x4_up/pu_net/train.log
B,PU-Net,1024,177,97.32,90.51,87.71,pointnet2_results/x4_two_line_final/lineB_downsampled_x4_up/pu_net/train.log
B,PU-Net,1024,178,97.61999999999999,90.66,87.14,pointnet2_results/x4_two_line_final/lineB_downsampled_x4_up/pu_net/train.log
B,PU-Net,1024,179,97.25,90.86999999999999,87.64999999999999,pointnet2_results/x4_two_line_final/lineB_downsampled_x4_up/pu_net/train.log
B,PU-Net,1024,180,97.58,90.3,87.25,pointnet2_results/x4_two_line_final/lineB_downsampled_x4_up/pu_net/train.log
B,PU-Net,1024,181,97.85000000000001,90.7,87.51,pointnet2_results/x4_two_line_final/lineB_downsampled_x4_up/pu_net/train.log
B,PU-Net,1024,182,97.72999999999999,90.95,88.28,pointnet2_results/x4_two_line_final/lineB_downsampled_x4_up/pu_net/train.log
B,PU-Net,1024,183,97.69,91.03999999999999,88.41,pointnet2_results/x4_two_line_final/lineB_downsampled_x4_up/pu_net/train.log
B,PU-Net,1024,184,97.58,90.91,88.03999999999999,pointnet2_results/x4_two_line_final/lineB_downsampled_x4_up/pu_net/train.log
B,PU-Net,1024,185,97.72,90.99000000000001,87.74,pointnet2_results/x4_two_line_final/lineB_downsampled_x4_up/pu_net/train.log
B,PU-Net,1024,186,97.63,91.16,88.36,pointnet2_results/x4_two_line_final/lineB_downsampled_x4_up/pu_net/train.log
B,PU-Net,1024,187,97.86,90.86999999999999,87.94,pointnet2_results/x4_two_line_final/lineB_downsampled_x4_up/pu_net/train.log
B,PU-Net,1024,188,97.92,90.55,87.68,pointnet2_results/x4_two_line_final/lineB_downsampled_x4_up/pu_net/train.log
B,PU-Net,1024,189,97.92999999999999,91.10000000000001,88.25,pointnet2_results/x4_two_line_final/lineB_downsampled_x4_up/pu_net/train.log
B,PU-Net,1024,190,97.63,90.88000000000001,88.06,pointnet2_results/x4_two_line_final/lineB_downsampled_x4_up/pu_net/train.log
B,PU-Net,1024,191,97.89,90.71000000000001,87.48,pointnet2_results/x4_two_line_final/lineB_downsampled_x4_up/pu_net/train.log
B,PU-Net,1024,192,97.91,91.0,88.11,pointnet2_results/x4_two_line_final/lineB_downsampled_x4_up/pu_net/train.log
B,PU-Net,1024,193,97.94,90.75,87.82,pointnet2_results/x4_two_line_final/lineB_downsampled_x4_up/pu_net/train.log
B,PU-Net,1024,194,97.74000000000001,90.95,87.96000000000001,pointnet2_results/x4_two_line_final/lineB_downsampled_x4_up/pu_net/train.log
B,PU-Net,1024,195,97.92999999999999,91.13,88.5,pointnet2_results/x4_two_line_final/lineB_downsampled_x4_up/pu_net/train.log
B,PU-Net,1024,196,97.68,90.7,87.7,pointnet2_results/x4_two_line_final/lineB_downsampled_x4_up/pu_net/train.log
B,PU-Net,1024,197,98.00999999999999,90.75,87.74,pointnet2_results/x4_two_line_final/lineB_downsampled_x4_up/pu_net/train.log
B,PU-Net,1024,198,97.67,90.75,87.83,pointnet2_results/x4_two_line_final/lineB_downsampled_x4_up/pu_net/train.log
B,PU-Net,1024,199,97.82,90.51,87.63,pointnet2_results/x4_two_line_final/lineB_downsampled_x4_up/pu_net/train.log
B,PU-Net,1024,200,97.89,90.64999999999999,87.39,pointnet2_results/x4_two_line_final/lineB_downsampled_x4_up/pu_net/train.log
B,PU-GCN,1024,1,49.75,50.77,44.269999999999996,pointnet2_results/x4_two_line_final/lineB_downsampled_x4_up/pu_gcn/train.log
B,PU-GCN,1024,2,63.77,68.49,60.89,pointnet2_results/x4_two_line_final/lineB_downsampled_x4_up/pu_gcn/train.log
B,PU-GCN,1024,3,68.63,74.36,66.33,pointnet2_results/x4_two_line_final/lineB_downsampled_x4_up/pu_gcn/train.log
B,PU-GCN,1024,4,71.86,75.5,69.22,pointnet2_results/x4_two_line_final/lineB_downsampled_x4_up/pu_gcn/train.log
B,PU-GCN,1024,5,74.3,79.4,72.18,pointnet2_results/x4_two_line_final/lineB_downsampled_x4_up/pu_gcn/train.log
B,PU-GCN,1024,6,76.0,80.47999999999999,74.32,pointnet2_results/x4_two_line_final/lineB_downsampled_x4_up/pu_gcn/train.log
B,PU-GCN,1024,7,77.7,80.94,74.59,pointnet2_results/x4_two_line_final/lineB_downsampled_x4_up/pu_gcn/train.log
B,PU-GCN,1024,8,78.05,74.92999999999999,69.3,pointnet2_results/x4_two_line_final/lineB_downsampled_x4_up/pu_gcn/train.log
B,PU-GCN,1024,9,79.33,81.86,76.36,pointnet2_results/x4_two_line_final/lineB_downsampled_x4_up/pu_gcn/train.log
B,PU-GCN,1024,10,79.32000000000001,83.08,77.69,pointnet2_results/x4_two_line_final/lineB_downsampled_x4_up/pu_gcn/train.log
B,PU-GCN,1024,11,80.60000000000001,81.07,75.18,pointnet2_results/x4_two_line_final/lineB_downsampled_x4_up/pu_gcn/train.log
B,PU-GCN,1024,12,80.91000000000001,83.56,77.95,pointnet2_results/x4_two_line_final/lineB_downsampled_x4_up/pu_gcn/train.log
B,PU-GCN,1024,13,81.78999999999999,84.36,80.14,pointnet2_results/x4_two_line_final/lineB_downsampled_x4_up/pu_gcn/train.log
B,PU-GCN,1024,14,81.89999999999999,85.28,78.91,pointnet2_results/x4_two_line_final/lineB_downsampled_x4_up/pu_gcn/train.log
B,PU-GCN,1024,15,81.47,83.16,77.62,pointnet2_results/x4_two_line_final/lineB_downsampled_x4_up/pu_gcn/train.log
B,PU-GCN,1024,16,83.16,84.1,79.58,pointnet2_results/x4_two_line_final/lineB_downsampled_x4_up/pu_gcn/train.log
B,PU-GCN,1024,17,83.2,84.67,78.89,pointnet2_results/x4_two_line_final/lineB_downsampled_x4_up/pu_gcn/train.log
B,PU-GCN,1024,18,83.89,82.73,78.47,pointnet2_results/x4_two_line_final/lineB_downsampled_x4_up/pu_gcn/train.log
B,PU-GCN,1024,19,83.96000000000001,84.77,80.08,pointnet2_results/x4_two_line_final/lineB_downsampled_x4_up/pu_gcn/train.log
B,PU-GCN,1024,20,85.25,87.94,82.5,pointnet2_results/x4_two_line_final/lineB_downsampled_x4_up/pu_gcn/train.log
B,PU-GCN,1024,21,86.11,86.17,81.62,pointnet2_results/x4_two_line_final/lineB_downsampled_x4_up/pu_gcn/train.log
B,PU-GCN,1024,22,86.48,86.6,82.78,pointnet2_results/x4_two_line_final/lineB_downsampled_x4_up/pu_gcn/train.log
B,PU-GCN,1024,23,85.77,87.6,81.64,pointnet2_results/x4_two_line_final/lineB_downsampled_x4_up/pu_gcn/train.log
B,PU-GCN,1024,24,86.65,85.7,81.73,pointnet2_results/x4_two_line_final/lineB_downsampled_x4_up/pu_gcn/train.log
B,PU-GCN,1024,25,86.58,87.67,83.14,pointnet2_results/x4_two_line_final/lineB_downsampled_x4_up/pu_gcn/train.log
B,PU-GCN,1024,26,87.12,85.9,80.86,pointnet2_results/x4_two_line_final/lineB_downsampled_x4_up/pu_gcn/train.log
B,PU-GCN,1024,27,86.39,86.63,82.50999999999999,pointnet2_results/x4_two_line_final/lineB_downsampled_x4_up/pu_gcn/train.log
B,PU-GCN,1024,28,87.28,86.03,81.31,pointnet2_results/x4_two_line_final/lineB_downsampled_x4_up/pu_gcn/train.log
B,PU-GCN,1024,29,87.2,85.7,81.08,pointnet2_results/x4_two_line_final/lineB_downsampled_x4_up/pu_gcn/train.log
B,PU-GCN,1024,30,87.37,86.29,81.6,pointnet2_results/x4_two_line_final/lineB_downsampled_x4_up/pu_gcn/train.log
B,PU-GCN,1024,31,87.11,86.85000000000001,83.63000000000001,pointnet2_results/x4_two_line_final/lineB_downsampled_x4_up/pu_gcn/train.log
B,PU-GCN,1024,32,88.21,87.3,82.94,pointnet2_results/x4_two_line_final/lineB_downsampled_x4_up/pu_gcn/train.log
B,PU-GCN,1024,33,87.22999999999999,87.99,84.28,pointnet2_results/x4_two_line_final/lineB_downsampled_x4_up/pu_gcn/train.log
B,PU-GCN,1024,34,88.67,88.11,83.93,pointnet2_results/x4_two_line_final/lineB_downsampled_x4_up/pu_gcn/train.log
B,PU-GCN,1024,35,88.06,88.17,83.23,pointnet2_results/x4_two_line_final/lineB_downsampled_x4_up/pu_gcn/train.log
B,PU-GCN,1024,36,87.6,87.86,84.34,pointnet2_results/x4_two_line_final/lineB_downsampled_x4_up/pu_gcn/train.log
B,PU-GCN,1024,37,88.21,87.82,83.15,pointnet2_results/x4_two_line_final/lineB_downsampled_x4_up/pu_gcn/train.log
B,PU-GCN,1024,38,88.25,87.78,84.86,pointnet2_results/x4_two_line_final/lineB_downsampled_x4_up/pu_gcn/train.log
B,PU-GCN,1024,39,88.2,88.38000000000001,83.6,pointnet2_results/x4_two_line_final/lineB_downsampled_x4_up/pu_gcn/train.log
B,PU-GCN,1024,40,89.25999999999999,88.73,84.39999999999999,pointnet2_results/x4_two_line_final/lineB_downsampled_x4_up/pu_gcn/train.log
B,PU-GCN,1024,41,90.10000000000001,89.07000000000001,85.52,pointnet2_results/x4_two_line_final/lineB_downsampled_x4_up/pu_gcn/train.log
B,PU-GCN,1024,42,89.68,88.05,85.02,pointnet2_results/x4_two_line_final/lineB_downsampled_x4_up/pu_gcn/train.log
B,PU-GCN,1024,43,89.94,89.07000000000001,83.95,pointnet2_results/x4_two_line_final/lineB_downsampled_x4_up/pu_gcn/train.log
B,PU-GCN,1024,44,90.06,89.17,84.27,pointnet2_results/x4_two_line_final/lineB_downsampled_x4_up/pu_gcn/train.log
B,PU-GCN,1024,45,90.3,89.09,83.75,pointnet2_results/x4_two_line_final/lineB_downsampled_x4_up/pu_gcn/train.log
B,PU-GCN,1024,46,90.42999999999999,88.62,84.7,pointnet2_results/x4_two_line_final/lineB_downsampled_x4_up/pu_gcn/train.log
B,PU-GCN,1024,47,90.38000000000001,88.39,84.8,pointnet2_results/x4_two_line_final/lineB_downsampled_x4_up/pu_gcn/train.log
B,PU-GCN,1024,48,90.28,87.64,84.47,pointnet2_results/x4_two_line_final/lineB_downsampled_x4_up/pu_gcn/train.log
B,PU-GCN,1024,49,90.75999999999999,88.61,84.32,pointnet2_results/x4_two_line_final/lineB_downsampled_x4_up/pu_gcn/train.log
B,PU-GCN,1024,50,90.81,88.4,84.94,pointnet2_results/x4_two_line_final/lineB_downsampled_x4_up/pu_gcn/train.log
B,PU-GCN,1024,51,90.41,89.0,84.00999999999999,pointnet2_results/x4_two_line_final/lineB_downsampled_x4_up/pu_gcn/train.log
B,PU-GCN,1024,52,90.78,89.29,85.65,pointnet2_results/x4_two_line_final/lineB_downsampled_x4_up/pu_gcn/train.log
B,PU-GCN,1024,53,90.57,89.09,85.22,pointnet2_results/x4_two_line_final/lineB_downsampled_x4_up/pu_gcn/train.log
B,PU-GCN,1024,54,90.64,88.16000000000001,85.17,pointnet2_results/x4_two_line_final/lineB_downsampled_x4_up/pu_gcn/train.log
B,PU-GCN,1024,55,91.09,88.07000000000001,84.83000000000001,pointnet2_results/x4_two_line_final/lineB_downsampled_x4_up/pu_gcn/train.log
B,PU-GCN,1024,56,90.75,88.07000000000001,83.75,pointnet2_results/x4_two_line_final/lineB_downsampled_x4_up/pu_gcn/train.log
B,PU-GCN,1024,57,91.36,88.92,83.33,pointnet2_results/x4_two_line_final/lineB_downsampled_x4_up/pu_gcn/train.log
B,PU-GCN,1024,58,91.24,87.53999999999999,84.16,pointnet2_results/x4_two_line_final/lineB_downsampled_x4_up/pu_gcn/train.log
B,PU-GCN,1024,59,91.2,88.53,84.99,pointnet2_results/x4_two_line_final/lineB_downsampled_x4_up/pu_gcn/train.log
B,PU-GCN,1024,60,91.97999999999999,89.81,85.7,pointnet2_results/x4_two_line_final/lineB_downsampled_x4_up/pu_gcn/train.log
B,PU-GCN,1024,61,92.52,89.39,85.53,pointnet2_results/x4_two_line_final/lineB_downsampled_x4_up/pu_gcn/train.log
B,PU-GCN,1024,62,92.38,88.51,84.94,pointnet2_results/x4_two_line_final/lineB_downsampled_x4_up/pu_gcn/train.log
B,PU-GCN,1024,63,92.69,88.42999999999999,84.94,pointnet2_results/x4_two_line_final/lineB_downsampled_x4_up/pu_gcn/train.log
B,PU-GCN,1024,64,92.73,88.9,84.81,pointnet2_results/x4_two_line_final/lineB_downsampled_x4_up/pu_gcn/train.log
B,PU-GCN,1024,65,92.55,89.17,85.52,pointnet2_results/x4_two_line_final/lineB_downsampled_x4_up/pu_gcn/train.log
B,PU-GCN,1024,66,92.38,89.8,86.32,pointnet2_results/x4_two_line_final/lineB_downsampled_x4_up/pu_gcn/train.log
B,PU-GCN,1024,67,92.33,88.5,85.17,pointnet2_results/x4_two_line_final/lineB_downsampled_x4_up/pu_gcn/train.log
B,PU-GCN,1024,68,92.83,89.16,85.76,pointnet2_results/x4_two_line_final/lineB_downsampled_x4_up/pu_gcn/train.log
B,PU-GCN,1024,69,92.64,89.12,85.63,pointnet2_results/x4_two_line_final/lineB_downsampled_x4_up/pu_gcn/train.log
B,PU-GCN,1024,70,92.61,87.94,84.77,pointnet2_results/x4_two_line_final/lineB_downsampled_x4_up/pu_gcn/train.log
B,PU-GCN,1024,71,93.03,89.17,85.53,pointnet2_results/x4_two_line_final/lineB_downsampled_x4_up/pu_gcn/train.log
B,PU-GCN,1024,72,92.58,89.84,85.5,pointnet2_results/x4_two_line_final/lineB_downsampled_x4_up/pu_gcn/train.log
B,PU-GCN,1024,73,92.7,88.94999999999999,84.75,pointnet2_results/x4_two_line_final/lineB_downsampled_x4_up/pu_gcn/train.log
B,PU-GCN,1024,74,93.12,89.09,85.39999999999999,pointnet2_results/x4_two_line_final/lineB_downsampled_x4_up/pu_gcn/train.log
B,PU-GCN,1024,75,93.10000000000001,88.46000000000001,85.59,pointnet2_results/x4_two_line_final/lineB_downsampled_x4_up/pu_gcn/train.log
B,PU-GCN,1024,76,93.17,88.71,85.1,pointnet2_results/x4_two_line_final/lineB_downsampled_x4_up/pu_gcn/train.log
B,PU-GCN,1024,77,92.85,89.07000000000001,84.75,pointnet2_results/x4_two_line_final/lineB_downsampled_x4_up/pu_gcn/train.log
B,PU-GCN,1024,78,92.45,88.72,85.50999999999999,pointnet2_results/x4_two_line_final/lineB_downsampled_x4_up/pu_gcn/train.log
B,PU-GCN,1024,79,93.15,88.86,84.86,pointnet2_results/x4_two_line_final/lineB_downsampled_x4_up/pu_gcn/train.log
B,PU-GCN,1024,80,93.63,89.18,86.38,pointnet2_results/x4_two_line_final/lineB_downsampled_x4_up/pu_gcn/train.log
B,PU-GCN,1024,81,94.02000000000001,89.59,85.84,pointnet2_results/x4_two_line_final/lineB_downsampled_x4_up/pu_gcn/train.log
B,PU-GCN,1024,82,94.17,89.56,85.85000000000001,pointnet2_results/x4_two_line_final/lineB_downsampled_x4_up/pu_gcn/train.log
B,PU-GCN,1024,83,94.12,89.60000000000001,86.42999999999999,pointnet2_results/x4_two_line_final/lineB_downsampled_x4_up/pu_gcn/train.log
B,PU-GCN,1024,84,94.05,89.57000000000001,86.03,pointnet2_results/x4_two_line_final/lineB_downsampled_x4_up/pu_gcn/train.log
B,PU-GCN,1024,85,94.32000000000001,89.48,85.5,pointnet2_results/x4_two_line_final/lineB_downsampled_x4_up/pu_gcn/train.log
B,PU-GCN,1024,86,94.33,89.05999999999999,85.81,pointnet2_results/x4_two_line_final/lineB_downsampled_x4_up/pu_gcn/train.log
B,PU-GCN,1024,87,94.25,89.4,85.89,pointnet2_results/x4_two_line_final/lineB_downsampled_x4_up/pu_gcn/train.log
B,PU-GCN,1024,88,94.25,89.68,86.26,pointnet2_results/x4_two_line_final/lineB_downsampled_x4_up/pu_gcn/train.log
B,PU-GCN,1024,89,94.85,89.60000000000001,86.11999999999999,pointnet2_results/x4_two_line_final/lineB_downsampled_x4_up/pu_gcn/train.log
B,PU-GCN,1024,90,94.31,89.03999999999999,85.84,pointnet2_results/x4_two_line_final/lineB_downsampled_x4_up/pu_gcn/train.log
B,PU-GCN,1024,91,94.32000000000001,88.9,86.41,pointnet2_results/x4_two_line_final/lineB_downsampled_x4_up/pu_gcn/train.log
B,PU-GCN,1024,92,94.11,89.47,85.92,pointnet2_results/x4_two_line_final/lineB_downsampled_x4_up/pu_gcn/train.log
B,PU-GCN,1024,93,94.71000000000001,89.49000000000001,85.44,pointnet2_results/x4_two_line_final/lineB_downsampled_x4_up/pu_gcn/train.log
B,PU-GCN,1024,94,94.46,88.92,85.79,pointnet2_results/x4_two_line_final/lineB_downsampled_x4_up/pu_gcn/train.log
B,PU-GCN,1024,95,94.55,88.67,86.35000000000001,pointnet2_results/x4_two_line_final/lineB_downsampled_x4_up/pu_gcn/train.log
B,PU-GCN,1024,96,94.87,88.94999999999999,85.19,pointnet2_results/x4_two_line_final/lineB_downsampled_x4_up/pu_gcn/train.log
B,PU-GCN,1024,97,94.6,88.92,84.92,pointnet2_results/x4_two_line_final/lineB_downsampled_x4_up/pu_gcn/train.log
B,PU-GCN,1024,98,94.33,88.71,84.39999999999999,pointnet2_results/x4_two_line_final/lineB_downsampled_x4_up/pu_gcn/train.log
B,PU-GCN,1024,99,95.02000000000001,89.19,85.75,pointnet2_results/x4_two_line_final/lineB_downsampled_x4_up/pu_gcn/train.log
B,PU-GCN,1024,100,95.1,89.21,85.24000000000001,pointnet2_results/x4_two_line_final/lineB_downsampled_x4_up/pu_gcn/train.log
B,PU-GCN,1024,101,95.17999999999999,89.31,86.11,pointnet2_results/x4_two_line_final/lineB_downsampled_x4_up/pu_gcn/train.log
B,PU-GCN,1024,102,95.22,89.4,85.15,pointnet2_results/x4_two_line_final/lineB_downsampled_x4_up/pu_gcn/train.log
B,PU-GCN,1024,103,95.26,90.0,86.3,pointnet2_results/x4_two_line_final/lineB_downsampled_x4_up/pu_gcn/train.log
B,PU-GCN,1024,104,95.76,89.25999999999999,86.27,pointnet2_results/x4_two_line_final/lineB_downsampled_x4_up/pu_gcn/train.log
B,PU-GCN,1024,105,95.19999999999999,88.96,85.74000000000001,pointnet2_results/x4_two_line_final/lineB_downsampled_x4_up/pu_gcn/train.log
B,PU-GCN,1024,106,95.23,88.87,85.11999999999999,pointnet2_results/x4_two_line_final/lineB_downsampled_x4_up/pu_gcn/train.log
B,PU-GCN,1024,107,95.71,89.97,85.68,pointnet2_results/x4_two_line_final/lineB_downsampled_x4_up/pu_gcn/train.log
B,PU-GCN,1024,108,95.64,89.60000000000001,86.37,pointnet2_results/x4_two_line_final/lineB_downsampled_x4_up/pu_gcn/train.log
B,PU-GCN,1024,109,95.73,89.59,85.95,pointnet2_results/x4_two_line_final/lineB_downsampled_x4_up/pu_gcn/train.log
B,PU-GCN,1024,110,95.65,89.42999999999999,85.49,pointnet2_results/x4_two_line_final/lineB_downsampled_x4_up/pu_gcn/train.log
B,PU-GCN,1024,111,95.46,89.34,85.82,pointnet2_results/x4_two_line_final/lineB_downsampled_x4_up/pu_gcn/train.log
B,PU-GCN,1024,112,95.91,89.23,85.55,pointnet2_results/x4_two_line_final/lineB_downsampled_x4_up/pu_gcn/train.log
B,PU-GCN,1024,113,95.99,88.68,86.29,pointnet2_results/x4_two_line_final/lineB_downsampled_x4_up/pu_gcn/train.log
B,PU-GCN,1024,114,95.83,89.3,86.16,pointnet2_results/x4_two_line_final/lineB_downsampled_x4_up/pu_gcn/train.log
B,PU-GCN,1024,115,95.88,89.31,86.06,pointnet2_results/x4_two_line_final/lineB_downsampled_x4_up/pu_gcn/train.log
B,PU-GCN,1024,116,95.87,89.60000000000001,85.41,pointnet2_results/x4_two_line_final/lineB_downsampled_x4_up/pu_gcn/train.log
B,PU-GCN,1024,117,96.07,88.99000000000001,85.09,pointnet2_results/x4_two_line_final/lineB_downsampled_x4_up/pu_gcn/train.log
B,PU-GCN,1024,118,95.82000000000001,89.45,85.64,pointnet2_results/x4_two_line_final/lineB_downsampled_x4_up/pu_gcn/train.log
B,PU-GCN,1024,119,95.85000000000001,89.53,86.5,pointnet2_results/x4_two_line_final/lineB_downsampled_x4_up/pu_gcn/train.log
B,PU-GCN,1024,120,96.27,89.39,85.50999999999999,pointnet2_results/x4_two_line_final/lineB_downsampled_x4_up/pu_gcn/train.log
B,PU-GCN,1024,121,96.13000000000001,89.18,85.24000000000001,pointnet2_results/x4_two_line_final/lineB_downsampled_x4_up/pu_gcn/train.log
B,PU-GCN,1024,122,96.27,89.48,85.76,pointnet2_results/x4_two_line_final/lineB_downsampled_x4_up/pu_gcn/train.log
B,PU-GCN,1024,123,96.26,89.62,85.77,pointnet2_results/x4_two_line_final/lineB_downsampled_x4_up/pu_gcn/train.log
B,PU-GCN,1024,124,96.45,89.51,85.85000000000001,pointnet2_results/x4_two_line_final/lineB_downsampled_x4_up/pu_gcn/train.log
B,PU-GCN,1024,125,96.57,89.69,86.00999999999999,pointnet2_results/x4_two_line_final/lineB_downsampled_x4_up/pu_gcn/train.log
B,PU-GCN,1024,126,96.45,89.08,85.31,pointnet2_results/x4_two_line_final/lineB_downsampled_x4_up/pu_gcn/train.log
B,PU-GCN,1024,127,96.66,89.72,86.48,pointnet2_results/x4_two_line_final/lineB_downsampled_x4_up/pu_gcn/train.log
B,PU-GCN,1024,128,96.6,89.84,86.44,pointnet2_results/x4_two_line_final/lineB_downsampled_x4_up/pu_gcn/train.log
B,PU-GCN,1024,129,96.57,89.32,85.64,pointnet2_results/x4_two_line_final/lineB_downsampled_x4_up/pu_gcn/train.log
B,PU-GCN,1024,130,96.61,89.42,85.58,pointnet2_results/x4_two_line_final/lineB_downsampled_x4_up/pu_gcn/train.log
B,PU-GCN,1024,131,96.44,89.36,86.11999999999999,pointnet2_results/x4_two_line_final/lineB_downsampled_x4_up/pu_gcn/train.log
B,PU-GCN,1024,132,96.65,89.08,85.92,pointnet2_results/x4_two_line_final/lineB_downsampled_x4_up/pu_gcn/train.log
B,PU-GCN,1024,133,96.43,89.31,85.66,pointnet2_results/x4_two_line_final/lineB_downsampled_x4_up/pu_gcn/train.log
B,PU-GCN,1024,134,96.54,89.44,85.76,pointnet2_results/x4_two_line_final/lineB_downsampled_x4_up/pu_gcn/train.log
B,PU-GCN,1024,135,96.84,89.25999999999999,85.45,pointnet2_results/x4_two_line_final/lineB_downsampled_x4_up/pu_gcn/train.log
B,PU-GCN,1024,136,96.61,89.39,85.75,pointnet2_results/x4_two_line_final/lineB_downsampled_x4_up/pu_gcn/train.log
B,PU-GCN,1024,137,96.52,88.71,85.22999999999999,pointnet2_results/x4_two_line_final/lineB_downsampled_x4_up/pu_gcn/train.log
B,PU-GCN,1024,138,96.72,89.41,85.11,pointnet2_results/x4_two_line_final/lineB_downsampled_x4_up/pu_gcn/train.log
B,PU-GCN,1024,139,96.6,89.1,85.03,pointnet2_results/x4_two_line_final/lineB_downsampled_x4_up/pu_gcn/train.log
B,PU-GCN,1024,140,96.85000000000001,89.96,86.00999999999999,pointnet2_results/x4_two_line_final/lineB_downsampled_x4_up/pu_gcn/train.log
B,PU-GCN,1024,141,97.00999999999999,89.45,85.56,pointnet2_results/x4_two_line_final/lineB_downsampled_x4_up/pu_gcn/train.log
B,PU-GCN,1024,142,96.87,89.42999999999999,85.50999999999999,pointnet2_results/x4_two_line_final/lineB_downsampled_x4_up/pu_gcn/train.log
B,PU-GCN,1024,143,97.24000000000001,89.51,85.27,pointnet2_results/x4_two_line_final/lineB_downsampled_x4_up/pu_gcn/train.log
B,PU-GCN,1024,144,97.11,89.49000000000001,85.63,pointnet2_results/x4_two_line_final/lineB_downsampled_x4_up/pu_gcn/train.log
B,PU-GCN,1024,145,96.87,88.56,84.36,pointnet2_results/x4_two_line_final/lineB_downsampled_x4_up/pu_gcn/train.log
B,PU-GCN,1024,146,97.24000000000001,89.73,85.91,pointnet2_results/x4_two_line_final/lineB_downsampled_x4_up/pu_gcn/train.log
B,PU-GCN,1024,147,97.21,88.78,85.15,pointnet2_results/x4_two_line_final/lineB_downsampled_x4_up/pu_gcn/train.log
B,PU-GCN,1024,148,97.53,89.77000000000001,85.87,pointnet2_results/x4_two_line_final/lineB_downsampled_x4_up/pu_gcn/train.log
B,PU-GCN,1024,149,97.06,89.32,85.37,pointnet2_results/x4_two_line_final/lineB_downsampled_x4_up/pu_gcn/train.log
B,PU-GCN,1024,150,97.43,89.05999999999999,85.03,pointnet2_results/x4_two_line_final/lineB_downsampled_x4_up/pu_gcn/train.log
B,PU-GCN,1024,151,97.24000000000001,89.12,85.14,pointnet2_results/x4_two_line_final/lineB_downsampled_x4_up/pu_gcn/train.log
B,PU-GCN,1024,152,97.05,88.98,84.75,pointnet2_results/x4_two_line_final/lineB_downsampled_x4_up/pu_gcn/train.log
B,PU-GCN,1024,153,96.94,89.51,85.61,pointnet2_results/x4_two_line_final/lineB_downsampled_x4_up/pu_gcn/train.log
B,PU-GCN,1024,154,97.25,89.35,85.41,pointnet2_results/x4_two_line_final/lineB_downsampled_x4_up/pu_gcn/train.log
B,PU-GCN,1024,155,97.25,89.68,85.6,pointnet2_results/x4_two_line_final/lineB_downsampled_x4_up/pu_gcn/train.log
B,PU-GCN,1024,156,97.5,89.89,86.08,pointnet2_results/x4_two_line_final/lineB_downsampled_x4_up/pu_gcn/train.log
B,PU-GCN,1024,157,97.17,88.98,84.94,pointnet2_results/x4_two_line_final/lineB_downsampled_x4_up/pu_gcn/train.log
B,PU-GCN,1024,158,97.3,89.28,85.42999999999999,pointnet2_results/x4_two_line_final/lineB_downsampled_x4_up/pu_gcn/train.log
B,PU-GCN,1024,159,97.09,89.28,85.11,pointnet2_results/x4_two_line_final/lineB_downsampled_x4_up/pu_gcn/train.log
B,PU-GCN,1024,160,97.39,89.78,85.79,pointnet2_results/x4_two_line_final/lineB_downsampled_x4_up/pu_gcn/train.log
B,PU-GCN,1024,161,97.42,89.75,85.5,pointnet2_results/x4_two_line_final/lineB_downsampled_x4_up/pu_gcn/train.log
B,PU-GCN,1024,162,97.28999999999999,89.79,85.71,pointnet2_results/x4_two_line_final/lineB_downsampled_x4_up/pu_gcn/train.log
B,PU-GCN,1024,163,97.42,89.81,86.24000000000001,pointnet2_results/x4_two_line_final/lineB_downsampled_x4_up/pu_gcn/train.log
B,PU-GCN,1024,164,97.45,90.06,86.41,pointnet2_results/x4_two_line_final/lineB_downsampled_x4_up/pu_gcn/train.log
B,PU-GCN,1024,165,97.59,89.51,85.66,pointnet2_results/x4_two_line_final/lineB_downsampled_x4_up/pu_gcn/train.log
B,PU-GCN,1024,166,97.59,89.22,85.57000000000001,pointnet2_results/x4_two_line_final/lineB_downsampled_x4_up/pu_gcn/train.log
B,PU-GCN,1024,167,97.50999999999999,89.37,84.96000000000001,pointnet2_results/x4_two_line_final/lineB_downsampled_x4_up/pu_gcn/train.log
B,PU-GCN,1024,168,97.46000000000001,89.75,86.09,pointnet2_results/x4_two_line_final/lineB_downsampled_x4_up/pu_gcn/train.log
B,PU-GCN,1024,169,97.68,89.05,85.33,pointnet2_results/x4_two_line_final/lineB_downsampled_x4_up/pu_gcn/train.log
B,PU-GCN,1024,170,97.48,89.03999999999999,85.32,pointnet2_results/x4_two_line_final/lineB_downsampled_x4_up/pu_gcn/train.log
B,PU-GCN,1024,171,97.69,89.01,84.63000000000001,pointnet2_results/x4_two_line_final/lineB_downsampled_x4_up/pu_gcn/train.log
B,PU-GCN,1024,172,97.57000000000001,88.92999999999999,84.86,pointnet2_results/x4_two_line_final/lineB_downsampled_x4_up/pu_gcn/train.log
B,PU-GCN,1024,173,97.83,89.68,85.41,pointnet2_results/x4_two_line_final/lineB_downsampled_x4_up/pu_gcn/train.log
B,PU-GCN,1024,174,97.31,89.55,85.22999999999999,pointnet2_results/x4_two_line_final/lineB_downsampled_x4_up/pu_gcn/train.log
B,PU-GCN,1024,175,97.92999999999999,89.59,85.6,pointnet2_results/x4_two_line_final/lineB_downsampled_x4_up/pu_gcn/train.log
B,PU-GCN,1024,176,97.61999999999999,89.34,85.11999999999999,pointnet2_results/x4_two_line_final/lineB_downsampled_x4_up/pu_gcn/train.log
B,PU-GCN,1024,177,97.75,89.42999999999999,85.54,pointnet2_results/x4_two_line_final/lineB_downsampled_x4_up/pu_gcn/train.log
B,PU-GCN,1024,178,97.87,89.5,85.38,pointnet2_results/x4_two_line_final/lineB_downsampled_x4_up/pu_gcn/train.log
B,PU-GCN,1024,179,97.78999999999999,89.09,84.28,pointnet2_results/x4_two_line_final/lineB_downsampled_x4_up/pu_gcn/train.log
B,PU-GCN,1024,180,97.42,89.8,85.81,pointnet2_results/x4_two_line_final/lineB_downsampled_x4_up/pu_gcn/train.log
B,PU-GCN,1024,181,97.75,89.42999999999999,85.19,pointnet2_results/x4_two_line_final/lineB_downsampled_x4_up/pu_gcn/train.log
B,PU-GCN,1024,182,97.92,89.51,85.85000000000001,pointnet2_results/x4_two_line_final/lineB_downsampled_x4_up/pu_gcn/train.log
B,PU-GCN,1024,183,97.94,89.74,85.68,pointnet2_results/x4_two_line_final/lineB_downsampled_x4_up/pu_gcn/train.log
B,PU-GCN,1024,184,97.63,89.8,85.21,pointnet2_results/x4_two_line_final/lineB_downsampled_x4_up/pu_gcn/train.log
B,PU-GCN,1024,185,97.94,89.59,85.24000000000001,pointnet2_results/x4_two_line_final/lineB_downsampled_x4_up/pu_gcn/train.log
B,PU-GCN,1024,186,97.99,89.57000000000001,85.41,pointnet2_results/x4_two_line_final/lineB_downsampled_x4_up/pu_gcn/train.log
B,PU-GCN,1024,187,97.82,89.47,85.42,pointnet2_results/x4_two_line_final/lineB_downsampled_x4_up/pu_gcn/train.log
B,PU-GCN,1024,188,97.88,89.47,85.77,pointnet2_results/x4_two_line_final/lineB_downsampled_x4_up/pu_gcn/train.log
B,PU-GCN,1024,189,97.94,89.3,84.96000000000001,pointnet2_results/x4_two_line_final/lineB_downsampled_x4_up/pu_gcn/train.log
B,PU-GCN,1024,190,97.91,89.37,85.95,pointnet2_results/x4_two_line_final/lineB_downsampled_x4_up/pu_gcn/train.log
B,PU-GCN,1024,191,98.03,89.64,85.24000000000001,pointnet2_results/x4_two_line_final/lineB_downsampled_x4_up/pu_gcn/train.log
B,PU-GCN,1024,192,97.92,89.59,85.99,pointnet2_results/x4_two_line_final/lineB_downsampled_x4_up/pu_gcn/train.log
B,PU-GCN,1024,193,98.13,89.72,85.72,pointnet2_results/x4_two_line_final/lineB_downsampled_x4_up/pu_gcn/train.log
B,PU-GCN,1024,194,97.77,89.8,85.99,pointnet2_results/x4_two_line_final/lineB_downsampled_x4_up/pu_gcn/train.log
B,PU-GCN,1024,195,98.31,89.3,85.04,pointnet2_results/x4_two_line_final/lineB_downsampled_x4_up/pu_gcn/train.log
B,PU-GCN,1024,196,97.99,89.42999999999999,84.92,pointnet2_results/x4_two_line_final/lineB_downsampled_x4_up/pu_gcn/train.log
B,PU-GCN,1024,197,98.14,89.8,85.83,pointnet2_results/x4_two_line_final/lineB_downsampled_x4_up/pu_gcn/train.log
B,PU-GCN,1024,198,98.13,89.48,85.5,pointnet2_results/x4_two_line_final/lineB_downsampled_x4_up/pu_gcn/train.log
B,PU-GCN,1024,199,97.97,89.51,85.45,pointnet2_results/x4_two_line_final/lineB_downsampled_x4_up/pu_gcn/train.log
B,PU-GCN,1024,200,97.78,89.63,85.25,pointnet2_results/x4_two_line_final/lineB_downsampled_x4_up/pu_gcn/train.log
B,PU-EdgeFormer,1024,1,46.400000000000006,40.21,33.739999999999995,pointnet2_results/x4_two_line_final/lineB_downsampled_x4_up/pu_edgeformer/train.log
B,PU-EdgeFormer,1024,2,59.599999999999994,66.77,57.379999999999995,pointnet2_results/x4_two_line_final/lineB_downsampled_x4_up/pu_edgeformer/train.log
B,PU-EdgeFormer,1024,3,65.2,68.30000000000001,58.52,pointnet2_results/x4_two_line_final/lineB_downsampled_x4_up/pu_edgeformer/train.log
B,PU-EdgeFormer,1024,4,68.47,67.47999999999999,62.1,pointnet2_results/x4_two_line_final/lineB_downsampled_x4_up/pu_edgeformer/train.log
B,PU-EdgeFormer,1024,5,72.38,74.72999999999999,67.64,pointnet2_results/x4_two_line_final/lineB_downsampled_x4_up/pu_edgeformer/train.log
B,PU-EdgeFormer,1024,6,73.68,76.9,70.00999999999999,pointnet2_results/x4_two_line_final/lineB_downsampled_x4_up/pu_edgeformer/train.log
B,PU-EdgeFormer,1024,7,75.27000000000001,78.02,71.33,pointnet2_results/x4_two_line_final/lineB_downsampled_x4_up/pu_edgeformer/train.log
B,PU-EdgeFormer,1024,8,76.74,73.41,66.44,pointnet2_results/x4_two_line_final/lineB_downsampled_x4_up/pu_edgeformer/train.log
B,PU-EdgeFormer,1024,9,77.86,81.58999999999999,75.32,pointnet2_results/x4_two_line_final/lineB_downsampled_x4_up/pu_edgeformer/train.log
B,PU-EdgeFormer,1024,10,78.43,80.17,73.41,pointnet2_results/x4_two_line_final/lineB_downsampled_x4_up/pu_edgeformer/train.log
B,PU-EdgeFormer,1024,11,79.27,81.2,75.84,pointnet2_results/x4_two_line_final/lineB_downsampled_x4_up/pu_edgeformer/train.log
B,PU-EdgeFormer,1024,12,80.52,81.8,75.83,pointnet2_results/x4_two_line_final/lineB_downsampled_x4_up/pu_edgeformer/train.log
B,PU-EdgeFormer,1024,13,80.97,80.57,75.91,pointnet2_results/x4_two_line_final/lineB_downsampled_x4_up/pu_edgeformer/train.log
B,PU-EdgeFormer,1024,14,81.23,81.27,75.64999999999999,pointnet2_results/x4_two_line_final/lineB_downsampled_x4_up/pu_edgeformer/train.log
B,PU-EdgeFormer,1024,15,81.67,84.97,78.09,pointnet2_results/x4_two_line_final/lineB_downsampled_x4_up/pu_edgeformer/train.log
B,PU-EdgeFormer,1024,16,81.98,84.04,79.09,pointnet2_results/x4_two_line_final/lineB_downsampled_x4_up/pu_edgeformer/train.log
B,PU-EdgeFormer,1024,17,81.85,81.16,75.16000000000001,pointnet2_results/x4_two_line_final/lineB_downsampled_x4_up/pu_edgeformer/train.log
B,PU-EdgeFormer,1024,18,82.46,82.14,78.77,pointnet2_results/x4_two_line_final/lineB_downsampled_x4_up/pu_edgeformer/train.log
B,PU-EdgeFormer,1024,19,83.77,82.01,77.07000000000001,pointnet2_results/x4_two_line_final/lineB_downsampled_x4_up/pu_edgeformer/train.log
B,PU-EdgeFormer,1024,20,85.09,87.03999999999999,81.63,pointnet2_results/x4_two_line_final/lineB_downsampled_x4_up/pu_edgeformer/train.log
B,PU-EdgeFormer,1024,21,85.92999999999999,84.93,78.96,pointnet2_results/x4_two_line_final/lineB_downsampled_x4_up/pu_edgeformer/train.log
B,PU-EdgeFormer,1024,22,85.82,84.14,79.58,pointnet2_results/x4_two_line_final/lineB_downsampled_x4_up/pu_edgeformer/train.log
B,PU-EdgeFormer,1024,23,85.56,85.8,79.74,pointnet2_results/x4_two_line_final/lineB_downsampled_x4_up/pu_edgeformer/train.log
B,PU-EdgeFormer,1024,24,86.59,85.08,80.12,pointnet2_results/x4_two_line_final/lineB_downsampled_x4_up/pu_edgeformer/train.log
B,PU-EdgeFormer,1024,25,86.08,85.50999999999999,80.96,pointnet2_results/x4_two_line_final/lineB_downsampled_x4_up/pu_edgeformer/train.log
B,PU-EdgeFormer,1024,26,86.61,86.13,82.08,pointnet2_results/x4_two_line_final/lineB_downsampled_x4_up/pu_edgeformer/train.log
B,PU-EdgeFormer,1024,27,86.38,84.46000000000001,80.86,pointnet2_results/x4_two_line_final/lineB_downsampled_x4_up/pu_edgeformer/train.log
B,PU-EdgeFormer,1024,28,86.91,85.76,79.39,pointnet2_results/x4_two_line_final/lineB_downsampled_x4_up/pu_edgeformer/train.log
B,PU-EdgeFormer,1024,29,86.68,84.82,80.04,pointnet2_results/x4_two_line_final/lineB_downsampled_x4_up/pu_edgeformer/train.log
B,PU-EdgeFormer,1024,30,87.09,85.39,79.09,pointnet2_results/x4_two_line_final/lineB_downsampled_x4_up/pu_edgeformer/train.log
B,PU-EdgeFormer,1024,31,87.38,86.67,82.08,pointnet2_results/x4_two_line_final/lineB_downsampled_x4_up/pu_edgeformer/train.log
B,PU-EdgeFormer,1024,32,87.94,86.38,80.10000000000001,pointnet2_results/x4_two_line_final/lineB_downsampled_x4_up/pu_edgeformer/train.log
B,PU-EdgeFormer,1024,33,87.48,87.01,81.94,pointnet2_results/x4_two_line_final/lineB_downsampled_x4_up/pu_edgeformer/train.log
B,PU-EdgeFormer,1024,34,88.07000000000001,85.2,81.10000000000001,pointnet2_results/x4_two_line_final/lineB_downsampled_x4_up/pu_edgeformer/train.log
B,PU-EdgeFormer,1024,35,88.1,86.11999999999999,82.17,pointnet2_results/x4_two_line_final/lineB_downsampled_x4_up/pu_edgeformer/train.log
B,PU-EdgeFormer,1024,36,88.06,87.64999999999999,83.14,pointnet2_results/x4_two_line_final/lineB_downsampled_x4_up/pu_edgeformer/train.log
B,PU-EdgeFormer,1024,37,87.71,86.74,82.73,pointnet2_results/x4_two_line_final/lineB_downsampled_x4_up/pu_edgeformer/train.log
B,PU-EdgeFormer,1024,38,88.03999999999999,85.58,82.05,pointnet2_results/x4_two_line_final/lineB_downsampled_x4_up/pu_edgeformer/train.log
B,PU-EdgeFormer,1024,39,88.05,87.24,82.14,pointnet2_results/x4_two_line_final/lineB_downsampled_x4_up/pu_edgeformer/train.log
B,PU-EdgeFormer,1024,40,89.5,87.7,83.56,pointnet2_results/x4_two_line_final/lineB_downsampled_x4_up/pu_edgeformer/train.log
B,PU-EdgeFormer,1024,41,90.09,86.63,83.23,pointnet2_results/x4_two_line_final/lineB_downsampled_x4_up/pu_edgeformer/train.log
B,PU-EdgeFormer,1024,42,90.13,86.82,82.5,pointnet2_results/x4_two_line_final/lineB_downsampled_x4_up/pu_edgeformer/train.log
B,PU-EdgeFormer,1024,43,90.0,87.64999999999999,82.86,pointnet2_results/x4_two_line_final/lineB_downsampled_x4_up/pu_edgeformer/train.log
B,PU-EdgeFormer,1024,44,90.14999999999999,87.74,83.12,pointnet2_results/x4_two_line_final/lineB_downsampled_x4_up/pu_edgeformer/train.log
B,PU-EdgeFormer,1024,45,90.49000000000001,87.94,81.99,pointnet2_results/x4_two_line_final/lineB_downsampled_x4_up/pu_edgeformer/train.log
B,PU-EdgeFormer,1024,46,90.12,86.59,82.01,pointnet2_results/x4_two_line_final/lineB_downsampled_x4_up/pu_edgeformer/train.log
B,PU-EdgeFormer,1024,47,90.35,87.3,82.5,pointnet2_results/x4_two_line_final/lineB_downsampled_x4_up/pu_edgeformer/train.log
B,PU-EdgeFormer,1024,48,90.48,86.68,82.08,pointnet2_results/x4_two_line_final/lineB_downsampled_x4_up/pu_edgeformer/train.log
B,PU-EdgeFormer,1024,49,90.89,87.14,83.81,pointnet2_results/x4_two_line_final/lineB_downsampled_x4_up/pu_edgeformer/train.log
B,PU-EdgeFormer,1024,50,90.75,86.89,82.67,pointnet2_results/x4_two_line_final/lineB_downsampled_x4_up/pu_edgeformer/train.log
B,PU-EdgeFormer,1024,51,90.7,86.81,82.87,pointnet2_results/x4_two_line_final/lineB_downsampled_x4_up/pu_edgeformer/train.log
B,PU-EdgeFormer,1024,52,90.3,87.42,82.39999999999999,pointnet2_results/x4_two_line_final/lineB_downsampled_x4_up/pu_edgeformer/train.log
B,PU-EdgeFormer,1024,53,90.73,86.27,82.55,pointnet2_results/x4_two_line_final/lineB_downsampled_x4_up/pu_edgeformer/train.log
B,PU-EdgeFormer,1024,54,90.59,86.79,82.87,pointnet2_results/x4_two_line_final/lineB_downsampled_x4_up/pu_edgeformer/train.log
B,PU-EdgeFormer,1024,55,90.75999999999999,86.89,82.34,pointnet2_results/x4_two_line_final/lineB_downsampled_x4_up/pu_edgeformer/train.log
B,PU-EdgeFormer,1024,56,91.18,87.37,82.71,pointnet2_results/x4_two_line_final/lineB_downsampled_x4_up/pu_edgeformer/train.log
B,PU-EdgeFormer,1024,57,90.95,88.22,82.77,pointnet2_results/x4_two_line_final/lineB_downsampled_x4_up/pu_edgeformer/train.log
B,PU-EdgeFormer,1024,58,91.27,87.69,83.61,pointnet2_results/x4_two_line_final/lineB_downsampled_x4_up/pu_edgeformer/train.log
B,PU-EdgeFormer,1024,59,90.9,86.68,83.0,pointnet2_results/x4_two_line_final/lineB_downsampled_x4_up/pu_edgeformer/train.log
B,PU-EdgeFormer,1024,60,92.30000000000001,88.07000000000001,84.13000000000001,pointnet2_results/x4_two_line_final/lineB_downsampled_x4_up/pu_edgeformer/train.log
B,PU-EdgeFormer,1024,61,92.46,88.83,85.39999999999999,pointnet2_results/x4_two_line_final/lineB_downsampled_x4_up/pu_edgeformer/train.log
B,PU-EdgeFormer,1024,62,92.64,87.24,84.31,pointnet2_results/x4_two_line_final/lineB_downsampled_x4_up/pu_edgeformer/train.log
B,PU-EdgeFormer,1024,63,93.26,86.8,83.22,pointnet2_results/x4_two_line_final/lineB_downsampled_x4_up/pu_edgeformer/train.log
B,PU-EdgeFormer,1024,64,92.84,87.94,83.76,pointnet2_results/x4_two_line_final/lineB_downsampled_x4_up/pu_edgeformer/train.log
B,PU-EdgeFormer,1024,65,92.9,88.53999999999999,84.91,pointnet2_results/x4_two_line_final/lineB_downsampled_x4_up/pu_edgeformer/train.log
B,PU-EdgeFormer,1024,66,92.62,87.29,84.08,pointnet2_results/x4_two_line_final/lineB_downsampled_x4_up/pu_edgeformer/train.log
B,PU-EdgeFormer,1024,67,93.21000000000001,86.97,84.67,pointnet2_results/x4_two_line_final/lineB_downsampled_x4_up/pu_edgeformer/train.log
B,PU-EdgeFormer,1024,68,92.78999999999999,87.19,82.86,pointnet2_results/x4_two_line_final/lineB_downsampled_x4_up/pu_edgeformer/train.log
B,PU-EdgeFormer,1024,69,93.33,88.05,83.37,pointnet2_results/x4_two_line_final/lineB_downsampled_x4_up/pu_edgeformer/train.log
B,PU-EdgeFormer,1024,70,93.22,86.47,82.36,pointnet2_results/x4_two_line_final/lineB_downsampled_x4_up/pu_edgeformer/train.log
B,PU-EdgeFormer,1024,71,93.25,88.2,82.99,pointnet2_results/x4_two_line_final/lineB_downsampled_x4_up/pu_edgeformer/train.log
B,PU-EdgeFormer,1024,72,93.19,87.82,83.49,pointnet2_results/x4_two_line_final/lineB_downsampled_x4_up/pu_edgeformer/train.log
B,PU-EdgeFormer,1024,73,93.22,88.33,84.23,pointnet2_results/x4_two_line_final/lineB_downsampled_x4_up/pu_edgeformer/train.log
B,PU-EdgeFormer,1024,74,93.08999999999999,87.42999999999999,83.02000000000001,pointnet2_results/x4_two_line_final/lineB_downsampled_x4_up/pu_edgeformer/train.log
B,PU-EdgeFormer,1024,75,93.51,88.03,83.44,pointnet2_results/x4_two_line_final/lineB_downsampled_x4_up/pu_edgeformer/train.log
B,PU-EdgeFormer,1024,76,93.34,87.82,83.85000000000001,pointnet2_results/x4_two_line_final/lineB_downsampled_x4_up/pu_edgeformer/train.log
B,PU-EdgeFormer,1024,77,93.30000000000001,88.29,83.07,pointnet2_results/x4_two_line_final/lineB_downsampled_x4_up/pu_edgeformer/train.log
B,PU-EdgeFormer,1024,78,93.4,87.74,83.73,pointnet2_results/x4_two_line_final/lineB_downsampled_x4_up/pu_edgeformer/train.log
B,PU-EdgeFormer,1024,79,93.81,88.27000000000001,85.03,pointnet2_results/x4_two_line_final/lineB_downsampled_x4_up/pu_edgeformer/train.log
B,PU-EdgeFormer,1024,80,94.35,88.59,85.17,pointnet2_results/x4_two_line_final/lineB_downsampled_x4_up/pu_edgeformer/train.log
B,PU-EdgeFormer,1024,81,94.78999999999999,88.02,84.00999999999999,pointnet2_results/x4_two_line_final/lineB_downsampled_x4_up/pu_edgeformer/train.log
B,PU-EdgeFormer,1024,82,94.46,88.5,84.8,pointnet2_results/x4_two_line_final/lineB_downsampled_x4_up/pu_edgeformer/train.log
B,PU-EdgeFormer,1024,83,94.05,88.63,84.28,pointnet2_results/x4_two_line_final/lineB_downsampled_x4_up/pu_edgeformer/train.log
B,PU-EdgeFormer,1024,84,94.67999999999999,88.98,84.73,pointnet2_results/x4_two_line_final/lineB_downsampled_x4_up/pu_edgeformer/train.log
B,PU-EdgeFormer,1024,85,94.85,87.94,83.62,pointnet2_results/x4_two_line_final/lineB_downsampled_x4_up/pu_edgeformer/train.log
B,PU-EdgeFormer,1024,86,95.11,87.79,83.63000000000001,pointnet2_results/x4_two_line_final/lineB_downsampled_x4_up/pu_edgeformer/train.log
B,PU-EdgeFormer,1024,87,94.3,88.05,84.33,pointnet2_results/x4_two_line_final/lineB_downsampled_x4_up/pu_edgeformer/train.log
B,PU-EdgeFormer,1024,88,94.89999999999999,88.56,84.77,pointnet2_results/x4_two_line_final/lineB_downsampled_x4_up/pu_edgeformer/train.log
B,PU-EdgeFormer,1024,89,94.78999999999999,87.82,83.37,pointnet2_results/x4_two_line_final/lineB_downsampled_x4_up/pu_edgeformer/train.log
B,PU-EdgeFormer,1024,90,94.67999999999999,87.66000000000001,83.41,pointnet2_results/x4_two_line_final/lineB_downsampled_x4_up/pu_edgeformer/train.log
B,PU-EdgeFormer,1024,91,94.94,88.16000000000001,84.33,pointnet2_results/x4_two_line_final/lineB_downsampled_x4_up/pu_edgeformer/train.log
B,PU-EdgeFormer,1024,92,94.91000000000001,88.75,84.56,pointnet2_results/x4_two_line_final/lineB_downsampled_x4_up/pu_edgeformer/train.log
B,PU-EdgeFormer,1024,93,95.27,87.94,83.73,pointnet2_results/x4_two_line_final/lineB_downsampled_x4_up/pu_edgeformer/train.log
B,PU-EdgeFormer,1024,94,94.78,87.86,84.04,pointnet2_results/x4_two_line_final/lineB_downsampled_x4_up/pu_edgeformer/train.log
B,PU-EdgeFormer,1024,95,94.99,87.44,83.41,pointnet2_results/x4_two_line_final/lineB_downsampled_x4_up/pu_edgeformer/train.log
B,PU-EdgeFormer,1024,96,95.5,87.94,83.39999999999999,pointnet2_results/x4_two_line_final/lineB_downsampled_x4_up/pu_edgeformer/train.log
B,PU-EdgeFormer,1024,97,95.39,88.33,84.36,pointnet2_results/x4_two_line_final/lineB_downsampled_x4_up/pu_edgeformer/train.log
B,PU-EdgeFormer,1024,98,94.97,88.42,85.0,pointnet2_results/x4_two_line_final/lineB_downsampled_x4_up/pu_edgeformer/train.log
B,PU-EdgeFormer,1024,99,94.76,87.07000000000001,82.92,pointnet2_results/x4_two_line_final/lineB_downsampled_x4_up/pu_edgeformer/train.log
B,PU-EdgeFormer,1024,100,95.41,87.87,83.32000000000001,pointnet2_results/x4_two_line_final/lineB_downsampled_x4_up/pu_edgeformer/train.log
B,PU-EdgeFormer,1024,101,95.89999999999999,88.23,84.68,pointnet2_results/x4_two_line_final/lineB_downsampled_x4_up/pu_edgeformer/train.log
B,PU-EdgeFormer,1024,102,95.86,87.91,83.69,pointnet2_results/x4_two_line_final/lineB_downsampled_x4_up/pu_edgeformer/train.log
B,PU-EdgeFormer,1024,103,95.83,87.8,83.25,pointnet2_results/x4_two_line_final/lineB_downsampled_x4_up/pu_edgeformer/train.log
B,PU-EdgeFormer,1024,104,96.23,88.59,85.32,pointnet2_results/x4_two_line_final/lineB_downsampled_x4_up/pu_edgeformer/train.log
B,PU-EdgeFormer,1024,105,95.95,87.97,84.13000000000001,pointnet2_results/x4_two_line_final/lineB_downsampled_x4_up/pu_edgeformer/train.log
B,PU-EdgeFormer,1024,106,96.27,88.34,84.82,pointnet2_results/x4_two_line_final/lineB_downsampled_x4_up/pu_edgeformer/train.log
B,PU-EdgeFormer,1024,107,96.17,88.3,84.8,pointnet2_results/x4_two_line_final/lineB_downsampled_x4_up/pu_edgeformer/train.log
B,PU-EdgeFormer,1024,108,96.33,88.02,84.69,pointnet2_results/x4_two_line_final/lineB_downsampled_x4_up/pu_edgeformer/train.log
B,PU-EdgeFormer,1024,109,96.27,88.2,83.63000000000001,pointnet2_results/x4_two_line_final/lineB_downsampled_x4_up/pu_edgeformer/train.log
B,PU-EdgeFormer,1024,110,96.34,88.55,84.86,pointnet2_results/x4_two_line_final/lineB_downsampled_x4_up/pu_edgeformer/train.log
B,PU-EdgeFormer,1024,111,95.84,88.9,85.35000000000001,pointnet2_results/x4_two_line_final/lineB_downsampled_x4_up/pu_edgeformer/train.log
B,PU-EdgeFormer,1024,112,96.34,88.32,84.38,pointnet2_results/x4_two_line_final/lineB_downsampled_x4_up/pu_edgeformer/train.log
B,PU-EdgeFormer,1024,113,95.99,87.64999999999999,83.39999999999999,pointnet2_results/x4_two_line_final/lineB_downsampled_x4_up/pu_edgeformer/train.log
B,PU-EdgeFormer,1024,114,96.41999999999999,88.06,83.93,pointnet2_results/x4_two_line_final/lineB_downsampled_x4_up/pu_edgeformer/train.log
B,PU-EdgeFormer,1024,115,96.64,88.66000000000001,84.94,pointnet2_results/x4_two_line_final/lineB_downsampled_x4_up/pu_edgeformer/train.log
B,PU-EdgeFormer,1024,116,96.23,87.9,84.21,pointnet2_results/x4_two_line_final/lineB_downsampled_x4_up/pu_edgeformer/train.log
B,PU-EdgeFormer,1024,117,96.82,88.28,84.08,pointnet2_results/x4_two_line_final/lineB_downsampled_x4_up/pu_edgeformer/train.log
B,PU-EdgeFormer,1024,118,96.26,87.83999999999999,83.56,pointnet2_results/x4_two_line_final/lineB_downsampled_x4_up/pu_edgeformer/train.log
B,PU-EdgeFormer,1024,119,96.6,88.12,85.19,pointnet2_results/x4_two_line_final/lineB_downsampled_x4_up/pu_edgeformer/train.log
B,PU-EdgeFormer,1024,120,96.67,88.18,84.08,pointnet2_results/x4_two_line_final/lineB_downsampled_x4_up/pu_edgeformer/train.log
B,PU-EdgeFormer,1024,121,96.95,88.67,84.91,pointnet2_results/x4_two_line_final/lineB_downsampled_x4_up/pu_edgeformer/train.log
B,PU-EdgeFormer,1024,122,96.37,88.71,84.99,pointnet2_results/x4_two_line_final/lineB_downsampled_x4_up/pu_edgeformer/train.log
B,PU-EdgeFormer,1024,123,96.82,88.79,85.06,pointnet2_results/x4_two_line_final/lineB_downsampled_x4_up/pu_edgeformer/train.log
B,PU-EdgeFormer,1024,124,97.02,88.62,85.22,pointnet2_results/x4_two_line_final/lineB_downsampled_x4_up/pu_edgeformer/train.log
B,PU-EdgeFormer,1024,125,97.08,88.19,84.1,pointnet2_results/x4_two_line_final/lineB_downsampled_x4_up/pu_edgeformer/train.log
B,PU-EdgeFormer,1024,126,97.07000000000001,88.53999999999999,84.36,pointnet2_results/x4_two_line_final/lineB_downsampled_x4_up/pu_edgeformer/train.log
B,PU-EdgeFormer,1024,127,97.02,88.21,83.89999999999999,pointnet2_results/x4_two_line_final/lineB_downsampled_x4_up/pu_edgeformer/train.log
B,PU-EdgeFormer,1024,128,97.24000000000001,88.13,83.58,pointnet2_results/x4_two_line_final/lineB_downsampled_x4_up/pu_edgeformer/train.log
B,PU-EdgeFormer,1024,129,97.1,88.19,83.75,pointnet2_results/x4_two_line_final/lineB_downsampled_x4_up/pu_edgeformer/train.log
B,PU-EdgeFormer,1024,130,97.33000000000001,87.58,82.96,pointnet2_results/x4_two_line_final/lineB_downsampled_x4_up/pu_edgeformer/train.log
B,PU-EdgeFormer,1024,131,97.14,88.92,84.54,pointnet2_results/x4_two_line_final/lineB_downsampled_x4_up/pu_edgeformer/train.log
B,PU-EdgeFormer,1024,132,97.15,88.3,84.17999999999999,pointnet2_results/x4_two_line_final/lineB_downsampled_x4_up/pu_edgeformer/train.log
B,PU-EdgeFormer,1024,133,97.14,87.88,84.2,pointnet2_results/x4_two_line_final/lineB_downsampled_x4_up/pu_edgeformer/train.log
B,PU-EdgeFormer,1024,134,97.1,87.79,84.91,pointnet2_results/x4_two_line_final/lineB_downsampled_x4_up/pu_edgeformer/train.log
B,PU-EdgeFormer,1024,135,97.27,87.92,84.93,pointnet2_results/x4_two_line_final/lineB_downsampled_x4_up/pu_edgeformer/train.log
B,PU-EdgeFormer,1024,136,97.27,88.53,84.71,pointnet2_results/x4_two_line_final/lineB_downsampled_x4_up/pu_edgeformer/train.log
B,PU-EdgeFormer,1024,137,97.07000000000001,88.34,84.05,pointnet2_results/x4_two_line_final/lineB_downsampled_x4_up/pu_edgeformer/train.log
B,PU-EdgeFormer,1024,138,97.08,88.01,84.41,pointnet2_results/x4_two_line_final/lineB_downsampled_x4_up/pu_edgeformer/train.log
B,PU-EdgeFormer,1024,139,97.11999999999999,88.88000000000001,84.57000000000001,pointnet2_results/x4_two_line_final/lineB_downsampled_x4_up/pu_edgeformer/train.log
B,PU-EdgeFormer,1024,140,97.15,88.42,84.0,pointnet2_results/x4_two_line_final/lineB_downsampled_x4_up/pu_edgeformer/train.log
B,PU-EdgeFormer,1024,141,97.55,87.98,83.08,pointnet2_results/x4_two_line_final/lineB_downsampled_x4_up/pu_edgeformer/train.log
B,PU-EdgeFormer,1024,142,97.67,87.69,83.41,pointnet2_results/x4_two_line_final/lineB_downsampled_x4_up/pu_edgeformer/train.log
B,PU-EdgeFormer,1024,143,97.55,88.14999999999999,83.89999999999999,pointnet2_results/x4_two_line_final/lineB_downsampled_x4_up/pu_edgeformer/train.log
B,PU-EdgeFormer,1024,144,97.64,88.67,84.05,pointnet2_results/x4_two_line_final/lineB_downsampled_x4_up/pu_edgeformer/train.log
B,PU-EdgeFormer,1024,145,97.6,88.34,84.15,pointnet2_results/x4_two_line_final/lineB_downsampled_x4_up/pu_edgeformer/train.log
B,PU-EdgeFormer,1024,146,97.77,88.68,84.65,pointnet2_results/x4_two_line_final/lineB_downsampled_x4_up/pu_edgeformer/train.log
B,PU-EdgeFormer,1024,147,97.8,88.62,85.18,pointnet2_results/x4_two_line_final/lineB_downsampled_x4_up/pu_edgeformer/train.log
B,PU-EdgeFormer,1024,148,97.37,88.92,84.46000000000001,pointnet2_results/x4_two_line_final/lineB_downsampled_x4_up/pu_edgeformer/train.log
B,PU-EdgeFormer,1024,149,97.58,88.28,83.95,pointnet2_results/x4_two_line_final/lineB_downsampled_x4_up/pu_edgeformer/train.log
B,PU-EdgeFormer,1024,150,97.78,87.78,84.11,pointnet2_results/x4_two_line_final/lineB_downsampled_x4_up/pu_edgeformer/train.log
B,PU-EdgeFormer,1024,151,97.85000000000001,88.33,83.47,pointnet2_results/x4_two_line_final/lineB_downsampled_x4_up/pu_edgeformer/train.log
B,PU-EdgeFormer,1024,152,97.6,88.25,83.69,pointnet2_results/x4_two_line_final/lineB_downsampled_x4_up/pu_edgeformer/train.log
B,PU-EdgeFormer,1024,153,97.83,88.37,84.05,pointnet2_results/x4_two_line_final/lineB_downsampled_x4_up/pu_edgeformer/train.log
B,PU-EdgeFormer,1024,154,97.48,87.77000000000001,83.55,pointnet2_results/x4_two_line_final/lineB_downsampled_x4_up/pu_edgeformer/train.log
B,PU-EdgeFormer,1024,155,97.92,88.25,83.83,pointnet2_results/x4_two_line_final/lineB_downsampled_x4_up/pu_edgeformer/train.log
B,PU-EdgeFormer,1024,156,97.94,88.55,84.09,pointnet2_results/x4_two_line_final/lineB_downsampled_x4_up/pu_edgeformer/train.log
B,PU-EdgeFormer,1024,157,97.85000000000001,88.61,84.49,pointnet2_results/x4_two_line_final/lineB_downsampled_x4_up/pu_edgeformer/train.log
B,PU-EdgeFormer,1024,158,97.77,89.18,85.19,pointnet2_results/x4_two_line_final/lineB_downsampled_x4_up/pu_edgeformer/train.log
B,PU-EdgeFormer,1024,159,97.74000000000001,89.05999999999999,84.69,pointnet2_results/x4_two_line_final/lineB_downsampled_x4_up/pu_edgeformer/train.log
B,PU-EdgeFormer,1024,160,97.87,88.58,84.55,pointnet2_results/x4_two_line_final/lineB_downsampled_x4_up/pu_edgeformer/train.log
B,PU-EdgeFormer,1024,161,97.98,88.55,84.37,pointnet2_results/x4_two_line_final/lineB_downsampled_x4_up/pu_edgeformer/train.log
B,PU-EdgeFormer,1024,162,98.02,88.33,83.42,pointnet2_results/x4_two_line_final/lineB_downsampled_x4_up/pu_edgeformer/train.log
B,PU-EdgeFormer,1024,163,98.1,88.42,83.95,pointnet2_results/x4_two_line_final/lineB_downsampled_x4_up/pu_edgeformer/train.log
B,PU-EdgeFormer,1024,164,97.87,88.67,84.38,pointnet2_results/x4_two_line_final/lineB_downsampled_x4_up/pu_edgeformer/train.log
B,PU-EdgeFormer,1024,165,98.1,89.32,85.64,pointnet2_results/x4_two_line_final/lineB_downsampled_x4_up/pu_edgeformer/train.log
B,PU-EdgeFormer,1024,166,98.08,88.42,84.1,pointnet2_results/x4_two_line_final/lineB_downsampled_x4_up/pu_edgeformer/train.log
B,PU-EdgeFormer,1024,167,98.0,89.16,84.54,pointnet2_results/x4_two_line_final/lineB_downsampled_x4_up/pu_edgeformer/train.log
B,PU-EdgeFormer,1024,168,98.22,88.62,84.52,pointnet2_results/x4_two_line_final/lineB_downsampled_x4_up/pu_edgeformer/train.log
B,PU-EdgeFormer,1024,169,97.92999999999999,88.62,84.95,pointnet2_results/x4_two_line_final/lineB_downsampled_x4_up/pu_edgeformer/train.log
B,PU-EdgeFormer,1024,170,98.04,88.51,84.3,pointnet2_results/x4_two_line_final/lineB_downsampled_x4_up/pu_edgeformer/train.log
B,PU-EdgeFormer,1024,171,98.16,88.94999999999999,84.39,pointnet2_results/x4_two_line_final/lineB_downsampled_x4_up/pu_edgeformer/train.log
B,PU-EdgeFormer,1024,172,98.0,88.92,84.56,pointnet2_results/x4_two_line_final/lineB_downsampled_x4_up/pu_edgeformer/train.log
B,PU-EdgeFormer,1024,173,97.95,88.91,84.65,pointnet2_results/x4_two_line_final/lineB_downsampled_x4_up/pu_edgeformer/train.log
B,PU-EdgeFormer,1024,174,98.24000000000001,88.46000000000001,83.84,pointnet2_results/x4_two_line_final/lineB_downsampled_x4_up/pu_edgeformer/train.log
B,PU-EdgeFormer,1024,175,98.1,89.14,84.96000000000001,pointnet2_results/x4_two_line_final/lineB_downsampled_x4_up/pu_edgeformer/train.log
B,PU-EdgeFormer,1024,176,98.26,88.7,84.42,pointnet2_results/x4_two_line_final/lineB_downsampled_x4_up/pu_edgeformer/train.log
B,PU-EdgeFormer,1024,177,98.22999999999999,88.53999999999999,84.45,pointnet2_results/x4_two_line_final/lineB_downsampled_x4_up/pu_edgeformer/train.log
B,PU-EdgeFormer,1024,178,98.41,88.69,84.21,pointnet2_results/x4_two_line_final/lineB_downsampled_x4_up/pu_edgeformer/train.log
B,PU-EdgeFormer,1024,179,98.13,88.67,84.94,pointnet2_results/x4_two_line_final/lineB_downsampled_x4_up/pu_edgeformer/train.log
B,PU-EdgeFormer,1024,180,98.19,89.14999999999999,84.86,pointnet2_results/x4_two_line_final/lineB_downsampled_x4_up/pu_edgeformer/train.log
B,PU-EdgeFormer,1024,181,98.28,88.53999999999999,84.04,pointnet2_results/x4_two_line_final/lineB_downsampled_x4_up/pu_edgeformer/train.log
B,PU-EdgeFormer,1024,182,98.34,88.39,84.42,pointnet2_results/x4_two_line_final/lineB_downsampled_x4_up/pu_edgeformer/train.log
B,PU-EdgeFormer,1024,183,98.13,89.24,85.22,pointnet2_results/x4_two_line_final/lineB_downsampled_x4_up/pu_edgeformer/train.log
B,PU-EdgeFormer,1024,184,98.14,88.58,83.86,pointnet2_results/x4_two_line_final/lineB_downsampled_x4_up/pu_edgeformer/train.log
B,PU-EdgeFormer,1024,185,98.16,88.99000000000001,85.02,pointnet2_results/x4_two_line_final/lineB_downsampled_x4_up/pu_edgeformer/train.log
B,PU-EdgeFormer,1024,186,98.41,88.5,84.22,pointnet2_results/x4_two_line_final/lineB_downsampled_x4_up/pu_edgeformer/train.log
B,PU-EdgeFormer,1024,187,98.33,88.67,85.24000000000001,pointnet2_results/x4_two_line_final/lineB_downsampled_x4_up/pu_edgeformer/train.log
B,PU-EdgeFormer,1024,188,98.4,88.3,84.14,pointnet2_results/x4_two_line_final/lineB_downsampled_x4_up/pu_edgeformer/train.log
B,PU-EdgeFormer,1024,189,98.39,88.53999999999999,84.36,pointnet2_results/x4_two_line_final/lineB_downsampled_x4_up/pu_edgeformer/train.log
B,PU-EdgeFormer,1024,190,98.38,89.0,85.02,pointnet2_results/x4_two_line_final/lineB_downsampled_x4_up/pu_edgeformer/train.log
B,PU-EdgeFormer,1024,191,98.67,89.16,85.19,pointnet2_results/x4_two_line_final/lineB_downsampled_x4_up/pu_edgeformer/train.log
B,PU-EdgeFormer,1024,192,98.53,88.75,84.35000000000001,pointnet2_results/x4_two_line_final/lineB_downsampled_x4_up/pu_edgeformer/train.log
B,PU-EdgeFormer,1024,193,98.24000000000001,88.58,84.42,pointnet2_results/x4_two_line_final/lineB_downsampled_x4_up/pu_edgeformer/train.log
B,PU-EdgeFormer,1024,194,98.24000000000001,89.32,85.21,pointnet2_results/x4_two_line_final/lineB_downsampled_x4_up/pu_edgeformer/train.log
B,PU-EdgeFormer,1024,195,98.64,89.14999999999999,84.81,pointnet2_results/x4_two_line_final/lineB_downsampled_x4_up/pu_edgeformer/train.log
B,PU-EdgeFormer,1024,196,98.4,88.71,84.47,pointnet2_results/x4_two_line_final/lineB_downsampled_x4_up/pu_edgeformer/train.log
B,PU-EdgeFormer,1024,197,98.41,88.39,84.44,pointnet2_results/x4_two_line_final/lineB_downsampled_x4_up/pu_edgeformer/train.log
B,PU-EdgeFormer,1024,198,98.72,88.89,84.31,pointnet2_results/x4_two_line_final/lineB_downsampled_x4_up/pu_edgeformer/train.log
B,PU-EdgeFormer,1024,199,98.38,89.07000000000001,84.36,pointnet2_results/x4_two_line_final/lineB_downsampled_x4_up/pu_edgeformer/train.log
B,PU-EdgeFormer,1024,200,98.16,88.58,84.03,pointnet2_results/x4_two_line_final/lineB_downsampled_x4_up/pu_edgeformer/train.log
control,Mesh-ref 256,256,1,32.910000000000004,39.32,31.119999999999997,pointnet2_results/x4_two_line_final/mesh_ref_baseline_256/train.log
control,Mesh-ref 256,256,2,43.24,45.83,41.349999999999994,pointnet2_results/x4_two_line_final/mesh_ref_baseline_256/train.log
control,Mesh-ref 256,256,3,51.190000000000005,59.260000000000005,52.800000000000004,pointnet2_results/x4_two_line_final/mesh_ref_baseline_256/train.log
control,Mesh-ref 256,256,4,57.24,64.01,56.910000000000004,pointnet2_results/x4_two_line_final/mesh_ref_baseline_256/train.log
control,Mesh-ref 256,256,5,62.29,69.42,64.72,pointnet2_results/x4_two_line_final/mesh_ref_baseline_256/train.log
control,Mesh-ref 256,256,6,65.18,76.16000000000001,69.67,pointnet2_results/x4_two_line_final/mesh_ref_baseline_256/train.log
control,Mesh-ref 256,256,7,67.86999999999999,77.59,69.56,pointnet2_results/x4_two_line_final/mesh_ref_baseline_256/train.log
control,Mesh-ref 256,256,8,70.63000000000001,78.16,67.65,pointnet2_results/x4_two_line_final/mesh_ref_baseline_256/train.log
control,Mesh-ref 256,256,9,72.02,76.97,73.08,pointnet2_results/x4_two_line_final/mesh_ref_baseline_256/train.log
control,Mesh-ref 256,256,10,73.18,75.44,71.28,pointnet2_results/x4_two_line_final/mesh_ref_baseline_256/train.log
control,Mesh-ref 256,256,11,73.91,81.69999999999999,74.97,pointnet2_results/x4_two_line_final/mesh_ref_baseline_256/train.log
control,Mesh-ref 256,256,12,74.16,79.96,73.26,pointnet2_results/x4_two_line_final/mesh_ref_baseline_256/train.log
control,Mesh-ref 256,256,13,75.3,75.55,69.34,pointnet2_results/x4_two_line_final/mesh_ref_baseline_256/train.log
control,Mesh-ref 256,256,14,75.99000000000001,80.25,73.17,pointnet2_results/x4_two_line_final/mesh_ref_baseline_256/train.log
control,Mesh-ref 256,256,15,76.14999999999999,83.37,76.64,pointnet2_results/x4_two_line_final/mesh_ref_baseline_256/train.log
control,Mesh-ref 256,256,16,76.63,83.39,76.19,pointnet2_results/x4_two_line_final/mesh_ref_baseline_256/train.log
control,Mesh-ref 256,256,17,77.68,80.99,75.18,pointnet2_results/x4_two_line_final/mesh_ref_baseline_256/train.log
control,Mesh-ref 256,256,18,77.34,82.50999999999999,76.16000000000001,pointnet2_results/x4_two_line_final/mesh_ref_baseline_256/train.log
control,Mesh-ref 256,256,19,77.78,82.14,75.37,pointnet2_results/x4_two_line_final/mesh_ref_baseline_256/train.log
control,Mesh-ref 256,256,20,79.47999999999999,84.34,79.7,pointnet2_results/x4_two_line_final/mesh_ref_baseline_256/train.log
control,Mesh-ref 256,256,21,80.05,83.49,76.31,pointnet2_results/x4_two_line_final/mesh_ref_baseline_256/train.log
control,Mesh-ref 256,256,22,80.78,83.91999999999999,77.25,pointnet2_results/x4_two_line_final/mesh_ref_baseline_256/train.log
control,Mesh-ref 256,256,23,80.84,83.6,78.03999999999999,pointnet2_results/x4_two_line_final/mesh_ref_baseline_256/train.log
control,Mesh-ref 256,256,24,80.71000000000001,84.24000000000001,77.9,pointnet2_results/x4_two_line_final/mesh_ref_baseline_256/train.log
control,Mesh-ref 256,256,25,80.93,84.24000000000001,77.09,pointnet2_results/x4_two_line_final/mesh_ref_baseline_256/train.log
control,Mesh-ref 256,256,26,81.28999999999999,84.45,78.82000000000001,pointnet2_results/x4_two_line_final/mesh_ref_baseline_256/train.log
control,Mesh-ref 256,256,27,80.84,83.78,77.19,pointnet2_results/x4_two_line_final/mesh_ref_baseline_256/train.log
control,Mesh-ref 256,256,28,81.39,84.09,77.3,pointnet2_results/x4_two_line_final/mesh_ref_baseline_256/train.log
control,Mesh-ref 256,256,29,81.81,85.55,78.62,pointnet2_results/x4_two_line_final/mesh_ref_baseline_256/train.log
control,Mesh-ref 256,256,30,81.63,84.93,79.17,pointnet2_results/x4_two_line_final/mesh_ref_baseline_256/train.log
control,Mesh-ref 256,256,31,81.28999999999999,84.91,79.51,pointnet2_results/x4_two_line_final/mesh_ref_baseline_256/train.log
control,Mesh-ref 256,256,32,81.63,87.16000000000001,80.31,pointnet2_results/x4_two_line_final/mesh_ref_baseline_256/train.log
control,Mesh-ref 256,256,33,82.15,87.48,81.84,pointnet2_results/x4_two_line_final/mesh_ref_baseline_256/train.log
control,Mesh-ref 256,256,34,82.35,86.85000000000001,80.41,pointnet2_results/x4_two_line_final/mesh_ref_baseline_256/train.log
control,Mesh-ref 256,256,35,83.22,85.45,78.44,pointnet2_results/x4_two_line_final/mesh_ref_baseline_256/train.log
control,Mesh-ref 256,256,36,82.22,84.91,79.05,pointnet2_results/x4_two_line_final/mesh_ref_baseline_256/train.log
control,Mesh-ref 256,256,37,82.61,86.3,81.86,pointnet2_results/x4_two_line_final/mesh_ref_baseline_256/train.log
control,Mesh-ref 256,256,38,82.59,86.16,81.71000000000001,pointnet2_results/x4_two_line_final/mesh_ref_baseline_256/train.log
control,Mesh-ref 256,256,39,82.97,86.92999999999999,80.16,pointnet2_results/x4_two_line_final/mesh_ref_baseline_256/train.log
control,Mesh-ref 256,256,40,83.69,88.53,83.66,pointnet2_results/x4_two_line_final/mesh_ref_baseline_256/train.log
control,Mesh-ref 256,256,41,84.13000000000001,87.98,82.67999999999999,pointnet2_results/x4_two_line_final/mesh_ref_baseline_256/train.log
control,Mesh-ref 256,256,42,84.31,88.53999999999999,81.93,pointnet2_results/x4_two_line_final/mesh_ref_baseline_256/train.log
control,Mesh-ref 256,256,43,84.42,88.1,82.92,pointnet2_results/x4_two_line_final/mesh_ref_baseline_256/train.log
control,Mesh-ref 256,256,44,84.84,88.53999999999999,82.32000000000001,pointnet2_results/x4_two_line_final/mesh_ref_baseline_256/train.log
control,Mesh-ref 256,256,45,85.18,86.57000000000001,80.85,pointnet2_results/x4_two_line_final/mesh_ref_baseline_256/train.log
control,Mesh-ref 256,256,46,85.32,87.85,82.32000000000001,pointnet2_results/x4_two_line_final/mesh_ref_baseline_256/train.log
control,Mesh-ref 256,256,47,85.02,88.34,82.07,pointnet2_results/x4_two_line_final/mesh_ref_baseline_256/train.log
control,Mesh-ref 256,256,48,85.52,87.15,82.16,pointnet2_results/x4_two_line_final/mesh_ref_baseline_256/train.log
control,Mesh-ref 256,256,49,85.32,88.24,83.45,pointnet2_results/x4_two_line_final/mesh_ref_baseline_256/train.log
control,Mesh-ref 256,256,50,85.06,87.77000000000001,83.50999999999999,pointnet2_results/x4_two_line_final/mesh_ref_baseline_256/train.log
control,Mesh-ref 256,256,51,84.96000000000001,87.99,81.47999999999999,pointnet2_results/x4_two_line_final/mesh_ref_baseline_256/train.log
control,Mesh-ref 256,256,52,85.37,88.32,83.21,pointnet2_results/x4_two_line_final/mesh_ref_baseline_256/train.log
control,Mesh-ref 256,256,53,85.7,88.24,83.96000000000001,pointnet2_results/x4_two_line_final/mesh_ref_baseline_256/train.log
control,Mesh-ref 256,256,54,85.36,88.37,82.84,pointnet2_results/x4_two_line_final/mesh_ref_baseline_256/train.log
control,Mesh-ref 256,256,55,85.72,88.88000000000001,84.59,pointnet2_results/x4_two_line_final/mesh_ref_baseline_256/train.log
control,Mesh-ref 256,256,56,85.04,88.33,83.99,pointnet2_results/x4_two_line_final/mesh_ref_baseline_256/train.log
control,Mesh-ref 256,256,57,85.64,88.58,81.96,pointnet2_results/x4_two_line_final/mesh_ref_baseline_256/train.log
control,Mesh-ref 256,256,58,85.71,87.82,81.6,pointnet2_results/x4_two_line_final/mesh_ref_baseline_256/train.log
control,Mesh-ref 256,256,59,86.05000000000001,88.14,82.44,pointnet2_results/x4_two_line_final/mesh_ref_baseline_256/train.log
control,Mesh-ref 256,256,60,86.68,88.58,83.21,pointnet2_results/x4_two_line_final/mesh_ref_baseline_256/train.log
control,Mesh-ref 256,256,61,86.66,89.3,85.11999999999999,pointnet2_results/x4_two_line_final/mesh_ref_baseline_256/train.log
control,Mesh-ref 256,256,62,86.44,87.28,81.89999999999999,pointnet2_results/x4_two_line_final/mesh_ref_baseline_256/train.log
control,Mesh-ref 256,256,63,87.02,88.75,84.89,pointnet2_results/x4_two_line_final/mesh_ref_baseline_256/train.log
control,Mesh-ref 256,256,64,87.11,89.48,84.3,pointnet2_results/x4_two_line_final/mesh_ref_baseline_256/train.log
control,Mesh-ref 256,256,65,87.4,87.72999999999999,82.73,pointnet2_results/x4_two_line_final/mesh_ref_baseline_256/train.log
control,Mesh-ref 256,256,66,87.15,88.56,84.0,pointnet2_results/x4_two_line_final/mesh_ref_baseline_256/train.log
control,Mesh-ref 256,256,67,86.96000000000001,89.12,85.22,pointnet2_results/x4_two_line_final/mesh_ref_baseline_256/train.log
control,Mesh-ref 256,256,68,87.24,89.96,84.61999999999999,pointnet2_results/x4_two_line_final/mesh_ref_baseline_256/train.log
control,Mesh-ref 256,256,69,86.88,89.22,85.25,pointnet2_results/x4_two_line_final/mesh_ref_baseline_256/train.log
control,Mesh-ref 256,256,70,87.38,89.36,83.61,pointnet2_results/x4_two_line_final/mesh_ref_baseline_256/train.log
control,Mesh-ref 256,256,71,87.52,89.37,84.56,pointnet2_results/x4_two_line_final/mesh_ref_baseline_256/train.log
control,Mesh-ref 256,256,72,87.76,88.96,82.89999999999999,pointnet2_results/x4_two_line_final/mesh_ref_baseline_256/train.log
control,Mesh-ref 256,256,73,87.5,89.53,83.62,pointnet2_results/x4_two_line_final/mesh_ref_baseline_256/train.log
control,Mesh-ref 256,256,74,88.27000000000001,88.99000000000001,84.11,pointnet2_results/x4_two_line_final/mesh_ref_baseline_256/train.log
control,Mesh-ref 256,256,75,87.67,89.11,84.61999999999999,pointnet2_results/x4_two_line_final/mesh_ref_baseline_256/train.log
control,Mesh-ref 256,256,76,87.67,88.91,85.28,pointnet2_results/x4_two_line_final/mesh_ref_baseline_256/train.log
control,Mesh-ref 256,256,77,88.33,88.97,84.3,pointnet2_results/x4_two_line_final/mesh_ref_baseline_256/train.log
control,Mesh-ref 256,256,78,87.79,88.98,84.55,pointnet2_results/x4_two_line_final/mesh_ref_baseline_256/train.log
control,Mesh-ref 256,256,79,88.0,89.68,85.53,pointnet2_results/x4_two_line_final/mesh_ref_baseline_256/train.log
control,Mesh-ref 256,256,80,88.3,89.05,83.41,pointnet2_results/x4_two_line_final/mesh_ref_baseline_256/train.log
control,Mesh-ref 256,256,81,88.55,90.36999999999999,85.59,pointnet2_results/x4_two_line_final/mesh_ref_baseline_256/train.log
control,Mesh-ref 256,256,82,89.16,88.88000000000001,85.27,pointnet2_results/x4_two_line_final/mesh_ref_baseline_256/train.log
control,Mesh-ref 256,256,83,88.69,90.45,86.78,pointnet2_results/x4_two_line_final/mesh_ref_baseline_256/train.log
control,Mesh-ref 256,256,84,88.56,89.60000000000001,83.67999999999999,pointnet2_results/x4_two_line_final/mesh_ref_baseline_256/train.log
control,Mesh-ref 256,256,85,88.79,90.10000000000001,85.33,pointnet2_results/x4_two_line_final/mesh_ref_baseline_256/train.log
control,Mesh-ref 256,256,86,88.94999999999999,89.73,85.91,pointnet2_results/x4_two_line_final/mesh_ref_baseline_256/train.log
control,Mesh-ref 256,256,87,89.12,89.64999999999999,86.64,pointnet2_results/x4_two_line_final/mesh_ref_baseline_256/train.log
control,Mesh-ref 256,256,88,88.89,90.0,85.49,pointnet2_results/x4_two_line_final/mesh_ref_baseline_256/train.log
control,Mesh-ref 256,256,89,88.88000000000001,89.42999999999999,84.64,pointnet2_results/x4_two_line_final/mesh_ref_baseline_256/train.log
control,Mesh-ref 256,256,90,89.14999999999999,88.92,84.66,pointnet2_results/x4_two_line_final/mesh_ref_baseline_256/train.log
control,Mesh-ref 256,256,91,89.48,89.12,84.35000000000001,pointnet2_results/x4_two_line_final/mesh_ref_baseline_256/train.log
control,Mesh-ref 256,256,92,89.68,90.14,85.83,pointnet2_results/x4_two_line_final/mesh_ref_baseline_256/train.log
control,Mesh-ref 256,256,93,89.47,88.8,84.78,pointnet2_results/x4_two_line_final/mesh_ref_baseline_256/train.log
control,Mesh-ref 256,256,94,89.25,89.56,84.65,pointnet2_results/x4_two_line_final/mesh_ref_baseline_256/train.log
control,Mesh-ref 256,256,95,89.21,89.4,86.46000000000001,pointnet2_results/x4_two_line_final/mesh_ref_baseline_256/train.log
control,Mesh-ref 256,256,96,89.9,90.05,86.35000000000001,pointnet2_results/x4_two_line_final/mesh_ref_baseline_256/train.log
control,Mesh-ref 256,256,97,89.73,89.81,86.59,pointnet2_results/x4_two_line_final/mesh_ref_baseline_256/train.log
control,Mesh-ref 256,256,98,89.5,89.32,85.1,pointnet2_results/x4_two_line_final/mesh_ref_baseline_256/train.log
control,Mesh-ref 256,256,99,89.16,89.85,85.22999999999999,pointnet2_results/x4_two_line_final/mesh_ref_baseline_256/train.log
control,Mesh-ref 256,256,100,89.81,90.08,85.02,pointnet2_results/x4_two_line_final/mesh_ref_baseline_256/train.log
control,Mesh-ref 256,256,101,89.97,89.52,85.24000000000001,pointnet2_results/x4_two_line_final/mesh_ref_baseline_256/train.log
control,Mesh-ref 256,256,102,89.88000000000001,89.61,84.24000000000001,pointnet2_results/x4_two_line_final/mesh_ref_baseline_256/train.log
control,Mesh-ref 256,256,103,89.83,89.81,85.18,pointnet2_results/x4_two_line_final/mesh_ref_baseline_256/train.log
control,Mesh-ref 256,256,104,89.77000000000001,90.12,85.54,pointnet2_results/x4_two_line_final/mesh_ref_baseline_256/train.log
control,Mesh-ref 256,256,105,90.23,89.81,85.31,pointnet2_results/x4_two_line_final/mesh_ref_baseline_256/train.log
control,Mesh-ref 256,256,106,90.23,89.92,87.09,pointnet2_results/x4_two_line_final/mesh_ref_baseline_256/train.log
control,Mesh-ref 256,256,107,89.94,90.7,87.19,pointnet2_results/x4_two_line_final/mesh_ref_baseline_256/train.log
control,Mesh-ref 256,256,108,90.27,89.64999999999999,85.15,pointnet2_results/x4_two_line_final/mesh_ref_baseline_256/train.log
control,Mesh-ref 256,256,109,90.14999999999999,89.59,83.41,pointnet2_results/x4_two_line_final/mesh_ref_baseline_256/train.log
control,Mesh-ref 256,256,110,90.72,89.60000000000001,85.69,pointnet2_results/x4_two_line_final/mesh_ref_baseline_256/train.log
control,Mesh-ref 256,256,111,90.52,89.85,85.98,pointnet2_results/x4_two_line_final/mesh_ref_baseline_256/train.log
control,Mesh-ref 256,256,112,90.53999999999999,89.42999999999999,85.04,pointnet2_results/x4_two_line_final/mesh_ref_baseline_256/train.log
control,Mesh-ref 256,256,113,90.86,89.8,86.1,pointnet2_results/x4_two_line_final/mesh_ref_baseline_256/train.log
control,Mesh-ref 256,256,114,90.46,89.8,85.75,pointnet2_results/x4_two_line_final/mesh_ref_baseline_256/train.log
control,Mesh-ref 256,256,115,91.08000000000001,90.05,87.69,pointnet2_results/x4_two_line_final/mesh_ref_baseline_256/train.log
control,Mesh-ref 256,256,116,90.64,90.09,86.27,pointnet2_results/x4_two_line_final/mesh_ref_baseline_256/train.log
control,Mesh-ref 256,256,117,90.53999999999999,90.14999999999999,85.88,pointnet2_results/x4_two_line_final/mesh_ref_baseline_256/train.log
control,Mesh-ref 256,256,118,90.46,89.77000000000001,86.5,pointnet2_results/x4_two_line_final/mesh_ref_baseline_256/train.log
control,Mesh-ref 256,256,119,90.97,89.55,86.29,pointnet2_results/x4_two_line_final/mesh_ref_baseline_256/train.log
control,Mesh-ref 256,256,120,90.79,89.28,84.49,pointnet2_results/x4_two_line_final/mesh_ref_baseline_256/train.log
control,Mesh-ref 256,256,121,90.77,89.72,85.22999999999999,pointnet2_results/x4_two_line_final/mesh_ref_baseline_256/train.log
control,Mesh-ref 256,256,122,91.06,89.72,86.03,pointnet2_results/x4_two_line_final/mesh_ref_baseline_256/train.log
control,Mesh-ref 256,256,123,91.55,90.2,87.12,pointnet2_results/x4_two_line_final/mesh_ref_baseline_256/train.log
control,Mesh-ref 256,256,124,91.32000000000001,90.14999999999999,85.28999999999999,pointnet2_results/x4_two_line_final/mesh_ref_baseline_256/train.log
control,Mesh-ref 256,256,125,90.9,90.22,85.84,pointnet2_results/x4_two_line_final/mesh_ref_baseline_256/train.log
control,Mesh-ref 256,256,126,91.10000000000001,90.08,85.54,pointnet2_results/x4_two_line_final/mesh_ref_baseline_256/train.log
control,Mesh-ref 256,256,127,91.09,90.11,85.53,pointnet2_results/x4_two_line_final/mesh_ref_baseline_256/train.log
control,Mesh-ref 256,256,128,91.11,89.68,86.38,pointnet2_results/x4_two_line_final/mesh_ref_baseline_256/train.log
control,Mesh-ref 256,256,129,91.21000000000001,90.88000000000001,86.33999999999999,pointnet2_results/x4_two_line_final/mesh_ref_baseline_256/train.log
control,Mesh-ref 256,256,130,91.74,90.46,87.14,pointnet2_results/x4_two_line_final/mesh_ref_baseline_256/train.log
control,Mesh-ref 256,256,131,91.86999999999999,90.13,85.86,pointnet2_results/x4_two_line_final/mesh_ref_baseline_256/train.log
control,Mesh-ref 256,256,132,91.33,89.88000000000001,86.61,pointnet2_results/x4_two_line_final/mesh_ref_baseline_256/train.log
control,Mesh-ref 256,256,133,91.38,90.57,86.88,pointnet2_results/x4_two_line_final/mesh_ref_baseline_256/train.log
control,Mesh-ref 256,256,134,91.55,90.06,86.18,pointnet2_results/x4_two_line_final/mesh_ref_baseline_256/train.log
control,Mesh-ref 256,256,135,91.71000000000001,90.16,86.02,pointnet2_results/x4_two_line_final/mesh_ref_baseline_256/train.log
control,Mesh-ref 256,256,136,91.67,90.18,86.35000000000001,pointnet2_results/x4_two_line_final/mesh_ref_baseline_256/train.log
control,Mesh-ref 256,256,137,91.46,90.10000000000001,86.25,pointnet2_results/x4_two_line_final/mesh_ref_baseline_256/train.log
control,Mesh-ref 256,256,138,91.73,90.23,87.02,pointnet2_results/x4_two_line_final/mesh_ref_baseline_256/train.log
control,Mesh-ref 256,256,139,91.4,89.94,85.74000000000001,pointnet2_results/x4_two_line_final/mesh_ref_baseline_256/train.log
control,Mesh-ref 256,256,140,91.9,90.46,87.26,pointnet2_results/x4_two_line_final/mesh_ref_baseline_256/train.log
control,Mesh-ref 256,256,141,91.82000000000001,90.34,87.18,pointnet2_results/x4_two_line_final/mesh_ref_baseline_256/train.log
control,Mesh-ref 256,256,142,91.96,90.02,87.48,pointnet2_results/x4_two_line_final/mesh_ref_baseline_256/train.log
control,Mesh-ref 256,256,143,91.91,90.25,87.64999999999999,pointnet2_results/x4_two_line_final/mesh_ref_baseline_256/train.log
control,Mesh-ref 256,256,144,92.28,90.33,86.69,pointnet2_results/x4_two_line_final/mesh_ref_baseline_256/train.log
control,Mesh-ref 256,256,145,92.17999999999999,90.14,87.45,pointnet2_results/x4_two_line_final/mesh_ref_baseline_256/train.log
control,Mesh-ref 256,256,146,92.32000000000001,90.5,87.57000000000001,pointnet2_results/x4_two_line_final/mesh_ref_baseline_256/train.log
control,Mesh-ref 256,256,147,92.39,90.02,86.68,pointnet2_results/x4_two_line_final/mesh_ref_baseline_256/train.log
control,Mesh-ref 256,256,148,92.72,89.81,86.92999999999999,pointnet2_results/x4_two_line_final/mesh_ref_baseline_256/train.log
control,Mesh-ref 256,256,149,91.53999999999999,90.3,86.77,pointnet2_results/x4_two_line_final/mesh_ref_baseline_256/train.log
control,Mesh-ref 256,256,150,92.36,90.10000000000001,87.3,pointnet2_results/x4_two_line_final/mesh_ref_baseline_256/train.log
control,Mesh-ref 256,256,151,92.01,90.25,85.92999999999999,pointnet2_results/x4_two_line_final/mesh_ref_baseline_256/train.log
control,Mesh-ref 256,256,152,92.24,90.3,86.36,pointnet2_results/x4_two_line_final/mesh_ref_baseline_256/train.log
control,Mesh-ref 256,256,153,92.11,90.46,86.46000000000001,pointnet2_results/x4_two_line_final/mesh_ref_baseline_256/train.log
control,Mesh-ref 256,256,154,92.07,90.33,86.65,pointnet2_results/x4_two_line_final/mesh_ref_baseline_256/train.log
control,Mesh-ref 256,256,155,92.36,90.16999999999999,85.92,pointnet2_results/x4_two_line_final/mesh_ref_baseline_256/train.log
control,Mesh-ref 256,256,156,92.27,90.29,87.99,pointnet2_results/x4_two_line_final/mesh_ref_baseline_256/train.log
control,Mesh-ref 256,256,157,93.30000000000001,89.75999999999999,85.52,pointnet2_results/x4_two_line_final/mesh_ref_baseline_256/train.log
control,Mesh-ref 256,256,158,92.56,90.5,87.53999999999999,pointnet2_results/x4_two_line_final/mesh_ref_baseline_256/train.log
control,Mesh-ref 256,256,159,92.39,90.3,86.9,pointnet2_results/x4_two_line_final/mesh_ref_baseline_256/train.log
control,Mesh-ref 256,256,160,92.44,90.45,86.99,pointnet2_results/x4_two_line_final/mesh_ref_baseline_256/train.log
control,Mesh-ref 256,256,161,92.42,90.25999999999999,87.02,pointnet2_results/x4_two_line_final/mesh_ref_baseline_256/train.log
control,Mesh-ref 256,256,162,92.7,89.9,86.24000000000001,pointnet2_results/x4_two_line_final/mesh_ref_baseline_256/train.log
control,Mesh-ref 256,256,163,92.22,90.05,85.77,pointnet2_results/x4_two_line_final/mesh_ref_baseline_256/train.log
control,Mesh-ref 256,256,164,92.36,90.22,87.13,pointnet2_results/x4_two_line_final/mesh_ref_baseline_256/train.log
control,Mesh-ref 256,256,165,92.43,90.01,87.02,pointnet2_results/x4_two_line_final/mesh_ref_baseline_256/train.log
control,Mesh-ref 256,256,166,92.62,90.22,87.33,pointnet2_results/x4_two_line_final/mesh_ref_baseline_256/train.log
control,Mesh-ref 256,256,167,92.77,90.25999999999999,87.03999999999999,pointnet2_results/x4_two_line_final/mesh_ref_baseline_256/train.log
control,Mesh-ref 256,256,168,92.36,90.3,87.24,pointnet2_results/x4_two_line_final/mesh_ref_baseline_256/train.log
control,Mesh-ref 256,256,169,92.56,90.05,86.8,pointnet2_results/x4_two_line_final/mesh_ref_baseline_256/train.log
control,Mesh-ref 256,256,170,92.61,90.10000000000001,87.32,pointnet2_results/x4_two_line_final/mesh_ref_baseline_256/train.log
control,Mesh-ref 256,256,171,92.63,90.25999999999999,87.51,pointnet2_results/x4_two_line_final/mesh_ref_baseline_256/train.log
control,Mesh-ref 256,256,172,92.63,90.25999999999999,86.72999999999999,pointnet2_results/x4_two_line_final/mesh_ref_baseline_256/train.log
control,Mesh-ref 256,256,173,92.95,89.89,86.59,pointnet2_results/x4_two_line_final/mesh_ref_baseline_256/train.log
control,Mesh-ref 256,256,174,92.49000000000001,90.22,87.09,pointnet2_results/x4_two_line_final/mesh_ref_baseline_256/train.log
control,Mesh-ref 256,256,175,92.82000000000001,89.98,86.85000000000001,pointnet2_results/x4_two_line_final/mesh_ref_baseline_256/train.log
control,Mesh-ref 256,256,176,92.83,90.22,86.86,pointnet2_results/x4_two_line_final/mesh_ref_baseline_256/train.log
control,Mesh-ref 256,256,177,92.64,89.94,86.94,pointnet2_results/x4_two_line_final/mesh_ref_baseline_256/train.log
control,Mesh-ref 256,256,178,92.7,90.3,86.75,pointnet2_results/x4_two_line_final/mesh_ref_baseline_256/train.log
control,Mesh-ref 256,256,179,92.75,90.46,89.18,pointnet2_results/x4_two_line_final/mesh_ref_baseline_256/train.log
control,Mesh-ref 256,256,180,93.12,90.01,86.33,pointnet2_results/x4_two_line_final/mesh_ref_baseline_256/train.log
control,Mesh-ref 256,256,181,92.74,90.3,87.17,pointnet2_results/x4_two_line_final/mesh_ref_baseline_256/train.log
control,Mesh-ref 256,256,182,93.19,90.42,87.53,pointnet2_results/x4_two_line_final/mesh_ref_baseline_256/train.log
control,Mesh-ref 256,256,183,92.86999999999999,90.34,87.08,pointnet2_results/x4_two_line_final/mesh_ref_baseline_256/train.log
control,Mesh-ref 256,256,184,93.23,90.10000000000001,87.51,pointnet2_results/x4_two_line_final/mesh_ref_baseline_256/train.log
control,Mesh-ref 256,256,185,92.96,90.09,87.31,pointnet2_results/x4_two_line_final/mesh_ref_baseline_256/train.log
control,Mesh-ref 256,256,186,92.84,90.49000000000001,88.68,pointnet2_results/x4_two_line_final/mesh_ref_baseline_256/train.log
control,Mesh-ref 256,256,187,93.13,90.33,87.69,pointnet2_results/x4_two_line_final/mesh_ref_baseline_256/train.log
control,Mesh-ref 256,256,188,93.23,90.29,86.83,pointnet2_results/x4_two_line_final/mesh_ref_baseline_256/train.log
control,Mesh-ref 256,256,189,93.11,90.41,87.25,pointnet2_results/x4_two_line_final/mesh_ref_baseline_256/train.log
control,Mesh-ref 256,256,190,93.11,90.10000000000001,87.5,pointnet2_results/x4_two_line_final/mesh_ref_baseline_256/train.log
control,Mesh-ref 256,256,191,93.22,90.42,87.16000000000001,pointnet2_results/x4_two_line_final/mesh_ref_baseline_256/train.log
control,Mesh-ref 256,256,192,93.07,90.25,87.02,pointnet2_results/x4_two_line_final/mesh_ref_baseline_256/train.log
control,Mesh-ref 256,256,193,93.15,90.13,87.32,pointnet2_results/x4_two_line_final/mesh_ref_baseline_256/train.log
control,Mesh-ref 256,256,194,93.32000000000001,90.3,86.99,pointnet2_results/x4_two_line_final/mesh_ref_baseline_256/train.log
control,Mesh-ref 256,256,195,93.13,90.74,87.35000000000001,pointnet2_results/x4_two_line_final/mesh_ref_baseline_256/train.log
control,Mesh-ref 256,256,196,93.21000000000001,90.46,87.21,pointnet2_results/x4_two_line_final/mesh_ref_baseline_256/train.log
control,Mesh-ref 256,256,197,93.05,90.58,89.03,pointnet2_results/x4_two_line_final/mesh_ref_baseline_256/train.log
control,Mesh-ref 256,256,198,93.17,90.21000000000001,87.32,pointnet2_results/x4_two_line_final/mesh_ref_baseline_256/train.log
control,Mesh-ref 256,256,199,92.97,90.22,87.77000000000001,pointnet2_results/x4_two_line_final/mesh_ref_baseline_256/train.log
control,Mesh-ref 256,256,200,93.10000000000001,90.38000000000001,88.14,pointnet2_results/x4_two_line_final/mesh_ref_baseline_256/train.log
control,Mesh-ref 4096,4096,1,58.620000000000005,71.97,61.83,pointnet2_results/x4_two_line_final/mesh_ref_baseline_4096/train.log
control,Mesh-ref 4096,4096,2,73.16,75.42999999999999,65.77,pointnet2_results/x4_two_line_final/mesh_ref_baseline_4096/train.log
control,Mesh-ref 4096,4096,3,77.10000000000001,79.64,72.88,pointnet2_results/x4_two_line_final/mesh_ref_baseline_4096/train.log
control,Mesh-ref 4096,4096,4,80.08999999999999,83.97,75.86,pointnet2_results/x4_two_line_final/mesh_ref_baseline_4096/train.log
control,Mesh-ref 4096,4096,5,81.5,83.75,77.35,pointnet2_results/x4_two_line_final/mesh_ref_baseline_4096/train.log
control,Mesh-ref 4096,4096,6,83.07,85.78,79.66,pointnet2_results/x4_two_line_final/mesh_ref_baseline_4096/train.log
control,Mesh-ref 4096,4096,7,83.09,84.89999999999999,79.94,pointnet2_results/x4_two_line_final/mesh_ref_baseline_4096/train.log
control,Mesh-ref 4096,4096,8,84.09,84.89,77.12,pointnet2_results/x4_two_line_final/mesh_ref_baseline_4096/train.log
control,Mesh-ref 4096,4096,9,84.72,86.18,81.95,pointnet2_results/x4_two_line_final/mesh_ref_baseline_4096/train.log
control,Mesh-ref 4096,4096,10,85.19,86.68,82.09,pointnet2_results/x4_two_line_final/mesh_ref_baseline_4096/train.log
control,Mesh-ref 4096,4096,11,85.97,87.17,81.0,pointnet2_results/x4_two_line_final/mesh_ref_baseline_4096/train.log
control,Mesh-ref 4096,4096,12,86.0,85.91,81.07,pointnet2_results/x4_two_line_final/mesh_ref_baseline_4096/train.log
control,Mesh-ref 4096,4096,13,86.71,88.38000000000001,83.83,pointnet2_results/x4_two_line_final/mesh_ref_baseline_4096/train.log
control,Mesh-ref 4096,4096,14,86.61999999999999,87.18,82.41000000000001,pointnet2_results/x4_two_line_final/mesh_ref_baseline_4096/train.log
control,Mesh-ref 4096,4096,15,87.42999999999999,88.24,83.50999999999999,pointnet2_results/x4_two_line_final/mesh_ref_baseline_4096/train.log
control,Mesh-ref 4096,4096,16,87.27000000000001,88.24,84.11999999999999,pointnet2_results/x4_two_line_final/mesh_ref_baseline_4096/train.log
control,Mesh-ref 4096,4096,17,87.94,87.35000000000001,83.07,pointnet2_results/x4_two_line_final/mesh_ref_baseline_4096/train.log
control,Mesh-ref 4096,4096,18,87.96000000000001,87.89,82.08,pointnet2_results/x4_two_line_final/mesh_ref_baseline_4096/train.log
control,Mesh-ref 4096,4096,19,88.26,86.68,81.75,pointnet2_results/x4_two_line_final/mesh_ref_baseline_4096/train.log
control,Mesh-ref 4096,4096,20,89.64999999999999,90.53999999999999,85.48,pointnet2_results/x4_two_line_final/mesh_ref_baseline_4096/train.log
control,Mesh-ref 4096,4096,21,90.57,89.85,86.63,pointnet2_results/x4_two_line_final/mesh_ref_baseline_4096/train.log
control,Mesh-ref 4096,4096,22,90.53,88.71,83.36,pointnet2_results/x4_two_line_final/mesh_ref_baseline_4096/train.log
control,Mesh-ref 4096,4096,23,90.02,88.74,84.24000000000001,pointnet2_results/x4_two_line_final/mesh_ref_baseline_4096/train.log
control,Mesh-ref 4096,4096,24,90.86,88.91,82.73,pointnet2_results/x4_two_line_final/mesh_ref_baseline_4096/train.log
control,Mesh-ref 4096,4096,25,90.96,89.75999999999999,84.73,pointnet2_results/x4_two_line_final/mesh_ref_baseline_4096/train.log
control,Mesh-ref 4096,4096,26,91.18,89.51,85.8,pointnet2_results/x4_two_line_final/mesh_ref_baseline_4096/train.log
control,Mesh-ref 4096,4096,27,90.84,87.88,85.65,pointnet2_results/x4_two_line_final/mesh_ref_baseline_4096/train.log
control,Mesh-ref 4096,4096,28,91.24,89.13,84.37,pointnet2_results/x4_two_line_final/mesh_ref_baseline_4096/train.log
control,Mesh-ref 4096,4096,29,91.38,90.42999999999999,86.56,pointnet2_results/x4_two_line_final/mesh_ref_baseline_4096/train.log
control,Mesh-ref 4096,4096,30,91.97,90.41,85.92999999999999,pointnet2_results/x4_two_line_final/mesh_ref_baseline_4096/train.log
control,Mesh-ref 4096,4096,31,91.44,90.5,85.36,pointnet2_results/x4_two_line_final/mesh_ref_baseline_4096/train.log
control,Mesh-ref 4096,4096,32,91.24,89.49000000000001,84.17,pointnet2_results/x4_two_line_final/mesh_ref_baseline_4096/train.log
control,Mesh-ref 4096,4096,33,91.16,90.52,86.39,pointnet2_results/x4_two_line_final/mesh_ref_baseline_4096/train.log
control,Mesh-ref 4096,4096,34,91.19,89.88000000000001,83.96000000000001,pointnet2_results/x4_two_line_final/mesh_ref_baseline_4096/train.log
control,Mesh-ref 4096,4096,35,91.85,88.9,83.96000000000001,pointnet2_results/x4_two_line_final/mesh_ref_baseline_4096/train.log
control,Mesh-ref 4096,4096,36,91.97999999999999,88.37,84.17999999999999,pointnet2_results/x4_two_line_final/mesh_ref_baseline_4096/train.log
control,Mesh-ref 4096,4096,37,91.75999999999999,89.36,86.22,pointnet2_results/x4_two_line_final/mesh_ref_baseline_4096/train.log
control,Mesh-ref 4096,4096,38,92.66,90.0,87.15,pointnet2_results/x4_two_line_final/mesh_ref_baseline_4096/train.log
control,Mesh-ref 4096,4096,39,92.23,90.99000000000001,86.15,pointnet2_results/x4_two_line_final/mesh_ref_baseline_4096/train.log
control,Mesh-ref 4096,4096,40,93.02,91.08000000000001,86.85000000000001,pointnet2_results/x4_two_line_final/mesh_ref_baseline_4096/train.log
control,Mesh-ref 4096,4096,41,93.89,90.9,86.11999999999999,pointnet2_results/x4_two_line_final/mesh_ref_baseline_4096/train.log
control,Mesh-ref 4096,4096,42,93.67999999999999,90.68,85.94000000000001,pointnet2_results/x4_two_line_final/mesh_ref_baseline_4096/train.log
control,Mesh-ref 4096,4096,43,93.72,91.34,85.9,pointnet2_results/x4_two_line_final/mesh_ref_baseline_4096/train.log
control,Mesh-ref 4096,4096,44,93.66,91.41,86.33,pointnet2_results/x4_two_line_final/mesh_ref_baseline_4096/train.log
control,Mesh-ref 4096,4096,45,93.7,90.51,85.72,pointnet2_results/x4_two_line_final/mesh_ref_baseline_4096/train.log
control,Mesh-ref 4096,4096,46,93.92,90.8,86.66,pointnet2_results/x4_two_line_final/mesh_ref_baseline_4096/train.log
control,Mesh-ref 4096,4096,47,94.35,90.85,86.76,pointnet2_results/x4_two_line_final/mesh_ref_baseline_4096/train.log
control,Mesh-ref 4096,4096,48,94.13,90.88000000000001,86.68,pointnet2_results/x4_two_line_final/mesh_ref_baseline_4096/train.log
control,Mesh-ref 4096,4096,49,94.28999999999999,91.23,87.71,pointnet2_results/x4_two_line_final/mesh_ref_baseline_4096/train.log
control,Mesh-ref 4096,4096,50,93.94,89.57000000000001,85.88,pointnet2_results/x4_two_line_final/mesh_ref_baseline_4096/train.log
control,Mesh-ref 4096,4096,51,93.87,90.08,85.42,pointnet2_results/x4_two_line_final/mesh_ref_baseline_4096/train.log
control,Mesh-ref 4096,4096,52,94.14,90.5,87.11,pointnet2_results/x4_two_line_final/mesh_ref_baseline_4096/train.log
control,Mesh-ref 4096,4096,53,94.27,89.77000000000001,86.38,pointnet2_results/x4_two_line_final/mesh_ref_baseline_4096/train.log
control,Mesh-ref 4096,4096,54,94.21000000000001,89.8,86.17,pointnet2_results/x4_two_line_final/mesh_ref_baseline_4096/train.log
control,Mesh-ref 4096,4096,55,94.72,90.66,87.39,pointnet2_results/x4_two_line_final/mesh_ref_baseline_4096/train.log
control,Mesh-ref 4096,4096,56,94.31,91.31,86.72,pointnet2_results/x4_two_line_final/mesh_ref_baseline_4096/train.log
control,Mesh-ref 4096,4096,57,94.05,90.4,86.14,pointnet2_results/x4_two_line_final/mesh_ref_baseline_4096/train.log
control,Mesh-ref 4096,4096,58,94.64,90.28,85.18,pointnet2_results/x4_two_line_final/mesh_ref_baseline_4096/train.log
control,Mesh-ref 4096,4096,59,94.55,90.61,86.85000000000001,pointnet2_results/x4_two_line_final/mesh_ref_baseline_4096/train.log
control,Mesh-ref 4096,4096,60,95.32000000000001,90.66,85.81,pointnet2_results/x4_two_line_final/mesh_ref_baseline_4096/train.log
control,Mesh-ref 4096,4096,61,95.57,90.4,87.53999999999999,pointnet2_results/x4_two_line_final/mesh_ref_baseline_4096/train.log
control,Mesh-ref 4096,4096,62,95.56,90.52,87.85,pointnet2_results/x4_two_line_final/mesh_ref_baseline_4096/train.log
control,Mesh-ref 4096,4096,63,95.25,90.85,86.72999999999999,pointnet2_results/x4_two_line_final/mesh_ref_baseline_4096/train.log
control,Mesh-ref 4096,4096,64,95.71,90.91,87.3,pointnet2_results/x4_two_line_final/mesh_ref_baseline_4096/train.log
control,Mesh-ref 4096,4096,65,95.74000000000001,90.68,86.58,pointnet2_results/x4_two_line_final/mesh_ref_baseline_4096/train.log
control,Mesh-ref 4096,4096,66,96.07,90.7,86.92999999999999,pointnet2_results/x4_two_line_final/mesh_ref_baseline_4096/train.log
control,Mesh-ref 4096,4096,67,95.72,90.45,87.57000000000001,pointnet2_results/x4_two_line_final/mesh_ref_baseline_4096/train.log
control,Mesh-ref 4096,4096,68,95.75,90.94,86.32,pointnet2_results/x4_two_line_final/mesh_ref_baseline_4096/train.log
control,Mesh-ref 4096,4096,69,95.96000000000001,90.45,86.37,pointnet2_results/x4_two_line_final/mesh_ref_baseline_4096/train.log
control,Mesh-ref 4096,4096,70,96.1,91.5,88.59,pointnet2_results/x4_two_line_final/mesh_ref_baseline_4096/train.log
control,Mesh-ref 4096,4096,71,95.97,91.63,87.53,pointnet2_results/x4_two_line_final/mesh_ref_baseline_4096/train.log
control,Mesh-ref 4096,4096,72,95.96000000000001,91.25,86.09,pointnet2_results/x4_two_line_final/mesh_ref_baseline_4096/train.log
control,Mesh-ref 4096,4096,73,96.3,91.41,87.03,pointnet2_results/x4_two_line_final/mesh_ref_baseline_4096/train.log
control,Mesh-ref 4096,4096,74,95.86,91.36,87.86,pointnet2_results/x4_two_line_final/mesh_ref_baseline_4096/train.log
control,Mesh-ref 4096,4096,75,95.89,91.17,87.42,pointnet2_results/x4_two_line_final/mesh_ref_baseline_4096/train.log
control,Mesh-ref 4096,4096,76,96.46000000000001,90.46,87.97,pointnet2_results/x4_two_line_final/mesh_ref_baseline_4096/train.log
control,Mesh-ref 4096,4096,77,96.1,90.59,85.54,pointnet2_results/x4_two_line_final/mesh_ref_baseline_4096/train.log
control,Mesh-ref 4096,4096,78,95.85000000000001,90.06,87.29,pointnet2_results/x4_two_line_final/mesh_ref_baseline_4096/train.log
control,Mesh-ref 4096,4096,79,96.0,91.46,87.85,pointnet2_results/x4_two_line_final/mesh_ref_baseline_4096/train.log
control,Mesh-ref 4096,4096,80,96.72,91.16,86.56,pointnet2_results/x4_two_line_final/mesh_ref_baseline_4096/train.log
control,Mesh-ref 4096,4096,81,96.74000000000001,91.09,86.35000000000001,pointnet2_results/x4_two_line_final/mesh_ref_baseline_4096/train.log
control,Mesh-ref 4096,4096,82,96.99,91.09,88.26,pointnet2_results/x4_two_line_final/mesh_ref_baseline_4096/train.log
control,Mesh-ref 4096,4096,83,96.87,90.83,86.42,pointnet2_results/x4_two_line_final/mesh_ref_baseline_4096/train.log
control,Mesh-ref 4096,4096,84,96.93,90.66,87.92999999999999,pointnet2_results/x4_two_line_final/mesh_ref_baseline_4096/train.log
control,Mesh-ref 4096,4096,85,97.17,90.84,87.05000000000001,pointnet2_results/x4_two_line_final/mesh_ref_baseline_4096/train.log
control,Mesh-ref 4096,4096,86,97.27,91.08000000000001,87.62,pointnet2_results/x4_two_line_final/mesh_ref_baseline_4096/train.log
control,Mesh-ref 4096,4096,87,96.78,90.72,86.82,pointnet2_results/x4_two_line_final/mesh_ref_baseline_4096/train.log
control,Mesh-ref 4096,4096,88,97.02,91.27,86.98,pointnet2_results/x4_two_line_final/mesh_ref_baseline_4096/train.log
control,Mesh-ref 4096,4096,89,97.39,90.06,85.58,pointnet2_results/x4_two_line_final/mesh_ref_baseline_4096/train.log
control,Mesh-ref 4096,4096,90,97.05,90.9,87.78,pointnet2_results/x4_two_line_final/mesh_ref_baseline_4096/train.log
control,Mesh-ref 4096,4096,91,96.8,90.91,88.97,pointnet2_results/x4_two_line_final/mesh_ref_baseline_4096/train.log
control,Mesh-ref 4096,4096,92,97.33000000000001,90.7,87.72999999999999,pointnet2_results/x4_two_line_final/mesh_ref_baseline_4096/train.log
control,Mesh-ref 4096,4096,93,96.96000000000001,90.56,86.85000000000001,pointnet2_results/x4_two_line_final/mesh_ref_baseline_4096/train.log
control,Mesh-ref 4096,4096,94,97.00999999999999,91.63,88.36,pointnet2_results/x4_two_line_final/mesh_ref_baseline_4096/train.log
control,Mesh-ref 4096,4096,95,97.36,91.27,87.49,pointnet2_results/x4_two_line_final/mesh_ref_baseline_4096/train.log
control,Mesh-ref 4096,4096,96,97.42,90.97,86.89,pointnet2_results/x4_two_line_final/mesh_ref_baseline_4096/train.log
control,Mesh-ref 4096,4096,97,97.46000000000001,91.19,88.56,pointnet2_results/x4_two_line_final/mesh_ref_baseline_4096/train.log
control,Mesh-ref 4096,4096,98,97.28,90.98,86.98,pointnet2_results/x4_two_line_final/mesh_ref_baseline_4096/train.log
control,Mesh-ref 4096,4096,99,97.06,91.11,88.03999999999999,pointnet2_results/x4_two_line_final/mesh_ref_baseline_4096/train.log
control,Mesh-ref 4096,4096,100,97.48,91.35,87.56,pointnet2_results/x4_two_line_final/mesh_ref_baseline_4096/train.log
control,Mesh-ref 4096,4096,101,97.78,91.34,88.31,pointnet2_results/x4_two_line_final/mesh_ref_baseline_4096/train.log
control,Mesh-ref 4096,4096,102,97.58,91.59,87.72,pointnet2_results/x4_two_line_final/mesh_ref_baseline_4096/train.log
control,Mesh-ref 4096,4096,103,97.83,91.47,87.8,pointnet2_results/x4_two_line_final/mesh_ref_baseline_4096/train.log
control,Mesh-ref 4096,4096,104,98.05,91.29,88.35,pointnet2_results/x4_two_line_final/mesh_ref_baseline_4096/train.log
control,Mesh-ref 4096,4096,105,98.03,90.86,87.32,pointnet2_results/x4_two_line_final/mesh_ref_baseline_4096/train.log
control,Mesh-ref 4096,4096,106,97.77,91.02,88.08,pointnet2_results/x4_two_line_final/mesh_ref_baseline_4096/train.log
control,Mesh-ref 4096,4096,107,97.67,91.21000000000001,87.56,pointnet2_results/x4_two_line_final/mesh_ref_baseline_4096/train.log
control,Mesh-ref 4096,4096,108,98.07000000000001,91.08000000000001,87.69,pointnet2_results/x4_two_line_final/mesh_ref_baseline_4096/train.log
control,Mesh-ref 4096,4096,109,97.71,91.17,87.82,pointnet2_results/x4_two_line_final/mesh_ref_baseline_4096/train.log
control,Mesh-ref 4096,4096,110,98.27,90.94,88.25,pointnet2_results/x4_two_line_final/mesh_ref_baseline_4096/train.log
control,Mesh-ref 4096,4096,111,97.89999999999999,90.98,87.26,pointnet2_results/x4_two_line_final/mesh_ref_baseline_4096/train.log
control,Mesh-ref 4096,4096,112,97.92,91.42,87.28,pointnet2_results/x4_two_line_final/mesh_ref_baseline_4096/train.log
control,Mesh-ref 4096,4096,113,98.19,91.14999999999999,86.85000000000001,pointnet2_results/x4_two_line_final/mesh_ref_baseline_4096/train.log
control,Mesh-ref 4096,4096,114,97.94,91.43,87.46000000000001,pointnet2_results/x4_two_line_final/mesh_ref_baseline_4096/train.log
control,Mesh-ref 4096,4096,115,98.18,91.07,88.03,pointnet2_results/x4_two_line_final/mesh_ref_baseline_4096/train.log
control,Mesh-ref 4096,4096,116,98.07000000000001,90.53,87.57000000000001,pointnet2_results/x4_two_line_final/mesh_ref_baseline_4096/train.log
control,Mesh-ref 4096,4096,117,97.96000000000001,91.3,87.41,pointnet2_results/x4_two_line_final/mesh_ref_baseline_4096/train.log
control,Mesh-ref 4096,4096,118,97.92,91.32000000000001,87.52,pointnet2_results/x4_two_line_final/mesh_ref_baseline_4096/train.log
control,Mesh-ref 4096,4096,119,98.07000000000001,91.25,88.37,pointnet2_results/x4_two_line_final/mesh_ref_baseline_4096/train.log
control,Mesh-ref 4096,4096,120,98.33,90.94,86.83999999999999,pointnet2_results/x4_two_line_final/mesh_ref_baseline_4096/train.log
control,Mesh-ref 4096,4096,121,98.24000000000001,90.7,86.88,pointnet2_results/x4_two_line_final/mesh_ref_baseline_4096/train.log
control,Mesh-ref 4096,4096,122,98.45,91.21000000000001,87.92999999999999,pointnet2_results/x4_two_line_final/mesh_ref_baseline_4096/train.log
control,Mesh-ref 4096,4096,123,98.48,90.71000000000001,87.47,pointnet2_results/x4_two_line_final/mesh_ref_baseline_4096/train.log
control,Mesh-ref 4096,4096,124,98.52,91.59,87.6,pointnet2_results/x4_two_line_final/mesh_ref_baseline_4096/train.log
control,Mesh-ref 4096,4096,125,98.49,90.86999999999999,88.47,pointnet2_results/x4_two_line_final/mesh_ref_baseline_4096/train.log
control,Mesh-ref 4096,4096,126,98.53,90.56,86.8,pointnet2_results/x4_two_line_final/mesh_ref_baseline_4096/train.log
control,Mesh-ref 4096,4096,127,98.39,90.25,87.11,pointnet2_results/x4_two_line_final/mesh_ref_baseline_4096/train.log
control,Mesh-ref 4096,4096,128,98.61,91.43,87.41,pointnet2_results/x4_two_line_final/mesh_ref_baseline_4096/train.log
control,Mesh-ref 4096,4096,129,98.4,91.72,88.53999999999999,pointnet2_results/x4_two_line_final/mesh_ref_baseline_4096/train.log
control,Mesh-ref 4096,4096,130,98.28,90.98,87.67,pointnet2_results/x4_two_line_final/mesh_ref_baseline_4096/train.log
control,Mesh-ref 4096,4096,131,98.61,91.25999999999999,87.72999999999999,pointnet2_results/x4_two_line_final/mesh_ref_baseline_4096/train.log
control,Mesh-ref 4096,4096,132,98.64,91.51,88.62,pointnet2_results/x4_two_line_final/mesh_ref_baseline_4096/train.log
control,Mesh-ref 4096,4096,133,98.63,91.11,86.98,pointnet2_results/x4_two_line_final/mesh_ref_baseline_4096/train.log
control,Mesh-ref 4096,4096,134,98.4,91.8,88.42999999999999,pointnet2_results/x4_two_line_final/mesh_ref_baseline_4096/train.log
control,Mesh-ref 4096,4096,135,98.65,91.34,87.83999999999999,pointnet2_results/x4_two_line_final/mesh_ref_baseline_4096/train.log
control,Mesh-ref 4096,4096,136,98.77,91.03,87.85,pointnet2_results/x4_two_line_final/mesh_ref_baseline_4096/train.log
control,Mesh-ref 4096,4096,137,98.37,90.66,87.1,pointnet2_results/x4_two_line_final/mesh_ref_baseline_4096/train.log
control,Mesh-ref 4096,4096,138,98.4,91.43,88.29,pointnet2_results/x4_two_line_final/mesh_ref_baseline_4096/train.log
control,Mesh-ref 4096,4096,139,98.48,90.69,87.22999999999999,pointnet2_results/x4_two_line_final/mesh_ref_baseline_4096/train.log
control,Mesh-ref 4096,4096,140,98.64,91.88,88.94,pointnet2_results/x4_two_line_final/mesh_ref_baseline_4096/train.log
control,Mesh-ref 4096,4096,141,98.75,91.02,87.41,pointnet2_results/x4_two_line_final/mesh_ref_baseline_4096/train.log
control,Mesh-ref 4096,4096,142,98.76,91.02,88.5,pointnet2_results/x4_two_line_final/mesh_ref_baseline_4096/train.log
control,Mesh-ref 4096,4096,143,98.83,91.62,88.05,pointnet2_results/x4_two_line_final/mesh_ref_baseline_4096/train.log
control,Mesh-ref 4096,4096,144,98.91,91.84,87.83,pointnet2_results/x4_two_line_final/mesh_ref_baseline_4096/train.log
control,Mesh-ref 4096,4096,145,98.74000000000001,91.43,88.79,pointnet2_results/x4_two_line_final/mesh_ref_baseline_4096/train.log
control,Mesh-ref 4096,4096,146,99.0,91.67,87.85,pointnet2_results/x4_two_line_final/mesh_ref_baseline_4096/train.log
control,Mesh-ref 4096,4096,147,98.78,91.83,88.64999999999999,pointnet2_results/x4_two_line_final/mesh_ref_baseline_4096/train.log
control,Mesh-ref 4096,4096,148,98.88,92.0,88.7,pointnet2_results/x4_two_line_final/mesh_ref_baseline_4096/train.log
control,Mesh-ref 4096,4096,149,98.92,91.11,87.92999999999999,pointnet2_results/x4_two_line_final/mesh_ref_baseline_4096/train.log
control,Mesh-ref 4096,4096,150,98.92,90.94,87.89,pointnet2_results/x4_two_line_final/mesh_ref_baseline_4096/train.log
control,Mesh-ref 4096,4096,151,98.91,91.46,88.02,pointnet2_results/x4_two_line_final/mesh_ref_baseline_4096/train.log
control,Mesh-ref 4096,4096,152,98.82,91.32000000000001,88.55,pointnet2_results/x4_two_line_final/mesh_ref_baseline_4096/train.log
control,Mesh-ref 4096,4096,153,99.02,91.55,88.52,pointnet2_results/x4_two_line_final/mesh_ref_baseline_4096/train.log
control,Mesh-ref 4096,4096,154,98.97,91.38,88.31,pointnet2_results/x4_two_line_final/mesh_ref_baseline_4096/train.log
control,Mesh-ref 4096,4096,155,98.76,91.86999999999999,88.14,pointnet2_results/x4_two_line_final/mesh_ref_baseline_4096/train.log
control,Mesh-ref 4096,4096,156,98.9,91.34,88.07000000000001,pointnet2_results/x4_two_line_final/mesh_ref_baseline_4096/train.log
control,Mesh-ref 4096,4096,157,98.88,91.47,88.39,pointnet2_results/x4_two_line_final/mesh_ref_baseline_4096/train.log
control,Mesh-ref 4096,4096,158,98.79,91.34,87.29,pointnet2_results/x4_two_line_final/mesh_ref_baseline_4096/train.log
control,Mesh-ref 4096,4096,159,99.09,91.63,88.35,pointnet2_results/x4_two_line_final/mesh_ref_baseline_4096/train.log
control,Mesh-ref 4096,4096,160,98.91,90.98,87.78,pointnet2_results/x4_two_line_final/mesh_ref_baseline_4096/train.log
control,Mesh-ref 4096,4096,161,99.07000000000001,91.25999999999999,88.58,pointnet2_results/x4_two_line_final/mesh_ref_baseline_4096/train.log
control,Mesh-ref 4096,4096,162,99.1,91.06,88.31,pointnet2_results/x4_two_line_final/mesh_ref_baseline_4096/train.log
control,Mesh-ref 4096,4096,163,98.94,91.25,88.06,pointnet2_results/x4_two_line_final/mesh_ref_baseline_4096/train.log
control,Mesh-ref 4096,4096,164,98.94,91.59,87.81,pointnet2_results/x4_two_line_final/mesh_ref_baseline_4096/train.log
control,Mesh-ref 4096,4096,165,99.1,91.38,88.38000000000001,pointnet2_results/x4_two_line_final/mesh_ref_baseline_4096/train.log
control,Mesh-ref 4096,4096,166,99.2,91.17,88.06,pointnet2_results/x4_two_line_final/mesh_ref_baseline_4096/train.log
control,Mesh-ref 4096,4096,167,99.1,91.32000000000001,88.67,pointnet2_results/x4_two_line_final/mesh_ref_baseline_4096/train.log
control,Mesh-ref 4096,4096,168,99.16,91.42,88.29,pointnet2_results/x4_two_line_final/mesh_ref_baseline_4096/train.log
control,Mesh-ref 4096,4096,169,99.13,91.4,88.34,pointnet2_results/x4_two_line_final/mesh_ref_baseline_4096/train.log
control,Mesh-ref 4096,4096,170,99.28,91.47,88.07000000000001,pointnet2_results/x4_two_line_final/mesh_ref_baseline_4096/train.log
control,Mesh-ref 4096,4096,171,99.2,91.25999999999999,88.06,pointnet2_results/x4_two_line_final/mesh_ref_baseline_4096/train.log
control,Mesh-ref 4096,4096,172,99.17,91.11,87.83,pointnet2_results/x4_two_line_final/mesh_ref_baseline_4096/train.log
control,Mesh-ref 4096,4096,173,99.02,91.59,88.3,pointnet2_results/x4_two_line_final/mesh_ref_baseline_4096/train.log
control,Mesh-ref 4096,4096,174,99.02,91.25999999999999,88.09,pointnet2_results/x4_two_line_final/mesh_ref_baseline_4096/train.log
control,Mesh-ref 4096,4096,175,99.13,91.51,88.81,pointnet2_results/x4_two_line_final/mesh_ref_baseline_4096/train.log
control,Mesh-ref 4096,4096,176,99.05000000000001,91.60000000000001,88.57000000000001,pointnet2_results/x4_two_line_final/mesh_ref_baseline_4096/train.log
control,Mesh-ref 4096,4096,177,99.31,91.3,88.09,pointnet2_results/x4_two_line_final/mesh_ref_baseline_4096/train.log
control,Mesh-ref 4096,4096,178,99.09,91.02,87.64,pointnet2_results/x4_two_line_final/mesh_ref_baseline_4096/train.log
control,Mesh-ref 4096,4096,179,99.17,91.14999999999999,88.07000000000001,pointnet2_results/x4_two_line_final/mesh_ref_baseline_4096/train.log
control,Mesh-ref 4096,4096,180,99.11,91.14,87.74,pointnet2_results/x4_two_line_final/mesh_ref_baseline_4096/train.log
control,Mesh-ref 4096,4096,181,99.21,90.95,87.33,pointnet2_results/x4_two_line_final/mesh_ref_baseline_4096/train.log
control,Mesh-ref 4096,4096,182,99.26,91.03,87.62,pointnet2_results/x4_two_line_final/mesh_ref_baseline_4096/train.log
control,Mesh-ref 4096,4096,183,99.2,91.4,88.53999999999999,pointnet2_results/x4_two_line_final/mesh_ref_baseline_4096/train.log
control,Mesh-ref 4096,4096,184,99.22,91.35,88.34,pointnet2_results/x4_two_line_final/mesh_ref_baseline_4096/train.log
control,Mesh-ref 4096,4096,185,99.3,91.34,87.48,pointnet2_results/x4_two_line_final/mesh_ref_baseline_4096/train.log
control,Mesh-ref 4096,4096,186,99.33,91.18,87.68,pointnet2_results/x4_two_line_final/mesh_ref_baseline_4096/train.log
control,Mesh-ref 4096,4096,187,99.25,91.42,87.63,pointnet2_results/x4_two_line_final/mesh_ref_baseline_4096/train.log
control,Mesh-ref 4096,4096,188,99.19,91.02,88.14,pointnet2_results/x4_two_line_final/mesh_ref_baseline_4096/train.log
control,Mesh-ref 4096,4096,189,99.28,91.21000000000001,87.59,pointnet2_results/x4_two_line_final/mesh_ref_baseline_4096/train.log
control,Mesh-ref 4096,4096,190,99.45,91.51,88.6,pointnet2_results/x4_two_line_final/mesh_ref_baseline_4096/train.log
control,Mesh-ref 4096,4096,191,99.31,91.11,87.94999999999999,pointnet2_results/x4_two_line_final/mesh_ref_baseline_4096/train.log
control,Mesh-ref 4096,4096,192,99.29,90.69,87.33,pointnet2_results/x4_two_line_final/mesh_ref_baseline_4096/train.log
control,Mesh-ref 4096,4096,193,99.33,90.94,87.66000000000001,pointnet2_results/x4_two_line_final/mesh_ref_baseline_4096/train.log
control,Mesh-ref 4096,4096,194,99.11999999999999,91.14999999999999,88.47,pointnet2_results/x4_two_line_final/mesh_ref_baseline_4096/train.log
control,Mesh-ref 4096,4096,195,99.35000000000001,91.11,88.14999999999999,pointnet2_results/x4_two_line_final/mesh_ref_baseline_4096/train.log
control,Mesh-ref 4096,4096,196,99.28,91.59,88.13,pointnet2_results/x4_two_line_final/mesh_ref_baseline_4096/train.log
control,Mesh-ref 4096,4096,197,99.2,90.97,87.33999999999999,pointnet2_results/x4_two_line_final/mesh_ref_baseline_4096/train.log
control,Mesh-ref 4096,4096,198,99.33,91.59,88.59,pointnet2_results/x4_two_line_final/mesh_ref_baseline_4096/train.log
control,Mesh-ref 4096,4096,199,99.32,91.35,88.69,pointnet2_results/x4_two_line_final/mesh_ref_baseline_4096/train.log
control,Mesh-ref 4096,4096,200,99.49,91.18,87.97,pointnet2_results/x4_two_line_final/mesh_ref_baseline_4096/train.log
