frame_id,score,lost,recovered,localization_degraded,confidence_degraded,maintained,missed_both,new_fp,removed_fp,pointrcnn_events,centerpoint_events,gt_car,gt_pedestrian,gt_cyclist,class_diversity,rank
005948,1247.0,109,6,8,49,18,74,214,26,102,310,16,0,1,2,1
000590,1168.75,126,0,12,40,30,72,97,39,105,209,17,0,1,2,2
002050,1139.75,109,9,8,48,23,99,132,29,108,227,18,0,1,2,3
002615,1139.0,117,8,5,33,33,84,98,70,116,215,17,0,1,2,4
006833,1134.5,109,12,15,35,29,96,100,64,114,221,18,0,1,2,5
001999,1076.25,114,4,14,38,22,104,26,139,103,232,18,0,1,2,6
003219,1011.25,105,6,17,40,30,114,66,27,103,158,19,0,1,2,7
006163,988.25,105,8,5,38,24,84,38,91,120,165,16,0,1,2,8
005729,977.5,92,10,5,37,18,30,125,18,85,202,12,0,0,1,9
005625,975.25,94,10,10,42,38,54,84,43,114,169,15,0,1,2,10
007458,936.0,99,4,9,40,28,116,14,132,94,204,18,0,1,2,11
004800,906.5,95,1,10,37,26,79,68,44,106,149,15,0,1,2,12
002135,902.0,90,5,7,41,18,71,64,70,106,171,14,0,1,2,13
006783,901.25,90,5,9,34,27,67,89,25,91,161,14,0,1,2,14
002257,893.5,90,9,3,42,25,79,34,106,96,188,15,0,1,2,15
000169,890.5,95,8,5,34,30,76,41,56,104,135,15,0,1,2,16
000831,881.25,98,2,9,33,24,42,33,63,106,132,13,0,0,1,17
003004,872.25,94,2,9,32,33,78,21,109,96,171,15,0,1,2,18
004787,870.5,92,4,6,38,20,72,51,52,91,152,14,0,1,2,19
005190,868.75,90,2,7,27,16,34,78,51,95,160,11,0,0,1,20
005762,863.5,90,3,13,30,19,61,40,78,124,130,13,0,1,2,21
001391,851.0,88,5,11,30,15,11,54,52,82,158,10,0,0,1,22
005546,848.75,92,4,8,34,30,80,0,125,98,165,15,0,1,2,23
006379,846.0,81,0,4,27,24,24,133,20,77,188,10,0,0,1,24
004822,841.5,97,1,5,39,19,15,36,24,85,117,11,0,0,1,25
007480,838.0,84,6,7,44,21,54,34,88,96,167,13,0,1,2,26
005381,832.0,82,0,5,38,19,16,90,52,92,175,10,0,0,1,27
004633,827.25,91,1,8,42,19,31,41,33,89,127,12,0,0,1,28
005725,825.0,44,2,0,10,6,2,313,14,51,332,4,0,0,1,29
005386,820.25,87,5,3,27,11,83,44,73,105,134,13,0,1,2,30
006426,819.25,90,2,5,29,16,34,12,121,104,155,11,0,0,1,31
003830,812.5,82,0,7,33,22,16,87,34,78,165,10,0,0,1,32
007315,806.75,85,6,7,25,23,54,28,87,92,146,12,0,1,2,33
004909,804.75,82,5,8,33,29,75,29,97,94,160,14,0,1,2,34
002228,803.5,28,0,5,12,3,32,369,12,40,386,5,0,0,1,35
006265,801.0,20,0,2,13,5,0,411,4,29,421,2,0,1,2,36
004934,799.25,77,10,13,36,26,70,48,39,84,139,14,0,1,2,37
005049,798.5,92,0,10,26,20,12,15,68,94,117,10,0,0,1,38
001596,795.25,67,0,8,37,28,36,117,79,103,205,11,0,0,1,39
006034,793.25,80,4,10,38,20,96,18,111,96,165,15,0,1,2,40
007069,789.0,65,5,3,18,14,7,132,84,76,231,7,0,0,1,41
003240,787.0,67,0,18,38,21,16,108,44,104,171,10,0,0,1,42
004926,784.75,55,0,24,34,43,4,171,11,77,218,10,0,0,1,43
007350,784.0,63,5,9,25,15,43,102,118,77,245,10,0,0,1,44
003574,780.25,73,0,20,32,31,36,76,47,106,142,12,0,0,1,45
001239,779.75,8,0,0,4,4,0,470,1,15,468,1,0,0,1,46
000181,778.75,77,1,10,26,27,19,89,27,91,139,10,0,0,1,47
003980,778.5,54,0,9,23,18,40,214,8,53,255,9,0,0,1,48
005695,777.25,86,1,8,30,20,31,34,51,90,120,11,0,0,1,49
005552,773.75,80,0,12,42,34,40,52,33,91,128,13,0,0,1,50
004045,773.5,72,5,4,22,10,31,120,10,72,161,9,0,0,1,51
002399,771.0,79,2,5,30,22,78,54,68,106,132,13,0,1,2,52
001745,770.0,57,1,14,29,28,15,162,34,87,210,9,0,0,1,53
002177,768.0,56,5,18,26,24,31,151,26,85,197,10,0,0,1,54
001244,767.25,61,1,16,41,26,15,128,29,76,200,10,0,0,1,55
001643,764.0,81,5,5,27,27,87,24,86,92,136,14,0,1,2,56
005803,763.25,66,1,6,33,23,47,121,47,90,184,11,0,0,1,57
006678,760.25,71,3,13,41,27,5,53,75,93,163,10,0,0,1,58
004369,754.25,80,0,12,37,27,4,27,67,104,119,10,0,0,1,59
005917,751.75,56,4,7,30,19,28,151,47,73,222,9,0,0,1,60
001780,749.5,82,0,2,46,30,0,36,46,86,126,10,0,0,1,61
006682,749.0,42,3,6,12,8,73,246,20,28,301,3,7,5,3,62
001077,748.25,82,3,4,25,29,73,15,95,87,137,13,0,1,2,63
003822,747.25,73,3,13,38,16,33,42,67,90,146,11,0,0,1,64
006077,747.25,74,1,15,43,24,19,50,37,89,131,11,0,0,1,65
004858,744.5,69,4,6,25,12,28,81,70,70,185,9,0,0,1,66
003621,744.0,82,5,9,18,23,63,17,66,73,124,12,0,1,2,67
006498,742.75,47,2,4,15,14,22,211,49,44,284,6,1,0,2,68
001583,741.75,74,2,4,51,31,78,25,101,94,163,15,0,0,1,69
004496,741.75,78,0,7,24,23,28,40,89,91,147,10,0,0,1,70
005901,741.0,79,4,8,31,18,36,3,108,74,159,11,0,0,1,71
006942,740.75,78,2,15,14,21,54,46,45,74,126,11,0,1,2,72
004326,740.5,76,0,15,29,16,40,18,108,87,159,11,0,0,1,73
002765,739.75,25,0,1,11,7,4,346,19,43,359,3,0,0,1,74
005321,739.75,55,3,8,27,30,37,167,17,73,204,10,0,0,1,75
003114,739.5,53,7,2,6,7,69,186,26,30,250,3,7,5,3,76
003915,738.75,73,1,7,34,22,23,80,25,72,148,10,0,0,1,77
003288,738.5,71,3,5,44,28,41,37,104,96,168,12,0,0,1,78
004437,738.5,8,0,1,4,3,0,441,0,19,435,1,0,0,1,79
004391,734.5,72,0,2,43,31,52,81,30,83,145,12,0,1,2,80
007087,733.75,54,2,5,21,8,54,183,17,50,232,9,0,0,1,81
006156,732.5,75,1,6,23,12,59,12,160,95,182,11,0,0,1,82
006549,731.25,57,3,11,37,23,45,102,85,105,190,11,0,0,1,83
004360,730.25,70,2,17,27,22,54,30,109,105,150,12,0,0,1,84
002202,729.5,29,0,2,6,3,8,326,14,35,342,3,0,0,1,85
001969,726.0,41,2,10,24,17,34,210,48,59,276,8,0,0,1,86
004871,724.75,67,0,8,31,26,28,88,55,97,152,10,0,0,1,87
000395,723.5,66,1,7,16,15,23,122,22,80,154,8,0,0,1,88
003708,723.5,47,3,7,25,17,45,199,14,57,238,9,0,0,1,89
000795,723.25,53,1,6,18,11,55,180,27,63,222,9,0,0,1,90
004156,722.5,66,5,7,28,15,23,89,36,93,138,9,0,0,1,91
003338,721.75,48,2,20,28,28,2,157,35,84,206,8,0,0,1,92
005182,721.5,57,6,9,23,23,26,125,42,93,169,9,0,0,1,93
004708,721.0,60,2,19,35,30,14,103,20,78,161,10,0,0,1,94
006813,719.75,39,9,10,11,8,43,202,43,33,281,2,7,4,3,95
000404,717.75,60,3,12,21,19,29,125,21,70,172,9,0,0,1,96
007047,717.75,73,1,4,23,8,19,63,65,75,154,8,0,0,1,97
005162,717.0,73,8,10,38,19,84,20,44,81,112,14,0,1,2,98
005198,715.25,76,0,6,28,22,20,29,85,89,135,9,0,1,2,99
004849,712.0,19,0,2,7,4,0,367,0,28,367,2,0,0,1,100
002626,711.5,39,0,4,14,15,16,255,4,31,285,3,4,1,3,101
004938,711.25,76,0,5,37,26,16,23,83,92,132,10,0,0,1,102
006106,711.0,66,0,8,30,28,12,80,64,70,178,9,0,0,1,103
004610,709.5,63,0,4,19,10,16,138,12,54,182,7,0,0,1,104
000669,706.75,57,5,6,33,24,35,131,9,72,169,10,0,0,1,105
002142,705.25,59,1,14,31,32,55,29,191,66,259,12,0,0,1,106
005449,705.25,58,0,8,32,26,4,133,21,79,173,8,0,0,1,107
004101,705.0,30,0,0,13,9,12,301,16,40,320,4,0,0,1,108
004999,704.75,56,0,13,45,34,12,118,23,82,173,10,0,0,1,109
004603,698.5,67,0,11,31,19,32,65,54,89,139,10,0,0,1,110
004104,698.0,38,0,0,2,4,20,260,36,56,280,4,0,0,1,111
003304,697.75,46,3,6,34,26,45,170,33,88,204,10,0,0,1,112
002976,697.0,69,2,5,32,18,34,43,86,67,170,10,0,0,1,113
004490,697.0,21,0,3,7,5,4,337,12,28,352,2,0,1,2,114
000159,696.75,66,0,10,18,14,20,103,15,63,149,8,0,0,1,115
004867,695.25,30,0,1,16,9,8,290,15,41,311,4,0,0,1,116
000350,694.5,69,0,13,19,19,24,51,74,74,152,9,0,0,1,117
002638,694.25,66,4,13,36,25,48,40,63,83,139,12,0,0,1,118
003931,694.25,59,0,14,27,24,20,97,55,85,167,9,0,0,1,119
003144,693.5,20,0,2,6,4,0,351,0,24,355,2,0,0,1,120
005075,693.0,37,0,8,7,4,32,246,14,25,287,2,3,4,3,121
004338,692.25,50,4,6,14,14,56,142,67,49,234,3,7,5,3,122
001145,692.0,45,2,2,11,2,10,195,48,53,250,4,0,1,2,123
002357,692.0,69,5,15,23,21,35,39,40,78,113,10,0,1,2,124
004396,691.75,22,0,1,2,3,4,343,7,21,354,2,0,0,1,125
000519,691.0,66,3,12,29,17,41,4,150,87,177,10,0,1,2,126
003197,690.5,69,5,6,29,24,83,12,116,96,141,13,0,1,2,127
005580,688.75,70,0,8,38,20,24,48,45,70,139,10,0,0,1,128
000802,688.5,55,1,8,23,14,43,140,24,67,184,9,0,0,1,129
002528,687.5,17,0,3,5,7,0,358,4,31,356,2,0,0,1,130
005426,687.5,71,4,6,34,25,76,28,58,85,116,13,0,1,2,131
003633,687.25,68,8,14,35,11,48,22,37,75,109,11,0,1,2,132
001625,687.0,51,3,8,31,30,37,142,26,70,191,10,0,0,1,133
001755,687.0,45,1,3,7,5,11,197,48,65,236,4,0,1,2,134
006208,686.75,48,4,5,16,11,44,179,15,60,207,8,0,0,1,135
001979,686.0,50,1,3,15,12,7,179,20,48,220,5,1,0,2,136
003607,684.75,18,0,1,5,4,4,356,3,24,359,2,0,0,1,137
001941,683.75,72,1,4,27,25,31,41,65,90,120,10,0,0,1,138
001603,682.5,48,0,14,30,16,36,135,60,66,221,9,0,0,1,139
003411,682.25,8,0,1,3,4,0,404,1,19,398,1,0,0,1,140
003531,680.25,63,0,12,37,32,32,42,97,101,150,11,0,0,1,141
003975,679.5,66,0,6,17,19,20,86,44,93,126,8,0,0,1,142
003958,678.5,51,1,7,25,9,35,148,32,64,200,8,0,0,1,143
001386,674.5,22,0,0,6,4,0,330,6,29,335,2,0,0,1,144
001199,672.75,63,3,13,28,20,49,47,71,88,137,11,0,0,1,145
001859,672.25,56,1,12,32,24,19,84,71,88,168,9,0,0,1,146
002340,671.75,51,1,7,29,21,35,139,33,70,190,9,0,0,1,147
000628,671.5,66,2,11,17,10,118,4,164,83,181,14,0,0,1,148
000798,671.5,54,5,16,28,22,19,79,64,87,159,9,0,0,1,149
007005,671.25,63,0,15,29,21,16,72,29,72,136,9,0,0,1,150
003676,670.25,65,6,11,36,40,34,32,51,99,102,12,0,0,1,151
004263,669.5,67,5,8,47,30,35,21,50,91,107,12,0,0,1,152
007202,669.5,17,10,3,12,24,22,273,64,29,350,0,10,1,2,153
002793,669.25,58,0,4,26,12,44,124,19,65,166,9,0,0,1,154
005057,669.0,66,3,14,22,18,37,54,32,83,108,10,0,0,1,155
000752,667.5,65,2,10,32,21,30,54,42,75,130,10,0,0,1,156
004462,667.5,66,3,9,34,23,9,23,88,82,141,9,0,0,1,157
003718,666.75,33,7,3,9,19,33,204,75,21,310,1,11,0,2,158
001927,665.75,17,0,1,9,5,0,344,3,27,347,2,0,0,1,159
007325,665.75,63,1,15,49,25,7,50,19,86,111,10,0,0,1,160
003835,665.5,7,0,1,6,2,0,394,2,20,390,1,0,0,1,161
002450,664.5,70,1,8,41,25,31,21,54,76,119,11,0,0,1,162
002601,664.5,48,1,7,10,15,23,152,58,80,196,6,1,0,2,163
007012,664.5,20,2,2,11,7,22,304,32,52,319,4,0,0,1,164
006922,664.0,48,2,21,39,24,26,104,38,83,169,10,0,0,1,165
006570,663.25,44,2,2,12,10,18,168,71,57,242,5,1,0,2,166
001108,662.5,74,1,5,28,25,27,23,48,74,105,10,0,0,1,167
001218,661.75,16,1,1,7,8,7,341,5,27,344,2,0,1,2,168
004214,661.75,43,0,15,11,7,36,186,11,45,221,7,0,0,1,169
000768,660.75,52,1,9,42,25,15,118,17,74,165,9,0,0,1,170
006437,660.5,24,4,0,4,0,16,298,10,27,313,3,0,0,1,171
004010,660.25,40,0,14,31,27,0,182,9,66,210,7,0,0,1,172
007271,660.0,15,0,1,9,7,0,351,0,26,350,2,0,0,1,173
000940,659.75,29,1,1,7,7,11,276,11,33,292,3,0,1,2,174
004051,659.75,64,0,1,32,35,68,72,49,72,146,12,0,1,2,175
002046,659.5,29,1,0,4,3,11,278,22,38,296,3,0,0,1,176
006660,659.5,68,1,3,23,18,15,72,20,77,110,8,0,0,1,177
001764,659.25,55,1,13,27,17,31,87,63,70,176,9,0,0,1,178
002089,658.5,15,0,1,4,4,8,353,4,19,358,2,0,0,1,179
002344,658.0,49,0,8,23,20,28,153,20,66,187,8,0,0,1,180
007240,658.0,49,1,1,4,6,11,177,26,48,210,4,0,1,2,181
004735,656.75,40,5,10,51,15,39,147,17,78,192,10,0,0,1,182
005013,656.5,57,2,11,30,22,22,64,82,98,148,9,0,0,1,183
002988,656.25,39,0,1,12,8,4,220,27,58,241,4,0,0,1,184
004189,656.25,18,0,3,3,4,4,332,9,28,337,2,0,0,1,185
006100,656.25,22,2,0,9,5,2,307,3,23,320,2,0,1,2,186
007462,656.0,65,0,14,25,16,24,53,40,81,116,9,0,0,1,187
004148,654.5,68,0,13,26,13,24,32,54,81,112,9,0,0,1,188
001852,653.0,63,4,5,24,24,24,13,146,96,159,9,0,0,1,189
007071,652.0,69,2,1,9,5,42,55,64,80,120,8,0,0,1,190
003684,651.75,62,2,8,18,12,26,74,45,63,146,8,0,0,1,191
004489,651.75,12,0,3,10,3,4,354,1,23,357,2,0,0,1,192
004730,651.75,54,0,6,16,12,24,103,87,66,200,7,0,0,1,193
006366,650.75,49,2,9,13,9,62,154,11,57,181,9,0,0,1,194
003107,650.5,67,3,4,26,23,21,56,26,85,97,9,0,0,1,195
002924,650.25,31,1,0,5,4,7,262,21,38,282,3,0,0,1,196
006110,650.25,64,4,5,29,34,8,65,19,73,113,9,0,0,1,197
004860,649.5,60,0,6,16,6,24,90,54,63,163,7,0,0,1,198
002168,649.25,56,0,7,32,21,28,88,59,76,166,9,0,0,1,199
004032,649.25,39,1,18,46,41,15,150,15,83,186,10,0,0,1,200
007210,648.75,51,3,14,39,16,21,104,11,75,147,9,0,0,1,201
003131,647.5,59,4,6,28,15,32,62,66,81,144,9,0,0,1,202
005298,647.25,28,1,1,7,4,7,276,9,32,290,3,0,0,1,203
007266,646.75,41,4,9,22,8,28,155,47,75,203,7,0,0,1,204
004207,646.25,44,6,11,20,17,46,146,19,63,183,9,0,0,1,205
001389,645.25,67,0,8,23,14,0,36,69,66,137,7,0,0,1,206
001071,644.75,62,0,2,33,27,36,90,11,76,122,10,0,0,1,207
001230,644.5,57,2,11,39,17,82,22,132,89,174,13,0,0,1,208
003504,643.25,17,0,2,7,6,0,330,1,26,331,2,0,0,1,209
003225,642.0,56,2,7,13,8,10,113,24,54,161,6,0,0,1,210
005717,638.75,61,2,4,24,15,22,87,15,67,126,8,0,0,1,211
006067,637.5,46,5,0,9,5,23,155,38,46,207,5,1,0,2,212
001043,636.75,54,0,4,23,15,32,111,45,77,160,8,0,0,1,213
002346,636.75,20,2,0,8,4,14,292,33,40,315,3,0,0,1,214
002332,636.25,52,0,11,17,12,20,104,61,69,176,7,0,0,1,215
005074,636.0,56,2,20,29,23,14,48,62,96,121,9,0,0,1,216
003902,635.5,52,0,6,10,4,40,110,82,73,187,7,0,0,1,217
005312,635.5,46,1,3,7,8,23,168,28,42,211,5,1,0,2,218
001840,635.25,55,10,3,30,20,42,71,37,74,132,10,0,0,1,219
004300,635.0,59,0,6,23,8,32,89,32,68,141,8,0,0,1,220
004832,634.75,53,1,16,26,13,19,95,23,68,146,8,0,0,1,221
005595,633.75,59,8,9,17,15,36,10,135,83,155,9,0,0,1,222
004079,633.0,6,0,1,5,4,0,376,6,15,379,1,0,0,1,223
005588,633.0,63,0,9,29,27,16,31,84,88,128,9,0,0,1,224
006322,632.25,50,2,5,21,16,18,101,83,85,177,7,0,0,1,225
006368,632.25,57,0,4,37,18,28,85,35,78,140,9,0,0,1,226
002815,632.0,58,8,8,41,37,88,25,68,102,106,15,0,0,1,227
004065,632.0,40,10,3,4,17,70,152,52,29,232,3,7,5,3,228
005566,631.75,28,3,1,3,0,13,261,13,31,278,3,0,0,1,229
001067,631.0,16,0,4,7,5,0,322,2,27,324,2,0,0,1,230
000134,630.75,42,5,2,28,12,55,143,39,35,224,3,7,5,3,231
001701,630.75,50,2,6,28,8,50,120,25,66,165,9,0,0,1,232
004074,630.25,33,1,3,8,4,15,222,27,43,251,2,1,3,3,233
003622,630.0,50,2,14,21,23,34,76,94,85,172,9,0,0,1,234
003305,629.75,20,0,1,3,0,24,303,21,33,315,3,0,0,1,235
006474,629.5,62,2,4,16,10,26,53,72,66,143,7,1,0,2,236
004213,628.5,67,4,3,28,26,32,18,66,67,119,10,0,0,1,237
002853,628.0,56,1,21,22,13,31,19,126,68,177,9,0,0,1,238
007323,627.75,37,1,6,17,20,47,194,23,63,215,8,0,0,1,239
003605,627.5,64,2,4,22,6,94,4,142,75,163,12,0,0,1,240
002730,627.25,55,3,4,20,21,25,77,77,74,162,8,0,0,1,241
006602,627.25,50,1,12,31,27,39,93,51,84,154,10,0,0,1,242
006992,627.0,58,1,2,27,21,35,91,28,79,128,9,0,0,1,243
000944,626.5,60,2,5,32,19,26,41,80,102,118,9,0,0,1,244
004821,626.0,41,0,9,20,18,24,171,18,60,199,7,0,0,1,245
003224,625.75,54,8,0,18,12,52,92,41,71,142,9,0,0,1,246
005189,625.25,66,1,5,16,5,51,63,17,61,107,9,0,0,1,247
002225,624.25,49,0,8,22,13,52,134,15,59,169,9,0,0,1,248
001069,624.0,40,0,2,11,3,32,191,20,37,227,3,1,4,3,249
006016,623.25,44,0,4,29,23,20,160,5,50,192,7,0,1,2,250
006276,623.25,41,1,5,8,6,27,167,45,18,249,2,3,4,3,251
004769,623.0,33,1,16,26,29,23,184,16,67,209,8,0,0,1,252
004815,623.0,8,0,0,5,3,0,363,4,15,365,1,0,0,1,253
001905,622.75,16,0,1,8,7,0,322,1,25,323,2,0,0,1,254
004259,622.0,54,2,4,28,10,46,91,42,77,144,9,0,0,1,255
005963,622.0,45,5,8,14,1,55,149,2,47,176,8,0,0,1,256
005280,620.0,63,2,5,20,24,102,0,144,92,142,13,0,1,2,257
003192,619.75,64,0,10,20,14,20,35,63,68,124,8,0,0,1,258
006497,619.5,43,7,7,29,37,37,127,22,68,167,10,0,0,1,259
004401,619.0,52,0,6,32,34,4,102,32,76,148,8,0,0,1,260
005498,619.0,53,1,6,23,18,27,104,30,63,154,8,0,0,1,261
003231,618.75,57,0,12,18,17,8,73,47,62,145,7,0,0,1,262
000231,618.0,26,5,0,7,11,15,247,24,51,258,4,0,0,1,263
001640,618.0,38,1,6,7,9,35,186,26,34,230,2,4,4,3,264
000104,617.0,35,0,5,16,8,48,209,10,45,230,7,0,0,1,265
002895,616.0,66,2,6,22,6,26,46,16,68,90,8,0,0,1,266
002380,615.0,51,3,3,16,10,29,128,8,54,155,7,0,0,1,267
002490,614.75,51,4,11,20,30,12,98,21,77,128,8,0,0,1,268
005163,614.5,54,2,13,16,17,10,81,40,73,133,7,0,0,1,269
001246,614.0,62,9,6,12,12,11,32,52,73,100,7,0,0,1,270
004589,613.75,13,0,0,3,0,0,337,1,15,339,1,0,0,1,271
005852,613.5,36,1,1,5,2,11,203,34,41,239,3,0,1,2,272
006733,613.0,51,2,9,25,19,54,84,58,95,134,10,0,0,1,273
000492,612.5,54,7,10,31,29,45,56,36,71,123,11,0,0,1,274
003864,611.75,56,3,4,31,25,25,43,93,82,148,9,0,0,1,275
000429,610.5,48,0,20,44,36,12,26,130,80,188,10,0,0,1,276
002188,610.0,8,1,0,0,0,7,354,8,14,357,1,0,0,1,277
004120,609.75,48,0,10,15,23,16,133,13,56,163,7,0,0,1,278
002558,609.5,59,6,10,18,21,46,26,78,85,112,10,0,0,1,279
000346,608.75,56,0,8,34,22,8,67,39,83,121,8,0,0,1,280
000117,608.5,44,1,6,17,21,39,153,14,52,183,8,0,0,1,281
003901,608.5,66,2,7,28,19,22,8,66,73,104,9,0,0,1,282
004383,608.5,35,2,3,11,3,18,204,8,37,226,4,0,1,2,283
005201,608.25,45,0,9,24,26,8,141,9,61,167,7,0,0,1,284
003124,607.75,49,1,5,16,10,23,126,21,49,169,6,1,0,2,285
006638,607.0,49,0,7,33,27,12,37,168,79,215,8,0,0,1,286
007200,606.75,60,0,12,34,30,24,41,35,84,98,10,0,0,1,287
005234,606.5,40,3,7,16,1,21,152,30,44,204,5,1,0,2,288
000985,606.25,38,7,14,31,25,61,121,31,64,178,11,0,0,1,289
003736,604.5,39,0,5,38,30,0,159,12,69,184,7,0,0,1,290
001697,603.75,51,6,8,22,19,22,70,57,71,143,8,0,0,1,291
007424,603.75,58,1,4,46,36,31,21,91,109,112,11,0,0,1,292
003194,603.0,48,0,27,46,39,0,53,34,92,116,10,0,0,1,293
001878,602.5,37,4,2,22,19,36,168,22,45,210,7,0,1,2,294
007015,602.0,60,4,6,26,32,16,27,70,84,109,9,0,0,1,295
002398,601.5,51,0,0,25,20,32,113,34,69,154,8,0,0,1,296
005145,601.5,55,4,10,45,34,60,6,104,102,122,13,0,0,1,297
005024,600.75,54,0,6,29,35,4,88,23,76,124,8,0,0,1,298
005073,600.75,42,0,15,32,31,40,125,19,68,165,10,0,0,1,299
004541,600.5,45,4,6,14,15,44,111,64,57,187,8,0,0,1,300
000392,599.5,54,2,10,27,33,18,60,52,84,121,9,0,0,1,301
003353,599.5,46,0,4,30,20,44,118,42,64,176,9,0,0,1,302
006136,599.5,20,1,0,14,10,35,261,40,42,294,5,0,0,1,303
001035,599.0,64,2,8,30,30,26,19,42,81,84,10,0,0,1,304
004196,598.25,54,1,7,24,23,3,18,159,67,196,7,0,0,1,305
007421,598.25,51,1,13,49,31,47,64,21,82,117,12,0,0,1,306
007422,597.25,47,4,8,33,16,36,93,31,80,136,9,0,0,1,307
003926,596.5,16,0,1,5,6,4,307,2,27,304,2,0,0,1,308
005961,596.5,7,0,0,3,6,0,350,8,14,354,1,0,0,1,309
001274,596.25,49,11,1,24,22,21,66,59,67,143,7,0,2,2,310
007081,596.25,57,6,9,28,14,30,34,47,80,101,9,0,0,1,311
007435,594.75,43,1,14,17,14,23,101,77,71,182,7,0,0,1,312
001013,594.25,39,5,14,12,23,51,142,15,53,174,9,0,0,1,313
001224,594.25,62,1,4,23,19,35,49,31,73,97,9,0,0,1,314
004007,594.0,61,1,6,32,17,27,36,40,75,101,9,0,0,1,315
005149,594.0,56,3,4,10,6,9,73,46,46,146,5,1,0,2,316
002753,593.0,43,5,18,38,45,11,68,56,78,150,10,0,0,1,317
000612,592.75,52,3,2,31,15,41,71,57,88,128,9,0,0,1,318
004578,592.25,53,0,15,29,47,0,72,17,72,114,9,0,0,1,319
000357,592.0,52,0,13,32,27,4,72,28,72,125,8,0,0,1,320
004063,591.75,46,4,5,37,32,20,106,11,75,134,9,0,0,1,321
004713,591.75,57,4,7,29,19,68,9,105,79,132,11,0,1,2,322
006695,591.0,40,11,1,23,28,25,118,34,56,171,7,0,2,2,323
002530,590.25,27,0,4,13,4,0,235,7,35,251,3,0,0,1,324
000635,589.75,19,0,0,3,2,24,290,7,21,298,3,0,0,1,325
007026,589.75,47,1,6,15,8,51,119,33,65,156,8,0,0,1,326
007174,589.5,52,1,8,19,17,15,80,48,91,117,7,0,0,1,327
002848,589.25,56,0,8,23,21,4,65,39,78,113,7,0,0,1,328
001078,589.0,44,1,4,21,11,15,114,66,92,158,6,0,0,1,329
006186,589.0,48,2,4,24,20,14,102,40,64,156,7,0,0,1,330
006696,588.75,26,0,0,9,1,4,244,15,36,258,2,0,1,2,331
001989,588.5,36,1,1,5,2,19,185,42,43,227,4,0,0,1,332
007019,588.5,56,0,4,9,11,48,68,76,71,142,8,0,0,1,333
001136,588.25,55,0,8,29,36,16,73,19,72,112,9,0,0,1,334
000475,588.0,45,0,16,25,26,16,107,20,70,143,8,0,0,1,335
003310,588.0,59,3,8,26,19,53,15,78,72,117,10,0,1,2,336
000503,587.25,33,0,0,11,0,4,211,15,39,231,3,0,0,1,337
006410,587.0,30,1,5,26,19,31,195,18,60,215,7,0,0,1,338
006595,586.25,59,0,4,23,22,36,17,119,83,139,9,0,0,1,339
007353,586.25,44,0,10,31,23,20,112,29,74,152,8,0,0,1,340
007011,586.0,55,0,11,30,28,36,38,72,82,124,10,0,0,1,341
001195,585.75,54,0,6,28,32,40,60,61,62,147,10,0,0,1,342
002258,585.25,27,2,1,7,5,6,236,9,34,248,3,0,0,1,343
007038,585.0,39,0,0,1,0,24,173,52,55,210,4,0,0,1,344
004068,584.5,25,1,0,4,3,7,251,8,26,263,2,0,1,2,345
006973,583.75,29,1,0,15,4,15,222,11,36,242,4,0,0,1,346
001245,582.75,17,6,0,3,0,30,260,31,43,274,3,0,1,2,347
000558,582.25,40,0,11,29,32,0,138,9,65,162,7,0,0,1,348
002674,581.75,53,0,7,39,25,36,48,63,92,118,10,0,0,1,349
006054,581.5,67,0,7,17,17,20,6,60,70,87,8,0,0,1,350
004753,580.5,43,2,2,8,11,22,142,30,48,179,5,1,0,2,351
001535,580.25,57,1,3,36,32,15,62,11,63,107,9,0,0,1,352
001363,580.0,25,3,0,4,7,25,236,24,38,254,4,0,0,1,353
005757,580.0,61,0,10,39,30,20,21,28,69,90,10,0,0,1,354
002635,579.75,60,0,11,15,14,28,25,73,64,120,8,0,0,1,355
001058,579.0,18,3,1,12,9,21,266,8,36,272,4,0,0,1,356
001268,578.75,25,3,0,17,14,29,214,35,60,234,5,0,1,2,357
006403,578.25,45,0,7,19,13,12,112,45,51,177,6,0,0,1,358
000847,578.0,41,0,7,16,8,24,142,28,62,172,6,0,0,1,359
006945,578.0,46,2,4,11,7,26,47,180,54,236,6,0,0,1,360
006060,577.5,49,1,2,41,36,15,67,66,71,155,9,0,0,1,361
000236,577.0,49,3,12,24,23,17,72,36,68,128,8,0,0,1,362
006314,576.5,56,0,7,43,30,24,37,42,89,96,10,0,0,1,363
002747,576.25,42,2,10,25,11,22,92,73,69,175,7,0,0,1,364
001616,576.0,43,1,9,32,28,31,120,4,51,158,9,0,0,1,365
004806,576.0,38,2,0,1,1,38,167,48,52,204,5,0,0,1,366
006204,576.0,18,0,3,6,5,0,276,8,24,287,2,0,0,1,367
003627,575.5,22,0,1,7,2,0,264,0,23,271,2,0,0,1,368
005304,575.5,7,0,0,5,4,0,332,12,23,333,1,0,0,1,369
005292,575.0,5,0,0,7,4,0,344,2,17,341,1,0,0,1,370
001410,574.75,53,4,8,38,33,56,24,73,94,106,12,0,0,1,371
006535,574.25,41,6,2,22,15,26,130,15,51,165,7,0,0,1,372
002385,573.75,52,1,11,29,24,43,59,37,71,118,10,0,0,1,373
000970,573.5,53,0,6,12,1,24,93,20,55,129,6,0,0,1,374
005680,573.25,51,2,9,40,20,6,60,23,73,112,8,0,0,1,375
001355,573.0,28,11,2,11,23,29,160,58,17,253,1,11,0,2,376
000527,572.75,41,0,11,23,17,4,121,33,66,163,6,0,0,1,377
000736,572.75,21,8,4,26,33,52,209,7,48,227,8,0,2,2,378
004920,572.75,42,1,7,15,8,39,145,1,48,163,7,0,0,1,379
002086,572.5,56,1,15,25,32,15,46,16,71,88,9,0,0,1,380
000779,572.25,6,0,1,6,3,0,337,1,15,336,1,0,0,1,381
004275,572.25,52,1,6,31,19,19,74,21,63,122,8,0,0,1,382
003661,571.75,54,3,6,32,36,69,30,69,72,122,12,0,1,2,383
001634,571.5,60,3,3,24,9,61,27,52,72,97,10,0,0,1,384
001794,571.5,46,4,17,31,26,36,29,102,77,152,10,0,0,1,385
003484,571.5,35,5,2,15,8,31,169,10,38,198,6,0,0,1,386
004100,571.25,44,6,7,24,17,30,34,151,91,175,8,0,0,1,387
002219,571.0,24,2,14,43,47,14,182,2,59,208,9,0,0,1,388
003434,570.75,39,0,9,21,15,44,140,23,69,163,8,0,0,1,389
005226,570.75,46,1,3,24,19,27,6,237,6,311,0,15,0,1,390
000494,570.5,48,1,2,14,8,23,108,38,45,166,6,0,0,1,391
004392,570.25,37,3,12,52,51,21,106,15,86,139,11,0,0,1,392
007027,570.0,51,0,2,15,12,16,99,32,53,146,6,0,0,1,393
000655,569.5,28,3,1,8,7,17,214,14,29,239,4,0,0,1,394
003609,569.5,49,0,19,36,48,8,46,46,87,109,10,0,0,1,395
004985,569.5,52,3,9,42,29,73,39,40,101,84,13,0,0,1,396
006227,569.25,18,0,1,5,4,4,280,1,23,282,2,0,0,1,397
006895,569.25,38,2,1,15,6,18,152,37,57,188,5,0,0,1,398
004009,569.0,18,1,0,6,4,35,271,14,26,284,4,0,0,1,399
000554,568.25,61,2,4,22,13,26,0,99,76,112,8,0,0,1,400
006753,568.25,58,2,5,15,10,6,41,55,72,104,6,0,0,1,401
001139,568.0,46,0,5,13,4,28,129,8,42,159,6,0,0,1,402
001909,567.0,52,1,4,19,9,43,58,78,69,143,8,0,0,1,403
001954,566.75,53,0,12,36,31,12,34,57,98,94,9,0,0,1,404
006102,566.5,36,0,3,14,15,4,176,6,35,200,4,1,0,2,405
001926,566.0,51,7,2,28,31,41,23,106,74,143,10,0,0,1,406
000333,565.0,21,0,0,12,15,8,255,2,31,259,3,0,1,2,407
000843,564.75,60,0,2,25,17,40,20,79,77,109,9,0,0,1,408
004368,564.75,48,0,5,26,33,0,98,21,60,138,7,0,0,1,409
007470,564.25,43,0,14,29,34,8,98,25,76,133,8,0,0,1,410
002209,564.0,57,0,6,25,8,32,49,32,72,97,8,0,0,1,411
003984,564.0,44,5,6,41,41,23,80,26,82,120,10,0,0,1,412
001232,563.75,59,0,10,21,18,20,32,39,69,92,8,0,0,1,413
002102,563.5,50,4,6,35,37,12,36,76,76,131,9,0,0,1,414
004295,563.0,40,2,16,24,28,18,105,26,71,142,8,0,0,1,415
007061,562.75,25,0,3,11,9,32,228,11,36,242,5,0,0,1,416
001588,562.5,16,2,0,0,0,22,273,20,30,281,2,0,1,2,417
003779,561.75,51,1,10,20,27,27,0,165,85,162,8,0,1,2,418
002216,561.5,47,1,12,34,19,39,30,106,81,149,9,0,1,2,419
003211,561.0,57,3,0,35,24,9,14,82,80,111,8,0,0,1,420
005342,561.0,12,0,0,3,1,16,305,4,22,302,2,0,0,1,421
001424,560.75,40,0,0,11,5,32,153,25,39,190,5,1,0,2,422
002486,560.75,46,2,7,30,29,14,78,45,63,145,8,0,0,1,423
004804,560.5,27,7,3,11,27,53,184,20,20,232,3,7,3,3,424
003715,560.25,51,0,1,14,6,40,96,31,44,149,7,0,0,1,425
005241,560.0,50,6,1,31,38,34,64,30,71,111,10,0,0,1,426
006907,559.75,30,2,2,7,5,34,197,21,36,223,5,0,0,1,427
000370,559.5,54,3,9,27,18,33,20,76,65,124,9,0,0,1,428
003025,559.5,33,0,4,4,3,4,195,8,32,212,3,0,0,1,429
000361,559.25,44,3,5,11,8,25,110,37,54,156,6,0,0,1,430
006033,559.0,43,0,10,11,8,8,116,34,66,148,5,0,0,1,431
001751,558.75,30,0,1,16,5,12,195,23,47,218,4,0,0,1,432
006407,558.75,36,1,3,12,5,15,157,31,40,200,3,0,3,2,433
000415,558.5,50,3,4,34,36,33,77,4,69,103,10,0,0,1,434
002440,558.5,22,6,10,10,22,10,179,60,7,280,0,9,1,2,435
003870,558.5,50,0,12,52,22,24,12,86,88,124,10,0,0,1,436
000455,558.25,50,1,4,31,23,19,66,45,74,123,8,0,0,1,437
001167,558.25,13,1,1,5,1,3,289,3,20,292,1,1,0,2,438
004119,558.25,45,0,4,13,10,16,122,17,41,160,5,1,0,2,439
006446,558.25,15,0,0,1,0,8,287,7,18,292,1,0,1,2,440
002503,558.0,51,0,14,26,21,16,40,64,86,109,8,0,0,1,441
004652,558.0,37,4,9,25,13,24,123,24,68,154,7,0,0,1,442
007056,557.75,43,3,0,10,3,29,130,21,37,170,5,1,0,2,443
000335,557.5,48,0,10,20,26,0,62,70,52,158,6,0,1,2,444
005982,557.5,45,0,10,28,21,40,42,122,63,184,8,0,2,2,445
004403,557.0,17,3,0,3,0,25,262,18,31,272,3,0,0,1,446
006187,557.0,45,4,3,41,31,20,14,158,76,189,9,0,0,1,447
002056,556.75,18,2,1,8,5,14,250,25,36,268,3,0,0,1,448
005063,556.5,21,0,3,11,9,20,244,8,31,256,4,0,0,1,449
007139,556.5,21,0,0,7,8,44,243,30,37,264,5,0,0,1,450
004612,556.25,32,0,0,6,2,8,204,7,29,220,3,0,0,1,451
006439,556.25,23,0,0,6,7,12,233,33,32,263,3,0,0,1,452
001306,556.0,40,0,7,28,33,36,78,112,71,194,9,0,0,1,453
003652,556.0,55,0,11,26,20,32,21,74,68,119,9,0,0,1,454
002021,555.5,29,3,4,6,1,21,185,36,53,210,4,0,0,1,455
003782,555.25,50,1,9,24,25,19,62,43,81,108,8,0,0,1,456
006356,555.25,55,0,7,33,13,20,7,103,70,135,8,0,0,1,457
003964,555.0,22,1,1,5,4,31,229,40,33,265,4,0,0,1,458
007183,554.5,43,0,5,18,6,24,85,96,60,187,6,0,0,1,459
001824,554.25,29,0,2,7,2,0,209,7,30,224,2,0,1,2,460
004363,554.25,47,2,1,15,9,22,113,11,36,153,6,0,0,1,461
001514,553.0,38,7,8,22,24,61,92,60,79,148,10,0,0,1,462
006263,553.0,43,0,4,17,12,20,127,16,57,150,6,0,0,1,463
006948,552.75,51,0,6,14,9,32,78,37,73,113,7,0,0,1,464
004891,552.25,38,1,0,9,5,11,154,33,56,179,4,0,0,1,465
001801,552.0,44,0,5,41,46,48,87,28,79,126,11,0,1,2,466
002455,552.0,49,7,1,25,17,29,66,30,74,104,8,0,0,1,467
000135,551.25,55,1,8,12,1,35,38,67,68,113,7,0,0,1,468
000684,551.25,51,0,5,14,14,12,80,35,57,128,6,0,0,1,469
002433,551.25,48,0,8,23,17,16,86,21,61,125,7,0,0,1,470
004851,551.0,56,0,8,21,15,28,3,116,79,125,8,0,0,1,471
005981,550.5,42,0,2,12,4,36,136,22,50,164,6,0,0,1,472
004406,549.75,46,4,8,41,29,64,31,85,116,99,12,0,0,1,473
004990,549.25,59,1,2,26,21,19,14,71,82,91,8,0,0,1,474
006385,549.25,26,1,0,5,1,31,207,43,55,227,4,0,0,1,475
006944,549.25,41,1,0,3,0,35,128,65,51,187,5,0,0,1,476
001569,549.0,24,0,0,6,2,16,237,6,30,243,3,0,0,1,477
003529,549.0,47,8,8,23,22,36,35,76,76,121,9,0,0,1,478
001287,548.75,49,8,10,32,29,32,40,21,71,89,10,0,0,1,479
003923,548.75,51,4,9,39,29,12,32,35,84,86,9,0,0,1,480
004153,548.75,18,1,1,5,0,23,256,15,24,272,3,0,0,1,481
004519,548.25,50,2,11,23,24,34,64,17,64,103,9,0,0,1,482
004493,548.0,54,1,11,22,17,23,34,48,82,88,8,0,0,1,483
006005,547.75,55,0,3,20,18,16,21,107,66,140,7,0,0,1,484
003034,547.5,32,6,4,17,23,14,150,20,48,181,5,0,2,2,485
006003,547.5,54,0,9,19,14,32,41,54,72,105,8,0,0,1,486
002282,547.25,10,18,6,7,13,10,199,59,15,284,0,7,1,2,487
005143,547.25,32,0,0,8,12,12,194,11,37,208,4,0,0,1,488
004710,547.0,38,2,2,24,20,18,93,98,68,189,6,0,1,2,489
006854,547.0,21,2,2,4,5,30,238,12,28,251,4,0,0,1,490
003746,546.75,38,6,6,20,24,34,103,43,61,155,7,0,2,2,491
004138,546.75,49,4,9,17,21,44,77,5,57,104,9,0,0,1,492
007022,546.5,23,0,5,14,14,24,218,14,45,229,5,0,0,1,493
002812,545.75,45,2,9,29,25,26,27,125,87,150,8,0,1,2,494
003751,545.5,12,2,2,7,3,22,269,26,32,286,3,0,0,1,495
002991,545.0,36,2,7,17,0,10,134,26,42,180,4,0,1,2,496
005892,544.75,52,0,7,39,26,36,25,69,69,123,10,0,0,1,497
002420,544.25,20,1,3,8,1,23,231,21,34,250,3,1,0,2,498
000397,544.0,49,1,6,17,16,15,16,150,93,146,6,1,0,2,499
003781,544.0,52,0,8,30,26,12,52,28,70,100,8,0,0,1,500
005056,543.75,52,1,2,20,14,39,66,37,64,114,8,0,0,1,501
002283,543.5,7,1,0,0,1,23,304,18,18,312,1,1,1,3,502
004137,543.25,46,0,15,40,39,20,36,67,91,113,10,0,0,1,503
004668,542.75,45,1,6,10,3,47,93,51,60,146,7,0,0,1,504
005072,542.75,62,0,7,27,16,32,7,33,69,67,9,0,0,1,505
001746,542.5,42,2,7,24,23,30,101,24,64,136,8,0,0,1,506
006885,542.5,55,3,0,6,3,29,56,50,35,135,6,0,0,1,507
004121,542.0,21,1,0,3,0,23,245,8,25,253,3,0,0,1,508
004513,541.75,53,1,6,25,32,43,35,61,54,127,10,0,0,1,509
004902,541.5,46,4,4,34,24,48,30,106,79,145,10,0,0,1,510
007309,541.5,36,0,3,25,44,36,146,16,66,160,9,0,0,1,511
006770,541.25,50,0,7,16,7,0,53,73,73,126,5,0,0,1,512
005927,541.0,47,1,2,18,17,59,59,98,94,131,9,0,0,1,513
000116,540.75,21,0,2,14,7,20,230,13,36,244,4,0,0,1,514
000319,540.75,40,1,3,5,4,11,129,45,60,163,4,0,0,1,515
002532,540.75,30,0,0,7,3,8,202,7,25,221,3,0,0,1,516
007131,540.75,49,1,10,27,30,11,55,37,67,112,8,0,0,1,517
005472,540.5,25,6,6,20,21,18,94,174,36,289,1,10,0,2,518
000725,539.5,44,4,9,27,16,12,67,42,71,122,7,0,0,1,519
001011,539.5,50,4,9,32,25,24,33,44,72,100,9,0,0,1,520
006583,539.5,52,12,4,11,33,32,7,86,8,164,0,18,0,1,521
002474,539.25,55,1,6,13,10,27,4,125,59,145,7,0,0,1,522
005316,539.0,39,2,1,9,3,34,128,42,51,170,5,1,0,2,523
004222,538.75,20,2,1,13,10,26,233,1,23,247,4,1,0,2,524
000328,538.25,30,8,8,35,39,48,108,45,74,160,10,0,1,2,525
002076,538.0,36,1,0,11,1,15,145,36,29,200,2,1,3,3,526
005984,538.0,22,1,0,1,1,79,236,10,27,243,6,1,0,2,527
000463,537.75,39,10,1,22,30,34,87,43,63,139,8,0,1,2,528
005275,537.75,28,1,4,7,5,19,193,17,42,208,4,0,0,1,529
004221,537.5,29,0,7,44,32,0,155,4,61,178,7,0,0,1,530
006782,537.5,27,1,0,0,1,51,205,32,48,217,5,0,0,1,531
007208,537.5,55,2,5,29,19,34,40,16,64,83,9,0,0,1,532
003403,537.25,16,1,0,6,2,31,261,5,24,265,3,0,1,2,533
006710,537.25,52,0,8,19,9,8,47,51,69,108,6,0,0,1,534
006719,537.25,28,0,4,12,4,0,198,3,29,216,3,0,0,1,535
004095,537.0,46,1,7,32,19,7,65,42,61,132,7,0,0,1,536
006342,536.75,46,5,7,39,40,39,1,129,73,154,11,0,0,1,537
002163,536.5,28,0,0,8,0,12,207,8,36,215,3,0,0,1,538
004807,536.0,8,0,3,10,7,4,294,4,26,293,2,0,0,1,539
001294,535.75,52,3,3,31,18,5,14,91,74,120,7,0,0,1,540
001897,535.25,53,4,6,10,15,32,47,33,44,109,7,0,1,2,541
000481,535.0,21,3,1,10,0,5,219,14,26,242,2,0,1,2,542
002724,535.0,35,1,0,3,6,19,157,44,59,181,4,0,0,1,543
004689,535.0,39,2,3,43,43,14,102,18,73,134,9,0,0,1,544
005843,535.0,44,5,5,28,23,23,58,56,59,137,7,0,2,2,545
006844,535.0,39,2,3,26,24,50,109,38,74,143,9,0,0,1,546
003141,534.5,28,0,6,33,25,4,152,36,70,185,5,2,0,2,547
000128,534.0,12,0,0,0,0,4,278,28,36,282,1,0,0,1,548
001222,534.0,54,1,9,27,26,19,33,24,69,79,8,0,1,2,549
002692,534.0,47,0,3,8,6,24,107,10,34,141,5,1,0,2,550
001576,533.75,47,0,3,31,27,20,84,15,65,115,8,0,0,1,551
001592,533.75,41,8,3,26,38,28,76,33,54,133,7,2,2,3,552
002758,533.25,24,0,5,3,4,28,219,7,26,232,4,0,0,1,553
003488,533.25,54,0,14,30,22,8,24,27,65,84,8,0,0,1,554
007337,533.25,51,0,3,20,14,24,59,49,52,130,7,0,0,1,555
003847,532.75,28,0,3,20,25,4,182,17,45,205,5,0,0,1,556
004324,532.75,35,5,4,22,35,27,128,13,53,154,7,0,2,2,557
005053,532.75,38,1,14,37,27,11,97,9,62,134,8,0,0,1,558
003653,532.25,44,4,10,35,43,64,58,25,78,98,12,0,1,2,559
005363,532.25,0,1,0,0,0,15,334,19,19,335,1,0,0,1,560
002737,531.5,49,3,3,12,8,29,21,132,87,133,6,1,0,2,561
006300,531.5,41,3,12,28,27,49,88,10,69,113,10,0,0,1,562
003087,530.5,46,1,2,27,33,11,61,66,64,139,7,0,1,2,563
005727,530.25,22,1,1,3,2,3,231,7,26,239,2,0,0,1,564
000373,529.75,49,0,4,17,10,0,84,15,53,116,5,0,0,1,565
006452,529.75,25,3,0,2,1,17,211,11,34,218,3,0,0,1,566
006520,529.75,44,4,9,33,22,16,56,39,72,113,8,0,0,1,567
007199,529.75,6,0,1,3,6,0,303,13,13,313,0,1,1,2,568
004161,529.5,15,0,1,3,5,8,269,2,21,269,2,0,0,1,569
002580,529.25,19,2,4,18,11,42,202,43,56,232,6,0,0,1,570
000486,529.0,36,0,13,18,25,20,100,60,71,156,6,2,0,2,571
004096,529.0,47,1,2,13,6,27,63,84,72,138,6,0,0,1,572
000248,528.75,49,1,14,25,20,19,16,87,77,115,8,0,0,1,573
000414,528.25,7,0,0,5,4,0,306,1,11,308,1,0,0,1,574
001066,528.0,6,0,1,6,3,0,308,0,14,307,1,0,0,1,575
004175,528.0,39,0,0,4,1,36,141,34,48,170,5,0,0,1,576
005602,528.0,35,6,2,32,23,22,105,34,63,151,7,0,1,2,577
000692,527.75,35,9,4,34,27,51,90,37,75,134,10,0,0,1,578
002818,527.75,48,1,3,8,5,63,86,33,65,114,8,0,0,1,579
003465,527.0,44,4,3,16,13,8,81,38,45,141,5,1,0,2,580
004270,527.0,32,0,9,16,19,20,154,12,45,178,6,0,0,1,581
006887,526.75,19,1,0,1,0,19,241,13,26,249,2,0,1,2,582
002082,526.5,53,2,4,14,9,46,23,88,51,133,8,0,0,1,583
006232,526.5,45,1,8,11,12,11,88,24,39,138,5,1,0,2,584
000059,526.25,29,0,1,2,0,32,193,21,42,204,4,0,0,1,585
003043,526.25,55,2,6,19,20,10,0,97,75,104,7,0,0,1,586
003753,526.0,20,6,4,13,19,42,188,30,18,243,1,10,1,3,587
003891,526.0,31,0,9,27,13,16,139,28,75,159,6,0,0,1,588
004830,525.75,44,2,3,9,4,34,93,45,71,125,6,0,0,1,589
006650,525.75,2,0,4,4,2,12,313,11,11,323,0,2,1,2,590
003048,525.25,46,0,12,28,22,36,39,73,75,123,9,0,0,1,591
004092,525.0,23,0,5,23,21,16,188,22,54,207,4,0,3,2,592
005214,524.75,53,0,3,22,10,8,25,83,66,120,6,0,0,1,593
006312,524.75,42,4,11,19,24,28,72,39,72,115,8,0,0,1,594
002603,524.5,19,0,0,4,1,8,245,8,22,254,2,0,0,1,595
005334,524.5,31,0,0,8,5,20,172,34,54,191,4,0,0,1,596
003690,524.0,49,2,2,23,18,34,49,60,82,103,8,0,0,1,597
005631,524.0,42,2,5,19,30,38,78,58,63,141,8,0,1,2,598
001943,523.75,12,2,0,7,1,26,263,17,26,275,3,0,0,1,599
006853,523.75,49,0,11,23,25,4,45,45,74,99,7,0,0,1,600
001633,523.25,50,0,2,16,12,0,80,15,54,109,5,0,0,1,601
004609,523.25,38,0,5,20,13,20,118,31,65,147,6,0,0,1,602
004682,523.25,41,0,14,35,30,24,81,11,60,122,9,0,0,1,603
001709,523.0,34,0,7,36,23,12,99,66,72,170,7,0,0,1,604
003127,523.0,23,1,0,3,2,35,216,22,30,235,4,0,0,1,605
004748,523.0,50,1,7,26,21,23,2,124,88,122,8,0,0,1,606
004370,522.5,38,4,5,27,50,28,91,38,63,140,9,0,1,2,607
007420,522.5,23,10,1,5,15,50,165,50,19,235,1,11,0,2,608
001063,522.25,23,1,0,9,0,15,219,3,30,225,3,0,0,1,609
003296,522.25,31,4,3,8,2,24,113,105,53,211,3,0,3,2,610
004158,522.25,42,3,3,30,21,21,81,29,70,118,7,0,1,2,611
006950,522.0,43,1,4,11,10,27,93,48,75,125,6,0,0,1,612
002925,521.75,53,3,3,11,5,21,44,43,64,93,6,0,0,1,613
001254,521.5,47,5,3,22,28,23,66,14,50,107,7,0,2,2,614
006632,521.5,49,4,5,15,11,36,58,24,49,106,7,0,1,2,615
004983,521.25,31,5,10,9,22,19,113,67,19,216,1,10,0,2,616
006542,521.0,31,2,0,4,1,42,177,14,36,192,5,0,0,1,617
006863,521.0,17,0,1,8,6,32,237,26,37,252,4,0,0,1,618
006987,521.0,50,0,2,15,9,20,72,30,63,106,6,0,0,1,619
002112,520.75,30,9,3,18,21,23,126,33,52,167,5,0,3,2,620
002631,520.75,34,3,4,12,6,37,133,35,36,185,6,0,0,1,621
002944,520.75,21,6,3,12,16,38,117,167,31,295,1,10,0,2,622
006943,520.75,46,3,12,24,22,21,33,67,68,117,8,0,0,1,623
002694,520.5,26,0,1,1,0,76,198,28,32,222,6,1,0,2,624
001660,520.25,9,1,0,6,1,15,275,25,43,273,2,0,0,1,625
003001,520.25,50,0,7,29,26,32,27,71,65,119,9,0,0,1,626
001862,520.0,41,1,0,16,11,11,125,6,40,149,5,0,0,1,627
006655,520.0,50,1,3,22,29,39,54,40,59,111,9,0,0,1,628
002599,519.0,42,0,8,26,12,24,95,10,54,127,7,0,0,1,629
006442,519.0,11,2,0,1,0,18,272,14,22,278,2,0,0,1,630
007360,519.0,45,0,12,24,23,24,73,14,62,106,8,0,0,1,631
001388,518.0,43,5,3,27,19,15,75,24,73,104,7,0,0,1,632
000284,517.5,49,1,2,32,21,39,17,104,73,132,9,0,0,1,633
001542,517.5,40,1,1,1,2,19,98,92,53,180,4,0,0,1,634
004517,517.5,48,0,13,36,27,4,20,62,76,103,8,0,0,1,635
005700,517.5,48,0,19,29,20,28,21,50,73,94,9,0,0,1,636
002891,517.0,7,0,0,1,0,8,303,0,18,293,1,0,0,1,637
005213,517.0,27,1,0,15,10,35,167,40,48,202,3,3,2,3,638
000928,516.75,32,11,2,16,34,25,61,139,9,252,0,15,0,1,639
002315,516.75,26,6,4,9,21,38,165,21,26,205,1,11,0,2,640
000413,516.0,22,4,0,6,8,8,204,20,39,217,3,0,0,1,641
001237,516.0,42,6,7,35,32,38,53,36,80,99,10,0,0,1,642
006282,516.0,0,0,0,0,0,16,333,6,9,330,1,0,0,1,643
002120,515.75,8,0,2,2,4,0,292,1,16,289,1,0,0,1,644
004624,515.75,30,5,1,23,14,31,141,21,49,172,6,0,1,2,645
004810,515.0,35,0,7,25,13,16,119,28,59,155,6,0,0,1,646
005911,514.5,29,2,3,12,4,30,160,30,47,189,5,0,0,1,647
007273,514.25,37,2,11,23,21,34,103,15,64,127,8,0,0,1,648
003203,514.0,52,3,4,19,13,21,27,56,71,90,7,0,0,1,649
001177,513.75,8,3,0,6,2,5,274,9,16,284,1,0,1,2,650
006338,513.75,57,0,2,24,17,12,24,33,58,82,7,0,0,1,651
005260,513.5,37,2,16,30,17,10,79,28,78,114,7,0,0,1,652
001150,513.0,15,0,12,28,25,0,207,10,52,220,5,0,0,1,653
001065,512.75,44,4,5,19,20,76,49,69,82,108,10,0,1,2,654
003937,512.75,34,2,5,18,11,26,135,11,43,162,6,0,0,1,655
001226,512.5,17,1,5,5,5,31,226,20,36,238,4,0,0,1,656
006889,512.5,36,2,12,22,26,30,109,8,57,132,8,0,0,1,657
000191,512.0,48,1,9,36,27,23,39,26,73,86,9,0,0,1,658
005668,512.0,52,2,10,22,24,18,15,54,80,75,8,0,0,1,659
002630,511.5,15,1,1,4,4,15,251,0,24,248,2,0,1,2,660
004163,511.5,48,0,2,19,23,52,53,66,50,138,9,0,0,1,661
004924,511.5,39,15,0,10,15,25,44,94,5,197,0,13,0,1,662
006667,511.5,30,0,1,21,8,20,145,50,49,198,5,0,0,1,663
002707,511.0,32,13,4,24,44,27,59,98,10,220,0,18,0,1,664
000650,510.75,16,1,0,8,0,7,228,37,44,246,2,0,0,1,665
001562,510.75,36,0,4,18,18,4,127,23,55,153,5,0,0,1,666
003341,510.75,45,0,14,32,25,28,47,31,71,98,9,0,0,1,667
003337,510.5,41,3,4,16,11,37,96,22,46,136,7,0,0,1,668
000216,510.25,46,0,1,13,8,12,97,11,46,122,5,0,0,1,669
002935,510.25,39,8,0,34,31,32,70,39,79,111,9,0,0,1,670
005903,510.0,43,1,6,41,26,43,42,66,89,110,10,0,0,1,671
000213,509.75,39,1,10,31,52,27,44,103,81,147,10,0,0,1,672
003047,509.75,28,9,3,8,13,35,124,61,15,218,1,10,0,2,673
006503,509.75,24,2,1,8,7,30,177,47,28,231,4,0,1,2,674
005103,509.25,51,3,6,21,2,45,14,73,65,103,8,0,0,1,675
005473,509.25,28,2,2,5,1,34,167,31,49,186,4,1,0,2,676
007322,509.25,6,0,3,3,4,0,288,13,21,292,1,0,0,1,677
002844,508.75,22,0,2,4,0,4,219,3,26,224,2,0,0,1,678
000504,508.5,18,0,1,5,4,4,239,2,23,242,2,0,0,1,679
002846,508.5,45,3,9,20,18,33,25,96,79,119,8,0,0,1,680
004288,508.5,45,6,13,31,27,86,21,46,84,78,13,0,0,1,681
007149,508.5,42,1,5,14,11,31,104,2,51,117,6,1,0,2,682
003379,508.25,4,6,4,2,6,18,271,17,17,287,0,2,3,2,683
004282,508.25,20,6,1,2,9,26,203,21,29,224,4,0,0,1,684
006445,508.25,53,0,5,25,25,4,31,35,58,91,7,0,0,1,685
004384,508.0,22,5,1,12,1,47,187,10,20,217,3,1,4,3,686
006424,508.0,34,4,0,13,13,40,86,114,29,222,2,9,0,2,687
000047,507.75,49,1,9,24,10,35,34,45,59,103,8,0,0,1,688
002840,507.5,32,0,0,0,0,16,173,16,29,192,3,0,0,1,689
003364,507.5,14,0,1,1,0,16,257,10,20,263,2,0,0,1,690
004648,507.5,39,4,7,22,24,16,54,90,61,155,7,0,0,1,691
004993,507.5,36,4,15,19,18,36,55,90,81,138,8,0,0,1,692
002454,507.25,46,0,10,23,17,32,44,57,87,93,8,0,0,1,693
001007,507.0,42,0,6,26,22,0,41,110,64,161,6,0,0,1,694
001330,507.0,42,1,4,7,7,27,106,14,33,141,5,1,0,2,695
000167,506.75,8,4,0,1,3,8,267,17,18,279,0,1,2,2,696
001123,506.5,25,1,6,15,14,27,170,20,42,195,4,0,3,2,697
005311,506.25,36,1,0,0,0,155,151,9,31,166,11,2,0,2,698
003943,506.0,23,0,0,4,1,20,214,8,30,219,3,0,0,1,699
001118,505.5,31,1,0,0,1,47,176,10,29,189,5,0,0,1,700
001083,505.25,48,1,9,20,15,35,16,95,78,111,8,0,0,1,701
005251,505.25,45,7,5,34,40,45,26,51,78,90,11,0,0,1,702
004914,505.0,4,0,0,0,0,28,305,10,10,309,2,0,0,1,703
000495,504.75,30,4,0,3,7,28,152,35,49,175,4,0,1,2,704
002074,504.75,16,1,2,11,7,11,228,15,31,242,3,0,0,1,705
004691,504.75,41,2,8,28,15,34,24,125,93,135,8,0,0,1,706
001225,504.5,29,1,4,12,15,11,164,6,27,189,4,1,0,2,707
003301,504.5,41,0,9,27,11,120,0,184,93,168,13,0,0,1,708
000234,504.25,43,0,5,16,12,20,72,59,70,125,6,0,0,1,709
004706,504.0,12,1,0,4,0,7,260,4,17,264,1,0,1,2,710
005935,504.0,37,4,10,22,23,48,78,44,67,128,9,0,0,1,711
007289,504.0,36,1,0,0,0,147,141,26,38,166,11,1,0,2,712
001750,503.75,32,1,0,15,5,35,155,5,35,173,5,1,0,2,713
003375,503.75,45,1,9,26,20,11,3,135,80,139,7,0,0,1,714
000385,503.0,26,0,3,21,22,8,161,36,61,186,5,0,0,1,715
002035,503.0,27,5,14,29,14,31,115,20,49,161,7,1,0,2,716
002947,503.0,41,6,7,22,26,42,69,22,60,107,9,0,0,1,717
006169,503.0,42,5,1,16,13,43,74,40,52,126,7,0,1,2,718
002362,502.75,22,5,2,6,30,15,166,53,13,241,1,5,3,3,719
005996,502.5,49,1,3,23,13,23,0,132,89,119,7,0,0,1,720
006822,502.5,27,1,2,17,26,15,173,2,41,181,5,1,0,2,721
005919,502.0,41,1,2,41,40,19,77,20,65,117,9,0,0,1,722
006316,502.0,10,0,0,2,0,4,265,26,32,271,1,0,0,1,723
002476,501.5,37,4,1,20,42,40,104,18,49,135,7,2,2,3,724
004126,501.5,8,0,1,3,0,20,283,2,15,282,2,0,0,1,725
000386,501.25,38,1,11,23,24,31,74,53,69,131,8,0,0,1,726
003982,501.25,46,2,6,20,28,58,47,41,46,116,8,2,2,3,727
005427,501.25,47,1,6,28,19,43,15,97,82,112,9,0,0,1,728
000393,501.0,47,2,7,23,27,22,28,70,78,99,8,0,0,1,729
001241,501.0,45,3,1,9,9,29,48,94,56,144,6,0,0,1,730
003027,500.75,13,0,1,5,5,32,252,7,17,261,3,0,1,2,731
001721,500.5,51,0,2,25,14,36,45,22,49,96,7,0,2,2,732
006525,500.5,34,1,0,18,20,15,143,0,43,153,5,1,0,2,733
001533,500.25,43,1,7,13,17,63,79,31,49,125,9,0,0,1,734
002569,500.0,38,1,0,4,2,59,134,8,36,149,6,1,0,2,735
005482,500.0,18,0,1,15,6,16,216,6,22,234,2,2,1,3,736
002338,499.75,40,0,10,20,26,16,95,7,57,115,7,0,0,1,737
004152,499.75,10,0,0,1,1,20,265,25,22,279,2,0,0,1,738
002752,499.5,45,0,6,17,12,32,78,16,54,108,7,0,0,1,739
003385,499.5,0,0,0,0,0,16,318,14,15,317,1,0,0,1,740
006508,499.5,32,0,3,21,12,20,140,12,43,165,5,1,0,2,741
002280,499.25,8,0,0,2,2,20,281,9,13,287,2,0,0,1,742
003174,499.25,8,0,0,4,4,0,282,3,11,286,1,0,0,1,743
005191,499.25,40,5,17,23,40,35,32,65,76,106,10,0,0,1,744
006202,499.25,40,2,8,24,32,38,74,35,67,116,9,0,0,1,745
004534,499.0,32,2,2,7,7,22,145,20,32,176,4,1,0,2,746
005634,499.0,40,0,5,25,6,20,80,46,86,110,6,0,0,1,747
006078,499.0,46,0,7,20,19,20,62,28,68,95,7,0,0,1,748
002307,498.75,31,2,0,7,2,14,154,19,35,178,3,1,0,2,749
007463,498.25,27,0,2,20,31,24,166,11,46,180,6,0,1,2,750
001733,498.0,47,0,1,22,26,16,55,46,66,105,6,0,2,2,751
003805,498.0,33,16,0,11,28,24,89,28,30,147,2,10,0,2,752
005174,498.0,36,0,3,34,15,8,99,34,73,133,6,0,0,1,753
005623,497.75,38,0,17,17,24,16,90,11,58,115,7,0,0,1,754
003659,497.25,49,1,2,24,29,23,32,63,65,106,8,0,0,1,755
006761,497.25,33,2,4,6,9,34,112,63,68,152,3,3,2,3,756
002308,497.0,40,0,0,0,0,48,120,28,32,156,5,1,0,2,757
001089,496.75,44,1,1,19,24,7,85,17,46,121,6,0,0,1,758
006956,496.75,23,1,2,7,8,23,194,15,35,207,4,0,0,1,759
004185,496.0,24,0,0,15,9,8,192,2,32,201,3,0,1,2,760
003090,495.5,8,0,0,3,5,0,282,0,17,276,1,0,0,1,761
003885,495.5,47,4,6,13,10,40,40,44,47,107,7,0,1,2,762
006066,495.5,47,0,7,25,21,12,25,78,93,89,7,0,0,1,763
003834,495.0,26,2,0,3,3,14,181,20,37,195,3,0,0,1,764
005952,495.0,46,1,7,22,21,15,42,52,64,106,7,0,0,1,765
007402,495.0,42,0,8,34,40,4,65,22,76,95,8,0,0,1,766
004685,494.75,44,0,2,32,26,40,56,49,69,114,9,0,0,1,767
000741,494.5,46,0,15,26,21,4,20,62,67,102,7,0,0,1,768
002434,494.5,22,0,0,8,2,0,209,4,20,223,2,0,0,1,769
000201,494.25,34,3,4,29,25,65,94,33,53,144,8,2,2,3,770
004686,494.0,34,2,11,31,24,58,41,124,74,169,10,0,0,1,771
003409,493.75,44,1,7,35,14,123,0,127,79,135,14,0,0,1,772
006897,493.75,45,2,6,28,29,34,11,107,78,121,9,0,0,1,773
007242,493.75,37,3,4,7,16,29,71,105,85,142,6,0,0,1,774
001742,493.5,37,7,9,23,15,5,74,20,57,113,6,0,0,1,775
001802,493.5,12,0,0,0,0,4,258,14,23,261,1,0,0,1,776
004294,493.5,43,1,11,30,28,15,19,92,99,97,8,0,0,1,777
004740,493.5,36,4,3,18,11,32,82,62,21,184,1,11,0,2,778
006123,493.5,44,0,4,5,3,32,44,112,37,172,5,1,0,2,779
003214,492.75,41,2,0,9,6,38,97,33,44,138,6,0,0,1,780
000226,492.25,37,0,8,25,14,28,44,125,101,138,7,0,0,1,781
002715,492.25,15,0,3,10,4,8,231,1,17,243,2,1,0,2,782
003866,492.0,27,3,6,23,28,9,143,12,50,164,6,0,0,1,783
007182,491.75,46,0,4,35,35,32,51,17,58,95,8,3,0,2,784
005909,491.5,38,1,5,19,18,31,71,78,65,147,7,0,0,1,785
003366,491.25,24,0,1,6,1,0,194,11,27,209,2,0,0,1,786
004726,491.25,0,0,0,0,0,16,312,15,7,320,1,0,0,1,787
005431,491.0,41,9,5,27,35,59,45,32,76,83,11,0,0,1,788
007177,491.0,32,1,5,19,32,23,130,10,45,152,6,0,2,2,789
000615,490.5,46,2,2,17,11,26,17,114,56,142,6,0,1,2,790
006097,490.5,29,2,6,25,20,14,125,30,60,157,6,0,0,1,791
000614,490.25,24,2,3,16,29,30,162,27,47,187,5,0,3,2,792
004220,490.25,20,3,2,5,5,29,194,25,44,205,4,0,0,1,793
007162,490.25,41,0,8,35,24,4,72,9,60,105,7,0,0,1,794
005910,490.0,9,3,4,8,11,13,212,72,19,289,0,4,2,2,795
003386,489.75,47,2,5,16,12,14,30,73,55,118,6,0,0,1,796
005026,489.75,43,2,11,22,44,46,56,17,47,104,9,3,0,2,797
005194,489.75,18,0,0,2,0,12,228,9,23,234,2,0,0,1,798
006590,489.75,34,4,1,19,6,32,119,13,37,153,6,0,0,1,799
000756,489.5,41,3,12,31,24,1,43,38,70,98,7,0,0,1,800
001138,489.5,35,0,13,25,19,52,90,28,65,126,9,0,0,1,801
003280,489.0,33,3,3,19,25,13,120,18,54,142,6,0,0,1,802
007067,489.0,44,0,3,24,29,44,63,34,73,95,8,0,2,2,803
002170,488.75,21,1,0,2,1,39,212,5,15,226,4,0,0,1,804
005922,488.75,29,0,0,3,0,48,167,25,33,191,5,0,0,1,805
004743,488.5,42,2,14,19,21,30,54,28,55,104,8,0,0,1,806
000369,488.25,38,5,15,28,31,59,1,129,74,142,11,0,0,1,807
001317,488.25,30,0,0,5,5,24,156,33,29,195,4,0,0,1,808
006423,488.0,45,4,5,29,37,24,37,36,66,90,9,0,0,1,809
001162,487.75,50,1,3,16,11,47,31,55,57,99,8,0,0,1,810
003992,487.75,26,1,1,5,0,15,177,17,37,190,3,0,0,1,811
004228,487.5,33,0,1,21,25,16,118,44,48,169,6,0,0,1,812
005965,487.5,20,1,0,10,2,31,132,146,48,261,2,2,2,3,813
006086,487.5,19,1,1,5,3,3,217,2,18,227,2,0,0,1,814
000320,487.25,24,2,3,18,15,10,166,11,40,184,4,0,1,2,815
000515,487.25,32,3,13,38,29,13,60,67,61,152,8,0,0,1,816
001412,487.0,35,2,6,44,51,62,73,30,79,111,12,0,1,2,817
002729,487.0,25,0,2,27,26,0,169,0,44,179,5,0,0,1,818
005617,487.0,25,7,5,11,27,29,127,52,18,209,1,11,0,2,819
001331,486.75,24,0,1,3,0,4,195,9,21,211,2,0,0,1,820
004314,486.75,16,1,1,1,2,27,227,17,23,240,3,0,0,1,821
001469,486.25,31,0,13,32,20,32,108,11,52,143,8,0,0,1,822
006913,486.25,9,2,0,3,0,34,255,19,24,264,3,0,0,1,823
003547,486.0,42,0,7,7,4,4,87,24,45,122,4,0,0,1,824
004799,486.0,23,2,1,10,6,6,181,18,42,193,3,0,0,1,825
003820,485.75,39,1,5,17,15,3,100,7,49,120,5,0,0,1,826
006464,485.5,3,0,3,4,2,4,285,8,9,294,0,1,1,2,827
006968,484.75,39,3,4,12,9,37,94,13,45,120,6,1,0,2,828
005639,484.5,50,5,5,14,35,19,29,24,51,76,8,0,0,1,829
001172,484.0,30,5,3,15,16,27,134,6,37,156,6,0,0,1,830
006792,484.0,13,3,2,4,1,9,232,8,21,241,2,0,0,1,831
005082,483.5,23,10,4,16,21,30,100,94,19,228,1,11,0,2,832
000376,483.25,35,2,2,7,0,10,106,49,34,167,3,0,1,2,833
004896,483.25,41,4,3,24,8,16,44,71,72,115,6,0,0,1,834
000988,483.0,26,0,1,8,1,20,172,16,32,191,3,0,1,2,835
003521,483.0,41,2,5,24,30,26,39,86,70,127,8,0,0,1,836
002158,482.5,41,1,5,18,28,19,76,30,61,110,7,0,0,1,837
004885,482.5,44,1,7,26,35,31,37,56,75,96,9,0,0,1,838
002966,481.5,28,8,0,16,12,40,102,70,43,181,2,9,0,2,839
000480,481.25,8,0,0,0,0,24,274,3,14,271,2,0,0,1,840
004516,481.25,37,5,3,37,55,39,63,35,68,112,11,0,0,1,841
002383,481.0,31,9,2,11,16,11,122,2,36,141,5,0,0,1,842
003058,481.0,24,2,1,14,5,18,157,42,37,203,4,0,0,1,843
003449,481.0,4,0,2,5,5,0,283,4,15,283,1,0,0,1,844
005125,481.0,41,1,8,15,4,27,51,72,69,119,6,0,0,1,845
005834,481.0,34,3,8,28,22,33,48,104,69,156,8,0,0,1,846
001591,480.25,40,0,9,30,33,0,49,57,66,119,7,0,0,1,847
004352,480.25,42,2,3,32,35,14,45,53,69,108,8,0,0,1,848
007014,480.25,47,1,6,22,17,51,4,103,74,109,9,0,0,1,849
007221,480.0,20,0,2,5,9,4,200,14,28,213,2,0,1,2,850
000204,479.75,11,0,0,8,1,12,246,13,23,255,2,0,0,1,851
000564,479.75,13,0,3,13,11,0,224,11,30,234,2,1,0,2,852
000718,479.75,16,0,8,7,13,52,192,39,19,243,1,10,0,2,853
001021,479.75,43,0,4,7,6,28,84,19,32,125,5,1,0,2,854
006971,479.75,3,8,0,5,4,12,253,21,18,272,0,2,2,2,855
001102,479.5,47,1,3,18,4,55,31,68,70,98,8,0,0,1,856
001967,479.25,32,8,2,17,5,64,109,11,51,128,8,0,0,1,857
002200,479.25,33,4,5,27,27,24,53,103,70,155,7,0,1,2,858
005487,479.25,48,0,3,25,16,4,22,69,54,113,6,0,0,1,859
001765,479.0,35,0,10,37,54,8,87,8,64,113,9,0,0,1,860
002173,479.0,39,1,0,17,12,27,99,20,48,128,6,0,0,1,861
003396,479.0,42,1,4,17,17,31,5,164,55,178,7,0,0,1,862
006026,479.0,27,5,6,28,27,19,114,24,48,156,6,0,2,2,863
007265,479.0,24,1,6,4,6,7,164,32,18,213,0,6,0,1,864
002152,478.75,47,1,1,27,49,35,52,15,65,78,10,0,0,1,865
003167,478.5,51,0,3,21,21,16,22,48,54,91,7,0,0,1,866
007157,478.25,27,2,0,7,2,18,161,15,32,180,3,1,0,2,867
002353,478.0,21,2,0,3,4,2,200,6,21,211,2,0,0,1,868
002557,478.0,9,3,3,11,5,9,237,4,10,257,0,2,3,2,869
003030,478.0,41,1,7,18,22,23,52,64,66,117,7,0,0,1,870
004254,477.5,50,0,1,16,21,8,11,96,70,104,6,0,0,1,871
005652,477.5,38,0,14,36,24,0,43,52,79,104,7,0,0,1,872
001658,477.25,40,0,3,10,3,8,88,39,50,130,4,0,0,1,873
003794,477.25,10,0,0,6,0,0,255,5,16,260,1,0,0,1,874
005276,477.25,33,0,5,12,18,36,118,27,35,160,6,0,1,2,875
006173,477.25,19,0,1,12,4,28,194,27,35,218,4,0,0,1,876
003669,477.0,22,1,2,4,0,35,193,6,23,205,4,0,0,1,877
001613,476.75,3,1,0,0,1,11,288,9,7,294,1,0,0,1,878
002293,476.75,37,2,11,18,26,34,65,51,64,120,8,0,0,1,879
004764,476.25,37,2,4,30,29,42,77,25,55,120,8,0,2,2,880
000837,476.0,46,2,7,23,24,58,30,42,68,82,10,0,0,1,881
005573,476.0,40,5,11,21,24,43,28,70,67,108,9,0,0,1,882
007103,476.0,7,0,3,4,6,4,262,4,12,268,1,0,1,2,883
005933,475.75,8,5,2,8,10,7,231,19,39,234,2,1,0,2,884
002725,475.5,17,6,4,5,14,58,160,68,35,225,2,9,0,2,885
003474,475.25,44,0,3,30,39,44,12,111,68,132,10,0,0,1,886
003807,475.25,47,0,6,23,24,12,50,9,54,81,7,0,0,1,887
004474,475.25,20,8,4,18,34,20,143,29,18,204,1,10,1,3,888
005058,475.25,29,0,15,19,17,32,119,11,50,143,7,0,0,1,889
007230,475.25,35,0,5,20,8,12,100,31,52,139,5,0,0,1,890
002182,475.0,46,0,12,30,28,12,19,42,56,93,8,0,0,1,891
005217,474.75,24,1,2,5,5,35,177,9,24,194,4,1,0,2,892
006879,474.75,45,1,5,15,19,35,7,121,80,114,7,0,1,2,893
005882,474.5,20,1,4,7,5,3,189,10,27,204,2,0,1,2,894
007219,474.5,27,1,0,4,1,31,172,6,25,185,4,0,0,1,895
000230,474.25,7,0,0,0,1,8,273,5,15,270,1,0,0,1,896
006371,474.0,36,4,6,22,32,20,61,58,57,130,7,0,1,2,897
002012,473.5,44,1,8,32,20,103,8,86,93,86,13,0,0,1,898
006980,473.5,19,4,6,16,27,24,153,44,29,213,0,11,1,2,899
001115,473.25,0,0,0,0,0,16,293,29,31,291,1,0,0,1,900
000942,473.0,41,0,16,24,31,0,20,80,70,111,7,0,0,1,901
001480,473.0,14,0,0,2,0,16,240,0,14,242,2,0,0,1,902
002187,473.0,38,0,16,43,51,12,34,42,89,84,10,0,0,1,903
003394,472.75,30,0,9,22,39,36,112,25,74,124,8,0,1,2,904
003618,472.75,38,1,4,20,18,31,29,139,71,160,7,0,0,1,905
004692,472.75,33,1,2,4,5,27,121,31,39,153,2,2,3,3,906
000893,472.5,9,0,0,3,4,0,260,4,14,262,1,0,0,1,907
003129,472.5,21,0,0,2,1,8,195,24,33,209,2,0,0,1,908
005155,472.5,26,2,0,5,1,14,168,12,28,185,3,0,0,1,909
005274,472.5,44,5,6,13,9,51,32,56,65,91,8,0,0,1,910
006669,472.0,28,0,2,11,11,12,153,16,30,180,4,0,0,1,911
001039,471.75,16,1,2,9,13,23,208,15,30,221,4,0,0,1,912
000161,471.5,44,3,6,23,11,121,2,108,93,93,13,0,0,1,913
000062,470.75,34,3,4,8,6,17,115,7,30,141,4,0,1,2,914
002446,470.75,45,4,4,18,5,20,20,73,68,96,6,0,0,1,915
006075,470.75,18,2,3,4,3,10,195,15,20,217,1,3,0,2,916
001094,470.5,28,0,1,3,0,16,123,94,58,191,3,0,0,1,917
001497,470.5,19,0,5,12,20,8,181,28,45,200,4,0,0,1,918
000751,470.25,37,1,4,26,25,3,77,37,72,110,6,0,0,1,919
003527,470.25,17,0,0,9,10,4,214,1,27,214,2,0,1,2,920
001714,470.0,20,2,4,19,17,58,151,44,45,195,2,7,4,3,921
004791,470.0,12,1,0,0,0,3,219,54,44,242,1,0,0,1,922
006925,470.0,22,5,2,0,8,27,113,138,14,266,0,8,0,1,923
001727,469.75,7,4,1,4,4,4,245,11,22,250,1,0,1,2,924
007117,469.75,34,0,12,13,21,0,88,43,51,139,5,0,0,1,925
000963,469.25,41,0,0,6,1,16,99,17,42,121,4,0,0,1,926
000197,468.5,35,0,9,22,10,20,93,16,59,116,6,0,0,1,927
005080,468.5,14,1,0,2,0,23,223,16,38,218,2,0,1,2,928
005138,468.5,44,3,6,31,35,41,14,64,65,97,10,0,0,1,929
003580,468.25,11,2,0,1,0,10,239,7,15,245,1,0,1,2,930
000639,467.75,32,4,11,26,27,12,80,21,58,116,6,0,2,2,931
003719,467.75,32,0,18,40,38,0,60,37,76,111,8,0,0,1,932
006777,467.75,13,0,2,2,3,4,230,9,16,240,1,1,0,2,933
003142,467.5,23,1,0,1,0,23,184,16,35,190,3,0,0,1,934
004640,467.5,38,1,10,33,47,31,45,50,71,106,10,0,0,1,935
007125,467.5,14,1,0,5,1,11,222,16,32,226,2,0,0,1,936
004959,467.25,38,2,6,35,21,26,1,143,66,159,8,0,0,1,937
002262,467.0,32,3,8,25,19,41,92,22,58,124,8,0,0,1,938
002712,467.0,47,3,1,20,16,25,34,36,47,94,7,0,0,1,939
001710,466.75,30,2,7,23,28,6,114,11,47,140,6,0,0,1,940
002130,466.75,46,0,4,21,25,0,24,71,64,102,6,0,0,1,941
006010,466.75,9,0,0,7,4,4,248,7,13,258,1,0,1,2,942
000716,466.25,11,0,0,3,2,16,238,21,16,257,2,0,0,1,943
004098,466.25,40,0,11,24,21,16,51,33,70,89,6,2,0,2,944
004700,466.25,36,1,2,11,27,19,104,25,45,134,6,0,0,1,945
005532,466.25,25,17,2,3,14,43,97,51,7,188,0,13,0,1,946
002575,466.0,37,0,2,18,15,8,93,30,47,133,5,0,0,1,947
002964,466.0,43,0,11,23,19,64,4,106,77,110,10,0,0,1,948
000729,465.75,35,2,2,22,17,18,0,213,72,202,6,0,0,1,949
005379,465.0,30,0,7,27,24,8,112,18,47,147,6,0,0,1,950
005855,464.75,45,1,0,15,12,23,57,33,53,98,6,0,0,1,951
006139,464.5,32,7,3,27,54,21,36,120,5,220,0,18,0,1,952
001814,464.25,17,0,0,7,8,8,210,5,22,217,2,0,1,2,953
000186,464.0,35,1,3,17,25,39,88,42,55,131,7,1,0,2,954
002666,464.0,34,5,4,22,56,15,0,192,12,245,0,17,0,1,955
005536,464.0,7,9,2,3,8,11,211,36,30,238,0,2,3,2,956
005141,463.75,12,2,0,4,0,14,227,15,30,230,2,0,0,1,957
004666,463.5,30,0,7,34,41,32,109,8,58,130,9,0,0,1,958
003450,463.25,18,5,1,4,5,7,174,35,34,203,2,0,1,2,959
006275,463.25,38,0,12,7,7,0,80,25,48,114,4,0,0,1,960
001522,463.0,43,0,6,26,25,108,0,124,94,105,13,0,0,1,961
002286,463.0,23,1,2,12,7,3,170,8,25,191,3,0,0,1,962
004532,462.75,15,3,3,7,7,29,188,39,7,248,0,8,0,1,963
001936,462.5,10,2,1,6,3,10,222,34,43,232,2,0,0,1,964
001275,462.0,33,0,0,2,1,28,124,40,39,160,4,0,0,1,965
004520,462.0,39,1,1,32,28,43,58,40,66,105,8,0,2,2,966
000591,461.75,42,1,6,20,20,23,43,51,59,104,7,0,0,1,967
002831,461.75,50,0,3,17,14,28,26,35,53,78,7,0,0,1,968
000548,461.5,25,4,3,20,24,28,133,16,38,163,5,0,3,2,969
000722,461.5,5,2,2,7,2,14,247,18,19,262,0,2,2,2,970
001538,461.5,17,1,1,7,7,47,201,14,31,210,5,0,0,1,971
002000,461.5,18,0,3,9,6,36,141,114,31,254,4,0,1,2,972
007440,461.5,44,1,1,17,6,59,6,132,95,106,8,0,0,1,973
000265,461.25,12,1,1,2,9,15,227,13,13,243,0,2,3,2,974
002254,461.25,31,5,7,42,48,67,68,23,71,105,12,0,1,2,975
007033,461.25,33,1,4,21,18,11,86,49,46,148,5,0,1,2,976
002826,461.0,38,0,9,33,36,12,9,124,83,130,8,0,0,1,977
003283,461.0,38,1,9,28,37,39,49,42,66,101,9,0,1,2,978
001699,460.75,40,0,4,12,12,12,77,31,55,109,5,0,0,1,979
000904,460.5,21,3,1,3,3,17,169,34,31,200,3,0,0,1,980
003677,460.25,26,4,1,24,25,24,105,61,36,185,5,0,3,2,981
006747,460.0,7,0,0,1,0,24,264,2,13,261,2,0,0,1,982
005350,459.75,36,0,4,37,35,0,79,13,66,103,7,0,0,1,983
001508,459.5,35,3,3,14,12,45,39,132,60,166,7,0,0,1,984
002934,459.25,47,1,1,18,14,63,30,51,46,102,9,0,0,1,985
004243,459.0,30,0,21,25,24,44,86,10,47,125,9,0,0,1,986
005557,459.0,48,3,1,13,10,21,26,46,45,92,6,0,0,1,987
002279,458.75,14,1,1,2,3,3,211,23,23,229,0,1,2,2,988
002663,458.75,35,9,2,16,23,27,32,105,2,197,0,14,0,1,989
005333,458.75,43,0,4,13,16,44,43,61,52,112,7,0,1,2,990
002505,458.5,32,2,3,7,14,14,119,14,28,149,4,1,0,2,991
003407,458.5,31,1,11,34,12,31,40,102,81,138,7,0,1,2,992
006765,458.5,42,0,5,32,41,32,28,58,66,99,8,3,0,2,993
001304,458.0,24,1,0,4,0,19,164,28,37,184,3,0,0,1,994
002429,458.0,5,0,1,6,4,0,266,0,20,258,1,0,0,1,995
004734,457.5,27,0,2,14,17,4,151,4,33,165,4,0,0,1,996
004863,457.5,14,2,6,3,1,22,175,70,28,242,3,0,0,1,997
005878,457.5,29,0,0,7,4,16,145,14,35,160,3,1,0,2,998
007456,457.5,18,0,0,0,2,44,198,30,27,219,4,0,0,1,999
002556,457.25,17,0,1,6,0,8,174,71,53,216,2,0,0,1,1000
002439,456.75,24,0,2,14,24,0,164,5,40,169,4,0,0,1,1001
002901,456.75,8,0,0,4,0,12,247,11,17,253,1,0,1,2,1002
005741,456.5,26,0,1,20,17,0,147,12,43,163,4,0,0,1,1003
005633,456.25,26,0,6,13,19,24,103,83,29,202,3,4,1,3,1004
000700,456.0,9,0,1,2,4,16,239,22,30,243,2,0,0,1,1005
003022,456.0,45,0,5,28,22,12,35,26,73,66,7,0,0,1,1006
004336,456.0,21,0,1,6,4,32,180,20,36,192,4,0,0,1,1007
004788,456.0,22,9,2,5,3,47,117,64,32,187,2,3,4,3,1008
000401,455.75,32,4,3,25,28,44,85,29,61,117,7,3,0,2,1009
005246,455.75,37,2,0,12,3,26,77,55,49,134,5,0,0,1,1010
000107,455.5,26,1,4,28,30,23,126,18,57,146,7,0,0,1,1011
006340,455.5,16,0,0,6,2,8,207,16,24,221,2,0,0,1,1012
006713,455.5,5,1,0,8,3,15,257,8,18,261,2,0,0,1,1013
007133,455.5,4,0,0,0,0,12,272,10,12,274,1,0,0,1,1014
005445,455.25,6,0,0,4,6,0,262,3,13,262,1,0,0,1,1015
003487,454.75,19,4,8,16,13,36,136,45,28,200,2,8,0,2,1016
005918,454.75,42,0,2,21,15,8,8,127,85,115,5,1,0,2,1017
000021,454.5,41,9,0,22,21,11,34,30,49,87,6,0,1,2,1018
003106,454.25,6,2,3,1,6,14,248,5,12,253,0,2,2,2,1019
007168,454.25,20,1,0,6,2,11,180,19,29,197,2,0,1,2,1020
002742,454.0,33,11,1,12,22,49,39,102,10,188,0,16,0,1,1021
003055,453.75,37,7,13,20,30,37,34,37,60,88,9,0,0,1,1022
000152,453.5,41,0,5,23,27,16,46,48,58,105,7,0,0,1,1023
002386,453.5,23,1,0,11,18,11,136,68,23,216,0,7,1,2,1024
003404,453.5,31,0,1,9,7,24,133,6,27,153,4,0,1,2,1025
000674,453.25,37,4,10,13,24,24,45,55,57,107,6,2,0,2,1026
000708,453.25,36,2,18,44,38,6,27,25,72,80,9,0,0,1,1027
005002,453.25,28,0,4,12,4,0,140,7,34,157,3,0,0,1,1028
005510,453.25,17,8,3,6,26,44,78,191,25,278,1,11,0,2,1029
005754,453.25,40,3,7,19,26,49,46,37,64,88,9,0,0,1,1030
000683,453.0,19,1,0,7,2,35,148,94,53,216,4,0,0,1,1031
001481,453.0,32,2,5,19,20,50,100,18,48,128,8,0,0,1,1032
002866,453.0,30,0,3,9,2,20,125,28,44,151,4,0,0,1,1033
000459,452.75,23,0,1,15,17,8,144,51,37,197,4,0,0,1,1034
004943,452.75,33,5,3,8,8,47,38,137,84,140,6,1,0,2,1035
002008,452.25,27,1,2,8,7,11,138,23,30,169,3,0,1,2,1036
002805,452.25,27,0,0,14,15,8,139,29,40,169,4,0,0,1,1037
003101,452.25,27,0,7,21,9,16,104,57,67,149,5,0,0,1,1038
006828,452.25,11,6,4,4,9,30,182,51,13,245,0,6,2,2,1039
007042,452.25,27,0,0,1,0,36,148,37,40,173,4,0,0,1,1040
000986,452.0,36,1,1,25,42,71,89,12,53,111,11,0,0,1,1041
006928,452.0,43,2,4,30,11,38,25,46,57,93,8,0,0,1,1042
000542,451.75,17,1,2,8,5,31,184,29,34,207,4,0,0,1,1043
007256,451.75,37,0,3,40,36,60,72,5,58,99,11,0,0,1,1044
000569,451.5,21,0,0,2,1,8,162,62,32,215,2,0,0,1,1045
005660,451.0,34,0,4,30,24,4,67,58,74,119,6,0,0,1,1046
005461,450.75,31,4,3,31,19,40,64,67,66,134,8,0,0,1,1047
005542,450.5,34,2,6,30,22,18,52,66,74,116,7,0,0,1,1048
000874,450.0,35,11,2,16,27,37,18,108,7,183,0,16,0,1,1049
004739,450.0,42,0,6,20,40,4,58,12,60,78,7,0,0,1,1050
005505,450.0,42,0,6,20,16,12,22,84,69,105,6,0,0,1,1051
001042,449.75,19,3,7,15,11,17,156,11,37,174,4,0,1,2,1052
001095,449.75,17,0,0,1,2,12,203,17,20,218,2,0,0,1,1053
006127,449.75,31,5,16,24,29,71,35,79,57,133,11,0,0,1,1054
001026,449.5,20,2,1,7,4,6,179,2,24,187,2,1,0,2,1055
006517,449.5,4,1,1,6,1,3,258,2,15,257,0,1,1,2,1056
000089,449.0,26,0,5,23,18,8,136,2,44,148,5,0,0,1,1057
000218,449.0,41,0,7,20,20,24,45,42,57,98,7,0,0,1,1058
004551,449.0,25,6,3,21,23,26,113,24,33,159,5,0,3,2,1059
000555,448.75,12,2,0,0,0,34,226,5,18,227,3,0,0,1,1060
002378,448.75,38,1,4,32,38,15,33,75,83,100,8,0,0,1,1061
002911,448.75,43,1,0,18,15,43,29,75,39,127,7,0,1,2,1062
001928,448.25,40,2,8,31,25,22,29,43,59,94,8,0,0,1,1063
005391,448.25,20,5,1,20,23,51,140,27,18,195,3,6,3,3,1064
006345,448.25,38,6,9,26,31,50,46,7,58,74,10,0,0,1,1065
007169,448.25,31,2,5,39,33,18,56,69,65,137,8,0,0,1,1066
002384,448.0,28,4,3,21,20,12,110,14,45,135,5,1,0,2,1067
004232,448.0,39,5,2,20,23,39,46,44,74,82,8,0,0,1,1068
005309,447.75,8,0,0,0,0,16,239,23,23,247,1,1,0,2,1069
007280,447.5,16,0,3,3,14,36,199,10,36,195,3,0,3,2,1070
000807,447.0,10,1,0,2,0,3,233,10,20,236,1,0,0,1,1071
003236,447.0,27,0,9,30,46,0,110,12,58,130,7,0,0,1,1072
003367,446.5,26,0,2,4,12,20,122,66,49,171,2,2,2,3,1073
004312,446.5,37,1,3,25,27,91,56,48,64,106,11,0,1,2,1074
004956,446.5,23,1,0,4,1,3,162,26,33,183,2,0,0,1,1075
005255,446.5,25,3,8,29,26,21,86,64,52,163,7,0,0,1,1076
007419,446.5,25,0,1,12,6,4,157,4,36,163,3,0,0,1,1077
001813,446.25,33,0,0,3,0,44,108,49,35,158,5,0,0,1,1078
003229,446.25,20,3,3,9,16,37,141,55,40,191,1,9,0,2,1079
005366,446.25,32,2,14,32,26,38,34,79,79,114,9,0,0,1,1080
001718,446.0,47,0,2,19,8,20,12,70,56,94,6,0,0,1,1081
005443,446.0,41,0,1,34,32,36,41,42,77,82,9,0,0,1,1082
005988,445.75,37,3,6,17,36,29,27,101,8,183,0,16,0,1,1083
004981,445.5,25,1,8,23,24,31,122,16,45,150,7,0,0,1,1084
007109,445.5,20,9,3,9,20,35,138,20,17,182,1,10,0,2,1085
001010,445.25,36,1,7,33,40,59,68,5,61,89,11,0,0,1,1086
001055,445.25,47,4,1,13,15,40,11,55,62,69,7,0,1,2,1087
002369,445.0,8,1,1,4,3,7,236,12,15,247,0,3,0,1,1088
003539,445.0,10,0,0,5,1,16,230,14,27,232,2,0,0,1,1089
002841,444.75,35,2,8,31,38,62,66,11,55,98,11,0,0,1,1090
003054,444.5,2,0,0,5,1,0,269,10,13,273,0,1,0,1,1091
004995,444.5,20,0,3,11,6,8,170,16,33,187,3,0,0,1,1092
006868,444.5,26,0,3,25,22,4,131,10,54,141,5,0,0,1,1093
001610,444.25,34,1,6,30,26,47,67,29,68,99,8,0,2,2,1094
000372,444.0,15,0,0,8,5,4,205,10,24,214,2,0,0,1,1095
003302,444.0,31,0,3,18,8,20,79,70,45,156,4,1,1,3,1096
007180,444.0,27,0,1,6,6,8,145,18,39,158,3,0,0,1,1097
002232,443.75,30,2,6,15,9,26,104,15,35,137,5,0,1,2,1098
006936,443.75,19,2,7,25,33,10,141,25,45,174,6,0,0,1,1099
000823,443.5,28,0,5,13,2,16,122,24,38,154,4,0,0,1,1100
000956,443.5,27,2,8,25,24,58,103,22,58,129,9,0,0,1,1101
004636,443.5,35,1,8,32,41,11,62,22,71,89,8,0,0,1,1102
006050,443.5,25,0,6,25,40,0,130,8,46,148,6,0,0,1,1103
003872,443.25,35,8,8,20,25,48,6,111,49,139,9,0,0,1,1104
006377,443.25,6,0,0,0,2,8,258,3,13,254,1,0,0,1,1105
000379,442.75,13,1,0,4,3,35,212,9,25,214,3,0,1,2,1106
001295,442.75,33,1,3,5,7,23,79,69,48,142,2,2,3,3,1107
006651,442.75,6,3,0,7,3,5,231,17,25,239,1,0,1,2,1108
005618,442.0,38,4,1,23,14,32,35,72,62,111,7,0,0,1,1109
006781,442.0,43,3,11,25,21,25,1,56,57,82,8,0,0,1,1110
002113,441.75,21,3,3,6,2,13,159,15,28,179,3,0,0,1,1111
002185,441.75,33,0,5,19,15,8,48,111,75,141,5,0,0,1,1112
002404,441.75,33,1,0,11,36,39,103,25,43,130,6,0,3,2,1113
002760,441.75,17,2,2,5,0,22,188,7,24,197,3,0,0,1,1114
004249,441.75,33,0,9,24,22,8,80,21,65,102,6,0,0,1,1115
007445,441.75,27,3,4,13,12,53,121,17,36,149,7,0,0,1,1116
007453,441.75,4,1,0,0,0,27,261,7,13,260,2,0,0,1,1117
006577,441.5,11,3,1,4,0,29,212,14,28,217,3,0,0,1,1118
001303,441.25,22,0,2,13,3,8,159,15,35,176,3,0,0,1,1119
002085,441.25,37,0,20,42,41,4,25,13,74,63,9,0,0,1,1120
003563,441.0,42,0,6,23,29,12,38,34,54,89,7,0,0,1,1121
006754,440.75,20,3,9,27,28,25,136,3,50,148,7,0,0,1,1122
006917,440.75,35,0,4,25,16,0,58,63,62,123,5,0,0,1,1123
001140,440.5,43,0,7,18,12,16,13,80,58,103,6,0,0,1,1124
004028,440.5,24,6,6,18,20,22,108,26,26,162,2,8,0,2,1125
000311,440.25,43,2,2,28,39,22,29,29,54,79,7,3,0,2,1126
002961,440.25,21,0,1,10,8,24,166,19,35,182,4,0,0,1,1127
003986,440.25,41,0,3,25,23,20,45,31,54,91,6,0,2,2,1128
007065,440.25,37,7,3,18,26,5,63,5,51,82,6,0,0,1,1129
004874,440.0,38,3,8,36,38,37,12,68,70,95,10,0,0,1,1130
001106,439.75,22,6,3,5,6,22,104,95,10,225,0,8,0,1,1131
001446,439.75,37,0,5,11,11,16,67,49,46,123,5,0,0,1,1132
002563,439.75,24,2,2,2,0,18,140,41,35,176,3,0,0,1,1133
003662,439.75,40,6,2,13,9,42,47,29,50,87,7,0,0,1,1134
001513,439.5,40,1,4,24,12,15,42,42,55,98,6,0,0,1,1135
002847,439.5,37,4,11,11,21,12,36,60,68,91,6,0,0,1,1136
007135,439.5,36,4,3,16,13,16,67,24,47,103,5,1,0,2,1137
001183,439.25,29,0,4,28,35,0,111,5,51,126,6,0,0,1,1138
002345,439.0,37,1,10,29,28,15,22,70,60,109,7,1,0,2,1139
003254,439.0,15,0,5,21,23,8,173,16,41,189,4,0,1,2,1140
004649,439.0,16,0,0,4,0,12,192,28,42,198,2,0,0,1,1141
005864,439.0,40,3,3,39,38,5,19,48,59,93,8,0,0,1,1142
003053,438.75,30,0,7,18,9,0,96,33,62,122,4,0,0,1,1143
004155,438.75,40,1,1,9,6,55,68,31,47,103,7,0,0,1,1144
004742,438.75,36,0,5,21,18,32,80,11,46,107,7,0,0,1,1145
006038,438.75,0,0,0,0,0,16,273,23,23,273,1,0,0,1,1146
007016,438.75,29,4,2,5,8,32,102,39,49,132,3,2,2,3,1147
006238,438.25,43,0,7,15,3,60,0,109,48,126,8,0,0,1,1148
001537,438.0,7,1,0,3,2,35,241,8,16,244,3,0,0,1,1149
005570,438.0,30,0,5,30,31,16,94,20,60,119,7,0,0,1,1150
000737,437.75,36,1,2,23,15,19,0,171,60,173,6,0,0,1,1151
002094,437.75,11,1,0,6,3,3,218,5,18,223,1,1,0,2,1152
004859,437.75,33,1,14,29,32,3,57,25,67,92,7,0,0,1,1153
000351,437.25,36,0,8,22,14,32,71,13,49,101,7,0,0,1,1154
000362,437.25,34,2,2,27,29,50,70,29,49,115,8,0,2,2,1155
002479,437.25,35,2,2,17,10,14,66,53,39,136,5,0,0,1,1156
004615,437.25,4,1,0,0,0,27,251,21,25,252,2,0,0,1,1157
005437,437.0,17,0,0,3,0,12,196,10,21,205,2,0,0,1,1158
004422,436.75,16,1,0,6,6,11,159,75,28,229,2,0,1,2,1159
006597,436.75,28,1,3,14,31,27,117,19,46,136,5,0,3,2,1160
002303,436.5,28,1,5,21,26,15,111,14,48,132,6,0,0,1,1161
006674,436.5,25,1,1,13,5,3,129,38,41,166,3,0,0,1,1162
003568,436.25,44,0,10,22,16,4,28,15,56,63,6,0,0,1,1163
006953,436.25,32,0,14,16,26,24,73,33,58,110,7,0,0,1,1164
000382,436.0,42,3,2,10,10,53,1,118,56,120,7,0,1,2,1165
002594,436.0,29,4,7,20,40,12,79,42,64,117,7,0,0,1,1166
003272,435.75,15,0,0,4,1,28,206,5,15,215,3,0,0,1,1167
000645,435.5,20,0,1,8,3,32,175,8,25,187,4,0,0,1,1168
000909,435.5,33,1,3,22,18,3,82,30,56,115,5,0,0,1,1169
007339,435.5,35,0,20,39,30,4,14,52,77,83,8,0,0,1,1170
003755,435.25,37,0,4,38,37,12,37,53,78,91,8,0,0,1,1171
004004,435.0,33,0,2,32,29,16,82,20,62,107,7,0,0,1,1172
006612,435.0,33,4,2,20,29,24,64,48,53,118,6,0,2,2,1173
001022,434.75,28,0,0,6,6,32,121,43,35,163,4,0,1,2,1174
001762,434.75,14,4,0,12,6,4,186,5,23,198,2,0,1,2,1175
001929,434.5,32,5,2,40,42,47,56,26,65,96,10,0,1,2,1176
005405,434.25,15,0,2,4,3,8,184,39,50,194,2,0,0,1,1177
005587,434.25,10,0,0,1,1,20,217,23,22,229,1,1,1,3,1178
006628,434.25,44,3,4,3,17,49,14,77,51,94,7,0,1,2,1179
006780,434.0,37,2,12,23,20,50,0,110,72,112,9,0,0,1,1180
004001,433.75,19,3,0,2,3,21,142,77,28,215,3,0,0,1,1181
001861,433.5,15,0,1,10,6,0,188,22,35,201,2,0,0,1,1182
005325,433.5,27,0,0,1,0,36,107,94,73,156,4,0,0,1,1183
000691,433.25,23,7,7,20,14,33,12,203,72,200,6,0,1,2,1184
002546,433.25,32,1,13,20,23,23,44,71,80,101,6,2,0,2,1185
004118,433.25,36,1,6,19,35,15,46,65,52,121,7,0,0,1,1186
005423,433.25,28,5,3,16,21,7,109,5,40,126,5,0,0,1,1187
006729,433.25,14,0,1,3,6,24,200,21,27,212,3,0,0,1,1188
001960,433.0,31,0,8,13,8,4,102,10,40,124,4,0,0,1,1189
007342,432.75,37,1,9,28,42,27,40,37,66,86,9,0,0,1,1190
003116,432.25,38,1,6,18,26,23,24,91,71,107,7,0,0,1,1191
001236,432.0,18,0,0,4,2,8,189,6,19,198,2,0,0,1,1192
002193,432.0,30,0,1,17,28,4,113,16,44,133,5,0,0,1,1193
004154,431.5,37,3,3,30,34,37,14,94,70,111,9,0,0,1,1194
002473,431.0,42,1,4,9,9,31,49,28,61,72,6,0,0,1,1195
007029,431.0,30,1,2,22,6,35,103,14,40,132,6,0,0,1,1196
001221,430.75,39,1,8,28,57,11,11,67,42,112,7,2,2,3,1197
004362,430.75,34,4,3,6,5,20,83,19,30,119,3,0,3,2,1198
004569,430.75,17,3,1,6,8,21,174,5,25,181,2,2,1,3,1199
006588,430.75,44,1,1,22,21,23,4,85,50,107,7,0,0,1,1200
007068,430.75,14,1,1,4,9,19,198,13,28,203,3,0,0,1,1201
007244,430.75,29,1,0,1,2,31,134,11,30,146,4,0,0,1,1202
000765,430.5,12,1,0,8,8,27,195,28,39,205,3,0,1,2,1203
003006,430.5,42,0,1,13,4,4,59,18,49,84,4,0,0,1,1204
006386,430.5,18,0,0,2,0,44,183,20,23,200,4,0,0,1,1205
006798,430.5,34,4,6,33,47,20,42,40,75,84,9,0,0,1,1206
001141,430.25,32,1,3,10,15,11,104,7,34,123,4,0,1,2,1207
001243,430.25,19,5,3,19,7,43,134,29,37,172,6,0,0,1,1208
000183,430.0,36,8,2,6,16,28,54,40,42,104,6,0,0,1,1209
006496,430.0,18,4,5,7,26,44,125,68,40,187,3,5,2,3,1210
003775,429.75,36,1,0,0,0,35,92,25,30,124,4,1,0,2,1211
000611,429.5,8,3,0,3,1,17,216,24,31,223,2,0,0,1,1212
004329,429.5,22,2,2,4,0,18,128,66,31,193,3,0,0,1,1213
002248,429.25,18,2,0,5,1,22,174,17,29,187,3,0,0,1,1214
002828,429.25,10,0,0,1,1,4,225,11,16,231,1,0,0,1,1215
000262,428.75,33,4,8,27,28,12,43,49,54,110,7,0,0,1,1216
000875,428.75,32,0,9,19,4,0,73,37,54,116,4,0,0,1,1217
004632,428.5,26,1,3,27,16,7,110,20,56,131,5,0,0,1,1218
002215,428.25,24,0,0,9,3,12,143,27,26,177,3,0,0,1,1219
004596,428.25,23,2,2,11,12,14,144,9,36,155,4,0,0,1,1220
006731,428.25,37,1,2,14,15,59,0,167,62,159,8,0,0,1,1221
000999,428.0,25,6,7,9,31,42,98,34,31,148,2,11,0,2,1222
000559,427.75,12,1,13,3,32,19,136,95,13,247,1,6,2,3,1223
000974,427.75,13,0,0,2,1,16,201,27,30,213,2,0,0,1,1224
006420,427.5,30,0,7,15,12,0,103,10,45,120,4,0,0,1,1225
007284,427.5,22,2,0,6,0,26,154,10,25,169,3,0,1,2,1226
002419,427.25,43,2,3,16,14,66,14,67,53,92,9,0,0,1,1227
002746,427.0,39,0,6,23,24,20,35,44,62,85,6,0,2,2,1228
005105,427.0,25,0,7,14,18,0,132,0,44,134,4,0,0,1,1229
001920,426.75,5,0,3,4,0,12,233,15,19,241,1,0,1,2,1230
002038,426.75,37,1,5,5,5,27,79,13,39,101,5,0,0,1,1231
002266,426.75,22,0,2,16,12,28,74,149,38,225,3,3,1,3,1232
003647,426.75,33,0,1,16,18,12,92,25,55,112,5,0,0,1,1233
005345,426.75,27,0,6,22,21,4,114,5,46,128,5,0,0,1,1234
004816,426.5,29,0,3,11,1,36,94,60,41,156,5,0,0,1,1235
006229,426.5,4,3,2,10,4,9,223,16,16,242,0,2,2,2,1236
001564,426.25,31,3,7,22,36,77,72,27,62,100,11,0,0,1,1237
005589,426.25,34,0,7,22,33,0,71,21,63,92,6,0,0,1,1238
005857,426.25,10,0,0,5,1,0,216,17,25,223,1,0,0,1,1239
006624,426.25,43,0,5,12,8,44,18,71,49,100,7,0,0,1,1240
003886,425.75,38,0,5,5,4,12,79,9,29,107,4,0,0,1,1241
005371,425.75,37,0,11,21,23,20,45,25,61,78,6,0,2,2,1242
005479,425.5,38,4,5,20,29,32,9,92,63,105,8,0,0,1,1243
005572,425.25,42,0,3,16,23,28,30,55,55,91,7,0,0,1,1244
003136,425.0,15,1,0,1,0,15,193,16,21,205,2,0,0,1,1245
003802,425.0,31,5,4,35,30,23,28,86,65,124,8,0,0,1,1246
005523,425.0,37,0,8,21,26,4,44,38,61,87,5,2,0,2,1247
002161,424.5,38,0,8,18,32,32,51,20,62,73,7,2,0,2,1248
000472,424.25,23,1,3,17,21,23,136,5,32,153,5,1,0,2,1249
003916,424.0,13,0,0,2,1,16,211,2,12,216,2,0,0,1,1250
004150,424.0,23,1,2,13,10,31,128,38,54,151,5,0,0,1,1251
001552,423.75,28,1,7,21,28,27,99,13,49,120,7,0,0,1,1252
002418,423.75,16,2,1,10,13,30,170,17,17,199,3,0,3,2,1253
005785,423.75,15,0,0,1,0,16,198,11,16,209,2,0,0,1,1254
002224,423.5,17,0,0,3,0,28,178,28,36,190,3,0,0,1,1255
003938,423.5,40,0,2,19,19,24,52,20,48,85,6,0,1,2,1256
006762,423.25,12,0,0,1,3,40,183,63,43,216,3,1,0,2,1257
001054,423.0,31,1,9,25,23,55,61,44,67,104,9,0,0,1,1258
003323,423.0,38,3,6,21,31,29,37,28,67,66,7,2,0,2,1259
003800,423.0,39,1,6,22,25,19,38,28,62,72,6,2,0,2,1260
003199,422.75,24,13,2,8,30,35,27,159,7,226,0,14,0,1,1261
006568,422.75,41,0,4,19,4,44,39,33,54,82,7,0,0,1,1262
000266,422.5,32,3,11,21,48,29,49,34,47,103,7,2,2,3,1263
006287,422.5,7,0,1,7,1,0,230,4,13,236,1,0,0,1,1264
001855,422.25,33,0,6,29,32,60,71,15,52,102,10,0,0,1,1265
004622,422.0,38,0,5,7,10,20,27,104,61,120,5,0,0,1,1266
006862,422.0,41,0,6,29,48,4,20,42,70,68,8,0,0,1,1267
007473,422.0,19,0,1,6,6,8,170,8,25,179,2,0,1,2,1268
000696,421.75,35,4,3,13,21,20,69,17,49,92,6,0,0,1,1269
002234,421.75,33,2,4,21,30,6,75,17,46,106,6,0,0,1,1270
005481,421.75,26,4,8,30,40,52,79,27,61,113,10,0,0,1,1271
003365,421.5,7,1,0,0,1,7,227,20,21,234,1,0,0,1,1272
005777,421.25,29,0,9,33,45,12,63,47,75,106,8,0,0,1,1273
005528,421.0,41,3,2,3,6,49,34,50,44,89,4,3,2,3,1274
005713,421.0,6,0,0,2,0,16,230,20,23,235,1,0,1,2,1275
000420,420.75,27,3,4,23,18,5,105,1,41,122,5,0,0,1,1276
002531,420.75,28,0,4,10,2,20,85,67,37,157,2,1,3,3,1277
002541,420.75,35,0,5,18,18,12,66,25,48,101,5,1,0,2,1278
002711,420.5,27,1,15,26,20,39,77,20,56,110,8,0,0,1,1279
001880,420.25,2,2,2,1,3,14,215,67,32,257,1,0,1,2,1280
004573,420.25,14,1,1,5,0,11,191,11,20,203,2,0,0,1,1281
004658,420.25,18,2,1,1,0,26,166,25,34,179,3,0,0,1,1282
006692,420.25,31,0,7,28,34,12,80,11,53,104,7,0,0,1,1283
006876,420.25,14,1,0,1,1,15,196,13,20,205,2,0,0,1,1284
000479,420.0,10,1,0,5,1,31,212,10,17,221,3,0,0,1,1285
000991,420.0,36,0,1,7,8,28,57,76,71,106,5,0,0,1,1286
005538,420.0,12,0,0,4,0,16,198,28,23,219,2,0,0,1,1287
006791,420.0,26,5,0,2,4,43,107,50,43,147,5,0,0,1,1288
001458,419.75,29,3,3,42,34,17,52,53,95,87,8,0,0,1,1289
006910,419.75,27,2,0,4,9,54,73,119,56,169,5,2,0,2,1290
000948,419.5,4,0,0,0,0,12,246,14,15,249,1,0,0,1,1291
001143,419.25,32,2,3,8,1,18,40,123,48,160,4,0,0,1,1292
004260,419.25,29,2,2,26,23,14,82,35,64,112,6,0,0,1,1293
006548,419.25,29,2,3,19,5,6,98,13,43,121,4,0,0,1,1294
000195,418.75,3,0,1,2,6,4,246,9,9,252,0,1,1,2,1295
003894,418.75,31,3,5,44,32,13,36,53,74,98,8,0,0,1,1296
005166,418.75,29,7,3,7,5,61,86,27,44,115,7,0,0,1,1297
002128,418.5,16,2,0,21,31,18,151,30,52,168,5,1,0,2,1298
000734,418.25,29,1,6,15,26,51,76,53,37,143,7,2,0,2,1299
003515,418.25,26,0,10,19,25,0,102,17,47,127,5,0,0,1,1300
004647,418.25,8,1,2,4,2,7,213,13,13,228,0,1,2,2,1301
005728,418.25,31,5,5,18,14,39,58,47,56,108,7,0,0,1,1302
005900,418.25,31,5,6,7,4,59,34,113,53,143,7,0,0,1,1303
006756,418.25,30,1,0,1,1,47,99,55,57,129,5,0,0,1,1304
006960,418.0,37,0,10,18,11,52,38,44,53,94,8,0,0,1,1305
007120,418.0,25,0,0,2,1,36,132,40,42,157,4,0,0,1,1306
001407,417.75,31,2,0,1,0,150,108,15,32,125,11,1,0,2,1307
002290,417.5,39,1,8,31,34,15,5,66,62,88,8,0,0,1,1308
004673,417.5,33,7,5,22,8,53,46,30,49,94,8,0,0,1,1309
005714,417.5,12,11,3,11,34,25,138,40,47,168,1,10,0,2,1310
001127,417.25,30,2,9,23,22,10,71,23,61,97,6,0,0,1,1311
003298,417.25,24,0,6,19,23,8,108,33,64,126,4,2,0,2,1312
003678,417.25,1,1,0,2,1,19,256,3,13,250,1,0,1,2,1313
004443,417.0,14,10,4,18,24,18,63,154,20,243,1,8,1,3,1314
000931,416.75,4,3,8,6,6,5,203,27,20,231,0,2,2,2,1315
000677,416.5,30,8,4,30,36,68,30,70,52,120,11,0,0,1,1316
004887,416.5,33,2,6,23,22,10,21,106,61,130,6,0,0,1,1317
000804,416.25,29,1,3,17,11,19,94,17,40,121,4,1,1,3,1318
002520,416.25,32,2,7,24,21,26,28,95,60,128,7,0,0,1,1319
003804,416.25,32,2,14,34,28,82,0,103,82,103,12,0,0,1,1320
006849,416.25,23,0,0,1,0,32,154,9,28,159,3,0,1,2,1321
007466,416.25,26,2,1,3,2,30,129,15,32,144,4,0,0,1,1322
000454,416.0,22,2,1,1,0,6,154,6,25,161,2,0,0,1,1323
001292,416.0,14,0,0,0,2,16,190,28,25,207,2,0,0,1,1324
003553,416.0,11,0,0,1,0,36,210,14,25,211,3,0,0,1,1325
006789,416.0,28,2,3,14,23,42,89,46,52,130,7,0,0,1,1326
002057,415.75,43,0,3,16,10,8,13,67,42,100,5,0,0,1,1327
000235,415.5,24,0,1,9,2,28,125,42,58,143,4,0,0,1,1328
000383,415.5,23,1,3,16,22,55,121,20,23,161,3,6,3,3,1329
003368,415.5,23,0,0,5,8,20,130,48,37,169,3,0,1,2,1330
003691,415.5,29,3,10,30,43,53,27,88,89,98,10,0,1,2,1331
005840,415.5,26,1,8,12,22,27,106,10,29,134,3,4,2,3,1332
001070,415.25,27,2,3,7,31,18,93,55,25,162,1,9,0,2,1333
001253,415.25,21,1,0,3,0,39,155,19,27,172,4,0,0,1,1334
003050,415.0,28,2,3,7,2,22,91,44,31,144,2,2,2,3,1335
003067,415.0,36,2,1,8,7,10,69,30,38,108,4,0,0,1,1336
004540,415.0,22,0,2,10,18,12,150,4,34,154,4,0,0,1,1337
003228,414.75,39,0,2,14,9,32,54,29,48,90,6,0,0,1,1338
005465,414.75,31,1,12,34,19,15,35,55,71,97,7,0,0,1,1339
005687,414.75,27,1,8,22,27,3,71,55,61,123,5,0,1,2,1340
003683,414.5,19,15,3,12,18,45,77,64,36,154,1,12,0,2,1341
002625,414.25,28,0,0,11,5,20,84,85,43,165,4,0,0,1,1342
007232,414.25,15,0,4,22,23,8,157,17,40,175,4,0,1,2,1343
001869,414.0,6,0,0,2,0,8,234,8,18,232,1,0,0,1,1344
002538,414.0,1,2,0,1,2,18,240,26,26,244,1,0,1,2,1345
004309,414.0,18,0,0,5,1,8,177,4,22,182,2,0,0,1,1346
001163,413.75,35,0,5,42,38,8,47,11,62,78,8,0,0,1,1347
003600,413.75,10,2,0,0,2,34,202,25,26,213,3,0,0,1,1348
007294,413.75,29,1,3,19,17,3,92,19,43,120,4,0,1,2,1349
000915,413.5,16,1,3,5,12,35,169,14,23,185,3,0,3,2,1350
001919,413.5,34,0,8,32,30,40,41,40,68,87,9,0,0,1,1351
002078,413.5,27,2,4,10,15,6,110,14,43,124,4,0,0,1,1352
002960,413.25,37,4,5,17,9,56,32,45,45,95,8,0,0,1,1353
003281,413.25,21,0,2,21,16,20,137,15,40,156,5,0,0,1,1354
007330,413.25,39,0,3,30,24,0,45,9,53,73,6,0,0,1,1355
003355,413.0,31,8,1,11,13,32,76,14,35,106,6,0,0,1,1356
000269,412.75,35,1,0,7,2,51,74,39,44,112,6,0,0,1,1357
002387,412.75,34,0,1,9,4,16,87,21,47,105,4,0,0,1,1358
003503,412.75,34,0,4,16,22,4,71,27,48,104,5,0,0,1,1359
001158,412.5,40,1,1,12,7,19,48,30,40,92,5,0,0,1,1360
001825,412.0,31,3,3,19,23,33,68,38,52,110,7,0,0,1,1361
006031,411.75,36,0,2,11,19,12,69,29,44,103,5,0,0,1,1362
006098,411.5,35,0,1,13,7,8,83,10,40,102,4,0,0,1,1363
007032,411.25,17,4,4,15,8,16,146,9,37,158,4,0,0,1,1364
002477,411.0,15,13,0,8,17,59,116,52,33,171,2,10,0,2,1365
004048,411.0,12,0,0,2,2,16,199,18,26,205,2,0,0,1,1366
004716,411.0,36,3,5,15,36,49,23,80,55,107,9,0,0,1,1367
005128,411.0,23,2,2,31,32,6,96,42,48,148,6,0,0,1,1368
006344,411.0,27,0,16,29,24,32,58,42,79,93,8,0,0,1,1369
006493,411.0,27,3,3,19,19,25,85,40,67,110,6,0,0,1,1370
006625,411.0,38,2,4,24,26,66,11,78,58,99,10,0,0,1,1371
001448,410.5,26,1,0,0,2,35,127,28,35,147,4,0,0,1,1372
005167,410.25,21,0,1,6,0,20,156,7,25,166,3,0,0,1,1373
000510,410.0,33,4,3,17,23,32,27,96,63,117,7,0,0,1,1374
004072,410.0,11,0,0,5,0,0,198,22,30,206,1,0,0,1,1375
006121,410.0,24,7,2,23,43,21,59,88,8,195,0,15,0,1,1376
002745,409.75,21,0,2,6,15,28,149,11,25,164,3,0,3,2,1377
002337,409.25,3,4,0,1,0,8,225,23,26,230,1,0,0,1,1378
003343,409.25,23,0,0,14,7,20,136,15,32,156,4,0,0,1,1379
006870,409.25,41,0,1,26,24,36,15,61,58,86,8,0,0,1,1380
007030,409.25,14,0,2,6,2,8,170,39,50,181,2,0,0,1,1381
000658,409.0,7,0,0,3,2,20,225,8,12,231,2,0,0,1,1382
003056,409.0,22,0,11,26,21,0,101,26,64,122,5,0,0,1,1383
005273,409.0,31,1,0,11,10,19,84,38,39,126,4,0,1,2,1384
000897,408.75,15,0,0,0,1,16,185,19,27,192,2,0,0,1,1385
005926,408.75,27,0,2,4,3,28,105,51,62,127,4,0,0,1,1386
001376,408.5,24,1,2,19,19,31,91,70,68,139,6,0,0,1,1387
002640,408.5,23,4,6,15,36,28,97,34,16,163,1,12,0,2,1388
005365,408.0,36,3,2,7,3,13,72,6,32,94,4,0,0,1,1389
004962,407.75,26,6,11,33,18,2,53,29,65,93,6,0,0,1,1390
002744,407.25,18,3,1,1,0,41,149,35,23,184,4,0,0,1,1391
003080,407.25,22,4,0,0,2,36,140,15,25,156,4,0,0,1,1392
003608,407.25,3,1,1,3,9,7,228,21,19,238,0,2,1,2,1393
000805,407.0,33,1,16,25,14,39,12,74,75,86,8,0,0,1,1394
001027,407.0,1,0,3,1,3,16,242,14,15,246,1,0,1,2,1395
002139,406.75,34,3,11,28,19,49,8,73,69,88,9,0,0,1,1396
000840,406.5,10,7,3,7,16,21,165,30,8,214,0,8,0,1,1397
004927,406.5,15,0,0,1,0,0,184,16,26,190,1,0,0,1,1398
001711,406.25,11,3,1,0,0,49,195,9,20,199,4,0,0,1,1399
002365,406.0,10,0,3,11,8,0,198,2,19,205,2,0,0,1,1400
004958,406.0,17,4,3,9,7,24,146,18,35,162,4,0,0,1,1401
001365,405.5,20,0,4,19,21,0,141,2,39,147,4,0,0,1,1402
006482,405.25,23,1,2,2,1,19,129,33,30,160,3,0,0,1,1403
001546,405.0,12,0,0,4,0,16,201,2,14,205,2,0,0,1,1404
003429,405.0,7,1,1,6,2,15,215,6,15,221,2,0,0,1,1405
006116,405.0,27,0,0,6,3,28,114,32,34,145,4,0,0,1,1406
001868,404.75,29,1,5,23,39,47,59,57,63,111,8,0,2,2,1407
002115,404.75,18,1,0,0,2,11,164,21,29,175,2,0,0,1,1408
004998,404.75,7,3,2,6,1,5,200,13,13,218,0,1,2,2,1409
000524,404.5,25,0,0,7,4,12,96,84,43,169,3,0,0,1,1410
002341,404.5,24,5,8,23,21,31,76,36,51,121,7,0,0,1,1411
003471,404.5,21,8,2,11,18,4,105,34,52,129,4,0,0,1,1412
004306,404.5,43,0,2,26,17,8,20,22,58,55,6,0,0,1,1413
001600,404.25,11,0,0,9,8,28,184,29,30,203,3,0,1,2,1414
005164,404.25,39,0,5,18,18,16,30,43,56,79,6,0,0,1,1415
006664,404.25,31,4,7,4,2,32,76,19,33,108,5,0,0,1,1416
007122,404.25,27,1,0,1,0,43,111,35,47,128,4,1,0,2,1417
004929,404.0,29,0,10,19,22,16,61,52,55,116,6,0,0,1,1418
005206,404.0,35,0,5,4,4,0,74,20,38,100,3,0,0,1,1419
006024,404.0,9,0,2,8,13,24,188,28,22,213,2,2,1,3,1420
006146,404.0,27,4,4,16,17,12,77,42,53,117,5,0,0,1,1421
006161,404.0,29,0,6,21,32,24,69,48,69,104,7,0,0,1,1422
006637,404.0,32,0,8,22,22,28,47,54,57,106,7,0,0,1,1423
000352,403.75,26,13,2,33,31,55,43,33,54,96,10,0,0,1,1424
001565,403.75,34,0,8,21,13,20,52,27,53,89,6,0,0,1,1425
004917,403.75,8,1,2,4,2,15,192,41,19,229,2,0,0,1,1426
004255,403.5,15,0,1,13,3,16,173,6,29,179,3,0,0,1,1427
006999,403.5,24,0,1,4,3,0,132,22,38,145,2,0,0,1,1428
005180,403.25,27,1,4,20,17,11,95,17,45,119,5,0,0,1,1429
002124,403.0,12,7,0,5,7,25,158,26,27,181,2,2,1,3,1430
005338,403.0,4,0,0,2,2,0,235,10,11,240,0,1,0,1,1431
005534,402.75,18,0,3,24,35,0,143,7,43,152,5,0,0,1,1432
006063,402.5,41,0,6,17,16,32,31,18,47,66,7,0,0,1,1433
004511,402.25,27,5,9,28,24,19,30,83,75,107,7,0,0,1,1434
003544,401.75,43,0,0,1,0,140,19,73,46,90,11,1,0,2,1435
004289,401.75,26,6,5,25,24,58,52,63,66,111,9,0,0,1,1436
004770,401.75,41,0,2,11,6,36,18,71,54,89,6,0,0,1,1437
007260,401.75,29,7,5,19,31,45,44,51,63,92,7,3,0,2,1438
003777,401.5,1,3,0,1,2,1,237,14,17,239,0,1,0,1,1439
004335,401.5,9,0,0,3,0,12,208,8,12,216,1,0,1,2,1440
001656,401.25,6,0,4,19,19,0,202,5,29,207,3,0,0,1,1441
002495,401.25,36,0,11,28,29,8,7,69,70,81,7,0,0,1,1442
004932,401.25,22,1,1,12,17,11,130,19,36,149,4,0,0,1,1443
000015,401.0,11,1,0,15,14,7,165,44,27,209,1,4,0,2,1444
001267,401.0,16,2,2,2,8,18,109,126,14,243,0,6,0,1,1445
001594,401.0,26,0,1,20,17,0,114,4,38,127,4,0,0,1,1446
002044,401.0,31,5,16,24,29,87,1,82,79,80,12,0,0,1,1447
002748,401.0,35,0,6,24,23,40,19,82,71,95,8,0,0,1,1448
002773,401.0,26,3,5,18,23,21,89,22,57,106,6,0,0,1,1449
004011,401.0,17,4,3,3,5,8,153,4,24,160,2,0,1,2,1450
005308,401.0,26,0,0,1,1,20,118,38,38,145,3,0,0,1,1451
006908,401.0,17,8,4,10,25,16,105,50,14,180,1,7,1,3,1452
001308,400.75,14,2,0,13,9,18,159,25,38,175,3,0,1,2,1453
002885,400.75,7,4,0,3,2,8,191,33,32,206,0,1,2,2,1454
000528,400.25,24,2,2,23,11,10,108,5,34,130,4,0,1,2,1455
001435,400.25,20,3,4,25,11,33,119,7,35,143,6,0,0,1,1456
002526,400.25,16,9,3,3,18,15,77,131,19,220,0,6,2,2,1457
005112,400.25,28,0,0,10,6,28,104,23,28,137,4,0,1,2,1458
000408,400.0,29,8,12,16,35,20,30,48,52,91,7,0,1,2,1459
004715,400.0,25,0,9,23,27,12,97,8,45,117,6,0,0,1,1460
005014,400.0,17,2,4,15,28,22,125,44,38,169,4,0,3,2,1461
005577,400.0,16,3,2,13,13,17,149,16,29,170,4,0,0,1,1462
001545,399.75,36,0,2,27,23,8,52,15,50,82,6,0,0,1,1463
003920,399.75,21,0,2,3,2,36,147,13,20,166,4,0,0,1,1464
006416,399.75,31,4,8,24,33,60,16,89,72,100,10,0,0,1,1465
006507,399.75,0,3,0,0,0,29,235,27,28,237,2,0,0,1,1466
007043,399.5,14,3,7,3,4,49,154,24,40,165,5,0,0,1,1467
003065,399.25,20,0,1,12,11,12,142,7,24,158,2,2,1,3,1468
006530,399.25,40,0,3,12,13,44,13,81,65,84,7,0,0,1,1469
000323,399.0,42,0,2,27,13,12,9,44,51,73,6,0,0,1,1470
002367,399.0,37,2,1,16,22,42,51,14,34,87,7,0,1,2,1471
000093,398.5,34,0,6,16,16,24,53,36,57,88,6,0,0,1,1472
002014,398.5,30,0,3,12,7,20,85,24,33,121,4,0,1,2,1473
002295,398.5,29,4,9,24,30,48,34,66,67,99,9,0,0,1,1474
006872,398.25,4,4,0,2,2,36,191,65,17,249,0,6,0,1,1475
002570,398.0,21,1,12,20,23,3,78,68,44,156,5,0,0,1,1476
004542,398.0,27,2,4,16,17,38,91,14,38,116,6,0,1,2,1477
000647,397.5,28,4,1,10,9,44,87,28,39,119,6,0,0,1,1478
000926,397.5,16,1,2,5,5,3,169,2,19,176,2,0,0,1,1479
005751,397.5,33,3,0,17,18,41,56,40,47,102,7,0,0,1,1480
000748,397.0,14,1,1,5,4,23,140,82,32,211,3,0,0,1,1481
005095,397.0,16,0,7,17,28,12,144,14,39,159,5,0,0,1,1482
002896,396.75,30,3,7,25,22,9,50,35,54,96,6,0,0,1,1483
003187,396.75,30,0,2,9,3,4,91,25,38,119,3,0,0,1,1484
000039,396.5,38,0,4,20,18,16,28,46,47,89,6,0,0,1,1485
001147,396.5,31,0,4,9,20,8,77,30,45,106,4,0,1,2,1486
005453,396.5,35,1,7,11,31,35,10,104,50,118,7,1,0,2,1487
005560,396.5,26,1,6,28,24,27,73,32,62,104,6,0,2,2,1488
000772,396.25,19,0,2,9,2,16,153,3,23,163,3,0,0,1,1489
004122,396.25,35,2,4,11,14,54,22,85,55,104,7,0,1,2,1490
000600,396.0,36,0,2,14,12,48,66,8,42,84,7,0,0,1,1491
002415,396.0,31,1,1,28,28,7,57,42,62,98,6,0,0,1,1492
004402,396.0,17,3,1,4,2,29,145,26,33,163,3,0,1,2,1493
004444,396.0,34,1,0,14,20,11,64,32,34,111,5,0,0,1,1494
004714,396.0,30,0,0,2,0,16,103,22,26,131,3,0,0,1,1495
007078,396.0,9,0,0,4,3,0,204,12,14,215,1,0,0,1,1496
001997,395.75,8,4,1,5,2,20,179,33,25,205,2,0,1,2,1497
005704,395.75,22,2,0,3,3,34,133,21,29,152,4,0,0,1,1498
006524,395.75,16,2,0,2,2,26,159,27,35,171,3,0,0,1,1499
006989,395.75,22,2,4,18,4,30,102,37,43,142,5,0,0,1,1500
002183,395.5,28,3,6,28,26,21,45,60,53,117,7,0,0,1,1501
002861,395.5,25,0,5,17,9,8,105,14,37,129,4,0,0,1,1502
006519,395.5,32,5,7,27,42,39,13,66,66,84,8,3,0,2,1503
004852,395.25,0,0,0,0,0,32,242,27,27,242,2,0,0,1,1504
003909,394.75,31,0,1,16,12,4,77,31,51,105,4,0,0,1,1505
004548,394.75,11,1,0,1,0,35,195,9,20,197,3,0,0,1,1506
005094,394.75,23,1,6,20,15,31,85,55,44,146,6,0,0,1,1507
006586,394.75,4,0,0,4,0,8,219,27,33,221,1,0,0,1,1508
000249,394.5,27,0,7,27,23,12,61,54,68,108,6,0,0,1,1509
002984,394.5,30,0,9,27,30,16,11,118,62,133,7,0,0,1,1510
007088,394.25,26,0,0,12,22,4,120,3,34,127,4,0,0,1,1511
002196,394.0,10,0,0,1,1,4,203,8,14,208,1,0,0,1,1512
004953,394.0,20,2,3,17,32,30,107,44,50,143,5,0,3,2,1513
007091,394.0,31,0,5,31,21,8,59,20,57,89,6,0,0,1,1514
002612,393.75,29,0,2,22,35,0,56,69,55,123,5,0,1,2,1515
004226,393.75,19,2,5,23,29,10,110,27,53,133,5,1,0,2,1516
005581,393.75,10,1,0,2,0,51,190,25,26,202,4,0,0,1,1517
006213,393.75,35,0,0,1,0,156,75,25,37,99,11,2,0,2,1518
006978,393.75,17,2,5,18,8,30,133,15,40,150,5,0,0,1,1519
007430,393.75,33,0,13,31,39,12,11,65,84,69,8,0,0,1,1520
006381,393.5,22,0,4,18,24,20,117,12,36,137,5,1,0,2,1521
000168,393.0,16,1,0,3,1,43,158,30,25,183,4,0,0,1,1522
002525,393.0,13,1,0,2,1,15,186,4,14,192,2,0,0,1,1523
006505,393.0,6,0,0,7,3,0,211,16,24,216,1,0,0,1,1524
002646,392.5,17,1,2,4,13,11,155,16,25,170,3,0,0,1,1525
006039,392.5,34,4,4,24,26,12,29,36,53,78,6,0,1,2,1526
006752,392.25,32,0,4,32,32,36,37,49,43,111,7,3,0,2,1527
007166,392.25,32,2,4,31,29,46,11,95,68,107,9,0,0,1,1528
000004,392.0,7,2,0,5,0,18,201,16,25,206,2,0,0,1,1529
004081,392.0,16,0,0,0,0,8,167,18,21,180,1,0,1,2,1530
007052,392.0,27,2,0,1,0,58,100,34,38,126,5,1,0,2,1531
002103,391.75,14,1,7,19,24,15,138,27,41,165,5,0,0,1,1532
003426,391.75,10,5,0,8,10,23,167,19,29,180,2,2,1,3,1533
003461,391.75,19,0,0,12,1,32,141,23,38,157,4,0,0,1,1534
001334,391.5,8,3,2,3,11,5,189,14,16,203,0,2,2,2,1535
004301,391.5,34,2,2,22,38,38,49,20,55,74,7,3,0,2,1536
004946,391.5,29,6,4,28,27,34,38,42,60,87,7,2,0,2,1537
001096,391.25,32,0,5,16,19,8,65,25,36,107,5,0,0,1,1538
006047,391.25,26,0,0,28,26,16,84,39,50,127,6,0,0,1,1539
001877,391.0,16,1,0,8,8,39,152,24,23,178,4,0,1,2,1540
003811,391.0,37,3,2,25,28,17,34,14,53,62,7,0,0,1,1541
006068,391.0,25,1,5,10,12,19,101,18,38,122,4,1,0,2,1542
006512,391.0,4,0,0,0,0,12,225,18,18,229,1,0,0,1,1543
007000,391.0,25,1,4,30,33,35,76,32,67,101,7,0,2,2,1544
001251,390.75,9,0,2,1,0,20,194,23,13,216,2,0,0,1,1545
001820,390.75,33,3,0,14,21,41,52,45,55,92,7,0,0,1,1546
007003,390.75,32,5,7,10,23,19,4,117,43,132,6,0,0,1,1547
007385,390.75,17,0,0,3,0,36,144,47,37,174,3,1,0,2,1548
004587,390.25,20,4,6,11,23,0,108,29,53,125,4,0,0,1,1549
005135,390.25,34,0,3,14,21,8,61,25,44,93,5,0,0,1,1550
002721,390.0,20,0,7,22,27,12,97,46,55,137,5,1,0,2,1551
006306,390.0,25,7,1,43,55,29,53,28,63,94,10,0,0,1,1552
000572,389.75,26,0,7,23,28,12,53,81,73,117,6,0,0,1,1553
001270,389.5,28,0,5,1,2,44,75,70,57,122,5,0,0,1,1554
002867,389.5,40,1,0,5,7,35,29,50,31,94,5,1,0,2,1555
003110,389.5,23,1,0,0,1,7,126,30,41,139,2,0,0,1,1556
006843,389.5,27,3,2,28,35,33,73,16,50,99,7,0,2,2,1557
000207,389.25,26,0,0,9,1,20,105,27,31,136,3,1,0,2,1558
003159,389.25,27,7,0,6,11,45,23,141,74,130,5,2,0,2,1559
006045,389.0,31,2,3,14,16,30,61,38,57,92,6,0,0,1,1560
000192,388.75,33,2,11,16,12,22,21,63,46,100,6,0,0,1,1561
005289,388.75,21,0,3,14,18,0,128,5,31,140,3,0,1,2,1562
005237,388.5,12,0,0,1,3,16,189,10,21,191,2,0,0,1,1563
005318,388.5,30,6,6,14,18,22,9,112,48,129,6,0,0,1,1564
003276,388.25,11,0,0,1,0,4,196,5,14,199,1,0,0,1,1565
004881,388.25,27,4,9,21,23,28,65,15,56,85,7,0,0,1,1566
001305,387.75,25,1,0,2,1,35,122,13,26,137,4,0,0,1,1567
004766,387.75,33,3,0,27,8,41,21,77,70,91,7,0,0,1,1568
006198,387.75,36,1,9,26,25,39,19,27,52,66,7,3,0,2,1569
007475,387.75,21,0,4,17,22,48,110,35,51,136,7,0,0,1,1570
000750,387.5,26,0,1,5,4,28,116,12,25,135,4,0,0,1,1571
004790,387.5,25,3,2,21,28,9,82,28,49,112,5,1,0,2,1572
004744,387.0,0,0,0,0,0,16,245,10,11,244,1,0,0,1,1573
004839,387.0,19,1,2,7,8,27,115,64,34,174,4,0,0,1,1574
005175,387.0,27,0,1,5,3,28,112,10,28,127,4,0,0,1,1575
001787,386.75,15,2,0,5,8,26,157,17,19,177,3,0,1,2,1576
006103,386.75,33,4,4,13,18,8,50,23,49,78,5,0,0,1,1577
006569,386.75,18,1,0,7,7,31,139,33,32,166,4,0,0,1,1578
001104,386.5,34,3,4,19,15,21,40,28,44,84,6,0,0,1,1579
003948,386.5,3,3,4,5,4,21,205,10,19,211,2,0,1,2,1580
002169,386.25,35,2,2,33,30,42,22,41,59,76,9,0,0,1,1581
002458,386.25,7,1,0,1,0,39,208,9,15,211,3,0,0,1,1582
003469,386.25,9,4,0,7,4,0,174,21,29,186,1,0,1,2,1583
002702,385.75,20,1,0,6,2,35,101,91,58,161,4,0,0,1,1584
002833,385.75,10,0,0,5,1,16,182,31,31,197,2,0,0,1,1585
001120,385.5,29,5,2,32,29,15,43,36,65,82,7,0,0,1,1586
006317,385.5,27,0,0,9,4,8,91,46,38,135,3,0,0,1,1587
005881,385.25,34,3,5,27,22,45,24,33,62,64,7,3,0,2,1588
006603,385.25,6,2,3,2,5,6,202,3,12,206,1,0,1,2,1589
000343,385.0,28,0,0,10,6,20,101,14,32,121,4,0,0,1,1590
000819,385.0,32,1,10,18,24,11,24,68,72,81,6,0,0,1,1591
001380,385.0,18,3,5,18,23,21,114,20,39,139,4,0,3,2,1592
003370,385.0,37,0,1,8,2,32,44,44,55,79,5,0,0,1,1593
002255,384.5,38,0,5,8,5,8,46,14,41,70,4,0,0,1,1594
006273,384.5,34,0,5,14,19,32,42,42,45,92,6,0,1,2,1595
004918,384.25,15,0,0,9,8,8,161,11,27,169,2,1,0,2,1596
000332,383.75,32,4,1,14,29,24,29,75,23,132,1,11,0,2,1597
005673,383.5,19,1,1,4,4,11,139,16,22,158,2,1,0,2,1598
000964,383.25,24,10,5,2,17,38,65,45,16,135,1,10,0,2,1599
006629,383.0,25,6,0,17,14,42,82,18,39,109,6,1,0,2,1600
002028,382.75,37,0,4,12,11,16,16,77,87,59,5,0,0,1,1601
000211,382.5,11,6,2,10,33,42,140,38,34,173,5,0,3,2,1602
002775,382.5,24,13,2,7,19,23,49,58,22,131,1,9,0,2,1603
003250,382.5,8,0,0,14,2,0,193,0,15,200,1,1,0,2,1604
004447,382.5,27,0,15,25,29,32,49,34,71,79,8,0,0,1,1605
000446,382.25,4,0,0,10,6,4,213,5,18,214,1,0,1,2,1606
002062,382.25,28,5,8,18,26,11,61,9,54,75,6,0,0,1,1607
003373,382.25,16,0,2,8,10,4,154,7,27,160,2,1,0,2,1608
005556,382.25,26,0,8,18,36,8,86,11,52,97,6,0,0,1,1609
006272,382.25,28,8,1,31,16,76,13,87,59,109,10,0,0,1,1610
004527,382.0,20,10,2,18,16,38,70,56,7,169,0,13,0,1,1611
007178,382.0,22,7,3,6,21,45,97,18,35,118,6,1,0,2,1612
000489,381.75,3,3,0,4,1,5,216,5,8,223,1,0,0,1,1613
001336,381.75,25,5,3,20,24,27,59,51,38,125,5,0,3,2,1614
002276,381.5,14,0,0,14,20,0,164,6,26,172,3,0,0,1,1615
007292,381.5,26,0,3,5,2,12,83,62,48,131,3,0,0,1,1616
000567,381.0,34,2,3,9,10,30,37,52,36,101,5,1,0,2,1617
005430,381.0,32,3,2,8,10,25,6,132,54,129,4,2,0,2,1618
006914,380.75,17,0,4,24,19,0,132,5,41,141,4,0,0,1,1619
002978,380.5,21,5,7,27,33,83,57,66,54,129,11,0,0,1,1620
003620,380.5,33,2,1,35,35,54,23,50,62,82,10,0,0,1,1621
007031,380.5,33,2,6,30,23,50,22,42,64,71,9,0,0,1,1622
001438,380.25,27,1,1,17,19,39,59,71,66,110,6,1,0,2,1623
007238,380.25,6,0,1,8,1,16,195,25,27,208,2,0,0,1,1624
002461,380.0,24,1,1,11,8,67,110,14,30,131,7,0,0,1,1625
003252,380.0,36,1,5,19,12,7,27,36,51,73,5,0,0,1,1626
006794,380.0,2,0,0,1,1,12,220,30,25,228,1,0,0,1,1627
007172,380.0,17,0,0,4,3,24,154,16,32,159,3,0,0,1,1628
004941,379.75,22,1,5,7,2,19,103,33,39,132,3,0,1,2,1629
001680,379.5,31,1,2,4,3,7,73,32,38,105,3,0,0,1,1630
001885,379.5,8,2,0,0,0,54,184,34,37,191,4,0,0,1,1631
002677,379.5,33,1,2,14,11,27,47,40,35,102,5,0,1,2,1632
002713,379.5,7,0,0,0,1,24,197,20,22,202,1,1,1,3,1633
005893,379.5,33,0,6,12,9,20,59,16,43,83,5,0,0,1,1634
004711,379.25,26,0,1,31,30,8,80,21,56,103,6,0,0,1,1635
005041,379.25,8,4,2,2,8,32,177,17,15,195,3,0,1,2,1636
002957,379.0,34,0,7,21,18,0,27,48,64,73,5,0,0,1,1637
005157,379.0,17,5,6,26,35,39,98,20,49,123,7,0,2,2,1638
001261,378.75,24,0,3,17,16,4,108,3,29,126,4,0,0,1,1639
001683,378.75,29,5,10,14,15,23,36,45,51,88,6,0,0,1,1640
005010,378.75,21,4,5,41,45,52,70,19,62,98,10,0,1,2,1641
000782,378.25,30,6,3,13,22,14,12,101,41,124,5,1,0,2,1642
001831,378.25,17,1,0,2,1,43,141,37,35,163,4,0,0,1,1643
003898,378.25,34,0,6,9,11,4,38,53,58,82,4,0,0,1,1644
000694,378.0,26,2,4,40,42,30,49,38,62,97,9,0,0,1,1645
005343,378.0,4,1,0,4,0,7,211,14,19,215,1,0,0,1,1646
003347,377.75,3,4,0,1,0,24,209,13,18,212,2,0,0,1,1647
000809,377.5,34,4,2,27,37,48,15,46,51,77,8,3,0,2,1648
000811,377.5,1,4,2,5,4,8,212,4,9,219,0,1,2,2,1649
001585,377.5,32,1,3,17,16,27,57,22,45,87,6,0,0,1,1650
003852,377.5,30,2,4,20,22,34,31,76,64,99,7,0,0,1,1651
002101,377.25,35,0,1,12,20,20,49,29,32,94,5,1,0,2,1652
002233,377.25,25,2,2,10,15,18,96,15,27,123,4,0,1,2,1653
006560,377.25,26,2,2,7,9,18,98,13,39,109,4,0,0,1,1654
002845,377.0,32,0,1,18,13,0,56,36,41,102,4,0,0,1,1655
003217,377.0,9,1,0,3,0,3,192,6,10,201,1,0,0,1,1656
005081,377.0,20,0,1,6,1,4,127,30,42,142,2,0,0,1,1657
005495,376.75,9,1,1,8,18,43,169,27,28,187,3,3,1,3,1658
004290,376.5,32,3,4,34,42,37,8,62,57,86,8,3,0,2,1659
006778,376.5,14,0,4,21,21,12,139,14,39,153,4,0,1,2,1660
001991,376.25,32,0,5,31,16,28,10,85,61,102,7,0,0,1,1661
005970,376.25,31,5,6,11,36,55,53,11,45,72,9,0,0,1,1662
002914,376.0,6,0,2,3,1,12,198,14,16,207,0,1,2,2,1663
000859,375.75,31,2,5,15,17,34,35,57,38,107,6,0,1,2,1664
002685,375.75,24,1,2,12,14,51,82,53,58,116,6,0,1,2,1665
006811,375.75,9,0,0,17,6,16,181,5,22,190,3,0,0,1,1666
002568,375.5,4,0,1,5,10,4,213,2,13,212,1,1,0,2,1667
003812,375.5,26,0,9,24,25,12,39,80,56,122,6,0,0,1,1668
002953,375.25,22,1,1,0,5,43,77,109,53,157,4,1,0,2,1669
006477,375.25,20,1,3,1,0,23,132,13,27,143,3,0,0,1,1670
000443,375.0,36,0,4,24,32,16,14,56,64,70,7,0,0,1,1671
004567,374.75,17,5,0,4,3,35,113,47,41,145,2,2,2,3,1672
005093,374.75,4,2,0,0,0,26,211,11,12,216,2,0,0,1,1673
005811,374.75,33,1,3,15,13,31,53,21,40,86,6,0,0,1,1674
006396,374.75,16,7,5,10,13,85,85,67,31,159,3,7,4,3,1675
001050,374.5,30,3,0,2,0,149,52,70,43,114,11,1,0,2,1676
002068,374.5,28,3,2,22,12,13,71,8,39,95,5,0,0,1,1677
004629,374.5,8,1,0,2,2,3,197,4,15,197,1,0,0,1,1678
004426,374.25,25,2,3,17,23,34,81,23,34,117,5,0,3,2,1679
006274,374.25,14,0,1,8,1,16,155,17,22,173,2,1,0,2,1680
004948,374.0,29,1,5,30,28,51,31,58,70,84,8,0,2,2,1681
000983,373.75,34,1,3,25,34,7,21,49,52,81,6,0,1,2,1682
001461,373.75,25,0,1,9,1,28,90,47,46,126,4,0,0,1,1683
002029,373.75,25,0,3,3,17,16,101,29,35,126,4,0,0,1,1684
002314,373.75,30,2,14,15,21,30,30,43,69,65,7,0,0,1,1685
006481,373.75,4,0,3,2,7,0,209,11,20,209,1,0,0,1,1686
000885,373.5,33,0,4,14,29,0,50,30,42,89,5,0,0,1,1687
006726,373.5,24,0,6,21,21,24,72,48,54,117,6,0,0,1,1688
001002,373.25,34,2,3,7,12,22,50,25,60,61,5,0,0,1,1689
002772,373.0,6,0,4,11,11,8,188,6,28,187,2,1,0,2,1690
000679,372.75,14,0,2,4,12,0,158,13,21,170,1,2,0,2,1691
004556,372.75,18,0,1,12,5,12,118,49,47,151,3,0,0,1,1692
005036,372.75,21,0,2,11,2,12,118,19,35,136,3,0,0,1,1693
007277,372.75,23,0,3,27,31,28,87,21,50,111,6,0,2,2,1694
000301,372.25,37,0,5,11,11,32,19,55,43,84,6,0,0,1,1695
000106,372.0,28,1,2,12,6,15,63,54,56,104,4,0,0,1,1696
006506,372.0,28,1,2,7,3,39,84,22,29,115,5,0,0,1,1697
002959,371.25,30,0,3,19,24,36,17,115,64,120,7,0,0,1,1698
003643,371.25,6,1,0,3,3,19,192,21,20,203,1,0,2,2,1699
000229,371.0,9,1,0,2,1,3,164,56,43,189,1,0,0,1,1700
001586,371.0,26,0,6,15,9,8,82,18,35,112,4,0,0,1,1701
001856,370.75,24,2,8,14,22,10,81,19,35,113,5,0,0,1,1702
002974,370.75,28,3,4,17,19,41,53,41,63,83,7,0,0,1,1703
006613,370.75,18,5,0,7,3,23,94,75,31,168,0,7,0,1,1704
000613,370.5,33,1,0,3,0,147,26,100,44,119,11,1,0,2,1705
006405,370.5,18,0,0,9,1,4,139,14,27,153,2,0,0,1,1706
007055,370.5,9,0,2,2,3,16,184,14,18,193,2,0,0,1,1707
001934,370.25,20,0,0,2,2,24,136,15,30,143,3,0,0,1,1708
007331,370.25,7,0,0,1,0,16,197,11,15,201,1,1,0,2,1709
003019,370.0,29,4,1,35,35,8,40,26,71,64,7,0,0,1,1710
003216,370.0,21,2,3,15,21,50,91,44,68,108,7,0,0,1,1711
002761,369.75,0,0,0,0,0,16,229,19,13,235,1,0,0,1,1712
003543,369.75,21,0,0,8,3,32,81,103,43,170,4,0,0,1,1713
004988,369.75,18,0,3,14,5,8,125,19,37,142,3,0,0,1,1714
006532,369.75,22,4,6,10,10,28,37,127,49,157,5,0,0,1,1715
001807,369.5,10,2,0,1,1,2,169,30,22,190,1,0,0,1,1716
003934,369.5,14,4,3,11,4,20,129,22,34,149,3,0,1,2,1717
000506,369.25,23,1,1,4,0,19,98,47,47,127,3,0,0,1,1718
002229,369.25,10,0,0,2,0,36,182,15,24,185,3,0,0,1,1719
000033,369.0,15,0,1,2,6,8,161,6,23,162,2,0,0,1,1720
002052,369.0,24,0,0,3,5,0,109,28,35,129,2,0,0,1,1721
002749,369.0,14,0,0,1,1,8,142,54,26,185,1,0,1,2,1722
003809,369.0,13,5,0,2,1,19,141,30,38,153,2,0,1,2,1723
004424,369.0,28,4,5,24,15,36,45,30,53,83,7,0,0,1,1724
005267,368.75,18,2,0,5,1,14,138,3,20,146,2,1,0,2,1725
006555,368.75,8,0,0,0,0,24,188,25,25,196,2,0,0,1,1726
006982,368.75,27,1,1,9,3,39,76,43,37,120,5,0,0,1,1727
007145,368.25,25,4,4,6,5,36,33,121,66,127,5,0,0,1,1728
002207,368.0,23,0,0,8,1,0,117,10,24,134,2,0,0,1,1729
002644,368.0,24,1,4,20,16,31,89,10,43,105,6,0,0,1,1730
002999,367.75,23,0,2,11,12,8,92,35,22,141,2,2,1,3,1731
006008,367.75,30,2,3,21,38,34,29,69,53,101,8,0,0,1,1732
003645,367.5,11,2,0,1,0,18,175,6,14,181,2,0,0,1,1733
000517,367.25,23,0,3,5,1,32,103,31,35,130,4,0,0,1,1734
001560,367.25,26,3,3,27,32,21,63,19,46,95,7,0,0,1,1735
003932,367.25,17,0,3,29,23,8,116,13,47,131,5,0,0,1,1736
004549,367.25,29,1,11,27,41,19,35,23,56,70,7,0,2,2,1737
004963,367.25,18,14,2,6,22,50,70,47,28,129,2,10,0,2,1738
001207,367.0,7,7,4,7,14,9,108,110,24,219,0,4,2,2,1739
001076,366.75,15,0,1,3,1,12,150,23,28,164,2,0,0,1,1740
002037,366.75,7,1,0,3,2,19,186,23,20,200,2,0,0,1,1741
004173,366.75,11,0,0,3,2,40,153,53,45,175,3,1,0,2,1742
002681,366.5,22,3,0,1,1,61,89,62,56,121,5,1,0,2,1743
003827,366.5,6,1,0,3,3,19,196,12,19,199,2,0,0,1,1744
004113,366.5,5,0,1,4,6,32,203,8,16,205,3,0,0,1,1745
004966,366.5,34,2,3,18,13,26,17,60,52,82,6,0,0,1,1746
006649,366.5,19,3,6,25,26,25,68,60,61,120,6,1,0,2,1747
000601,366.25,4,0,0,0,4,24,209,17,17,213,2,0,0,1,1748
001684,366.25,7,0,0,1,0,24,185,35,33,195,2,0,0,1,1749
004215,366.25,18,0,0,2,0,108,135,25,26,154,6,4,0,2,1750
005052,366.25,28,0,3,11,14,8,76,25,49,94,4,0,0,1,1751
006623,366.25,21,4,3,10,6,36,86,35,31,128,3,3,1,3,1752
005616,366.0,33,0,5,10,8,8,48,28,39,85,4,0,0,1,1753
005790,366.0,5,0,0,7,8,20,185,36,35,198,2,0,1,2,1754
000246,365.75,22,5,8,12,22,11,82,13,36,106,5,0,0,1,1755
002509,365.75,26,0,5,12,9,12,83,19,44,101,4,0,0,1,1756
003275,365.75,19,2,0,4,1,38,129,15,27,142,4,0,0,1,1757
003402,365.75,5,1,0,3,0,15,201,5,10,205,1,1,0,2,1758
006395,365.75,20,4,1,5,26,16,102,35,9,158,0,8,1,2,1759
005555,365.5,9,0,0,3,0,12,171,34,38,179,1,0,1,2,1760
006959,365.5,21,2,1,13,13,14,97,38,39,133,4,0,0,1,1761
003655,365.25,16,1,0,3,1,27,133,43,21,175,3,0,0,1,1762
004720,365.25,25,0,3,10,18,32,89,17,24,120,3,4,1,3,1763
005140,365.25,20,2,4,16,20,18,101,21,48,116,5,0,0,1,1764
004576,365.0,8,0,0,0,0,24,190,16,19,195,2,0,0,1,1765
006815,364.75,7,0,5,9,7,4,177,13,25,186,2,0,0,1,1766
002137,364.5,19,1,1,11,29,3,119,22,40,133,4,0,0,1,1767
003769,364.5,6,0,0,1,1,8,200,12,14,205,1,0,0,1,1768
004246,364.5,33,0,4,26,45,36,13,68,70,74,9,0,0,1,1769
004895,364.5,26,2,0,9,5,6,20,156,27,186,3,0,0,1,1770
005484,364.5,15,0,0,1,0,16,159,10,16,169,2,0,0,1,1771
005486,364.5,26,2,8,29,25,6,28,68,71,90,6,0,0,1,1772
000025,364.25,19,3,1,11,13,41,109,23,37,129,5,0,1,2,1773
002645,364.25,22,2,0,2,0,22,115,17,30,128,3,0,0,1,1774
006469,364.25,26,0,12,20,18,4,52,35,40,105,5,0,0,1,1775
000790,364.0,34,0,1,5,4,4,63,12,35,80,3,0,0,1,1776
002586,364.0,25,4,3,14,6,20,71,22,27,112,4,0,1,2,1777
005019,364.0,23,1,13,24,20,15,42,64,65,102,6,0,0,1,1778
004433,363.75,20,0,8,24,28,8,90,17,48,111,5,1,0,2,1779
005949,363.75,26,0,0,2,0,76,74,69,54,117,6,1,0,2,1780
004321,363.5,15,2,4,21,20,26,105,42,35,154,2,7,0,2,1781
006190,363.5,9,5,0,3,4,11,166,8,9,182,0,2,2,2,1782
007006,363.5,11,1,0,5,4,19,161,22,27,173,2,0,1,2,1783
003265,363.25,20,1,1,10,17,31,114,23,28,141,5,0,0,1,1784
002442,363.0,24,0,3,12,9,0,96,16,37,114,3,0,0,1,1785
000453,362.75,22,0,0,7,7,36,97,49,35,140,4,0,1,2,1786
001463,362.75,26,0,0,2,0,36,106,9,29,114,4,0,0,1,1787
005765,362.5,23,1,1,4,0,35,103,28,40,120,4,0,0,1,1788
000659,362.25,8,0,0,2,2,12,184,15,21,188,1,0,1,2,1789
002971,362.0,20,0,0,5,11,12,126,18,32,137,3,0,0,1,1790
006444,362.0,18,17,1,6,19,27,49,66,25,132,1,9,0,2,1791
004752,361.75,22,1,10,26,26,19,66,25,55,95,6,1,0,2,1792
006267,361.75,13,0,0,3,0,16,163,13,20,172,2,0,0,1,1793
003554,361.5,33,1,0,3,0,147,23,94,46,108,11,1,0,2,1794
007364,361.5,29,2,9,19,27,26,1,106,57,109,7,0,0,1,1795
003033,361.25,26,1,0,2,0,59,84,39,29,123,5,1,0,2,1796
000031,361.0,13,0,5,14,32,0,131,34,44,153,4,0,0,1,1797
000122,361.0,7,1,1,3,1,11,173,32,19,198,1,0,1,2,1798
005466,361.0,34,0,5,25,24,24,23,32,62,57,7,0,0,1,1799
002820,360.75,15,0,4,11,2,0,138,11,32,147,2,0,0,1,1800
004811,360.75,30,1,8,16,38,19,41,27,44,79,6,0,2,2,1801
003763,360.25,15,7,6,11,8,9,84,53,26,150,1,4,1,3,1802
004430,360.25,27,8,1,16,24,4,25,73,43,107,5,0,0,1,1803
006369,360.25,15,0,1,8,8,8,147,5,24,152,2,0,1,2,1804
003088,360.0,0,0,0,0,0,16,227,10,10,227,1,0,0,1,1805
006185,360.0,13,2,0,11,8,6,146,10,27,155,2,1,0,2,1806
007299,360.0,18,6,6,28,28,10,81,14,51,102,6,0,0,1,1807
000242,359.75,32,0,3,4,5,4,57,31,32,95,3,0,0,1,1808
001187,359.75,29,0,6,21,24,16,51,25,47,85,6,0,0,1,1809
005068,359.75,8,3,1,1,2,1,179,5,14,183,1,0,0,1,1810
000035,359.5,22,2,1,11,6,22,77,54,40,127,3,1,1,3,1811
000053,359.5,29,1,3,19,29,15,43,50,52,93,6,0,0,1,1812
000175,359.5,17,4,0,11,12,4,91,74,38,159,3,0,0,1,1813
001337,359.5,22,0,5,28,37,4,89,4,55,93,6,0,0,1,1814
002814,359.5,16,0,2,3,3,8,135,30,35,151,2,0,0,1,1815
005136,359.5,22,0,3,26,29,0,93,8,45,107,5,0,0,1,1816
006002,359.5,26,1,4,7,7,35,54,76,57,111,5,0,0,1,1817
004188,359.25,20,0,3,19,22,24,103,15,27,133,4,0,3,2,1818
007287,359.25,0,0,0,0,0,16,213,37,37,213,1,0,0,1,1819
001573,359.0,32,3,3,32,29,13,10,48,56,72,7,0,0,1,1820
002540,358.75,33,2,7,11,25,34,16,59,41,87,7,0,0,1,1821
004206,358.75,24,5,3,25,28,27,13,117,64,123,7,0,0,1,1822
006964,358.75,19,3,2,3,0,21,118,15,22,138,3,0,0,1,1823
001858,358.25,23,0,9,24,24,16,64,35,74,81,6,0,0,1,1824
003856,358.0,15,0,0,8,5,12,142,16,28,153,2,0,1,2,1825
004907,358.0,8,1,0,0,0,7,185,10,22,182,1,0,0,1,1826
006686,357.75,19,4,1,3,9,12,111,25,30,133,3,0,0,1,1827
002690,357.5,16,1,2,8,2,35,75,120,49,173,2,2,2,3,1828
005034,357.25,25,0,8,18,9,4,56,47,51,103,4,0,0,1,1829
006301,357.25,24,3,0,17,19,41,78,21,37,106,6,1,0,2,1830
007233,357.25,28,3,0,36,48,45,39,29,56,79,10,0,0,1,1831
000076,357.0,14,9,4,8,18,19,68,96,7,192,0,8,1,2,1832
002948,357.0,26,2,6,10,26,26,70,20,48,86,6,0,0,1,1833
003300,357.0,25,1,0,4,3,15,46,120,59,137,3,0,0,1,1834
004303,357.0,19,1,1,11,9,23,118,14,31,133,4,0,0,1,1835
006052,357.0,25,2,8,25,22,22,7,112,68,111,6,1,0,2,1836
006364,357.0,12,1,0,4,0,7,151,26,19,175,1,1,0,2,1837
006767,356.75,12,4,1,14,13,4,137,15,38,145,3,0,0,1,1838
001046,356.5,17,8,1,7,27,36,84,56,16,157,1,10,0,2,1839
006829,356.5,13,0,4,5,6,4,156,0,28,150,2,0,0,1,1840
000194,356.25,16,2,5,6,1,10,125,9,22,141,2,1,0,2,1841
001134,356.25,24,1,1,14,9,15,83,25,39,109,3,0,2,2,1842
001443,356.25,30,0,2,20,20,8,44,43,50,89,5,0,0,1,1843
006196,356.25,14,0,0,6,8,28,142,27,30,159,3,0,1,2,1844
000356,356.0,26,0,1,31,30,8,62,26,49,97,6,0,0,1,1845
003322,356.0,8,0,0,0,0,24,181,22,26,185,2,0,0,1,1846
004846,356.0,36,1,4,11,5,7,26,26,49,55,4,0,0,1,1847
000551,355.75,18,2,1,2,3,54,123,23,15,154,5,0,0,1,1848
003914,355.75,16,0,1,3,0,28,135,29,17,167,3,0,0,1,1849
004738,355.75,13,3,0,3,0,13,146,19,23,161,2,0,0,1,1850
001012,355.5,27,0,3,33,29,4,43,42,61,87,6,0,0,1,1851
001180,355.5,28,5,7,28,45,55,23,28,57,62,9,3,0,2,1852
001892,355.5,0,0,0,0,0,32,222,14,14,222,2,0,0,1,1853
005077,355.5,14,0,0,2,0,40,137,44,37,160,3,1,0,2,1854
006470,355.5,28,1,3,9,0,23,31,98,42,128,4,0,0,1,1855
006614,355.5,15,0,0,0,1,16,142,34,28,163,2,0,0,1,1856
005158,355.25,14,0,0,2,0,32,160,3,18,161,3,0,0,1,1857
007163,355.25,35,0,3,23,31,36,13,47,44,77,8,0,0,1,1858
003977,355.0,3,2,1,0,0,26,186,40,20,212,2,0,0,1,1859
004481,355.0,28,0,7,15,14,48,50,38,49,89,7,0,0,1,1860
004705,355.0,4,0,0,0,0,12,207,6,9,208,1,0,0,1,1861
004850,355.0,10,2,0,11,11,38,114,90,62,165,2,3,2,3,1862
006633,355.0,19,0,1,6,2,4,95,74,47,148,2,0,0,1,1863
003103,354.75,28,5,1,25,26,19,2,99,43,117,6,0,1,2,1864
003325,354.75,29,2,2,13,12,22,44,51,44,97,5,0,0,1,1865
006246,354.75,27,0,1,30,22,0,42,57,48,109,5,0,0,1,1866
006529,354.75,0,0,0,0,0,16,213,31,31,213,1,0,0,1,1867
004777,354.5,26,3,0,7,3,41,60,60,34,122,5,0,0,1,1868
005514,354.5,32,0,5,25,14,4,13,62,45,92,5,0,0,1,1869
000644,354.25,17,2,0,5,2,14,128,13,26,139,2,1,0,2,1870
003588,354.25,23,4,0,7,10,20,97,7,24,114,4,0,0,1,1871
005086,354.25,21,9,5,8,30,39,59,41,23,120,2,10,0,2,1872
005181,354.25,7,0,0,1,0,8,185,19,19,193,1,0,0,1,1873
006576,354.25,19,0,3,19,7,16,91,47,61,118,4,0,0,1,1874
007028,354.25,29,1,1,15,23,11,52,41,50,89,5,0,0,1,1875
004526,354.0,22,1,4,7,11,19,50,114,31,167,4,0,0,1,1876
006937,354.0,26,0,2,5,27,20,38,114,21,164,1,8,0,2,1877
000048,353.75,9,2,0,4,7,10,141,63,13,206,0,3,1,2,1878
001776,353.75,19,3,0,9,24,17,111,13,29,126,1,7,0,2,1879
000485,353.5,22,0,3,11,16,12,96,24,45,111,4,0,0,1,1880
004480,353.5,11,1,0,1,0,19,160,24,25,172,2,0,0,1,1881
001741,353.25,29,5,7,30,22,35,11,41,65,58,8,0,0,1,1882
005885,353.25,16,1,6,21,17,19,95,43,52,130,5,0,0,1,1883
006475,353.25,17,10,4,11,32,30,65,51,19,139,1,10,1,3,1884
006167,353.0,32,0,1,9,6,16,64,6,31,81,4,0,0,1,1885
004585,352.75,22,0,2,6,2,0,84,61,44,131,2,0,0,1,1886
005064,352.75,19,2,2,7,12,30,74,83,34,153,3,2,1,3,1887
000305,352.5,21,0,1,9,1,48,102,32,34,131,5,0,0,1,1888
003165,352.5,11,2,0,5,0,14,160,8,17,169,2,0,0,1,1889
006483,352.5,33,0,5,19,19,4,27,34,52,66,5,0,0,1,1890
003778,352.25,23,0,4,22,31,0,80,19,42,106,5,0,0,1,1891
005459,352.0,19,0,0,3,2,40,131,8,21,140,4,0,0,1,1892
003313,351.5,20,1,0,10,14,19,111,12,27,127,3,0,2,2,1893
006468,351.5,33,1,2,15,10,19,13,74,56,82,5,0,0,1,1894
004168,351.25,2,4,0,2,0,8,196,11,18,197,1,0,0,1,1895
005230,351.25,4,0,0,0,0,4,201,13,17,201,0,1,0,1,1896
005630,351.25,25,0,6,12,13,24,65,41,30,119,5,0,0,1,1897
000754,351.0,22,5,4,9,25,23,64,46,36,114,5,0,1,2,1898
001015,351.0,27,1,7,25,29,23,13,84,67,90,6,2,0,2,1899
004164,351.0,19,2,1,12,24,30,105,18,40,117,4,0,3,2,1900
002804,350.75,8,0,0,6,2,16,172,21,29,178,2,0,0,1,1901
004456,350.75,6,1,0,2,0,7,176,33,24,194,1,0,0,1,1902
002405,350.5,23,2,5,29,39,38,37,66,69,93,7,3,0,2,1903
001867,350.25,30,0,2,34,34,12,41,13,54,66,7,0,0,1,1904
006856,350.25,27,0,0,8,1,12,82,19,32,104,3,0,0,1,1905
000984,350.0,8,0,0,0,0,8,179,18,23,182,1,0,0,1,1906
006836,350.0,26,0,2,14,2,20,61,50,42,111,4,0,0,1,1907
007359,350.0,1,3,0,7,8,37,178,46,39,196,3,0,1,2,1908
001978,349.75,19,0,1,4,0,40,105,51,55,125,4,0,0,1,1909
006515,349.75,23,1,1,15,13,11,86,23,45,104,4,0,0,1,1910
001848,349.5,27,1,3,16,18,23,63,16,34,92,5,1,0,2,1911
000403,349.25,25,2,2,16,25,10,69,25,53,86,5,0,0,1,1912
005008,349.25,24,1,8,28,28,23,41,49,52,99,7,0,0,1,1913
005153,349.0,28,0,0,4,0,32,68,44,25,119,4,0,0,1,1914
000803,348.75,18,1,0,3,3,15,124,15,24,137,2,0,1,2,1915
001133,348.0,22,1,1,9,4,11,88,38,51,108,3,0,0,1,1916
002393,348.0,20,5,1,3,8,19,87,44,19,141,0,7,0,1,1917
004061,348.0,11,2,8,7,2,2,133,20,37,144,2,0,0,1,1918
005638,348.0,0,0,0,0,0,16,193,62,43,212,1,0,0,1,1919
005659,347.75,35,0,4,8,9,8,33,23,39,64,4,0,0,1,1920
007187,347.75,0,4,0,0,0,12,205,11,16,204,1,0,0,1,1921
002787,347.5,28,1,8,14,10,27,47,20,49,69,5,1,0,2,1922
003873,347.5,16,0,0,0,0,16,145,8,20,149,2,0,0,1,1923
004082,347.5,27,2,12,24,17,30,25,36,55,71,7,0,0,1,1924
000939,347.25,27,0,2,6,5,8,62,51,52,96,3,0,0,1,1925
005101,347.25,10,1,2,1,3,15,157,23,28,166,2,0,0,1,1926
007098,347.25,15,3,0,3,2,25,121,39,36,145,3,0,0,1,1927
007329,347.25,27,3,3,19,11,17,43,39,50,84,5,0,0,1,1928
000943,347.0,22,6,2,11,1,14,53,60,38,116,3,0,1,2,1929
003146,347.0,32,1,8,18,22,15,7,54,57,63,5,2,0,2,1930
001263,346.75,12,3,2,9,1,29,125,33,41,143,3,1,0,2,1931
004792,346.75,22,0,3,10,1,12,87,35,34,123,3,0,0,1,1932
000399,346.5,0,0,0,0,0,16,220,6,6,220,1,0,0,1,1933
003255,346.5,27,0,5,4,8,4,65,36,41,96,3,0,0,1,1934
006803,346.5,3,3,0,1,0,9,191,14,18,194,1,0,0,1,1935
007279,346.5,12,0,0,2,2,16,158,14,22,164,2,0,0,1,1936
001148,346.25,10,3,0,2,0,57,140,43,35,163,4,1,0,2,1937
001289,346.25,10,0,1,6,7,32,148,35,32,168,3,0,1,2,1938
001952,346.25,17,0,1,4,2,8,122,31,42,133,2,0,0,1,1939
004905,346.25,20,0,0,16,24,20,108,11,34,121,5,0,0,1,1940
001125,346.0,24,2,5,19,12,34,8,134,56,136,6,0,0,1,1941
006561,346.0,14,1,0,0,2,15,136,36,41,146,2,0,0,1,1942
005664,345.75,27,0,1,15,21,32,54,51,50,98,6,0,0,1,1943
007132,345.75,25,2,3,29,35,58,37,49,61,84,9,0,1,2,1944
004472,345.5,31,0,2,15,16,24,39,34,41,80,5,1,0,2,1945
007396,345.5,24,1,7,15,18,31,56,44,59,88,6,0,0,1,1946
000151,345.25,14,0,1,12,5,16,137,1,22,143,2,1,1,3,1947
002565,345.25,13,8,4,11,20,64,94,33,20,143,3,6,3,3,1948
003688,345.0,21,0,2,6,3,8,82,64,23,152,0,5,0,1,1949
003723,345.0,6,0,0,2,0,0,171,42,35,186,0,1,0,1,1950
005040,345.0,26,0,4,23,19,16,60,14,39,88,5,1,0,2,1951
004553,344.75,31,0,8,24,33,40,10,49,52,70,8,1,0,2,1952
005819,344.5,28,6,8,17,19,18,12,52,43,80,6,0,0,1,1953
005923,344.5,16,0,3,8,1,20,118,30,38,137,3,0,0,1,1954
000745,344.25,32,2,2,12,10,38,36,27,46,65,6,0,0,1,1955
003881,344.25,27,0,0,3,2,32,80,25,33,102,4,0,0,1,1956
005786,344.25,15,0,2,10,5,0,123,29,45,134,2,0,0,1,1957
003352,344.0,21,1,4,14,9,15,91,14,24,121,4,0,0,1,1958
005188,344.0,17,1,5,16,18,7,101,18,37,121,3,0,2,2,1959
006578,344.0,15,2,4,13,32,6,85,72,10,181,0,8,1,2,1960
002636,343.75,13,4,0,6,5,12,133,11,22,145,2,1,0,2,1961
004423,343.75,13,0,0,7,4,24,119,69,29,179,3,0,0,1,1962
005337,343.75,6,2,0,2,0,22,145,79,54,180,2,0,0,1,1963
006048,343.75,23,1,7,26,12,27,66,9,40,92,6,0,0,1,1964
001203,343.5,17,0,3,23,25,4,99,22,41,123,4,0,1,2,1965
004330,343.5,11,1,1,7,9,27,124,56,31,169,2,2,1,3,1966
006737,343.5,9,1,2,1,0,43,165,6,20,164,3,0,1,2,1967
001707,343.25,2,1,2,1,3,15,193,15,16,198,1,0,1,2,1968
004209,343.25,26,0,6,10,14,8,67,21,41,89,4,0,0,1,1969
001986,343.0,28,3,3,20,13,29,45,18,40,77,6,0,0,1,1970
005287,343.0,17,2,8,18,29,22,58,80,57,126,5,2,0,2,1971
005619,343.0,19,1,3,4,2,11,79,74,37,143,2,1,0,2,1972
007205,343.0,14,1,0,2,0,15,130,40,26,161,2,0,0,1,1973
005859,342.75,18,0,1,4,1,8,130,1,25,129,2,0,0,1,1974
006725,342.75,16,1,6,24,46,3,104,5,44,112,6,0,0,1,1975
002585,342.5,4,0,0,7,13,0,189,6,16,190,1,0,1,2,1976
003179,342.5,21,2,0,5,2,10,77,62,41,126,2,0,1,2,1977
004142,342.25,28,6,2,4,22,34,16,91,6,141,0,12,0,1,1978
000050,342.0,17,5,4,11,20,7,105,0,31,111,4,0,0,1,1979
004928,342.0,24,12,4,10,14,32,2,96,6,142,0,12,0,1,1980
005650,342.0,4,1,0,0,0,11,175,46,26,200,1,0,0,1,1981
002606,341.75,27,1,3,10,16,23,37,75,72,81,5,0,0,1,1982
004725,341.75,15,1,1,3,1,27,127,29,30,146,3,0,0,1,1983
004042,341.25,0,0,0,0,0,32,212,15,16,211,2,0,0,1,1984
000436,341.0,27,2,5,31,49,38,30,26,57,64,8,3,0,2,1985
002839,341.0,25,0,3,23,29,40,1,140,67,125,7,1,0,2,1986
003470,341.0,10,2,1,5,0,30,116,86,74,146,3,0,0,1,1987
005240,341.0,19,0,0,4,9,8,115,18,25,131,2,0,1,2,1988
000767,340.75,11,1,0,1,0,3,161,5,15,164,1,0,0,1,1989
003003,340.75,8,1,0,0,0,23,172,13,20,174,2,0,0,1,1990
004172,340.75,13,0,2,11,6,0,142,3,24,147,2,0,0,1,1991
007326,340.75,15,0,0,6,7,12,126,29,33,143,2,0,1,2,1992
000457,340.5,6,0,0,2,4,20,175,28,32,179,2,0,0,1,1993
000920,340.5,24,0,5,17,18,0,72,16,43,91,4,0,0,1,1994
000949,340.5,9,0,1,4,2,0,167,8,13,176,1,0,0,1,1995
001206,340.25,19,2,5,12,24,2,75,53,57,109,4,0,0,1,1996
006126,340.25,21,1,0,19,24,15,90,17,49,99,5,0,0,1,1997
006785,340.25,13,1,1,10,12,35,85,105,33,182,2,3,2,3,1998
004385,340.0,25,0,1,5,1,32,83,24,29,109,4,0,0,1,1999
001154,339.75,19,1,1,4,0,23,112,17,25,129,3,0,0,1,2000
001959,339.75,30,0,8,28,22,40,10,49,62,63,8,0,0,1,2001
003601,339.75,20,2,0,0,0,26,111,15,18,130,3,0,0,1,2002
000966,339.5,32,0,6,15,55,28,7,70,5,125,0,17,0,1,2003
001419,339.5,17,4,2,7,22,20,45,134,29,180,1,7,0,2,2004
005703,339.5,11,0,0,0,1,20,135,64,45,165,2,0,0,1,2005
005229,339.25,26,4,6,11,5,92,17,87,56,95,9,0,0,1,2006
002153,339.0,24,1,1,31,36,51,39,56,66,86,8,0,2,2,2007
004298,339.0,22,1,0,5,1,35,94,26,23,125,4,0,0,1,2008
005571,339.0,18,2,2,15,9,42,66,74,56,121,3,3,2,3,2009
006333,338.75,26,1,1,6,7,23,75,15,27,97,3,0,2,2,2010
002071,338.5,9,5,1,3,7,31,120,68,6,200,0,7,0,1,2011
004581,338.5,7,0,0,1,0,24,182,4,8,186,2,0,0,1,2012
006954,338.5,14,1,1,8,1,23,94,90,70,138,3,0,0,1,2013
000854,338.25,13,1,0,4,3,11,144,11,14,159,2,0,0,1,2014
001844,338.25,24,0,7,13,8,28,78,1,30,93,5,0,0,1,2015
002260,338.25,27,0,5,13,11,24,59,19,43,80,5,0,0,1,2016
004620,338.25,18,0,9,17,20,0,79,39,53,109,4,0,0,1,2017
002728,338.0,7,0,0,13,12,8,167,4,29,162,2,1,0,2,2018
003859,338.0,27,1,0,10,11,31,68,20,30,96,5,0,0,1,2019
003172,337.75,22,1,5,17,20,39,49,65,54,105,6,1,0,2,2020
006117,337.75,19,0,10,28,35,4,75,11,45,98,6,0,0,1,2021
001527,337.25,8,0,0,0,0,24,164,31,24,179,2,0,0,1,2022
003478,337.25,26,1,2,30,30,15,22,67,63,85,6,0,1,2,2023
004528,337.25,26,0,2,0,0,20,71,41,35,105,3,0,0,1,2024
004435,337.0,28,6,0,3,1,26,39,48,34,90,4,0,0,1,2025
004440,337.0,19,0,6,17,38,0,89,20,52,99,5,0,0,1,2026
003502,336.75,23,5,7,12,58,23,32,69,15,133,0,16,0,1,2027
005156,336.75,27,0,5,28,28,8,33,39,49,83,6,0,0,1,2028
006070,336.75,7,6,5,3,25,26,120,51,19,173,1,4,3,3,2029
000448,336.5,24,3,3,7,2,33,47,58,47,95,2,2,3,3,2030
002392,336.5,29,0,1,25,25,16,32,44,55,76,6,0,0,1,2031
001602,336.25,26,4,2,8,4,68,29,81,48,102,7,0,0,1,2032
003052,336.25,22,0,0,2,0,40,100,23,31,116,4,0,0,1,2033
004353,336.25,28,0,0,7,5,8,48,61,50,94,3,0,0,1,2034
004935,336.25,31,0,5,26,30,4,6,59,45,82,6,0,0,1,2035
001086,336.0,23,6,0,16,29,14,42,56,59,84,5,0,1,2,2036
004825,335.75,16,2,3,3,10,38,69,113,17,189,0,9,0,1,2037
001617,335.5,10,0,0,2,0,4,167,0,9,170,1,0,0,1,2038
001888,335.5,9,0,0,7,8,16,160,8,15,169,2,0,1,2,2039
003318,335.5,4,0,0,3,1,8,170,48,18,207,1,0,0,1,2040
001645,335.25,15,0,2,17,30,0,113,23,45,125,4,0,0,1,2041
001977,335.25,19,4,2,20,15,20,73,33,43,108,5,0,0,1,2042
004284,335.25,24,0,0,8,4,12,91,9,28,104,3,0,0,1,2043
002917,335.0,3,5,5,1,7,11,156,30,16,184,0,2,2,2,2044
003308,335.0,25,5,3,22,22,3,42,24,57,64,5,0,0,1,2045
003814,335.0,11,0,0,5,0,0,148,22,18,168,1,0,0,1,2046
006391,335.0,32,0,3,22,19,20,9,58,45,79,6,0,0,1,2047
004311,334.75,26,1,4,28,18,35,22,65,80,66,7,0,0,1,2048
003668,334.5,7,3,1,10,6,29,137,36,27,167,2,2,1,3,2049
004111,334.25,10,0,0,6,4,4,154,11,26,155,1,1,0,2,2050
000354,334.0,22,4,4,12,22,24,47,58,50,97,5,0,1,2,2051
004132,334.0,7,0,0,0,1,40,171,22,18,182,3,0,0,1,2052
002806,333.75,28,1,1,11,0,39,48,39,45,83,5,0,0,1,2053
004003,333.75,0,0,0,0,0,32,205,19,19,205,2,0,0,1,2054
001822,333.5,12,1,2,5,5,15,126,40,14,172,0,5,0,1,2055
000699,333.25,4,0,1,6,5,0,181,13,23,182,1,0,0,1,2056
006534,333.0,18,1,1,13,4,35,101,16,38,112,4,1,0,2,2057
007439,332.75,8,0,0,1,3,4,173,5,14,173,1,0,0,1,2058
006036,332.5,22,0,1,5,0,20,86,36,28,122,3,0,0,1,2059
007401,332.5,20,1,2,21,33,19,86,12,37,105,6,0,0,1,2060
000625,332.25,20,5,1,6,13,35,50,91,6,167,0,10,0,1,2061
000838,332.0,11,0,1,4,0,0,150,12,22,156,1,0,0,1,2062
007407,332.0,20,4,3,12,17,8,57,58,41,113,3,0,2,2,2063
000778,331.75,22,0,4,28,30,12,69,11,45,89,6,0,0,1,2064
005444,331.75,16,3,0,6,2,21,121,3,25,124,3,0,0,1,2065
002977,331.5,27,0,0,5,0,0,51,62,40,105,2,0,0,1,2066
001075,331.25,8,0,0,0,0,24,167,17,17,175,2,0,0,1,2067
006165,330.75,4,1,0,0,0,43,181,19,21,184,3,0,0,1,2068
002574,330.5,2,1,1,6,7,23,181,16,24,183,2,0,1,2,2069
000536,330.25,9,3,0,1,2,25,153,7,16,157,2,0,1,2,2070
001577,330.25,10,0,0,0,2,36,163,5,11,167,3,0,0,1,2071
003517,330.25,19,0,2,15,8,20,95,19,38,112,4,0,0,1,2072
006388,330.25,19,0,2,20,23,0,89,21,47,104,4,0,0,1,2073
001536,330.0,24,0,1,4,3,16,76,36,38,103,3,0,0,1,2074
006659,330.0,14,0,3,11,20,8,121,12,34,127,3,0,1,2,2075
003464,329.75,16,8,15,13,48,20,34,67,6,147,0,15,0,1,2076
004388,329.75,19,0,10,26,29,4,58,33,46,100,5,1,0,2,2077
007083,329.75,14,0,0,4,6,8,126,33,40,137,2,0,0,1,2078
007164,329.75,17,0,0,2,1,12,107,47,45,128,2,0,0,1,2079
001525,329.5,1,0,0,0,3,12,198,18,15,202,0,2,0,1,2080
005249,329.5,25,0,2,1,0,4,86,8,19,103,2,0,0,1,2081
001372,329.25,21,1,2,9,8,31,66,57,40,116,4,0,1,2,2082
001590,329.25,25,1,8,21,30,11,26,57,42,96,6,0,0,1,2083
007138,329.25,12,0,3,29,36,0,111,19,45,129,5,0,0,1,2084
003630,329.0,8,0,0,0,0,8,169,10,16,171,1,0,0,1,2085
004475,329.0,15,1,5,5,7,31,104,38,47,121,4,0,0,1,2086
005938,329.0,5,0,0,4,3,4,179,10,19,179,1,0,0,1,2087
000247,328.75,4,0,0,0,0,12,185,15,15,189,1,0,0,1,2088
003094,328.75,29,1,4,13,30,35,32,39,55,63,7,0,0,1,2089
007283,328.75,22,0,2,26,34,12,77,3,47,83,6,0,0,1,2090
001705,328.5,30,3,3,8,11,41,27,40,57,54,6,0,0,1,2091
004307,328.5,27,0,1,19,21,12,42,44,49,84,5,0,0,1,2092
004611,328.5,9,0,0,1,2,4,157,22,12,177,1,0,0,1,2093
006658,328.5,24,0,2,13,9,0,75,14,38,90,3,0,0,1,2094
005856,328.25,5,0,0,3,0,0,178,13,14,185,0,1,0,1,2095
001937,328.0,20,1,10,22,32,27,49,46,77,71,7,0,0,1,2096
002013,327.75,7,1,0,3,2,3,157,29,35,162,1,0,0,1,2097
002506,327.75,4,1,1,8,3,15,164,29,37,170,2,0,0,1,2098
006088,327.75,16,0,3,6,23,24,56,125,18,188,1,6,1,3,2099
002251,327.5,5,0,0,6,5,0,176,10,15,182,1,0,0,1,2100
002372,327.5,30,1,1,13,8,11,12,80,39,98,4,0,0,1,2101
006114,327.5,19,2,1,9,11,38,94,20,35,110,5,0,0,1,2102
006636,327.5,3,1,0,1,0,11,169,46,36,184,1,0,0,1,2103
004205,327.25,30,2,4,9,9,10,20,53,56,62,4,0,0,1,2104
005090,327.25,22,0,6,26,26,16,47,45,57,89,6,0,0,1,2105
000873,327.0,0,0,0,0,0,16,204,12,12,204,1,0,0,1,2106
001101,327.0,8,12,4,9,39,24,30,166,16,213,1,10,0,2,2107
002017,327.0,10,8,1,4,1,16,122,12,29,128,2,0,1,2,2108
001395,326.75,5,0,0,2,5,4,180,9,16,180,1,0,0,1,2109
002366,326.75,23,0,1,14,18,8,68,37,45,98,4,0,0,1,2110
001800,326.5,7,0,1,11,9,4,159,10,25,163,2,0,0,1,2111
002306,326.5,29,4,1,11,11,8,19,58,38,84,4,0,0,1,2112
003716,326.5,23,1,0,4,1,19,80,30,41,97,3,0,0,1,2113
004131,326.5,19,0,0,0,1,12,91,60,54,116,2,0,0,1,2114
006647,326.5,23,2,7,15,3,22,52,24,34,89,4,0,1,2,2115
005999,326.25,26,2,8,17,25,34,8,81,58,84,7,0,0,1,2116
004529,326.0,6,2,3,9,10,10,153,8,28,153,2,1,0,2,2117
007319,325.5,11,6,7,3,19,18,59,118,30,174,1,6,0,2,2118
002423,325.25,20,3,1,8,15,1,10,171,59,154,3,0,0,1,2119
004407,325.25,11,0,0,4,1,16,147,13,18,157,2,0,0,1,2120
002584,325.0,16,0,4,9,3,0,99,36,51,113,2,0,0,1,2121
005986,325.0,29,1,1,9,5,19,44,30,37,77,4,0,0,1,2122
002043,324.75,31,1,0,8,5,3,44,17,33,68,3,0,0,1,2123
006906,324.75,21,0,0,3,0,8,95,25,37,107,2,0,0,1,2124
007235,324.75,0,0,0,0,0,32,196,25,22,199,2,0,0,1,2125
003010,324.5,22,2,3,16,19,2,77,0,36,84,4,0,0,1,2126
006370,324.5,32,0,4,17,27,16,19,30,53,49,6,0,0,1,2127
001893,324.25,25,3,2,11,14,57,52,29,55,67,7,0,0,1,2128
003150,324.25,14,1,7,10,13,3,82,67,62,119,3,0,0,1,2129
005841,324.25,4,0,0,0,0,12,179,21,21,183,1,0,0,1,2130
007229,324.25,15,0,1,7,5,12,114,25,37,125,2,0,1,2,2131
005975,324.0,6,0,3,17,22,0,149,16,35,156,3,0,0,1,2132
003557,323.75,11,0,1,8,8,4,116,61,43,154,2,0,0,1,2133
006427,323.75,7,15,5,4,32,25,103,11,18,127,1,9,0,2,2134
004160,323.5,18,2,2,14,26,34,88,22,45,101,6,0,0,1,2135
000270,323.25,27,0,0,1,0,20,45,71,50,94,3,0,0,1,2136
007381,323.25,0,0,0,0,0,16,202,11,13,200,1,0,0,1,2137
004530,323.0,15,1,0,1,0,47,123,20,19,141,4,0,0,1,2138
005531,323.0,23,0,1,16,8,0,71,22,28,105,3,0,0,1,2139
006866,322.75,11,1,12,30,31,11,78,41,57,116,6,0,0,1,2140
000493,322.5,25,1,5,12,10,11,24,82,48,101,4,0,0,1,2141
003428,322.5,12,0,0,3,1,16,133,30,25,153,2,0,0,1,2142
004843,322.5,30,0,4,14,24,8,35,20,36,67,5,0,0,1,2143
007347,322.5,14,1,0,2,0,39,119,24,32,128,2,2,1,3,2144
001682,322.25,16,0,2,20,22,4,80,51,53,116,3,2,0,2,2145
001942,322.25,27,1,5,14,10,7,42,23,42,70,4,0,0,1,2146
002796,322.25,19,2,1,8,12,6,92,19,40,101,3,0,0,1,2147
007176,322.25,26,0,2,3,1,16,66,25,32,90,3,0,0,1,2148
002121,322.0,10,0,0,1,1,4,145,28,15,169,1,0,0,1,2149
004835,321.75,11,0,1,5,3,4,142,7,15,151,1,0,1,2,2150
000336,321.5,15,5,3,7,35,47,33,142,31,174,2,10,0,2,2151
004598,321.5,23,0,4,15,14,24,50,52,53,91,5,0,0,1,2152
007405,321.5,17,0,2,8,1,20,100,30,38,119,3,0,0,1,2153
002327,321.25,20,2,3,1,4,10,93,7,19,107,1,3,0,2,2154
005065,321.25,10,1,3,10,13,11,92,91,46,161,1,4,0,2,2155
006758,321.25,25,0,0,19,28,8,65,11,31,89,5,0,0,1,2156
005460,321.0,13,1,0,2,1,15,123,34,21,152,2,0,0,1,2157
006182,321.0,16,1,0,4,0,27,104,40,42,123,3,0,0,1,2158
000182,320.75,8,0,1,7,12,4,151,17,26,158,2,0,0,1,2159
002483,320.75,11,0,0,4,1,0,131,39,24,161,1,0,0,1,2160
003506,320.75,28,2,6,18,12,14,20,37,46,65,5,0,0,1,2161
005360,320.75,20,1,6,24,18,51,12,117,57,123,7,1,0,2,2162
001269,320.5,10,0,0,6,4,12,141,24,27,154,2,0,0,1,2163
002827,320.5,28,0,4,8,8,16,45,28,32,81,4,0,0,1,2164
002890,320.5,31,0,4,13,12,4,20,40,39,69,4,0,0,1,2165
003519,320.5,9,2,0,2,1,50,141,28,19,163,4,0,0,1,2166
002963,320.25,25,4,7,10,22,28,18,67,42,89,6,0,0,1,2167
003712,320.25,8,2,1,7,4,10,148,9,25,150,2,0,0,1,2168
002107,320.0,23,0,13,26,38,60,9,74,58,87,10,0,0,1,2169
003042,320.0,22,1,1,10,3,35,66,32,37,95,3,2,1,3,2170
004862,320.0,17,4,2,3,2,52,60,86,52,120,4,2,0,2,2171
006723,320.0,17,0,2,7,6,32,102,26,39,115,4,0,0,1,2172
000391,319.75,14,1,3,7,4,3,109,29,41,122,2,0,0,1,2173
002397,319.75,25,0,6,8,5,20,45,47,47,84,4,0,0,1,2174
006041,319.75,31,0,3,12,14,20,18,49,42,71,5,0,0,1,2175
006339,319.5,3,4,2,2,1,12,147,44,13,189,1,0,1,2,2176
004562,319.25,10,5,2,3,1,27,117,35,14,158,0,6,0,1,2177
006882,319.25,29,1,2,11,10,19,28,41,40,72,4,0,1,2,2178
000706,319.0,22,0,1,10,11,4,59,62,43,111,3,0,0,1,2179
004089,319.0,10,0,1,5,4,12,140,22,28,150,2,0,0,1,2180
005921,319.0,16,0,3,1,0,12,114,18,26,126,2,0,0,1,2181
003419,318.75,12,0,0,2,2,16,137,19,27,143,2,0,0,1,2182
005827,318.75,27,0,1,4,4,12,50,45,45,82,3,0,0,1,2183
005829,318.75,22,2,1,24,9,30,47,39,55,80,5,1,0,2,2184
000360,318.5,14,1,4,3,7,11,120,4,18,128,2,0,1,2,2185
003118,318.5,14,1,0,1,1,95,117,30,33,130,5,4,0,2,2186
006324,318.5,24,4,5,13,26,8,37,38,62,59,5,0,0,1,2187
000040,318.25,13,1,0,3,0,7,122,25,22,142,1,1,0,2,2188
006837,318.0,26,0,7,6,5,4,32,56,35,92,2,0,2,2,2189
007398,318.0,11,6,5,20,20,10,93,14,32,117,4,0,1,2,2190
000478,317.75,18,1,1,5,4,35,102,15,30,112,4,0,0,1,2191
004979,317.75,16,5,1,21,18,19,74,31,41,107,5,0,0,1,2192
006046,317.75,15,1,0,1,0,31,118,23,29,129,3,0,0,1,2193
006734,317.75,17,1,0,9,18,27,100,19,29,117,3,0,3,2,2194
005054,317.5,19,1,1,19,33,15,68,40,53,95,5,0,1,2,2195
005467,317.5,14,5,1,14,11,11,76,54,45,119,1,5,0,2,2196
005745,317.5,10,0,1,2,3,0,143,20,25,151,1,0,0,1,2197
001732,317.25,15,0,0,1,0,0,125,15,23,133,1,0,0,1,2198
006087,317.25,8,0,1,12,11,8,121,57,19,180,1,3,0,2,2199
000491,317.0,25,2,2,10,15,26,34,64,63,74,5,0,0,1,2200
002422,317.0,28,3,4,19,13,37,16,34,49,55,6,0,1,2,2201
000533,316.5,9,0,0,2,1,4,147,24,23,159,1,0,0,1,2202
001675,316.5,6,3,0,2,0,5,154,18,18,165,1,0,0,1,2203
003443,316.5,30,0,4,21,17,24,1,66,55,67,6,0,0,1,2204
006425,316.5,15,0,2,8,15,8,115,12,25,127,3,0,0,1,2205
000850,316.25,32,0,3,4,1,24,25,37,39,62,4,0,0,1,2206
001152,316.25,11,0,0,1,0,36,143,15,19,151,3,0,0,1,2207
002892,316.0,11,11,3,12,42,17,87,14,17,121,1,10,0,2,2208
006266,316.0,28,0,6,26,32,4,8,52,53,67,6,0,0,1,2209
007383,316.0,29,1,5,24,34,3,21,18,47,51,6,0,0,1,2210
000293,315.75,14,2,1,12,17,2,94,45,33,135,3,0,0,1,2211
002572,315.75,31,1,2,10,9,27,26,29,34,65,5,0,0,1,2212
004248,315.75,30,0,3,8,3,20,39,19,23,76,4,0,0,1,2213
002552,315.5,29,0,3,12,4,16,6,86,48,88,4,0,0,1,2214
003631,315.5,5,0,0,2,1,8,169,16,19,173,1,0,0,1,2215
004117,315.5,17,1,2,1,0,19,98,28,19,128,2,0,1,2,2216
006997,315.5,18,0,2,4,0,40,67,76,56,111,3,1,1,3,2217
002382,315.25,17,1,2,13,16,15,91,23,29,118,4,0,0,1,2218
005375,315.0,18,0,0,4,2,8,79,70,44,127,2,0,0,1,2219
005876,315.0,17,1,0,14,13,35,92,16,31,109,4,1,1,3,2220
002543,314.5,31,0,6,13,18,12,4,56,36,74,5,0,0,1,2221
001662,314.25,26,0,4,23,27,8,36,21,40,70,5,1,0,2,2222
003679,314.25,18,0,0,2,0,12,85,61,39,127,2,0,0,1,2223
004599,314.25,25,1,1,6,4,27,38,71,68,74,4,0,0,1,2224
007247,314.25,16,1,1,5,2,23,98,37,41,117,3,0,0,1,2225
005635,313.75,20,1,3,6,3,47,90,5,25,100,5,0,0,1,2226
004875,313.5,30,0,5,8,5,0,33,20,35,61,3,0,0,1,2227
001415,313.25,20,0,8,21,39,8,16,109,64,110,6,0,0,1,2228
002955,313.25,11,0,4,16,17,0,111,29,41,130,3,0,0,1,2229
003528,313.25,21,1,1,11,7,23,71,31,38,98,4,0,0,1,2230
001339,313.0,10,0,1,10,11,0,139,6,29,137,2,0,0,1,2231
004157,313.0,25,0,6,13,20,16,52,14,36,74,5,0,0,1,2232
003489,312.75,6,5,1,14,23,39,122,25,34,139,2,5,2,3,2233
003397,312.5,9,1,0,3,0,19,142,20,21,154,2,0,0,1,2234
001097,312.25,34,0,0,25,21,0,13,7,45,34,5,0,0,1,2235
003826,312.25,19,1,3,2,4,27,60,75,12,148,1,5,0,2,2236
006771,312.25,15,0,0,3,2,12,104,41,24,139,1,0,2,2,2237
000143,312.0,7,1,0,1,0,39,145,36,28,162,3,0,0,1,2238
000521,312.0,19,1,0,12,5,27,70,52,47,107,4,0,0,1,2239
005972,312.0,12,0,1,1,2,48,132,18,27,137,4,0,0,1,2240
006042,312.0,9,0,4,5,2,12,141,8,16,151,2,0,0,1,2241
000329,311.75,11,4,0,0,1,24,103,59,30,147,2,1,0,2,2242
002414,311.75,21,4,12,25,34,64,11,57,63,67,10,0,0,1,2243
002878,311.75,26,0,4,11,23,0,41,37,48,71,4,0,0,1,2244
003135,311.75,29,1,2,11,18,19,25,37,27,78,4,0,2,2,2245
003762,311.75,2,0,0,2,4,0,176,25,28,177,0,1,0,1,2246
004064,311.5,25,0,0,4,3,16,50,58,50,87,3,0,0,1,2247
007225,311.5,19,0,2,21,26,12,79,14,47,88,5,0,0,1,2248
001149,311.25,3,4,0,3,6,8,161,11,3,179,0,1,2,2,2249
001318,311.25,16,1,1,4,3,7,86,59,43,124,2,0,0,1,2250
003395,311.25,20,2,3,13,8,18,65,31,40,94,4,0,0,1,2251
004699,311.25,0,0,0,0,0,16,195,9,10,194,1,0,0,1,2252
006858,311.25,22,1,1,9,8,23,70,25,32,96,4,0,0,1,2253
001890,311.0,11,0,0,0,1,20,138,20,20,149,2,0,0,1,2254
002794,311.0,22,2,2,5,3,78,60,42,25,108,7,0,0,1,2255
007395,311.0,7,0,7,8,14,4,141,2,22,143,2,1,0,2,2256
003996,310.75,10,0,5,10,19,4,124,17,33,133,3,0,0,1,2257
004190,310.75,16,0,6,14,12,32,89,19,39,105,5,0,0,1,2258
004293,310.75,19,0,6,13,10,0,78,15,37,94,3,0,0,1,2259
005038,310.75,27,2,4,16,17,30,31,23,35,68,6,0,0,1,2260
000468,310.5,23,0,4,7,2,36,61,26,24,97,4,0,1,2,2261
004776,310.25,15,1,4,1,0,11,106,21,26,122,2,0,0,1,2262
005161,310.25,20,3,1,18,13,25,65,21,41,87,5,0,0,1,2263
002564,310.0,10,1,2,9,7,11,132,2,19,137,2,1,0,2,2264
004191,310.0,4,0,0,0,0,12,169,22,19,176,1,0,0,1,2265
003005,309.75,15,3,0,8,1,21,106,9,19,122,3,0,0,1,2266
002002,309.5,15,4,0,16,17,12,88,22,46,99,4,0,0,1,2267
002042,309.5,9,13,1,5,5,39,84,44,11,145,0,9,0,1,2268
006768,309.5,13,3,1,9,21,17,97,34,24,133,1,6,0,2,2269
001726,309.0,18,0,1,5,4,4,78,58,59,101,2,0,0,1,2270
002462,309.0,24,0,1,26,33,12,43,30,56,68,6,0,0,1,2271
003496,308.75,6,1,0,1,1,7,154,23,24,161,1,0,0,1,2272
007300,308.75,2,0,0,1,1,4,185,5,11,182,0,1,0,1,2273
003490,308.5,14,0,8,4,10,44,102,10,24,114,4,1,1,3,2274
003702,308.5,7,0,2,3,4,16,148,20,28,152,2,0,0,1,2275
004888,308.25,12,0,0,7,13,16,126,17,28,134,3,0,0,1,2276
003412,308.0,4,2,0,0,0,10,157,30,21,172,1,0,0,1,2277
003422,308.0,8,1,0,0,0,47,129,50,34,154,3,0,1,2,2278
002801,307.75,25,0,1,8,6,8,30,81,44,101,3,0,0,1,2279
005133,307.75,16,2,0,11,5,38,53,93,51,124,2,3,2,3,2280
000878,307.25,11,0,0,1,0,4,137,15,14,150,1,0,0,1,2281
004756,307.25,30,1,4,11,11,39,0,69,41,74,6,0,0,1,2282
006611,307.25,19,3,4,26,27,33,45,33,53,77,6,0,2,2,2283
001526,307.0,22,0,0,4,2,4,83,14,21,102,2,0,0,1,2284
001818,307.0,20,4,0,0,0,40,74,32,33,97,4,0,0,1,2285
004350,307.0,14,8,0,14,20,32,64,48,51,97,5,0,1,2,2286
001111,306.75,2,0,2,3,1,16,165,25,22,175,1,0,1,2,2287
002432,306.75,6,0,0,5,1,20,158,11,20,160,2,0,0,1,2288
003181,306.75,12,0,1,3,4,28,116,39,47,124,3,0,0,1,2289
003222,306.75,11,0,0,5,0,8,129,17,22,140,1,0,1,2,2290
003883,306.75,22,1,0,2,0,39,67,43,48,87,4,0,0,1,2291
007442,306.75,15,0,7,21,37,0,72,39,45,109,5,0,0,1,2292
000953,306.5,23,0,0,12,5,24,24,106,53,112,4,0,0,1,2293
001193,306.5,15,5,0,6,7,15,39,124,30,159,1,4,0,2,2294
003764,306.5,29,0,3,15,13,4,8,64,33,86,4,0,0,1,2295
005590,306.5,17,0,3,13,15,0,94,8,35,100,3,0,0,1,2296
001265,306.25,13,0,0,6,5,8,121,17,20,137,2,0,0,1,2297
001296,306.25,11,1,0,1,0,35,118,45,37,139,3,0,0,1,2298
004128,306.25,20,4,0,12,20,24,74,7,35,82,5,0,0,1,2299
006058,306.25,19,0,3,9,9,8,71,43,34,111,3,0,0,1,2300
007053,306.25,22,4,3,20,23,8,41,21,46,65,4,0,2,2,2301
005385,306.0,19,1,3,9,9,7,78,22,33,99,3,0,0,1,2302
002789,305.5,31,0,2,8,19,20,30,18,29,60,5,0,0,1,2303
001966,305.25,15,0,4,15,10,4,83,39,47,109,3,0,0,1,2304
004107,305.0,22,2,3,8,7,6,58,28,42,79,3,0,0,1,2305
007059,305.0,18,1,5,15,14,11,62,42,52,91,4,0,0,1,2306
000268,304.75,11,5,3,5,5,11,109,9,19,123,2,0,1,2,2307
005596,304.75,13,0,1,6,4,24,120,13,26,127,3,0,0,1,2308
006130,304.75,13,1,4,8,27,11,64,97,18,169,0,7,1,2,2309
000237,304.5,9,0,0,1,2,20,147,10,13,154,2,0,0,1,2310
001439,304.5,5,0,1,0,6,28,152,30,27,161,2,0,1,2,2311
002284,304.0,4,0,0,0,0,12,168,16,14,174,1,0,0,1,2312
004108,304.0,25,0,0,4,3,16,18,112,48,111,3,0,0,1,2313
004129,304.0,8,1,0,2,2,19,143,18,23,149,2,0,0,1,2314
001216,303.75,14,0,0,3,7,16,103,41,36,125,2,0,1,2,2315
002755,303.75,2,6,2,1,3,10,156,3,8,162,1,0,1,2,2316
002292,303.5,13,2,0,0,3,30,87,80,55,127,3,0,0,1,2317
002049,303.25,19,1,2,23,8,19,53,39,38,99,4,0,1,2,2318
003073,303.25,10,0,3,3,8,8,134,9,23,136,2,0,0,1,2319
003393,303.25,11,2,4,10,11,10,67,97,36,155,0,4,2,2,2320
003879,303.25,21,2,0,16,7,18,47,53,51,88,4,0,0,1,2321
004418,303.25,31,0,3,12,18,32,21,21,36,52,6,0,0,1,2322
007413,303.25,22,0,0,6,4,0,78,15,30,91,2,0,0,1,2323
000027,303.0,0,0,0,0,0,16,189,10,8,191,1,0,0,1,2324
002930,303.0,15,0,8,4,5,0,91,26,38,106,2,0,0,1,2325
005763,303.0,17,0,0,7,8,8,92,26,20,122,2,0,1,2,2326
000541,302.75,14,0,0,26,36,4,86,33,38,121,5,0,0,1,2327
006027,302.75,21,2,8,26,29,26,39,11,43,64,6,0,2,2,2328
001666,302.5,23,1,0,13,16,11,58,24,41,78,4,0,0,1,2329
006962,302.5,6,3,0,1,5,17,143,18,21,150,1,0,2,2,2330
000345,302.25,21,0,3,12,8,36,57,41,41,93,5,0,0,1,2331
000347,302.25,16,2,0,4,0,10,82,47,38,113,1,0,2,2,2332
005707,302.25,17,2,4,14,17,26,65,41,51,92,5,0,0,1,2333
001332,302.0,26,0,1,7,2,44,47,32,45,68,5,0,0,1,2334
004688,302.0,17,0,0,12,15,4,88,28,36,109,3,0,0,1,2335
005551,301.75,9,0,2,2,3,8,141,3,15,142,1,1,0,2,2336
005685,301.75,26,1,6,5,7,19,37,29,43,61,4,0,0,1,2337
004680,301.5,15,0,0,5,0,28,105,26,25,126,3,0,0,1,2338
001719,301.25,9,1,0,1,2,3,128,37,33,143,1,0,0,1,2339
003011,301.25,13,0,0,6,9,12,121,5,21,124,2,1,0,2,2340
001107,301.0,20,1,0,15,21,7,37,88,39,122,4,0,0,1,2341
005610,301.0,23,1,5,22,30,15,24,52,53,74,6,0,0,1,2342
007010,301.0,22,0,2,17,15,8,48,42,43,88,4,0,0,1,2343
005476,300.5,20,0,0,3,1,24,86,20,29,100,3,0,0,1,2344
005544,300.5,19,3,0,1,0,65,58,64,32,113,5,1,0,2,2345
006751,300.5,16,5,2,16,18,23,55,52,37,109,5,0,0,1,2346
002521,300.25,7,3,0,5,0,17,141,7,13,150,2,0,0,1,2347
004721,300.25,25,0,5,15,19,0,24,53,44,78,4,0,0,1,2348
002272,300.0,18,0,6,24,24,24,59,26,45,88,6,0,0,1,2349
004814,300.0,20,3,7,21,32,45,30,42,42,81,7,0,2,2,2350
002319,299.75,14,0,0,6,4,24,114,13,21,126,3,0,0,1,2351
002919,299.5,16,0,1,1,2,12,90,48,47,109,2,0,0,1,2352
006818,299.5,12,3,6,4,6,1,86,42,34,119,1,2,0,2,2353
001615,299.25,6,0,0,4,2,4,151,17,22,156,1,0,0,1,2354
004162,299.25,24,0,6,10,20,4,41,33,47,67,4,0,0,1,2355
001771,299.0,21,4,4,26,21,20,30,32,51,66,6,0,0,1,2356
005127,299.0,29,0,4,18,21,8,9,42,39,63,5,0,0,1,2357
003408,298.75,22,0,3,14,17,8,57,23,44,75,4,0,0,1,2358
001006,298.5,12,0,0,2,2,0,107,52,26,147,1,0,0,1,2359
004434,298.5,21,0,5,14,16,8,60,18,37,81,4,0,0,1,2360
005037,298.25,19,0,4,7,6,4,75,19,19,105,1,3,0,2,2361
002786,298.0,19,0,4,23,42,8,50,42,54,84,6,0,0,1,2362
006816,298.0,10,0,0,2,0,4,138,8,13,145,1,0,0,1,2363
003483,297.75,9,0,3,16,20,0,115,23,41,125,3,0,0,1,2364
007262,297.75,12,0,0,0,4,0,123,23,19,139,1,0,0,1,2365
004494,297.5,13,2,0,3,0,30,107,26,19,132,3,0,0,1,2366
000308,297.25,23,0,0,3,2,28,56,37,27,92,2,2,1,3,2367
001257,297.0,6,0,0,1,1,40,149,24,24,156,3,0,0,1,2368
001704,297.0,0,0,0,0,0,16,167,46,12,201,1,0,0,1,2369
004241,297.0,6,0,4,25,13,16,95,68,54,144,4,0,0,1,2370
006074,297.0,24,0,1,8,11,20,35,66,50,84,4,0,0,1,2371
001693,296.75,18,2,2,11,33,46,39,85,32,125,2,10,0,2,2372
000473,296.25,12,0,0,4,0,0,120,19,22,133,1,0,0,1,2373
004531,296.25,3,0,4,13,12,0,149,11,30,150,2,0,0,1,2374
006759,296.25,3,0,0,0,1,12,150,51,51,153,1,0,0,1,2375
006694,296.0,11,0,4,22,27,0,91,34,48,114,4,0,0,1,2376
003126,295.75,10,1,1,4,1,23,126,9,21,130,2,0,1,2,2377
004083,295.5,18,3,0,4,2,37,89,4,18,100,4,0,0,1,2378
001627,295.25,13,0,1,2,4,20,118,7,15,126,2,0,1,2,2379
003417,295.0,27,0,2,9,14,20,39,16,30,63,4,1,0,2,2380
003148,294.75,14,0,0,5,9,28,104,23,20,126,3,0,1,2,2381
004709,294.75,3,0,1,9,3,0,160,7,18,162,1,0,0,1,2382
004759,294.75,0,0,0,0,0,32,182,13,16,179,2,0,0,1,2383
005078,294.75,13,8,0,3,8,8,78,35,25,112,1,3,0,2,2384
005613,294.75,9,0,4,3,8,24,134,3,13,140,3,0,0,1,2385
005643,294.75,11,2,3,19,19,10,95,21,47,104,4,0,0,1,2386
002160,294.5,15,1,0,7,6,35,67,82,23,149,0,8,0,1,2387
005109,294.5,23,0,7,20,22,8,10,74,62,72,5,0,0,1,2388
005962,294.5,14,0,0,7,11,0,113,6,24,116,2,0,0,1,2389
006012,294.5,8,0,0,0,0,8,128,46,28,154,1,0,0,1,2390
007433,294.5,24,1,0,14,10,47,39,40,39,79,6,0,0,1,2391
000409,294.25,6,6,0,0,2,26,134,7,7,146,2,0,1,2,2392
005839,294.25,4,0,3,9,16,16,143,23,40,142,3,0,0,1,2393
001985,294.0,15,0,2,7,8,0,79,56,29,130,2,0,0,1,2394
003854,294.0,21,0,2,5,0,20,69,24,24,97,3,0,0,1,2395
000052,293.75,23,0,3,4,2,48,0,141,56,115,5,0,0,1,2396
000173,293.75,19,5,4,20,33,31,2,105,62,93,7,0,0,1,2397
005658,293.75,9,1,0,0,3,19,136,13,16,143,2,0,0,1,2398
003239,293.5,25,0,4,11,20,4,27,50,33,84,4,0,0,1,2399
006533,293.5,14,1,0,9,1,7,98,24,25,121,2,0,0,1,2400
001863,293.0,11,7,0,1,0,21,98,22,21,118,2,0,1,2,2401
006372,293.0,23,0,1,8,12,20,44,52,37,91,4,0,0,1,2402
006593,293.0,8,0,1,3,0,36,125,40,22,155,3,0,0,1,2403
002577,292.5,9,0,0,7,0,32,128,20,28,136,3,0,0,1,2404
002894,292.5,15,0,5,5,7,0,96,12,30,103,2,0,0,1,2405
005236,292.0,13,0,7,4,0,8,108,0,17,115,2,0,0,1,2406
005319,292.0,11,1,1,12,12,11,102,32,40,119,3,0,0,1,2407
005565,292.0,12,3,2,1,1,21,97,32,18,129,2,0,1,2,2408
006360,292.0,15,2,4,9,12,6,83,20,37,96,3,0,0,1,2409
006604,292.0,24,0,0,1,3,12,56,30,31,80,2,0,1,2,2410
002628,291.5,2,0,0,2,0,12,173,4,15,166,1,0,0,1,2411
003346,291.5,19,2,3,8,14,2,72,10,32,82,3,0,0,1,2412
004077,291.5,10,6,1,0,1,22,107,16,14,126,2,0,1,2,2413
005782,291.5,5,0,0,6,5,32,152,10,20,153,3,0,0,1,2414
005313,291.25,10,0,0,5,1,0,130,9,17,137,1,0,0,1,2415
005336,291.25,6,4,4,8,18,24,82,83,36,151,1,5,1,3,2416
006491,291.25,10,0,0,1,1,36,134,9,12,142,3,0,0,1,2417
001356,291.0,19,1,0,1,0,27,67,52,25,115,3,0,0,1,2418
003456,291.0,15,0,0,1,0,16,91,48,41,114,2,0,0,1,2419
005221,291.0,12,0,2,2,8,8,118,12,18,128,2,0,0,1,2420
000907,290.75,17,3,0,16,19,9,56,49,46,95,4,0,0,1,2421
004450,290.5,16,3,0,4,8,17,85,24,28,104,3,0,0,1,2422
005448,290.5,11,3,2,10,9,37,62,86,52,122,2,3,2,3,2423
003401,290.25,10,1,0,1,5,15,115,39,29,137,2,0,0,1,2424
000881,290.0,2,0,0,2,0,12,164,20,21,167,1,0,0,1,2425
005939,290.0,0,1,0,0,0,15,156,52,16,193,1,0,0,1,2426
002893,289.75,15,0,2,4,11,8,93,23,32,105,2,1,0,2,2427
003629,289.75,4,0,0,0,0,28,150,33,22,165,2,0,0,1,2428
006812,289.75,19,0,1,14,10,4,67,27,35,93,3,0,0,1,2429
000451,289.5,0,0,0,0,0,16,177,16,16,177,1,0,0,1,2430
002206,289.5,10,3,4,7,27,21,102,12,12,126,1,4,3,3,2431
005656,289.5,18,1,1,4,1,15,63,52,40,99,2,1,0,2,2432
005820,289.5,19,1,2,11,12,3,50,56,53,86,3,0,0,1,2433
003860,289.25,14,0,3,18,21,8,72,47,49,105,4,0,0,1,2434
004397,289.25,11,0,3,7,3,8,90,61,45,127,2,0,0,1,2435
004669,289.25,20,0,1,3,0,8,51,71,50,96,2,0,0,1,2436
003099,289.0,6,0,5,12,9,8,131,2,27,129,2,1,0,2,2437
005709,289.0,10,0,0,6,0,32,116,32,29,135,3,0,0,1,2438
006133,289.0,4,0,0,0,0,28,155,22,26,155,2,0,0,1,2439
007382,289.0,17,1,0,6,1,55,86,20,25,105,5,0,0,1,2440
001485,288.75,15,1,0,3,2,11,89,33,18,123,1,0,2,2,2441
005450,288.75,14,0,2,4,4,16,102,13,20,115,2,1,0,2,2442
004143,288.5,11,0,0,4,1,0,117,24,26,130,1,0,0,1,2443
004547,288.5,8,0,0,4,4,16,139,8,17,142,2,0,0,1,2444
007161,288.5,13,3,0,7,12,13,92,24,20,119,1,4,0,2,2445
007377,288.5,5,1,3,2,2,11,142,10,9,154,1,0,1,2,2446
001898,288.25,23,1,3,27,19,23,4,73,46,85,6,0,0,1,2447
002081,288.25,22,3,3,7,12,33,48,21,33,71,5,0,0,1,2448
003692,288.0,0,0,0,0,0,16,163,42,35,170,1,0,0,1,2449
001377,287.75,14,0,2,15,17,0,66,67,47,117,3,0,0,1,2450
007426,287.75,21,1,0,2,1,39,63,35,28,94,4,0,0,1,2451
005256,287.5,10,0,0,6,4,28,121,20,16,141,3,0,0,1,2452
005471,287.5,14,2,0,3,3,2,98,16,14,119,1,0,1,2,2453
006125,287.5,19,0,0,12,21,12,68,30,36,93,4,0,0,1,2454
006693,287.5,7,0,0,6,3,16,134,22,23,146,2,0,0,1,2455
001179,287.25,20,0,2,10,8,16,53,41,43,83,3,0,1,2,2456
005315,287.25,17,2,0,13,14,18,68,33,27,106,4,0,0,1,2457
005377,287.25,12,0,0,4,0,16,119,9,13,131,2,0,0,1,2458
000422,287.0,12,3,6,7,15,29,61,64,22,131,1,6,1,3,2459
006334,287.0,22,0,3,26,33,12,15,62,64,64,5,2,0,2,2460
001329,286.5,6,0,0,2,0,8,135,36,39,140,1,0,0,1,2461
002011,286.5,21,0,0,6,5,0,46,66,43,96,2,0,0,1,2462
004038,286.25,22,0,2,16,24,24,15,85,47,93,5,1,0,2,2463
004745,286.0,15,3,0,0,1,13,50,100,16,152,1,2,0,2,2464
004989,286.0,12,3,0,3,5,9,83,56,23,134,0,3,1,2,2465
001786,285.75,26,0,1,8,1,4,31,35,29,72,2,1,0,2,2466
007095,285.75,24,3,1,9,6,21,43,13,32,61,4,0,0,1,2467
000800,285.5,17,0,2,6,3,52,85,16,28,98,5,0,0,1,2468
004327,285.5,8,4,1,4,7,8,81,84,57,125,1,2,0,2,2469
006679,285.5,15,10,3,4,10,38,7,124,53,110,5,0,0,1,2470
007412,285.5,9,2,2,6,23,14,103,36,9,149,0,6,1,2,2471
004059,285.25,7,0,0,3,6,0,144,5,14,145,1,0,0,1,2472
005708,285.25,13,3,3,4,8,17,90,23,22,114,3,0,0,1,2473
006582,285.25,8,1,0,0,0,23,127,29,29,136,2,0,0,1,2474
001851,284.75,21,1,2,4,1,3,19,107,37,117,2,0,0,1,2475
003671,284.75,9,1,2,1,0,19,119,25,28,129,2,0,0,1,2476
000427,284.25,15,0,8,21,24,28,32,85,64,97,6,0,0,1,2477
001284,284.25,16,1,2,15,11,19,83,3,23,97,4,0,0,1,2478
001713,284.25,18,4,0,1,5,4,48,65,32,104,1,2,0,2,2479
002633,284.25,27,0,0,5,0,32,17,67,34,82,4,0,0,1,2480
005712,284.25,27,0,0,4,1,16,16,71,36,82,3,0,0,1,2481
006551,284.25,9,0,1,9,5,24,112,33,35,129,3,0,0,1,2482
001774,284.0,21,2,0,2,5,10,65,14,23,81,2,0,1,2,2483
006302,283.75,14,1,3,8,11,11,86,25,43,94,3,0,0,1,2484
000139,283.5,0,3,0,0,0,13,164,14,14,167,1,0,0,1,2485
001706,283.5,15,1,2,9,10,19,80,24,28,103,3,1,0,2,2486
001528,283.25,8,0,1,6,5,28,113,45,27,146,3,0,0,1,2487
005268,283.25,5,0,0,3,0,8,149,11,15,153,1,0,0,1,2488
006574,283.25,7,0,3,0,2,28,125,29,24,140,2,0,1,2,2489
001980,283.0,19,0,0,19,6,4,39,68,48,97,3,0,0,1,2490
000961,282.75,6,12,1,3,2,24,66,83,24,147,0,6,0,1,2491
001740,282.75,18,3,3,21,22,29,37,45,47,80,6,0,0,1,2492
006250,282.75,0,0,0,0,0,32,166,29,12,183,2,0,0,1,2493
004892,282.5,12,7,4,16,20,5,66,22,40,87,4,0,0,1,2494
000291,282.0,20,2,2,6,4,30,38,64,38,94,4,0,0,1,2495
001129,282.0,12,0,0,4,0,48,100,40,43,113,4,0,0,1,2496
006808,282.0,19,4,5,17,11,8,44,14,40,63,4,0,0,1,2497
000388,281.75,0,1,0,0,0,15,171,11,11,172,1,0,0,1,2498
003046,281.5,6,0,2,2,2,28,119,48,12,165,2,0,1,2,2499
006176,281.5,13,8,5,2,28,16,24,102,17,137,1,4,3,3,2500
001442,281.25,12,0,0,0,0,36,109,29,22,128,3,0,0,1,2501
006711,281.25,0,0,0,0,0,16,175,9,11,173,1,0,0,1,2502
007146,281.25,12,0,0,3,1,32,97,47,32,127,3,0,0,1,2503
004638,281.0,14,0,0,1,1,0,91,44,17,133,1,0,0,1,2504
001398,280.75,7,0,0,1,0,40,114,63,33,152,3,0,0,1,2505
002583,280.75,14,5,5,8,33,23,51,51,25,109,1,9,0,2,2506
004665,280.75,9,7,3,8,24,29,63,63,32,121,1,6,2,3,2507
006122,280.75,10,1,9,1,16,11,67,81,11,158,0,4,2,2,2508
002740,280.5,16,1,0,0,0,15,89,24,23,107,2,0,0,1,2509
004210,280.0,15,0,0,4,1,12,93,18,15,115,1,0,2,2,2510
004574,280.0,0,2,0,0,0,14,151,42,15,180,1,0,0,1,2511
005669,280.0,17,2,0,6,9,38,71,26,38,84,4,0,1,2,2512
004367,279.75,16,2,4,3,1,6,72,23,27,93,1,2,0,2,2513
004954,279.75,10,6,1,8,21,26,65,63,25,128,1,4,3,3,2514
006473,279.75,9,4,0,0,3,8,115,11,17,122,1,0,1,2,2515
006772,279.5,20,0,9,18,21,12,32,34,48,65,5,0,0,1,2516
000428,279.25,11,5,3,4,2,15,64,67,17,137,1,3,0,2,2517
000610,279.25,13,0,1,2,0,16,107,13,20,116,2,0,0,1,2518
000879,279.25,7,0,0,1,0,24,131,27,19,147,2,0,0,1,2519
001068,279.0,17,4,2,8,29,12,46,44,20,101,1,6,1,3,2520
003007,279.0,10,1,0,0,2,19,111,34,30,126,2,0,0,1,2521
003728,279.0,5,6,2,8,5,22,78,84,22,161,1,4,0,2,2522
006715,279.0,0,0,0,0,0,16,171,14,14,171,1,0,0,1,2523
003029,278.75,5,0,0,3,0,8,138,27,25,148,1,0,0,1,2524
005985,278.75,6,2,10,1,7,6,106,27,22,130,0,2,2,2,2525
002937,278.5,21,3,2,5,12,13,28,60,34,85,3,1,0,2,2526
001854,278.25,0,0,0,0,0,16,169,17,11,175,1,0,0,1,2527
005144,278.25,18,0,1,13,8,8,70,17,31,88,3,0,0,1,2528
006154,278.25,19,4,6,8,11,32,17,77,54,77,5,0,0,1,2529
000440,277.75,10,0,2,3,1,16,67,113,62,133,2,0,0,1,2530
006195,277.75,7,3,5,9,27,13,109,13,33,113,4,0,0,1,2531
000771,277.5,7,2,0,7,6,34,110,36,16,146,3,0,1,2,2532
002201,277.5,19,4,8,12,21,32,7,80,44,86,6,0,0,1,2533
003480,277.5,12,10,2,6,12,22,48,54,10,122,0,6,2,2,2534
001511,277.0,10,0,0,2,4,16,109,38,42,117,2,0,0,1,2535
006315,277.0,16,0,2,6,4,4,20,144,62,126,2,0,0,1,2536
002656,276.75,12,0,0,7,1,28,102,23,30,114,3,0,0,1,2537
002810,276.75,12,0,3,1,0,0,105,17,27,111,1,0,0,1,2538
003324,276.75,14,0,2,4,0,12,83,35,23,115,1,2,0,2,2539
003562,276.75,15,0,0,4,1,28,81,43,38,105,3,0,0,1,2540
000571,276.5,18,5,3,6,33,39,50,22,13,91,1,11,0,2,2541
004452,276.5,18,1,4,18,36,19,4,118,42,121,6,0,0,1,2542
001823,276.25,26,1,1,1,0,19,32,33,35,59,3,0,0,1,2543
003899,276.25,8,2,1,5,2,22,111,23,14,136,2,0,1,2,2544
005323,276.25,4,1,2,2,0,15,123,45,22,155,1,0,1,2,2545
005784,276.25,15,1,4,6,15,39,48,71,29,116,4,1,1,3,2546
001582,276.0,21,3,1,6,4,13,44,32,38,69,3,0,0,1,2547
005341,276.0,0,0,0,0,0,8,168,16,6,178,0,1,0,1,2548
007290,276.0,21,1,2,8,5,19,23,74,21,108,1,5,0,2,2549
007423,276.0,19,1,4,12,9,3,6,116,63,95,3,0,0,1,2550
005649,275.5,13,0,0,2,1,16,79,68,31,131,2,0,0,1,2551
007034,275.5,16,1,2,13,13,11,54,48,39,95,3,1,0,2,2552
007411,275.25,20,2,1,21,34,2,49,7,36,64,5,0,0,1,2553
001589,275.0,13,3,0,10,9,21,71,42,13,126,1,5,0,2,2554
006618,275.0,22,2,1,16,17,6,29,38,37,71,4,0,0,1,2555
001712,274.75,0,3,0,0,0,21,158,9,8,162,1,1,0,2,2556
003112,274.75,7,0,0,1,0,24,110,63,27,154,2,0,0,1,2557
006440,274.75,12,0,1,14,5,8,98,5,23,107,2,1,0,2,2558
006898,274.75,3,2,0,0,1,10,151,7,16,147,1,0,0,1,2559
005525,274.5,4,1,0,0,0,27,135,36,20,156,2,0,0,1,2560
002304,274.0,4,0,0,0,0,12,150,12,18,148,1,0,0,1,2561
003358,274.0,16,0,2,13,13,4,61,44,38,98,3,0,0,1,2562
006233,274.0,20,1,3,9,12,35,30,66,58,71,5,0,0,1,2563
000499,273.75,0,0,0,0,0,8,169,11,14,166,0,1,0,1,2564
000728,273.75,12,0,3,16,17,0,87,19,33,104,3,0,0,1,2565
001629,273.75,5,9,1,3,3,3,81,65,20,144,1,1,0,2,2566
002151,273.75,15,0,3,6,4,4,82,21,33,94,2,0,0,1,2567
006331,273.75,0,0,0,0,0,16,173,3,5,171,1,0,0,1,2568
001516,273.25,5,8,0,2,1,24,114,11,13,127,2,0,1,2,2569
003837,273.25,19,0,1,7,5,0,63,27,29,88,2,0,0,1,2570
004281,273.25,21,0,4,7,16,8,27,63,35,87,3,1,0,2,2571
006355,273.25,5,1,1,12,6,7,123,21,28,135,2,0,0,1,2572
000667,272.75,6,1,3,19,28,23,103,29,42,119,5,0,0,1,2573
004348,272.75,26,0,2,8,8,4,1,79,43,73,3,0,0,1,2574
002942,272.5,19,0,2,21,22,0,55,10,41,66,4,0,0,1,2575
007085,272.5,22,0,1,13,12,16,36,40,34,78,4,0,0,1,2576
000545,272.25,8,2,2,7,7,6,110,17,33,113,2,0,0,1,2577
003972,272.25,0,0,0,0,0,16,162,23,24,161,1,0,0,1,2578
005271,272.25,15,1,0,2,3,19,53,85,35,121,2,0,1,2,2579
001359,272.0,8,0,4,8,4,8,112,16,29,119,2,0,0,1,2580
002250,272.0,23,0,5,22,14,0,12,44,47,59,4,0,0,1,2581
004002,272.0,5,3,2,2,3,9,101,66,33,146,0,3,0,1,2582
004848,272.0,5,0,2,8,9,8,120,36,34,137,2,0,0,1,2583
007468,272.0,17,0,10,7,10,4,57,20,36,75,3,0,0,1,2584
001781,271.75,16,0,5,12,11,4,55,43,29,102,3,0,0,1,2585
005796,271.5,4,2,1,8,7,34,127,16,17,141,3,0,1,2,2586
007311,271.5,9,0,1,21,17,0,87,42,42,118,3,0,0,1,2587
000006,271.25,20,0,0,8,0,36,58,27,34,79,4,0,0,1,2588
007318,271.25,6,5,3,7,24,11,73,79,16,157,0,4,3,2,2589
001925,271.0,27,2,2,7,8,18,3,52,36,57,4,0,0,1,2590
006760,271.0,0,0,4,2,2,16,127,66,23,176,1,0,1,2,2591
007437,271.0,17,4,1,9,13,20,54,30,42,73,4,0,0,1,2592
002356,270.75,7,1,0,1,0,23,117,37,34,129,2,0,0,1,2593
004280,270.75,15,0,2,14,17,16,58,53,32,110,4,0,0,1,2594
005147,270.75,1,1,0,2,1,3,161,3,6,162,0,1,0,1,2595
002619,270.0,15,0,0,0,1,0,84,36,40,95,1,0,0,1,2596
007074,270.0,15,0,1,8,4,4,75,34,44,89,2,0,0,1,2597
002087,269.75,26,0,1,8,5,8,27,27,37,52,3,0,0,1,2598
000642,269.5,20,1,8,7,1,27,29,46,36,75,4,0,0,1,2599
001132,269.5,6,8,0,8,2,24,102,14,14,124,0,6,0,1,2600
003748,269.5,7,0,0,1,0,8,124,28,26,134,1,0,0,1,2601
003793,269.5,14,0,3,10,13,8,65,40,22,110,1,3,1,3,2602
004404,269.5,6,0,0,7,7,20,96,76,26,159,2,0,1,2,2603
001729,269.25,6,0,3,6,13,4,127,9,24,127,2,0,0,1,2604
007063,269.25,13,1,3,14,10,7,54,67,42,110,3,0,0,1,2605
003357,268.75,20,4,2,17,29,24,18,51,59,53,6,0,0,1,2606
005108,268.5,21,0,2,6,3,16,42,42,21,92,3,0,0,1,2607
005297,268.25,11,0,0,0,1,20,84,71,33,133,2,0,0,1,2608
007415,268.25,18,1,0,1,1,27,46,73,53,86,3,0,0,1,2609
002497,267.75,18,1,3,14,17,35,43,35,41,73,4,0,3,2,2610
005474,267.75,0,0,0,0,0,16,163,15,8,170,1,0,0,1,2611
002604,267.5,17,0,12,22,29,16,5,80,54,82,6,0,0,1,2612
000583,267.25,15,0,2,4,7,28,88,3,18,94,3,0,1,2,2613
005122,267.25,10,0,0,3,3,16,104,33,40,110,2,0,0,1,2614
002010,267.0,0,0,0,0,0,16,163,14,16,161,1,0,0,1,2615
005282,267.0,17,0,0,5,2,24,59,48,38,91,2,0,2,2,2616
006901,267.0,6,0,0,2,0,8,117,46,41,130,1,0,0,1,2617
002300,266.75,16,2,0,19,17,10,51,37,39,86,4,0,0,1,2618
002602,266.75,11,0,0,1,0,4,98,39,23,126,1,0,0,1,2619
006596,266.75,14,0,0,0,2,0,96,17,25,102,1,0,0,1,2620
007374,266.75,10,0,3,1,2,8,102,23,16,123,1,0,1,2,2621
001466,266.5,14,3,0,4,2,33,44,82,23,124,2,2,1,3,2622
003614,266.5,19,0,2,5,2,20,71,2,16,83,3,0,0,1,2623
005172,266.0,4,0,0,7,9,4,138,6,9,146,1,1,0,2,2624
005299,266.0,0,4,0,0,0,12,149,14,9,158,1,0,0,1,2625
005822,266.0,13,0,9,22,20,8,42,48,63,71,4,0,1,2,2626
003410,265.75,14,1,3,20,27,15,71,7,38,78,5,0,0,1,2627
006744,265.75,0,0,0,0,0,48,152,29,29,152,2,2,0,2,2628
000252,265.5,6,6,4,7,11,14,101,10,23,111,3,0,0,1,2629
002641,265.5,18,1,4,11,35,3,50,20,33,71,4,0,1,2,2630
002880,265.25,20,0,1,16,7,4,45,25,34,73,3,0,0,1,2631
003892,265.25,14,0,2,10,14,8,73,33,41,91,3,0,0,1,2632
000140,265.0,15,2,4,12,13,18,40,64,55,82,4,0,0,1,2633
000626,265.0,16,3,0,10,10,25,53,42,40,84,4,0,0,1,2634
004817,265.0,10,4,4,14,24,32,10,148,46,144,5,1,0,2,2635
004694,264.5,22,2,6,12,8,14,4,62,38,70,4,0,0,1,2636
006436,264.5,2,0,3,5,6,0,146,4,14,146,1,0,0,1,2637
006531,264.5,8,9,1,11,16,19,73,30,41,91,4,0,0,1,2638
006247,264.25,7,1,1,3,1,11,111,27,28,122,1,0,1,2,2639
006852,264.0,20,2,0,3,1,22,36,58,25,94,3,0,0,1,2640
001252,263.75,9,2,3,9,19,6,67,69,25,134,0,4,2,2,2641
001471,263.75,4,2,0,0,0,10,133,19,17,141,1,0,0,1,2642
003658,263.25,12,0,1,9,14,12,81,39,53,89,3,0,0,1,2643
000912,263.0,20,0,3,21,20,32,36,22,37,65,6,0,0,1,2644
005378,263.0,6,2,0,2,4,26,104,48,16,146,2,0,1,2,2645
004672,262.75,19,0,3,8,6,28,9,111,52,98,4,0,0,1,2646
001495,262.5,8,2,9,18,33,26,31,112,59,121,6,0,0,1,2647
002165,262.5,0,0,0,0,0,16,150,34,15,169,1,0,0,1,2648
001557,262.0,11,2,2,26,21,26,63,26,48,82,5,0,1,2,2649
003137,261.75,12,0,2,7,3,24,96,7,20,104,3,0,0,1,2650
004124,261.75,18,0,0,1,5,24,43,77,33,106,3,0,0,1,2651
006085,261.75,3,0,1,13,15,0,134,7,22,136,2,0,0,1,2652
004033,261.25,4,0,4,22,18,0,110,15,38,117,3,0,0,1,2653
001828,261.0,18,0,1,4,5,20,65,22,16,94,3,0,0,1,2654
001053,260.75,3,1,0,0,1,11,148,1,10,143,1,0,0,1,2655
001198,260.75,8,0,2,5,1,0,98,43,19,137,0,2,0,1,2656
001286,260.75,5,1,3,0,0,31,121,19,19,130,2,1,0,2,2657
000657,260.5,4,0,0,0,0,28,128,38,18,152,2,0,0,1,2658
001273,260.5,13,0,6,16,13,0,62,30,42,85,3,0,0,1,2659
002460,260.5,10,4,0,4,14,8,88,22,18,110,2,1,0,2,2660
004921,260.5,6,3,0,2,0,29,95,56,38,124,2,0,1,2,2661
000727,260.25,15,1,0,7,10,23,53,59,39,96,1,5,0,2,2662
000812,260.25,0,1,1,1,2,19,136,41,24,156,1,0,1,2,2663
000922,260.25,9,0,6,28,45,8,73,21,48,89,6,0,0,1,2664
002140,260.25,22,1,6,2,2,15,29,33,26,67,3,0,0,1,2665
003497,260.25,15,0,1,22,34,8,65,13,35,81,5,0,0,1,2666
004773,260.25,0,0,0,0,0,8,160,11,9,162,0,1,0,1,2667
005113,260.25,0,0,0,0,0,16,137,57,21,173,1,0,0,1,2668
005244,260.25,6,1,1,4,1,19,94,63,32,137,1,0,2,2,2669
005511,260.25,21,2,1,5,1,34,18,61,42,66,2,2,2,3,2670
005603,260.25,0,0,0,0,0,16,157,17,20,154,1,0,0,1,2671
005640,260.25,0,0,0,0,0,32,151,29,29,151,2,0,0,1,2672
006714,260.25,12,0,0,0,0,36,91,37,23,117,3,0,0,1,2673
006732,260.0,5,0,0,6,5,0,127,18,17,139,1,0,0,1,2674
001597,259.75,25,0,2,3,10,40,25,33,30,58,5,0,0,1,2675
004250,259.5,6,4,1,8,9,12,60,102,10,171,1,3,0,2,2676
004483,259.5,19,0,2,8,11,40,38,42,29,80,4,1,1,3,2677
006144,259.25,14,0,1,1,0,16,86,21,25,98,2,0,0,1,2678
000302,259.0,10,0,0,8,2,28,93,34,28,117,3,0,0,1,2679
000378,259.0,19,0,1,4,4,20,61,18,27,76,3,0,0,1,2680
000876,258.75,24,0,0,6,2,0,21,51,41,61,2,0,0,1,2681
001555,258.75,12,0,3,16,17,16,83,7,33,88,4,0,0,1,2682
003061,258.75,18,1,5,12,17,11,42,21,32,67,3,0,2,2,2683
007403,258.75,21,0,2,17,28,12,17,57,53,61,5,0,0,1,2684
000188,258.5,20,0,2,13,9,20,50,8,30,63,4,0,0,1,2685
003096,258.5,8,1,1,2,1,11,100,34,33,113,1,0,1,2,2686
003000,258.25,10,1,0,0,2,11,66,91,35,133,1,0,1,2,2687
003869,258.25,9,0,0,5,2,8,101,27,30,112,1,0,1,2,2688
000008,258.0,12,9,4,18,30,23,21,62,44,82,6,0,0,1,2689
003788,258.0,0,0,0,0,0,32,136,56,22,170,2,0,0,1,2690
005045,258.0,13,2,1,29,25,18,44,38,50,77,5,1,0,2,2691
005242,258.0,15,0,1,4,4,8,38,100,38,120,2,0,0,1,2692
002858,257.75,25,0,2,16,13,32,9,31,38,45,5,0,1,2,2693
000307,257.5,10,1,1,1,0,19,98,20,17,114,1,0,2,2,2694
004055,257.25,10,2,2,5,3,10,64,69,16,136,0,3,1,2,2695
004893,257.25,12,0,0,0,0,20,98,19,20,109,2,0,0,1,2696
007450,257.25,9,0,0,1,2,4,120,1,11,120,1,0,0,1,2697
001416,257.0,13,2,9,10,12,18,45,46,47,78,4,0,0,1,2698
002979,256.75,13,3,5,16,42,33,20,93,6,144,0,14,0,1,2699
003109,256.75,15,0,4,8,5,8,72,5,27,77,2,1,0,2,2700
005642,256.75,12,2,0,0,0,34,77,47,38,100,3,0,0,1,2701
001255,256.5,6,0,0,2,0,24,119,28,20,135,2,0,0,1,2702
005227,256.5,15,0,1,6,10,0,73,24,23,96,2,0,0,1,2703
001940,256.25,19,0,0,0,1,164,45,53,21,96,11,1,0,2,2704
006394,256.25,16,2,8,10,10,34,36,39,42,69,5,0,0,1,2705
006454,256.25,16,8,6,10,8,16,33,13,35,51,4,0,0,1,2706
007352,256.25,15,1,2,7,8,15,51,55,40,91,3,0,0,1,2707
000889,256.0,18,1,1,7,10,11,35,52,41,73,1,3,1,3,2708
001266,256.0,6,0,2,7,5,20,101,40,17,139,2,0,1,2,2709
004626,256.0,3,2,0,1,0,26,90,102,44,154,2,0,0,1,2710
002079,255.75,15,0,2,20,23,20,42,53,49,83,5,0,0,1,2711
004421,255.75,17,2,2,11,14,34,28,67,57,70,5,0,0,1,2712
005793,255.75,11,3,1,11,17,13,80,11,31,86,3,1,0,2,2713
007049,255.75,3,1,1,1,3,15,125,29,27,133,1,0,1,2,2714
001886,255.5,14,3,0,7,7,17,52,56,57,75,3,0,0,1,2715
005219,255.0,6,0,0,2,0,8,126,12,18,128,1,0,0,1,2716
001114,254.75,9,2,1,12,10,22,72,49,38,107,3,1,0,2,2717
004501,254.75,11,1,3,3,3,19,87,17,12,110,2,0,1,2,2718
004618,254.75,5,0,0,5,6,0,127,13,23,127,1,0,0,1,2719
001445,254.5,22,0,0,22,20,16,14,46,37,67,5,0,0,1,2720
006107,254.5,16,0,1,6,5,4,63,32,39,79,2,0,0,1,2721
004027,254.0,11,1,0,11,2,7,53,80,19,137,0,3,1,2,2722
005706,254.0,20,0,2,8,2,32,36,40,33,73,4,0,0,1,2723
002027,253.75,19,3,0,5,8,29,34,47,51,57,4,0,0,1,2724
003351,253.5,9,0,1,4,2,16,105,16,17,118,2,0,0,1,2725
004947,253.5,9,1,0,2,1,11,91,40,25,118,1,0,1,2,2726
000530,253.0,18,0,3,5,6,8,43,40,20,89,1,3,0,2,2727
002928,253.0,14,1,5,18,39,3,59,10,33,74,5,0,0,1,2728
003739,252.75,17,0,1,6,8,0,26,89,26,113,1,2,0,2,2729
005055,252.75,4,2,0,1,3,38,111,41,41,118,2,0,2,2,2730
006001,252.75,12,0,0,2,2,16,89,27,30,100,2,0,0,1,2731
007089,252.75,12,0,8,8,8,12,72,17,31,86,3,0,0,1,2732
001749,252.5,14,0,1,1,0,0,64,56,36,100,1,0,0,1,2733
002962,252.25,13,4,2,13,12,44,62,9,31,72,5,1,0,2,2734
004187,252.25,13,1,1,6,0,3,76,19,27,89,1,0,1,2,2735
006641,252.25,1,3,0,2,1,9,139,9,12,142,1,0,0,1,2736
002370,252.0,6,0,4,3,3,16,113,16,23,119,2,0,0,1,2737
000024,251.5,19,0,1,3,1,24,28,76,23,104,3,0,0,1,2738
002111,251.5,7,0,2,7,8,8,93,46,28,127,2,0,0,1,2739
002425,251.5,6,2,0,1,1,6,101,46,42,114,1,0,0,1,2740
004570,251.5,4,1,2,1,1,15,122,16,19,127,1,1,0,2,2741
001116,251.25,18,0,3,16,23,20,33,41,41,70,5,0,0,1,2742
006062,251.25,8,0,0,5,11,0,99,31,26,117,1,1,0,2,2743
006712,251.25,0,0,0,0,0,16,141,37,27,151,1,0,0,1,2744
002022,251.0,20,0,1,2,1,8,48,28,21,78,2,0,0,1,2745
004458,251.0,17,0,5,11,23,8,52,14,39,60,4,0,0,1,2746
000740,250.75,1,0,3,17,11,0,126,11,27,131,2,0,0,1,2747
004140,250.5,4,2,0,0,0,18,117,28,21,130,1,0,1,2,2748
006755,250.5,9,0,4,18,21,12,81,20,40,92,4,0,0,1,2749
001722,250.25,12,1,0,4,4,27,84,23,21,103,3,0,0,1,2750
000792,250.0,13,0,0,3,0,16,71,48,52,83,2,0,0,1,2751
006670,250.0,10,0,4,11,11,12,80,26,24,107,3,0,0,1,2752
006741,250.0,9,0,0,1,2,12,112,2,11,113,1,0,1,2,2753
000620,249.75,12,3,1,20,27,33,46,49,49,82,6,0,0,1,2754
007207,249.75,15,1,1,2,2,3,51,55,33,92,1,0,1,2,2755
000848,249.5,20,0,4,10,2,12,27,40,25,76,3,0,0,1,2756
003319,249.5,5,0,1,17,25,0,114,4,21,120,3,0,0,1,2757
006738,249.5,11,0,0,4,1,0,82,42,19,120,1,0,0,1,2758
005783,249.25,1,0,3,15,13,0,130,5,22,132,2,0,0,1,2759
001352,249.0,9,0,1,4,2,16,96,28,23,115,2,0,0,1,2760
003924,249.0,8,9,5,15,28,31,43,40,32,88,2,8,0,2,2761
002539,248.75,11,3,1,5,7,21,83,13,20,96,3,0,0,1,2762
002661,248.75,10,2,1,4,1,14,53,91,33,128,2,0,0,1,2763
000077,248.5,13,0,0,2,1,0,82,26,37,86,1,0,0,1,2764
002131,248.5,19,3,1,13,15,13,24,40,40,60,4,0,0,1,2765
006899,248.5,25,0,0,3,8,12,11,54,40,53,3,0,0,1,2766
000899,248.25,4,1,0,0,0,11,135,1,14,127,1,0,0,1,2767
001933,248.25,0,0,0,0,0,32,152,11,13,150,2,0,0,1,2768
006093,248.25,15,1,0,9,12,19,56,33,31,83,3,1,0,2,2769
002905,248.0,20,0,4,11,5,8,28,34,36,61,3,0,0,1,2770
003735,248.0,21,1,0,14,13,47,15,54,33,72,6,0,0,1,2771
007037,248.0,9,1,4,5,10,3,92,14,26,99,2,0,0,1,2772
005389,247.75,11,1,3,6,8,3,81,19,34,87,2,0,0,1,2773
006286,247.75,13,0,0,8,3,24,62,53,35,101,3,0,0,1,2774
007080,247.5,0,3,0,0,0,5,139,16,16,142,0,1,0,1,2775
001772,247.25,14,0,2,14,26,8,48,51,55,74,4,0,0,1,2776
001153,247.0,8,1,3,23,22,39,70,34,34,105,6,0,0,1,2777
000153,246.5,4,3,0,6,6,21,115,8,14,122,1,3,0,2,2778
000273,246.25,20,2,1,6,1,154,3,85,39,78,11,1,0,2,2779
002883,246.25,10,1,3,3,4,19,79,31,33,94,2,0,1,2,2780
006453,246.25,4,3,0,5,3,9,53,139,15,189,0,3,0,1,2781
000766,246.0,12,0,0,0,0,20,72,56,31,109,2,0,0,1,2782
003430,246.0,15,0,1,14,30,4,60,20,39,71,4,0,0,1,2783
006406,246.0,5,0,0,7,8,4,115,16,15,128,1,0,1,2,2784
004657,245.75,14,2,0,2,8,14,36,81,34,101,1,2,1,3,2785
005067,245.75,23,0,2,15,8,16,12,35,40,47,4,0,0,1,2786
000212,245.5,8,7,2,10,4,17,18,126,63,108,3,0,0,1,2787
000312,245.5,15,0,2,16,11,12,33,60,35,91,3,1,0,2,2788
004695,245.5,4,0,0,7,5,0,129,2,15,127,1,0,0,1,2789
005821,245.5,7,0,1,7,17,0,106,16,28,109,2,0,0,1,2790
006488,245.5,9,9,8,13,22,27,12,80,22,109,1,9,0,2,2791
003667,245.25,8,6,4,3,9,10,63,43,33,94,1,3,0,2,2792
005328,245.25,9,0,0,3,0,20,88,45,43,102,2,0,0,1,2793
004256,245.0,20,0,0,4,0,8,26,64,41,73,2,0,0,1,2794
001182,244.75,10,6,0,12,18,18,68,17,36,77,4,0,0,1,2795
002073,244.75,1,6,0,0,3,6,102,57,16,150,0,2,0,1,2796
002836,244.75,7,0,0,1,0,24,115,13,17,119,2,0,0,1,2797
000019,244.5,6,3,4,4,6,9,101,8,18,108,2,0,0,1,2798
006994,244.5,12,1,1,7,4,15,77,14,19,93,1,3,0,2,2799
000849,244.25,11,0,1,12,16,8,76,27,44,83,3,0,0,1,2800
000863,244.25,8,0,0,13,19,8,94,21,27,109,3,0,0,1,2801
000938,244.25,16,2,0,0,0,30,55,37,21,89,3,0,0,1,2802
006014,244.25,23,0,0,15,18,8,13,39,44,46,4,0,0,1,2803
005913,243.75,16,1,0,6,2,55,58,25,30,76,5,0,0,1,2804
002722,243.5,6,1,0,2,0,23,103,36,30,118,2,0,0,1,2805
004414,243.25,0,0,0,0,0,48,132,39,25,146,2,2,0,2,2806
000452,242.75,6,1,0,1,1,7,99,45,48,104,1,0,0,1,2807
006745,242.75,13,1,0,2,1,23,64,37,35,82,1,2,1,3,2808
002298,242.5,11,1,0,1,0,19,88,20,23,98,2,0,0,1,2809
004425,242.5,15,1,0,4,13,15,17,108,25,120,1,2,2,3,2810
003880,242.25,9,1,1,10,12,15,40,107,32,136,1,4,0,2,2811
002621,241.75,11,4,2,9,14,8,69,13,34,74,3,0,0,1,2812
001173,241.5,0,0,0,0,0,16,138,30,20,148,1,0,0,1,2813
004644,241.5,8,2,0,4,0,34,67,76,45,112,3,0,0,1,2814
000174,241.25,11,0,5,2,2,12,65,49,29,103,2,0,0,1,2815
002123,241.25,8,0,1,10,13,16,96,15,32,98,3,0,0,1,2816
006115,241.25,17,0,0,9,6,0,42,45,30,83,2,0,0,1,2817
001375,241.0,10,0,0,6,0,0,90,20,15,111,1,0,0,1,2818
000930,240.75,12,0,3,13,20,0,65,25,40,78,3,0,0,1,2819
004026,240.75,18,0,0,3,3,8,55,21,31,66,2,0,0,1,2820
004398,240.75,6,1,1,5,8,3,102,19,22,112,1,1,0,2,2821
005800,240.75,9,4,6,15,38,32,56,23,38,75,6,0,1,2,2822
003316,240.0,6,3,1,12,9,1,94,12,23,105,2,0,0,1,2823
003535,240.0,8,2,0,7,5,26,86,30,33,100,3,0,0,1,2824
003624,240.0,21,0,2,13,20,8,14,46,53,43,4,0,0,1,2825
000816,239.75,11,4,1,6,6,4,45,63,29,101,1,2,0,2,2826
002411,239.75,5,0,1,3,7,0,119,9,18,119,1,0,0,1,2827
000224,239.5,4,0,0,0,0,12,91,84,41,138,1,0,0,1,2828
003180,239.5,10,0,3,10,9,0,79,20,28,94,2,0,0,1,2829
004364,239.5,7,1,0,2,3,19,96,30,17,119,1,0,2,2,2830
006881,239.5,14,2,0,3,7,38,62,24,26,79,3,2,0,2,2831
005994,239.25,14,0,0,8,10,8,58,35,33,82,1,3,0,2,2832
007449,239.25,16,1,3,5,4,3,1,123,21,128,2,0,0,1,2833
002696,238.5,5,0,2,4,17,12,104,26,23,118,2,1,0,2,2834
007397,238.5,0,0,0,0,0,16,140,22,22,140,1,0,0,1,2835
005369,238.25,12,2,2,3,3,2,53,51,21,102,1,1,0,2,2836
001665,238.0,6,3,0,7,11,13,81,44,39,102,2,1,0,2,2837
004318,238.0,17,1,0,10,1,19,6,104,30,108,3,0,0,1,2838
002673,237.5,13,2,8,27,28,2,35,10,43,52,5,0,0,1,2839
002695,237.5,11,0,0,1,0,4,89,18,21,98,1,0,0,1,2840
006563,237.25,16,0,0,2,6,8,59,29,25,81,2,0,0,1,2841
003611,237.0,8,0,2,2,0,12,84,40,10,126,1,0,1,2,2842
004813,237.0,12,1,2,10,20,11,44,60,53,76,3,1,0,2,2843
005677,237.0,11,0,2,27,24,8,37,56,62,71,4,0,1,2,2844
003032,236.75,8,1,1,14,17,15,47,87,41,117,3,1,0,2,2845
005262,236.75,5,0,0,3,0,8,91,65,45,119,1,0,0,1,2846
005558,236.75,17,0,1,7,3,36,27,69,43,78,4,0,0,1,2847
000359,236.5,0,2,0,0,0,14,139,8,8,141,1,0,0,1,2848
002863,236.5,1,0,0,0,3,4,144,2,4,143,0,1,0,1,2849
004174,236.5,16,0,4,13,15,0,42,24,31,68,3,0,0,1,2850
002054,236.25,15,0,2,11,12,8,51,27,42,64,3,0,0,1,2851
007349,236.25,12,4,4,19,17,32,36,29,38,66,5,0,1,2,2852
003145,235.75,7,0,0,1,0,8,101,29,20,118,1,0,0,1,2853
006484,235.75,1,1,0,2,1,19,116,41,22,139,1,0,1,2,2854
007464,235.75,11,2,1,10,14,10,56,41,21,100,1,4,0,2,2855
000636,235.5,12,0,0,0,0,20,81,24,15,102,2,0,0,1,2856
001517,235.5,16,1,0,0,0,15,48,46,26,85,2,0,0,1,2857
002908,235.5,12,0,0,0,0,4,91,4,15,92,1,0,0,1,2858
005079,235.5,3,0,1,4,8,0,115,28,31,120,1,0,0,1,2859
005284,235.5,4,1,0,0,0,11,118,18,17,124,1,0,0,1,2860
007198,235.5,13,4,0,0,3,28,48,54,22,97,3,0,0,1,2861
006514,235.25,15,1,0,6,7,3,45,49,38,78,2,0,0,1,2862
004345,235.0,10,0,0,2,0,4,74,52,25,113,1,0,0,1,2863
007336,235.0,16,0,0,8,4,4,53,26,24,79,2,0,0,1,2864
005176,234.25,16,0,2,9,1,36,10,101,41,97,4,0,0,1,2865
000063,234.0,12,1,0,6,10,11,67,26,31,81,2,1,0,2,2866
000917,234.0,15,0,5,8,4,16,55,10,24,69,3,0,0,1,2867
002982,234.0,18,0,5,10,19,12,15,58,35,71,4,0,0,1,2868
005925,234.0,0,0,0,0,0,16,137,22,21,138,1,0,0,1,2869
005330,233.75,14,3,0,18,20,25,16,77,54,74,5,0,0,1,2870
007275,233.75,2,0,4,5,5,0,121,9,19,122,1,0,0,1,2871
001291,233.5,16,0,0,9,3,20,4,120,27,122,3,0,0,1,2872
002330,233.5,7,0,0,3,2,4,99,26,27,108,1,0,0,1,2873
006269,233.5,8,1,5,8,15,11,70,38,39,91,3,0,0,1,2874
001524,233.25,0,0,0,0,0,16,135,25,14,146,1,0,0,1,2875
003946,233.25,10,1,0,3,7,11,28,133,51,124,2,0,0,1,2876
004285,233.25,12,0,0,0,0,20,80,23,20,95,2,0,0,1,2877
005906,233.25,6,0,5,15,22,0,91,7,25,99,3,0,0,1,2878
002797,233.0,14,0,2,14,18,0,60,8,31,67,3,0,0,1,2879
003878,233.0,13,0,0,1,6,20,40,86,33,107,2,0,1,2,2880
006380,233.0,4,0,0,0,0,20,111,30,30,115,1,0,1,2,2881
001345,232.75,9,0,5,2,4,4,70,41,20,107,1,0,1,2,2882
002138,232.75,13,0,1,9,21,4,74,3,25,75,3,0,0,1,2883
003182,232.5,11,6,0,1,0,6,41,62,39,82,1,1,0,2,2884
003705,232.5,9,0,5,5,9,4,80,20,26,93,2,0,0,1,2885
004737,232.5,2,3,0,2,4,13,99,48,24,130,1,0,1,2,2886
004868,232.5,12,0,3,4,9,4,52,58,42,87,2,0,0,1,2887
002800,232.0,6,4,2,3,25,16,56,74,15,130,1,4,1,3,2888
004377,232.0,9,0,0,3,0,20,81,36,28,101,1,0,2,2,2889
004485,232.0,7,1,1,0,4,11,70,72,46,105,1,0,1,2,2890
004251,231.75,10,5,0,7,15,19,61,25,30,78,3,1,0,2,2891
002709,231.5,11,1,0,4,1,7,4,162,33,149,1,1,0,2,2892
004782,231.5,8,1,0,4,4,47,85,28,25,101,3,2,0,2,2893
005747,231.5,12,1,1,1,2,15,68,32,16,99,2,0,0,1,2894
001884,231.0,3,0,0,0,1,12,112,40,12,143,1,0,0,1,2895
005415,231.0,18,0,1,13,12,4,20,54,45,61,3,0,0,1,2896
002519,230.75,11,0,3,6,16,12,71,23,32,82,3,0,0,1,2897
006634,230.75,2,0,5,4,5,0,117,11,18,121,1,0,0,1,2898
000090,230.5,7,0,0,4,5,0,75,68,16,138,1,0,0,1,2899
003170,230.25,12,0,2,16,18,16,50,39,42,77,4,0,0,1,2900
003447,230.25,12,0,0,0,0,4,71,37,28,92,1,0,0,1,2901
004996,230.25,2,3,3,5,2,1,105,15,15,118,0,1,1,2,2902
000377,229.75,19,0,1,15,17,12,16,47,39,59,4,0,0,1,2903
001131,229.75,10,0,0,1,1,20,75,45,34,97,2,0,0,1,2904
005698,229.75,16,3,2,5,13,9,20,63,51,58,3,0,0,1,2905
001872,229.5,9,0,5,21,29,16,56,32,50,73,5,0,0,1,2906
004693,229.5,5,0,0,0,3,16,110,18,21,112,1,0,1,2,2907
000260,229.25,8,0,0,0,0,24,99,17,22,102,2,0,0,1,2908
000297,229.25,8,0,0,0,0,40,99,17,26,98,3,0,0,1,2909
007467,229.25,14,0,3,13,14,4,28,65,53,70,3,0,0,1,2910
000250,228.75,15,0,5,10,10,8,33,43,39,67,3,0,0,1,2911
000731,228.75,1,4,0,0,3,8,62,129,43,153,0,2,0,1,2912
001271,228.75,7,7,0,0,5,13,82,13,23,86,2,0,0,1,2913
003558,228.75,10,1,0,2,0,19,71,43,20,107,2,0,0,1,2914
003076,228.5,8,0,0,3,1,4,95,18,28,96,1,0,0,1,2915
005947,228.5,8,0,2,19,3,16,63,42,42,92,3,0,0,1,2916
005279,228.25,10,0,0,2,0,4,92,7,16,95,1,0,0,1,2917
007076,228.25,4,0,0,7,5,0,111,15,24,113,1,0,0,1,2918
006297,228.0,12,0,0,0,0,20,63,50,21,104,2,0,0,1,2919
001192,227.5,19,0,7,9,9,4,5,54,40,54,3,0,0,1,2920
007227,227.5,4,0,0,0,0,28,109,32,26,119,2,0,0,1,2921
001521,227.25,21,0,4,8,15,0,11,37,33,48,3,0,0,1,2922
000001,227.0,2,1,0,1,1,19,120,14,9,129,1,0,1,2,2923
006417,227.0,12,1,0,0,0,35,57,54,17,107,3,0,0,1,2924
000239,226.75,15,2,2,4,7,2,52,13,30,58,2,0,0,1,2925
001333,226.5,11,0,10,9,26,16,9,102,42,99,4,0,1,2,2926
002166,226.5,0,0,0,0,0,16,133,20,21,132,1,0,0,1,2927
003956,226.5,3,0,1,9,19,0,107,22,25,117,2,0,0,1,2928
006441,226.5,9,4,0,4,15,0,25,112,27,127,1,2,0,2,2929
003828,226.25,12,1,2,3,3,11,66,21,28,77,2,0,0,1,2930
002218,225.75,12,0,2,13,21,0,45,49,47,74,3,0,0,1,2931
001931,225.5,11,7,0,1,0,21,55,18,16,76,1,3,0,2,2932
002562,225.5,8,0,0,0,0,8,95,20,28,95,1,0,0,1,2933
001176,225.25,10,0,0,2,0,4,86,15,17,96,1,0,0,1,2934
001432,225.25,10,0,0,2,0,4,86,15,19,94,1,0,0,1,2935
001945,225.25,6,0,0,5,1,20,102,9,18,104,1,0,2,2,2936
000648,225.0,9,0,5,6,12,0,72,24,29,87,2,0,0,1,2937
000844,225.0,11,2,0,2,3,30,73,18,18,88,3,0,0,1,2938
002376,224.75,11,0,4,5,8,4,55,45,41,79,2,0,0,1,2939
002951,224.75,4,2,0,0,0,10,106,21,15,118,1,0,0,1,2940
000923,224.5,7,0,0,5,0,4,60,88,18,142,0,2,0,1,2941
001259,224.5,4,0,0,6,6,0,113,8,16,115,1,0,0,1,2942
004319,224.25,15,0,0,0,1,16,48,47,32,78,2,0,0,1,2943
004454,224.25,13,1,0,6,1,11,48,47,28,87,2,0,0,1,2944
005907,224.25,9,0,0,2,1,4,95,5,11,100,1,0,0,1,2945
006990,224.25,15,0,5,20,24,16,28,27,39,56,5,0,0,1,2946
007304,224.0,12,1,0,0,0,3,81,2,9,87,1,0,0,1,2947
000568,223.75,4,0,0,0,0,12,119,7,13,117,1,0,0,1,2948
007376,223.75,9,2,0,14,9,30,62,33,39,81,4,0,0,1,2949
001887,223.5,9,0,1,4,2,0,79,28,29,92,1,0,0,1,2950
002879,223.5,13,1,1,7,19,23,45,46,35,78,4,0,0,1,2951
000341,223.25,5,0,1,3,3,4,108,9,12,114,0,2,0,1,2952
000005,223.0,4,0,0,4,0,0,111,14,14,119,0,1,0,1,2953
000561,223.0,1,0,4,4,7,0,123,2,10,124,1,0,0,1,2954
000773,223.0,5,2,0,3,0,14,72,66,39,109,1,0,1,2,2955
002876,223.0,10,0,1,5,0,16,83,8,21,86,2,0,0,1,2956
005662,223.0,4,0,0,0,0,12,118,8,14,116,1,0,0,1,2957
004342,222.75,15,0,0,7,2,24,42,43,18,89,3,0,0,1,2958
002091,222.25,7,1,2,4,3,7,74,39,18,109,1,1,0,2,2959
002669,222.25,13,0,1,1,1,0,62,29,29,77,1,0,0,1,2960
005139,222.25,16,0,0,9,7,0,27,59,30,81,2,0,0,1,2961
002877,222.0,3,0,0,1,0,12,114,22,11,129,1,0,0,1,2962
000366,221.75,11,5,1,4,0,43,30,61,39,73,2,2,2,3,2963
001664,221.75,9,4,1,9,25,0,72,3,24,74,3,0,0,1,2964
001427,221.5,4,3,0,0,0,9,98,26,16,115,1,0,0,1,2965
001924,221.5,13,0,0,17,18,0,60,4,29,65,3,0,0,1,2966
006244,221.5,6,2,0,2,0,6,98,10,18,100,1,0,0,1,2967
006462,221.5,19,0,4,9,12,4,20,28,25,55,3,0,0,1,2968
005997,221.25,14,3,0,1,1,29,19,83,29,91,2,0,2,2,2969
007261,221.0,20,0,1,9,18,0,24,22,30,46,3,0,0,1,2970
000124,220.75,9,1,0,1,2,43,81,13,21,84,2,2,1,3,2971
000869,220.75,19,0,2,5,6,32,2,79,25,82,4,0,0,1,2972
005494,220.5,11,0,0,6,15,8,66,26,37,72,2,1,0,2,2973
000042,220.25,5,0,1,0,2,8,88,51,35,110,1,0,0,1,2974
000496,220.25,11,0,0,4,1,8,17,133,26,139,0,3,0,1,2975
003511,220.25,13,0,0,9,10,0,39,55,36,80,1,2,0,2,2976
004337,220.25,11,1,4,14,15,43,44,31,44,61,5,1,0,2,2977
006343,220.25,8,0,0,2,2,4,99,1,10,100,1,0,0,1,2978
001904,220.0,19,0,0,3,6,36,17,60,25,74,4,0,0,1,2979
006558,220.0,1,0,1,15,15,0,114,6,21,116,2,0,0,1,2980
006977,220.0,10,0,0,2,0,4,83,14,13,96,1,0,0,1,2981
007291,219.75,12,0,1,12,7,0,42,53,55,65,2,0,0,1,2982
000170,219.5,14,0,1,1,0,32,63,14,19,74,3,0,0,1,2983
004008,219.5,2,0,1,4,9,0,121,4,12,120,1,0,0,1,2984
006043,219.5,1,2,2,5,8,14,113,10,16,117,2,0,0,1,2985
001670,219.25,11,1,0,8,9,19,44,63,31,96,3,0,0,1,2986
004195,219.25,19,0,0,5,4,20,16,57,17,80,3,0,0,1,2987
004438,219.25,6,2,0,2,0,6,79,45,15,119,1,0,0,1,2988
005021,219.25,12,0,1,5,2,20,57,31,30,76,2,1,0,2,2989
005826,219.25,7,0,0,0,1,8,88,35,18,112,1,0,0,1,2990
006478,219.25,5,2,1,13,17,10,47,87,27,128,1,4,0,2,2991
002653,219.0,0,0,0,0,0,16,126,24,17,133,1,0,0,1,2992
004299,218.75,6,1,2,6,10,7,81,31,27,100,2,0,0,1,2993
000630,218.5,4,0,0,0,0,12,104,30,19,119,1,0,0,1,2994
006270,218.5,10,0,2,1,3,0,82,8,12,91,1,0,0,1,2995
006891,218.5,10,0,6,14,14,4,56,18,30,74,3,0,0,1,2996
003074,218.25,7,2,1,6,6,10,32,111,26,133,1,2,0,2,2997
005222,218.25,9,0,0,1,2,4,56,77,46,97,1,0,0,1,2998
005545,217.75,11,0,1,5,15,16,11,125,47,106,1,2,2,3,2999
006061,217.75,0,2,0,0,0,14,117,27,22,124,1,0,0,1,3000
001752,217.25,4,2,0,0,0,10,106,11,16,107,1,0,0,1,3001
004974,217.0,10,0,0,9,13,0,68,26,39,74,2,0,0,1,3002
003251,216.75,4,2,2,0,2,14,99,11,11,107,1,0,1,2,3003
005168,216.75,7,0,0,1,0,48,92,11,14,97,2,2,1,3,3004
005699,216.75,0,0,0,0,0,8,132,9,11,130,0,1,0,1,3005
005873,216.75,11,3,0,0,1,25,58,29,28,73,2,0,1,2,3006
006305,216.75,2,2,2,8,8,10,90,37,18,123,2,0,0,1,3007
002600,216.5,11,0,0,3,2,32,81,2,14,83,3,0,0,1,3008
006083,216.25,12,0,0,6,10,4,56,31,26,79,0,2,2,2,3009
007384,216.25,15,2,4,8,17,18,20,47,35,61,4,0,0,1,3010
002093,216.0,12,3,1,13,14,5,34,42,33,72,3,0,0,1,3011
003031,216.0,0,0,0,0,0,32,129,14,15,128,2,0,0,1,3012
004582,216.0,4,1,0,0,0,27,100,28,21,112,2,0,0,1,3013
005653,216.0,0,0,0,0,0,32,123,26,11,138,2,0,0,1,3014
005185,215.75,7,6,0,5,4,42,29,93,41,99,3,2,0,2,3015
001487,215.5,11,2,1,5,3,10,44,48,26,85,1,2,0,2,3016
002727,215.25,17,0,3,19,21,12,9,39,35,52,4,0,1,2,3017
003632,215.25,9,0,2,1,4,0,54,69,13,122,0,2,0,1,3018
002025,215.0,14,1,0,2,0,7,14,96,31,96,1,0,1,2,3019
006096,215.0,5,0,0,3,8,0,102,14,23,101,1,0,0,1,3020
007267,215.0,9,4,1,12,14,8,58,16,28,72,3,0,0,1,3021
001450,214.75,0,0,1,1,2,20,124,11,11,126,1,0,1,2,3022
004557,214.5,7,4,0,0,1,20,34,110,39,116,2,0,0,1,3023
001155,214.0,10,0,0,1,1,4,77,20,24,84,1,0,0,1,3024
001549,214.0,7,0,1,2,6,0,72,52,13,121,0,2,0,1,3025
002657,214.0,3,2,0,4,5,18,107,6,16,106,2,0,0,1,3026
002100,213.75,9,0,2,1,0,4,78,19,25,84,1,0,0,1,3027
003257,213.75,15,1,0,7,6,35,23,57,41,62,3,2,0,2,3028
004105,213.75,7,1,1,5,3,31,75,33,26,96,3,0,0,1,3029
006516,213.75,15,0,1,2,2,12,45,31,20,74,2,0,0,1,3030
006643,213.75,18,0,0,1,1,12,19,61,46,53,2,0,0,1,3031
002048,213.5,13,3,1,3,7,13,39,34,29,64,2,1,0,2,3032
003623,213.5,4,2,0,4,0,6,91,28,25,104,1,0,0,1,3033
003961,213.5,13,2,1,3,19,26,45,34,25,73,4,0,0,1,3034
007214,213.25,9,2,0,6,5,10,71,17,28,77,2,0,0,1,3035
001084,213.0,13,1,1,12,14,23,32,48,39,68,4,0,0,1,3036
001621,213.0,3,0,0,1,0,28,98,42,32,112,2,0,0,1,3037
006057,213.0,7,1,0,0,1,7,53,90,28,123,1,0,0,1,3038
007100,213.0,12,3,0,3,5,9,24,82,38,86,2,0,0,1,3039
001347,212.5,7,3,0,1,0,37,71,38,22,98,3,0,0,1,3040
002492,212.5,13,0,0,2,1,0,50,42,36,71,1,0,0,1,3041
002680,212.5,0,2,1,0,3,2,125,0,3,125,0,1,0,1,3042
002903,212.5,13,0,0,2,1,0,67,8,26,64,1,0,0,1,3043
006348,212.5,4,0,0,4,4,4,106,10,20,104,1,0,0,1,3044
002902,212.0,11,0,2,8,7,4,63,14,21,77,2,0,0,1,3045
004277,212.0,12,1,0,12,0,39,31,62,34,84,4,0,0,1,3046
005296,212.0,6,1,0,3,3,3,88,22,24,96,1,0,0,1,3047
001014,211.75,4,0,2,5,5,0,96,19,21,105,1,0,0,1,3048
001875,211.75,4,0,3,4,5,32,96,17,26,98,3,0,0,1,3049
003945,211.75,8,2,0,8,0,30,63,31,21,91,2,0,2,2,3050
004942,211.75,10,3,1,9,16,9,47,37,42,65,3,0,0,1,3051
006278,211.75,8,1,2,7,15,15,80,3,19,82,3,0,0,1,3052
000469,211.5,9,6,5,5,25,46,8,96,13,116,0,12,0,1,3053
003312,211.5,13,1,1,16,22,11,36,30,38,59,4,0,0,1,3054
004041,211.5,5,0,0,2,1,24,85,40,25,107,1,0,2,2,3055
004278,211.5,0,0,0,0,0,32,131,4,10,125,2,0,0,1,3056
005576,211.5,12,0,4,9,11,12,58,4,23,64,3,0,0,1,3057
003550,211.25,12,0,0,4,20,12,6,123,22,123,1,2,2,3,3058
000877,211.0,4,3,0,0,0,41,77,54,18,120,3,0,0,1,3059
002511,211.0,5,1,2,5,12,7,78,38,44,85,2,0,0,1,3060
002856,211.0,13,0,0,3,0,0,44,50,33,77,1,0,0,1,3061
005110,211.0,3,0,0,1,0,36,104,22,20,110,2,1,0,2,3062
005818,211.0,4,0,0,3,1,0,109,4,4,116,0,1,0,1,3063
000916,210.75,8,2,0,1,3,18,54,67,37,95,2,0,0,1,3064
004568,210.75,0,0,0,0,0,16,121,23,26,118,1,0,0,1,3065
006884,210.5,5,0,0,1,2,8,82,52,34,106,1,0,0,1,3066
002598,210.25,4,1,0,0,0,83,77,61,38,105,5,1,0,2,3067
003207,210.25,2,1,0,0,2,3,84,71,31,127,0,1,0,1,3068
006148,210.25,11,3,0,1,0,41,45,39,31,68,2,2,1,3,3069
005349,209.5,16,0,2,13,17,0,37,6,27,47,3,0,0,1,3070
000508,209.25,0,0,0,0,0,16,95,73,45,123,1,0,0,1,3071
002985,208.5,15,0,0,7,6,36,26,56,43,61,4,0,0,1,3072
003425,208.5,0,0,0,0,0,16,121,20,14,127,1,0,0,1,3073
004491,208.5,12,0,5,11,12,8,23,62,48,65,3,0,0,1,3074
006553,208.5,12,0,0,6,6,8,66,6,20,70,2,0,0,1,3075
000894,208.25,11,0,0,8,13,0,61,21,28,73,2,0,0,1,3076
001099,208.25,5,0,0,2,1,8,99,13,16,103,1,0,0,1,3077
005199,208.25,11,0,3,4,6,8,52,35,28,77,2,0,0,1,3078
006556,208.25,9,2,0,5,6,18,53,43,31,81,2,1,0,2,3079
007217,208.25,13,2,0,8,15,10,50,11,17,67,3,0,0,1,3080
006028,208.0,10,0,0,2,0,4,62,40,33,81,1,0,0,1,3081
000098,207.75,9,0,6,17,16,32,48,23,41,62,5,0,0,1,3082
006677,207.75,6,0,2,4,4,0,88,13,20,93,1,0,0,1,3083
000190,207.5,4,6,3,4,9,6,67,24,22,86,1,2,0,2,3084
000634,207.5,8,0,1,4,19,16,73,28,28,86,3,0,0,1,3085
003897,207.5,5,1,0,1,2,15,82,36,36,89,1,0,1,2,3086
006764,207.5,8,0,3,18,23,12,57,24,38,72,4,0,0,1,3087
002045,207.25,7,0,0,6,3,0,59,65,10,127,0,2,0,1,3088
003520,207.25,7,6,0,4,9,22,51,45,33,80,3,0,0,1,3089
004718,207.25,4,0,0,0,0,28,102,19,18,107,2,0,0,1,3090
000884,207.0,12,0,0,6,14,0,55,26,26,73,2,0,0,1,3091
000023,206.75,2,1,0,1,1,19,106,15,9,116,1,0,1,2,3092
000769,206.75,1,2,1,2,0,2,112,5,10,113,0,1,0,1,3093
000289,206.25,12,0,1,1,2,32,63,15,16,76,3,0,0,1,3094
001694,206.25,8,2,0,4,0,2,80,3,18,79,1,0,0,1,3095
001507,206.0,5,0,0,1,2,24,96,18,21,99,2,0,0,1,3096
004415,206.0,0,2,0,0,0,22,104,32,15,123,1,0,1,2,3097
002291,205.75,16,0,0,3,5,24,47,9,14,61,3,0,0,1,3098
004439,205.75,10,0,0,2,12,24,67,27,27,79,3,0,0,1,3099
006095,205.75,15,0,2,6,13,4,12,69,36,68,2,1,0,2,3100
006353,205.75,13,0,1,5,5,8,36,51,27,79,2,0,0,1,3101
000958,205.5,13,2,3,6,10,22,31,32,27,60,3,0,1,2,3102
004374,205.5,0,0,0,0,0,16,116,26,32,110,1,0,0,1,3103
004651,205.25,10,0,2,7,9,20,41,55,41,74,2,2,0,2,3104
006806,205.25,11,0,4,5,4,8,35,59,23,91,2,0,0,1,3105
005515,205.0,4,10,0,1,7,42,62,22,22,77,3,2,0,2,3106
006249,205.0,4,0,0,0,0,28,90,40,29,105,2,0,0,1,3107
006773,205.0,10,0,0,4,2,32,76,4,14,80,3,0,0,1,3108
006938,205.0,4,0,0,5,7,0,84,42,37,98,1,0,0,1,3109
001019,204.75,0,0,0,0,0,8,126,5,7,124,0,1,0,1,3110
001605,204.75,6,1,2,15,9,7,74,3,20,81,2,1,0,2,3111
002294,204.75,4,5,0,1,7,31,67,45,48,74,2,2,0,2,3112
001972,204.5,5,0,1,2,8,0,62,78,11,137,0,2,0,1,3113
001214,204.25,11,1,1,18,18,15,29,49,63,46,4,0,0,1,3114
001808,204.25,0,2,0,0,0,14,112,19,9,124,1,0,0,1,3115
002001,204.25,10,0,0,11,7,4,56,29,22,84,2,0,0,1,3116
005390,204.0,0,0,0,0,0,16,124,8,10,122,1,0,0,1,3117
006349,204.0,7,1,0,0,1,7,88,8,19,85,1,0,0,1,3118
006841,204.0,0,0,0,0,0,16,116,24,19,121,1,0,0,1,3119
007115,204.0,0,0,0,0,0,8,121,14,14,121,0,1,0,1,3120
000315,203.75,5,0,1,8,14,20,84,21,24,95,3,0,0,1,3121
003233,203.75,5,0,0,1,6,4,99,9,11,103,0,2,0,1,3122
005883,203.75,8,3,0,2,2,1,61,35,16,93,1,0,0,1,3123
000108,203.5,3,3,1,1,3,13,75,46,20,109,1,0,1,2,3124
006874,203.25,6,0,0,5,1,20,89,11,17,94,2,0,0,1,3125
000512,202.75,4,0,0,0,0,12,90,37,22,109,1,0,0,1,3126
004271,202.25,12,2,2,0,6,18,14,87,18,99,1,3,0,2,3127
007204,202.25,3,1,0,0,1,59,70,79,21,132,4,0,0,1,3128
006357,202.0,4,0,3,1,8,0,94,14,13,103,1,0,0,1,3129
006435,202.0,11,1,0,6,3,11,61,10,24,65,2,0,0,1,3130
002424,201.75,5,0,0,3,4,12,86,23,7,110,0,2,1,2,3131
003156,201.75,7,0,0,5,0,44,78,11,11,90,2,2,1,3,3132
004305,201.75,0,0,0,0,0,8,126,1,6,121,0,1,0,1,3133
006177,201.75,12,1,1,4,3,19,37,43,15,83,2,0,1,2,3134
001996,201.5,8,0,1,12,11,0,50,50,30,91,2,0,0,1,3135
003432,201.5,8,0,2,1,5,16,71,26,32,76,2,0,0,1,3136
000437,201.25,8,1,0,0,0,23,49,73,41,90,2,0,0,1,3137
003482,201.25,13,0,0,16,19,0,49,1,27,52,3,0,0,1,3138
005689,201.25,2,4,0,0,2,24,89,29,31,93,2,0,0,1,3139
000283,201.0,9,3,0,9,10,1,63,4,16,72,2,0,0,1,3140
001194,201.0,3,0,0,0,1,28,104,16,11,112,2,0,0,1,3141
003808,201.0,9,0,7,18,30,16,19,66,34,85,5,0,0,1,3142
000476,200.75,8,0,0,6,2,0,61,43,42,76,1,0,0,1,3143
002239,200.75,9,4,1,10,20,4,39,39,40,62,3,0,0,1,3144
002277,200.75,14,0,1,12,17,4,42,9,24,54,3,0,0,1,3145
006044,200.75,8,0,3,2,3,0,74,13,22,78,1,0,0,1,3146
006415,200.75,10,0,0,6,0,16,52,37,25,80,1,0,2,2,3147
001567,200.5,4,0,0,5,7,0,99,6,15,99,1,0,0,1,3148
003161,200.5,7,0,0,0,1,8,89,8,10,94,1,0,0,1,3149
006013,200.5,9,2,0,4,3,14,57,32,21,83,2,0,0,1,3150
000702,200.25,7,1,0,1,0,7,50,77,17,119,1,0,0,1,3151
001350,200.25,0,0,0,0,0,32,97,57,37,117,2,0,0,1,3152
002757,200.0,8,0,0,2,2,4,80,12,18,84,1,0,0,1,3153
003689,199.75,4,0,0,0,0,12,84,45,29,104,1,0,0,1,3154
004667,199.75,10,0,0,9,9,20,69,1,23,66,3,0,0,1,3155
001387,199.5,9,0,0,3,0,20,73,14,18,81,2,0,0,1,3156
003604,199.5,6,0,4,3,3,16,73,26,25,87,2,0,0,1,3157
003616,199.5,1,2,2,2,3,22,98,14,15,104,1,0,2,2,3158
006855,199.5,0,0,0,0,0,16,107,36,21,122,1,0,0,1,3159
003202,199.25,4,2,0,0,0,2,90,19,16,99,0,1,0,1,3160
006930,199.25,5,0,0,2,1,8,95,9,14,97,1,0,0,1,3161
001213,199.0,0,0,0,0,0,24,107,30,12,125,1,0,1,2,3162
004419,199.0,3,3,1,1,3,13,85,20,18,95,1,0,1,2,3163
005540,199.0,6,0,0,2,4,12,81,22,17,94,0,2,1,2,3164
006860,198.75,7,1,0,1,0,7,79,17,22,83,1,0,0,1,3165
006540,198.5,8,0,1,8,27,4,62,30,17,92,3,0,0,1,3166
003583,198.25,6,0,0,2,4,28,57,69,33,101,2,0,1,2,3167
000670,198.0,3,3,1,3,1,5,91,8,19,90,1,0,0,1,3168
003559,197.5,4,0,0,3,9,0,80,44,19,112,1,0,0,1,3169
004650,197.5,4,0,2,3,7,0,88,20,27,90,1,0,0,1,3170
001234,197.25,15,0,0,8,1,8,19,53,31,64,2,0,0,1,3171
005028,197.25,7,1,0,1,0,23,34,105,35,113,2,0,0,1,3172
005184,197.25,12,0,0,9,11,0,46,25,32,60,2,0,0,1,3173
005794,197.0,9,4,0,16,15,4,40,24,28,65,3,0,0,1,3174
006409,197.0,6,1,0,2,0,23,39,102,33,117,2,0,0,1,3175
007253,197.0,2,0,1,4,1,0,106,4,6,111,0,1,0,1,3176
005015,196.75,4,0,0,0,0,12,81,47,27,105,1,0,0,1,3177
005335,196.75,7,4,0,9,12,8,49,33,32,70,2,1,0,2,3178
000037,196.25,11,0,6,8,3,4,13,77,23,92,2,0,0,1,3179
004829,196.0,10,0,0,3,3,0,62,22,24,73,1,0,0,1,3180
000340,195.75,10,1,0,11,11,15,59,5,21,65,3,0,0,1,3181
001411,195.75,8,2,2,9,21,6,59,13,24,69,3,0,0,1,3182
003035,195.75,13,1,0,5,2,11,33,41,26,67,2,0,0,1,3183
004202,195.75,0,0,0,0,0,16,106,33,30,109,1,0,0,1,3184
001217,195.25,7,0,3,10,16,12,56,35,27,84,3,0,0,1,3185
000973,194.5,4,0,0,3,9,0,82,36,28,97,1,0,0,1,3186
004630,194.5,12,0,3,8,1,16,32,34,24,65,2,0,1,2,3187
000196,194.25,4,4,0,0,0,8,75,29,20,92,1,0,0,1,3188
000588,194.25,7,1,1,13,11,15,34,73,46,83,3,0,0,1,3189
002581,194.25,6,3,0,5,1,33,73,11,14,84,3,0,0,1,3190
007274,194.25,9,0,2,6,3,28,48,43,21,87,3,0,0,1,3191
004000,193.5,9,0,0,0,3,4,75,8,23,69,1,0,0,1,3192
004931,193.5,0,0,0,0,0,8,111,20,15,116,0,1,0,1,3193
000976,193.0,14,1,5,7,10,11,22,26,31,44,3,0,0,1,3194
004110,192.5,14,0,0,8,2,8,27,40,23,66,2,0,0,1,3195
005787,192.5,6,1,0,1,1,23,48,80,45,91,2,0,0,1,3196
003711,192.0,6,3,0,7,15,1,69,12,15,82,2,0,0,1,3197
004697,192.0,2,2,0,1,1,26,76,54,41,94,2,0,0,1,3198
006219,192.0,0,0,0,0,0,16,116,8,8,116,1,0,0,1,3199
003153,191.75,8,3,0,3,1,1,56,27,27,70,1,0,0,1,3200
004960,191.5,0,0,0,0,0,40,91,52,28,115,2,1,0,2,3201
006796,191.5,7,0,1,14,26,0,60,22,27,77,3,0,0,1,3202
003259,191.25,12,0,0,3,1,0,51,19,26,59,1,0,0,1,3203
004460,191.25,4,1,0,0,0,11,88,19,18,94,1,0,0,1,3204
005869,191.25,9,0,0,6,1,0,61,21,18,79,1,0,0,1,3205
006433,191.25,11,1,0,0,1,43,40,39,31,60,2,2,1,3,3206
006626,191.25,6,0,0,2,0,8,75,29,17,95,1,0,0,1,3207
007389,191.25,13,1,1,2,0,31,28,47,23,69,3,0,0,1,3208
006030,190.75,9,2,1,2,4,14,38,57,20,89,2,0,0,1,3209
007008,190.5,15,0,2,2,1,28,38,10,21,46,3,0,0,1,3210
000967,189.5,9,1,0,5,2,31,40,56,21,90,3,0,0,1,3211
003524,189.5,11,0,1,4,12,4,36,50,40,62,2,0,0,1,3212
003907,189.5,11,0,0,3,6,12,52,24,25,65,2,0,0,1,3213
005739,189.5,5,0,0,7,4,32,73,30,22,93,3,0,0,1,3214
001606,189.25,10,0,1,11,22,20,41,35,31,67,4,0,0,1,3215
005404,189.25,10,0,2,2,2,0,58,15,22,65,1,0,0,1,3216
003756,189.0,9,3,0,5,6,9,54,14,28,57,2,0,0,1,3217
001346,188.75,3,7,0,0,1,37,42,77,24,105,3,0,0,1,3218
001235,188.25,9,0,0,3,0,4,72,1,19,66,1,0,0,1,3219
001307,188.25,7,2,0,2,3,18,35,77,29,94,1,2,0,2,3220
002997,188.0,8,0,0,4,4,0,68,16,20,76,1,0,0,1,3221
004898,188.0,3,1,0,1,0,11,90,18,23,90,1,0,0,1,3222
005969,188.0,11,0,0,1,0,4,54,22,14,74,1,0,0,1,3223
000717,187.75,9,2,0,3,8,10,56,19,18,71,2,0,0,1,3224
001631,187.75,13,0,1,9,13,12,27,37,24,63,3,0,0,1,3225
002706,187.5,9,0,0,5,2,48,40,60,15,99,4,0,0,1,3226
003841,187.5,0,0,0,0,0,16,104,26,20,110,1,0,0,1,3227
004340,187.5,0,0,0,0,0,16,105,24,17,112,1,0,0,1,3228
005447,187.5,0,0,0,0,0,16,108,18,11,115,1,0,0,1,3229
007447,187.5,5,0,0,9,14,12,61,42,37,80,2,1,0,2,3230
004768,187.25,0,1,0,0,0,15,94,39,33,101,1,0,0,1,3231
001982,186.75,0,0,4,0,4,0,106,5,6,109,0,1,0,1,3232
005489,186.5,8,0,2,11,15,12,30,68,23,96,3,0,0,1,3233
000187,185.75,0,1,0,4,0,3,102,13,12,108,0,1,0,1,3234
005601,185.75,5,0,1,1,1,0,80,19,19,87,0,1,0,1,3235
005944,185.75,4,0,0,0,0,20,74,41,19,100,1,0,1,2,3236
007082,185.75,7,2,0,0,1,6,67,19,10,85,1,0,0,1,3237
006797,185.5,10,0,0,3,3,0,47,38,25,73,1,0,0,1,3238
007380,185.5,4,0,1,12,11,4,56,54,22,105,2,0,0,1,3239
000546,185.25,6,0,0,4,6,0,79,9,11,87,1,0,0,1,3240
001489,185.25,6,3,0,1,1,21,71,11,13,79,2,0,0,1,3241
003071,185.25,0,1,0,0,0,39,104,11,13,103,2,1,0,2,3242
004420,185.25,15,0,1,12,32,4,28,7,24,39,4,0,0,1,3243
005032,185.0,3,4,0,7,2,16,69,24,23,84,2,0,0,1,3244
005889,184.75,13,0,0,9,6,36,23,45,47,43,4,0,0,1,3245
001778,184.25,11,0,3,11,15,24,36,21,31,51,4,0,0,1,3246
003453,184.25,0,1,0,0,0,15,85,53,12,127,1,0,0,1,3247
002675,184.0,10,0,0,0,2,4,60,16,17,69,1,0,0,1,3248
005887,184.0,10,0,0,4,2,0,50,28,20,72,1,0,0,1,3249
001587,183.5,0,1,0,0,0,15,92,38,27,104,1,0,0,1,3250
003175,183.5,9,1,1,3,11,7,57,14,19,66,2,0,0,1,3251
004016,183.5,14,0,0,9,9,32,18,44,34,51,4,0,0,1,3252
002500,183.25,4,0,0,3,9,0,91,3,13,88,1,0,0,1,3253
003204,183.25,5,1,1,7,11,7,70,17,17,84,2,0,0,1,3254
004864,183.25,2,1,0,2,0,11,85,29,30,89,1,0,0,1,3255
001647,183.0,2,2,1,6,7,14,78,24,26,87,2,0,0,1,3256
004291,183.0,0,1,0,0,0,39,91,34,26,100,2,1,0,2,3257
005179,183.0,12,0,1,7,20,24,24,50,29,65,4,0,0,1,3258
005322,183.0,6,0,0,10,4,12,60,32,31,77,2,0,0,1,3259
002348,182.5,3,0,1,7,5,8,14,148,20,153,1,1,0,2,3260
004486,182.5,7,3,0,8,17,29,40,46,45,59,4,0,0,1,3261
002457,182.25,3,3,0,1,0,1,83,11,12,89,0,1,0,1,3262
004393,182.25,12,0,0,6,6,8,26,51,19,76,2,0,0,1,3263
005879,182.0,5,0,0,4,7,0,83,6,11,87,1,0,0,1,3264
005905,182.0,2,0,0,1,1,4,101,4,4,104,0,1,0,1,3265
007246,181.75,16,0,1,4,11,16,17,31,29,40,3,0,0,1,3266
000932,181.5,0,0,0,0,0,16,90,46,19,117,1,0,0,1,3267
001995,181.5,0,0,0,0,0,16,105,16,12,109,1,0,0,1,3268
002499,181.5,0,0,0,0,0,16,101,24,18,107,1,0,0,1,3269
007255,181.5,7,0,0,1,0,48,57,34,23,76,2,2,1,3,3270
000278,181.25,0,1,0,0,0,15,104,11,11,105,1,0,0,1,3271
000309,181.25,12,1,2,15,11,7,18,33,30,51,3,0,0,1,3272
000589,181.25,11,0,1,7,5,8,25,55,41,58,2,0,0,1,3273
000419,181.0,11,1,4,1,0,31,28,42,23,64,3,0,0,1,3274
000272,180.75,6,0,1,1,0,8,74,15,13,84,1,0,0,1,3275
002391,180.75,4,8,0,0,0,12,57,15,16,68,1,0,1,2,3276
004566,180.75,3,0,0,1,0,12,71,53,24,104,1,0,0,1,3277
003962,180.5,4,0,0,5,7,8,79,14,15,87,1,1,0,2,3278
004687,180.5,5,0,0,1,2,8,67,42,33,82,1,0,0,1,3279
007410,180.5,5,8,1,1,17,16,10,88,43,70,1,2,2,3,3280
007434,180.25,3,3,1,1,3,13,60,45,15,98,1,0,1,2,3281
007478,179.75,2,3,0,1,1,25,65,53,17,107,2,0,0,1,3282
003750,179.5,9,0,0,6,1,8,23,76,31,83,1,0,1,2,3283
000066,179.25,5,2,1,1,1,22,70,17,22,74,2,0,0,1,3284
004239,179.25,6,0,0,5,13,24,77,3,13,78,3,0,0,1,3285
002995,179.0,4,2,0,0,0,10,83,6,14,81,1,0,0,1,3286
004091,178.75,10,0,1,7,10,4,16,79,51,62,2,0,0,1,3287
005120,178.25,11,0,3,15,19,0,25,27,29,52,3,0,0,1,3288
000911,178.0,3,0,0,1,0,20,73,40,24,93,1,1,0,2,3289
001008,177.75,7,3,0,1,4,25,26,71,31,77,1,2,1,3,3290
003965,177.5,4,6,0,8,8,14,51,20,25,64,2,1,0,2,3291
007469,177.25,11,0,2,5,14,16,0,89,21,86,1,2,2,3,3292
001281,176.75,5,1,0,6,1,35,67,15,18,76,2,0,2,2,3293
004171,176.75,10,2,4,9,13,10,30,19,28,46,3,0,0,1,3294
003466,176.5,9,1,2,8,9,19,24,46,19,71,1,2,2,3,3295
004994,176.5,7,0,2,8,7,8,47,36,32,68,2,0,0,1,3296
005413,176.5,7,0,0,1,0,24,59,34,28,73,2,0,0,1,3297
005001,176.25,6,0,3,9,10,4,51,31,21,79,2,0,0,1,3298
006565,176.25,0,0,0,0,0,16,88,43,15,116,1,0,0,1,3299
006288,176.0,3,4,0,1,0,8,57,48,35,78,1,0,0,1,3300
001188,175.75,1,1,0,2,1,35,86,21,20,91,2,1,0,2,3301
005368,175.75,7,0,1,2,6,16,59,27,16,80,2,0,0,1,3302
007119,175.75,7,3,1,0,0,37,44,41,30,66,3,0,0,1,3303
000430,175.25,11,0,1,11,9,16,25,39,27,60,3,0,0,1,3304
005121,175.0,7,0,0,6,3,0,68,4,16,69,1,0,0,1,3305
001501,174.75,4,1,0,0,0,11,77,19,11,90,1,0,0,1,3306
003707,174.75,0,0,0,0,0,16,83,51,16,118,1,0,0,1,3307
007252,174.5,0,1,0,0,0,15,93,24,17,101,1,0,0,1,3308
002019,174.25,4,0,0,7,5,0,74,17,24,78,1,0,0,1,3309
004085,174.25,12,0,0,0,16,20,33,33,20,58,1,4,0,2,3310
004717,174.25,6,3,0,5,13,21,45,35,30,64,2,2,0,2,3311
007212,174.25,4,0,0,3,1,8,68,37,15,97,1,0,0,1,3312
007215,174.25,13,0,3,4,4,8,13,49,39,43,2,0,0,1,3313
003406,173.75,8,0,2,2,4,16,32,65,30,79,2,0,0,1,3314
004683,173.25,0,0,0,0,0,16,94,27,12,109,1,0,0,1,3315
004698,173.25,0,0,0,0,0,16,93,29,19,103,1,0,0,1,3316
006900,173.25,6,0,1,3,6,0,67,15,19,73,1,0,0,1,3317
007272,173.25,0,0,2,0,6,0,103,1,8,98,0,1,0,1,3318
003183,173.0,4,0,0,0,0,36,81,10,12,83,2,1,0,2,3319
005744,173.0,2,0,0,0,6,0,98,0,10,90,0,1,0,1,3320
000660,172.5,8,5,0,3,1,15,40,20,26,50,2,0,0,1,3321
000704,172.5,3,0,3,20,22,0,60,14,30,70,3,0,0,1,3322
007302,172.5,0,0,0,0,0,16,94,26,20,100,1,0,0,1,3323
002710,172.25,8,0,3,11,10,0,23,59,40,64,2,0,0,1,3324
001900,172.0,10,0,0,2,4,0,44,28,14,70,1,0,0,1,3325
002325,172.0,4,0,0,0,0,12,85,6,5,90,1,0,0,1,3326
003232,172.0,4,0,1,4,27,20,49,66,4,120,0,7,0,1,3327
004036,172.0,9,2,0,3,4,30,31,48,22,71,3,0,0,1,3328
003467,171.75,0,0,2,4,10,0,84,29,26,93,1,0,0,1,3329
005452,171.75,0,0,0,0,0,16,93,27,24,96,1,0,0,1,3330
000279,171.5,11,0,2,9,6,36,2,80,27,77,4,0,0,1,3331
003062,171.5,5,0,1,5,5,0,68,16,25,70,1,0,0,1,3332
006537,171.25,11,1,1,2,6,11,33,29,23,54,2,0,0,1,3333
007194,171.25,4,0,1,13,22,8,67,11,21,75,3,0,0,1,3334
001353,171.0,4,1,0,0,0,11,71,26,23,79,1,0,0,1,3335
006486,171.0,3,0,0,3,6,4,87,4,7,90,0,2,0,1,3336
003405,170.75,7,2,1,12,8,18,36,33,34,57,3,0,0,1,3337
004831,170.75,11,0,8,21,16,8,1,33,36,38,4,0,0,1,3338
005676,170.25,12,0,0,0,0,4,14,71,17,80,1,0,0,1,3339
005807,170.25,9,0,1,6,8,24,21,69,45,61,3,0,0,1,3340
006981,170.25,0,0,0,0,0,16,88,35,16,107,1,0,0,1,3341
001144,170.0,8,0,1,3,0,4,56,14,19,63,1,0,0,1,3342
003448,170.0,5,0,0,6,5,0,76,0,15,72,1,0,0,1,3343
000402,169.75,4,0,2,5,5,16,57,41,41,68,2,0,0,1,3344
003495,169.75,0,2,0,0,0,14,83,31,26,90,1,0,0,1,3345
005233,169.75,10,3,0,2,0,17,17,59,35,56,2,0,0,1,3346
005731,169.0,10,0,0,2,0,4,54,4,12,58,1,0,0,1,3347
001795,168.75,4,1,1,0,7,3,26,109,19,122,0,2,0,1,3348
006351,168.75,0,0,0,0,0,16,96,17,10,103,1,0,0,1,3349
006023,168.25,0,0,0,1,3,20,78,45,27,97,1,0,1,2,3350
000081,168.0,0,0,0,0,0,16,91,26,17,100,1,0,0,1,3351
004783,168.0,0,0,0,0,0,16,99,10,9,100,1,0,0,1,3352
005441,167.75,8,0,2,7,3,12,14,83,31,83,2,0,0,1,3353
001051,167.5,10,0,0,1,1,4,39,34,17,67,1,0,0,1,3354
007072,167.25,0,0,0,0,0,8,101,5,5,101,0,1,0,1,3355
001437,167.0,7,2,0,0,1,6,59,10,11,67,1,0,0,1,3356
003190,166.75,8,1,0,2,6,31,58,5,17,57,3,0,0,1,3357
002783,166.5,8,5,0,0,0,19,33,32,25,53,2,0,0,1,3358
000396,166.0,4,0,0,0,0,12,79,10,7,86,1,0,0,1,3359
000801,166.0,4,7,0,5,3,5,30,46,31,61,1,1,0,2,3360
002699,166.0,6,0,1,4,1,20,51,30,31,61,1,2,0,2,3361
004109,166.0,9,0,0,1,10,20,37,40,12,75,1,3,0,2,3362
000852,165.75,9,0,1,3,3,16,29,53,41,54,2,0,0,1,3363
001451,165.75,4,1,0,0,0,11,59,43,30,77,1,0,0,1,3364
004949,165.75,5,3,4,5,6,1,30,47,10,84,0,2,1,2,3365
004976,165.5,0,4,1,2,5,4,84,2,7,86,0,2,0,1,3366
000002,165.0,4,1,0,0,0,11,73,14,12,80,1,0,0,1,3367
002916,165.0,11,2,0,4,1,14,25,30,30,42,2,0,0,1,3368
000223,164.5,9,2,0,6,5,10,36,22,22,53,2,0,0,1,3369
001228,164.5,1,0,1,1,5,0,94,0,6,91,0,1,0,1,3370
002463,164.5,10,0,0,5,1,0,32,36,22,61,1,0,0,1,3371
004944,164.5,0,0,0,0,0,40,85,28,28,85,2,1,0,2,3372
005307,164.5,3,2,0,2,3,6,71,16,20,74,1,0,0,1,3373
004746,164.25,0,0,0,0,0,16,88,27,21,94,1,0,0,1,3374
001853,163.75,6,0,2,6,2,8,44,33,14,77,1,1,0,2,3375
005894,163.75,7,0,0,5,4,0,60,7,13,66,1,0,0,1,3376
003082,163.5,0,0,0,0,0,8,93,16,15,94,0,1,0,1,3377
004660,163.5,5,2,0,3,0,22,48,40,36,62,2,0,0,1,3378
004655,163.25,2,3,0,0,2,9,75,13,10,83,1,0,0,1,3379
003530,163.0,3,0,0,8,1,12,35,82,43,85,1,0,1,2,3380
004130,163.0,10,0,0,3,3,0,25,52,21,69,1,0,0,1,3381
001135,162.75,3,0,1,2,10,0,77,11,14,80,1,0,0,1,3382
002179,162.75,4,4,0,0,4,4,62,13,12,71,1,0,0,1,3383
004861,162.75,6,0,0,4,6,0,60,17,19,68,1,0,0,1,3384
005600,162.75,9,0,1,8,10,20,40,17,23,52,3,0,0,1,3385
003969,162.5,4,0,0,4,8,0,70,10,11,77,0,1,1,2,3386
004465,162.5,3,1,1,0,0,11,76,10,12,79,1,0,0,1,3387
000324,162.0,0,0,1,0,7,0,97,2,11,89,0,1,0,1,3388
000619,162.0,12,0,1,11,12,28,20,22,22,44,4,0,0,1,3389
003102,162.0,5,3,0,5,10,1,29,60,39,63,1,1,0,2,3390
001983,161.75,6,1,0,2,0,7,64,5,17,61,1,0,0,1,3391
007416,161.75,0,2,0,0,0,22,84,13,16,83,1,0,1,2,3392
000061,161.25,3,6,2,2,5,30,54,11,17,61,3,0,0,1,3393
001758,160.75,0,2,0,0,4,2,86,13,10,91,0,1,0,1,3394
006009,160.5,9,0,0,8,11,4,16,66,30,69,2,0,0,1,3395
001342,160.25,0,1,0,0,0,15,86,19,19,87,1,0,0,1,3396
005458,160.0,4,0,0,3,9,0,74,6,13,74,1,0,0,1,3397
006029,160.0,1,0,0,2,5,0,90,4,12,85,0,1,0,1,3398
001178,159.75,10,1,0,11,11,15,28,19,24,45,3,0,0,1,3399
001382,159.75,7,1,3,6,8,7,39,23,21,58,2,0,0,1,3400
005672,159.75,6,0,1,12,13,16,9,95,40,83,3,0,0,1,3401
001717,159.5,0,2,0,0,0,22,67,44,15,98,1,0,1,2,3402
003133,159.5,11,4,3,5,9,8,15,10,11,37,1,3,0,2,3403
005584,159.0,0,0,0,0,0,8,81,34,20,95,0,1,0,1,3404
005218,158.5,1,0,2,0,5,0,89,0,8,84,0,1,0,1,3405
001783,158.25,14,0,0,1,1,8,17,23,19,36,1,0,1,2,3406
003890,158.25,0,0,0,0,0,16,88,19,16,91,1,0,0,1,3407
005372,158.25,2,0,1,7,6,8,72,9,16,75,1,1,0,2,3408
000137,158.0,7,2,0,1,0,38,29,56,22,73,3,0,0,1,3409
006210,157.25,5,1,4,5,18,7,41,27,29,54,1,3,0,2,3410
002900,157.0,8,1,3,5,4,11,22,46,33,52,2,0,0,1,3411
007409,157.0,4,0,0,4,8,0,58,32,12,86,1,0,0,1,3412
007158,156.5,6,4,0,2,0,20,43,20,21,54,2,0,0,1,3413
002428,156.25,4,0,0,6,6,0,58,27,13,82,1,0,0,1,3414
003726,156.25,6,0,1,1,4,20,48,29,19,66,1,0,2,2,3415
004797,156.25,1,0,1,0,6,0,86,7,4,91,0,1,0,1,3416
005740,156.25,4,0,0,6,6,0,62,19,25,66,1,0,0,1,3417
006800,156.25,10,1,1,3,14,11,11,55,31,50,1,3,0,2,3418
004608,156.0,0,0,0,0,0,16,66,60,27,99,1,0,0,1,3419
000203,155.75,7,0,1,2,2,12,29,55,40,54,1,0,1,2,3420
001768,155.5,7,0,0,4,1,4,42,34,19,68,1,0,0,1,3421
000806,155.25,0,0,0,0,0,8,90,11,15,86,0,1,0,1,3422
004470,155.25,0,0,0,2,6,0,93,1,9,87,0,1,0,1,3423
005197,155.25,0,0,0,0,0,16,90,11,11,90,1,0,0,1,3424
004242,155.0,5,0,3,9,7,8,34,46,48,49,2,0,0,1,3425
005582,154.0,0,0,0,0,0,24,84,16,10,90,1,0,1,2,3426
000979,153.75,0,0,0,0,0,16,80,29,14,95,1,0,0,1,3427
001619,153.75,3,0,0,5,8,0,67,17,19,73,1,0,0,1,3428
000952,153.5,5,0,13,14,16,0,13,36,44,37,3,0,0,1,3429
002735,153.5,2,0,0,0,6,0,85,0,10,77,0,1,0,1,3430
004349,153.25,1,1,2,6,7,15,30,87,21,106,1,2,0,2,3431
006807,153.25,1,0,1,0,6,0,70,35,14,93,0,1,0,1,3432
000969,153.0,3,0,0,0,1,12,67,26,21,75,1,0,0,1,3433
000147,152.75,1,2,3,0,0,2,51,51,23,85,0,1,0,1,3434
005912,152.0,1,6,3,2,2,10,48,20,7,73,1,0,1,2,3435
005914,151.5,3,4,0,1,0,40,37,50,23,72,2,0,2,2,3436
002136,151.25,8,3,1,6,5,25,15,45,26,52,3,0,0,1,3437
001579,150.75,6,0,4,13,9,0,1,85,24,85,2,0,0,1,3438
001846,150.5,2,0,1,0,5,0,78,6,11,76,0,1,0,1,3439
000981,150.25,13,0,0,2,1,32,21,17,22,31,3,0,0,1,3440
003226,150.25,4,3,0,2,2,37,15,93,38,79,3,0,0,1,3441
007144,150.25,12,2,1,8,11,14,6,27,19,37,3,0,0,1,3442
005477,150.0,3,0,0,0,1,12,58,40,8,93,1,0,0,1,3443
006465,150.0,0,0,0,0,0,32,75,34,25,84,2,0,0,1,3444
000394,149.75,1,0,0,2,1,20,71,23,18,79,1,1,0,2,3445
003306,149.75,6,1,0,2,4,3,26,65,13,87,0,2,0,1,3446
005070,149.5,0,0,0,0,0,40,79,20,20,79,2,1,0,2,3447
002359,149.25,6,0,2,6,6,12,17,73,36,68,2,0,0,1,3448
004040,149.25,0,0,0,0,0,16,91,1,8,84,1,0,0,1,3449
007371,149.25,12,0,0,10,6,4,18,15,19,36,2,0,0,1,3450
005955,148.75,4,0,3,9,16,0,33,49,37,61,2,0,0,1,3451
006071,148.5,5,0,0,7,12,8,18,80,34,76,0,2,2,2,3452
007303,148.5,3,0,0,6,11,28,61,20,22,68,3,0,0,1,3453
003399,148.0,6,2,0,1,5,2,45,20,24,50,1,0,0,1,3454
002246,147.75,2,2,0,3,3,6,64,15,20,66,1,0,0,1,3455
000263,147.0,0,3,0,1,3,1,79,0,12,71,0,1,0,1,3456
003635,147.0,0,0,0,0,0,16,78,24,16,86,1,0,0,1,3457
004487,147.0,5,2,0,4,3,2,0,112,30,93,0,2,0,1,3458
003552,146.75,1,0,3,4,8,16,6,133,23,124,1,2,0,2,3459
003798,146.75,4,2,0,0,0,10,44,41,20,71,1,0,0,1,3460
006222,146.75,2,0,1,0,5,0,78,1,11,71,0,1,0,1,3461
003950,146.25,0,0,0,0,0,16,56,67,28,95,1,0,0,1,3462
004429,146.25,0,0,0,0,0,16,63,53,26,90,1,0,0,1,3463
007130,146.0,3,2,3,2,0,14,42,32,19,65,1,0,1,2,3464
000094,145.75,5,1,3,1,3,3,41,29,11,69,1,0,0,1,3465
000618,145.75,5,5,0,1,2,11,28,35,8,66,1,0,1,2,3466
007112,145.5,6,0,1,4,5,0,38,34,26,57,1,0,0,1,3467
005735,145.0,1,0,0,1,6,0,83,0,11,74,0,1,0,1,3468
002534,144.75,5,2,0,1,14,10,40,35,26,57,2,0,0,1,3469
003038,144.75,3,0,0,0,1,12,70,9,11,71,1,0,0,1,3470
004373,144.5,8,0,0,6,10,8,29,32,27,48,2,0,0,1,3471
005004,144.5,4,2,0,9,7,26,37,34,28,58,3,0,0,1,3472
000118,144.25,1,0,0,1,2,4,47,71,11,109,0,1,0,1,3473
000595,144.25,6,0,0,3,15,8,19,71,30,69,1,2,0,2,3474
003970,144.25,3,5,0,1,0,23,39,35,17,66,2,0,0,1,3475
006804,144.25,1,0,0,0,7,0,81,5,10,77,0,1,0,1,3476
000028,144.0,0,0,0,1,7,0,81,12,10,84,0,1,0,1,3477
001249,144.0,0,0,1,2,5,0,83,2,10,78,0,1,0,1,3478
002320,143.75,7,0,0,1,0,16,16,71,24,71,1,0,1,2,3479
005801,143.5,1,0,1,0,6,0,81,0,5,78,0,1,0,1,3480
006720,143.5,4,0,0,6,6,16,41,44,22,73,2,0,0,1,3481
006451,143.25,0,0,4,0,4,0,77,5,9,77,0,1,0,1,3482
007391,143.25,0,0,0,0,0,16,53,69,42,80,1,0,0,1,3483
001260,142.75,10,0,0,10,12,0,27,7,21,33,2,0,0,1,3484
006581,142.75,13,0,2,4,29,0,14,9,20,22,3,0,0,1,3485
000477,142.25,2,0,0,2,4,0,75,1,8,72,0,1,0,1,3486
003584,142.25,5,0,2,5,4,0,49,11,17,55,1,0,0,1,3487
007345,142.0,4,0,0,0,0,12,60,16,16,64,1,0,0,1,3488
006152,141.75,0,0,0,3,5,0,83,1,11,76,0,1,0,1,3489
002809,141.5,4,2,0,0,0,26,8,106,28,92,2,0,0,1,3490
005170,141.5,3,5,0,7,6,11,4,84,31,72,1,2,0,2,3491
003247,141.0,0,3,0,2,2,1,72,4,10,71,0,1,0,1,3492
003771,141.0,3,0,2,4,7,0,46,36,25,66,1,0,0,1,3493
003315,140.75,2,0,0,1,5,0,75,1,10,69,0,1,0,1,3494
006786,140.25,0,0,0,0,0,16,58,55,27,86,1,0,0,1,3495
000682,140.0,1,5,0,2,1,23,47,30,32,53,2,0,0,1,3496
005586,140.0,6,1,2,4,8,11,12,68,35,58,2,0,0,1,3497
004763,139.75,10,0,3,2,9,8,18,25,19,39,2,0,0,1,3498
001923,139.5,0,0,5,0,3,0,75,0,9,71,0,1,0,1,3499
000624,139.25,6,1,0,11,19,11,17,51,29,57,3,0,0,1,3500
002958,139.25,2,0,0,1,13,0,73,3,10,69,1,0,0,1,3501
005736,139.25,8,0,3,3,2,16,4,69,31,56,2,0,0,1,3502
002830,139.0,4,0,0,2,10,0,58,12,10,66,1,0,0,1,3503
000078,138.5,7,2,1,10,6,22,16,34,32,38,3,0,0,1,3504
000560,138.5,1,3,3,4,0,13,43,28,11,71,1,0,1,2,3505
003738,138.5,2,0,0,5,9,0,62,16,22,63,1,0,0,1,3506
006321,138.0,0,0,0,0,0,16,66,36,14,88,1,0,0,1,3507
001088,137.5,1,0,2,0,5,0,69,12,5,79,0,1,0,1,3508
004679,137.25,0,0,1,0,7,0,71,21,11,82,0,1,0,1,3509
006703,137.0,3,1,0,3,6,3,45,36,17,71,0,2,0,1,3510
002764,136.5,0,0,0,0,0,16,65,36,15,86,1,0,0,1,3511
005062,136.5,0,0,0,0,0,16,38,90,58,70,1,0,0,1,3512
000132,136.25,5,0,0,4,3,36,52,7,10,58,3,0,0,1,3513
003421,136.25,0,4,1,0,3,0,66,3,10,64,0,1,0,1,3514
003682,136.25,1,0,3,3,1,16,47,39,22,71,1,0,1,2,3515
006521,136.25,3,4,1,1,7,0,44,17,14,56,1,0,0,1,3516
001797,136.0,5,1,1,14,20,7,39,2,21,41,3,0,0,1,3517
005329,136.0,1,0,2,1,4,0,70,6,12,68,0,1,0,1,3518
007351,135.75,0,0,2,0,6,0,76,5,10,73,0,1,0,1,3519
001881,135.25,0,0,0,0,0,24,71,17,15,73,1,0,1,2,3520
006698,135.0,0,0,0,0,0,16,53,58,25,86,1,0,0,1,3521
004149,134.75,3,2,1,4,8,14,32,41,18,65,0,2,2,2,3522
005683,134.25,0,0,0,0,8,0,78,7,10,75,0,1,0,1,3523
002075,133.75,0,2,0,0,0,6,66,17,14,71,0,1,0,1,3524
002220,133.5,3,0,0,0,1,12,54,26,17,66,1,0,0,1,3525
000450,133.25,0,1,0,0,0,15,73,9,13,70,1,0,0,1,3526
001113,133.25,2,0,0,0,6,0,71,1,4,70,0,1,0,1,3527
003210,133.25,3,2,0,2,3,14,37,37,20,61,1,0,1,2,3528
000251,133.0,0,5,0,0,0,11,49,30,11,73,0,2,0,1,3529
001314,132.75,0,3,2,0,6,5,66,1,8,64,0,2,0,1,3530
000355,132.5,3,1,0,3,2,7,43,34,34,50,1,0,0,1,3531
006472,132.5,1,2,1,0,2,2,46,42,9,83,0,1,0,1,3532
000810,132.25,4,0,0,7,5,0,40,29,13,67,1,0,0,1,3533
002034,132.25,4,0,0,5,7,0,38,37,26,58,1,0,0,1,3534
007136,132.25,7,0,2,1,6,0,24,37,14,57,0,2,0,1,3535
001488,131.75,2,0,0,4,2,0,39,55,19,81,0,1,0,1,3536
001932,131.75,8,0,1,4,3,16,19,35,27,40,2,0,0,1,3537
001025,131.5,3,2,0,4,5,18,50,10,17,52,2,0,0,1,3538
006847,131.5,3,2,0,0,1,2,39,40,14,70,0,1,0,1,3539
002287,131.25,0,3,0,0,4,1,59,21,12,71,0,1,0,1,3540
002651,131.25,0,3,0,0,4,1,59,21,12,71,0,1,0,1,3541
002347,131.0,11,0,0,5,4,28,6,34,19,37,3,0,0,1,3542
000543,130.75,7,0,1,15,9,0,9,41,24,49,2,0,0,1,3543
002504,130.75,0,2,0,0,0,14,58,29,13,76,1,0,0,1,3544
002590,129.25,7,0,0,1,0,8,30,29,22,45,1,0,0,1,3545
000290,129.0,0,0,1,1,6,0,59,32,13,80,0,1,0,1,3546
001381,129.0,0,0,0,0,0,16,66,24,24,66,1,0,0,1,3547
000381,128.75,5,0,1,0,2,0,47,11,10,54,0,1,0,1,3548
000321,128.5,4,0,0,13,15,16,13,66,42,54,3,0,0,1,3549
002726,128.5,6,2,0,2,0,38,16,50,29,47,3,0,0,1,3550
003292,128.25,0,0,0,0,0,16,54,47,15,86,1,0,0,1,3551
003874,128.25,3,0,0,1,0,12,6,113,21,102,1,0,0,1,3552
006280,128.25,1,2,2,1,0,18,36,45,19,68,1,0,1,2,3553
002717,127.5,0,0,0,0,0,16,56,42,16,82,1,0,0,1,3554
004125,127.5,0,0,1,2,5,0,65,16,10,74,0,1,0,1,3555
004116,127.25,2,0,0,0,2,4,67,1,8,62,0,1,0,1,3556
006592,127.0,1,0,2,4,9,0,56,16,17,62,1,0,0,1,3557
001635,126.75,0,0,0,0,0,16,64,25,19,70,1,0,0,1,3558
002516,126.75,3,0,0,10,19,0,48,9,14,56,2,0,0,1,3559
004021,126.75,2,2,2,0,0,2,56,1,8,55,0,1,0,1,3560
002127,126.5,0,4,0,0,0,28,52,22,22,56,2,0,0,1,3561
003703,126.5,1,2,0,0,3,2,64,2,12,57,0,1,0,1,3562
000566,126.0,3,0,0,0,1,12,31,62,35,61,1,0,0,1,3563
005017,125.5,1,0,1,0,6,0,66,6,6,68,0,1,0,1,3564
006168,125.25,0,0,0,0,0,16,63,25,23,65,1,0,0,1,3565
007023,125.25,0,0,1,0,7,0,73,1,11,64,0,1,0,1,3566
001547,125.0,2,0,3,0,3,0,56,8,6,63,0,1,0,1,3567
004722,124.5,3,0,0,0,1,4,32,58,9,84,0,1,0,1,3568
006709,124.5,3,0,0,5,8,0,52,8,16,52,1,0,0,1,3569
007084,124.5,0,0,3,1,4,0,66,4,11,63,0,1,0,1,3570
006873,124.25,5,0,0,2,1,0,43,13,6,57,0,1,0,1,3571
001654,123.75,0,3,0,1,3,1,59,9,12,60,0,1,0,1,3572
005347,123.75,3,3,0,0,1,41,30,41,32,45,3,0,0,1,3573
002945,123.25,7,0,0,7,2,0,32,5,11,40,1,0,0,1,3574
003747,123.25,4,3,0,2,2,21,1,85,24,71,2,0,0,1,3575
002159,123.0,0,0,0,0,8,0,74,0,11,63,0,1,0,1,3576
002811,123.0,0,0,0,0,8,0,74,0,6,68,0,1,0,1,3577
005978,122.5,1,0,1,5,9,0,58,8,8,65,1,0,0,1,3578
005743,121.5,0,0,0,4,0,4,58,22,7,77,0,1,0,1,3579
004591,120.75,0,0,0,0,0,16,59,27,16,70,1,0,0,1,3580
007165,120.75,6,0,1,7,18,16,20,31,42,23,3,0,0,1,3581
005050,120.5,2,0,0,1,5,0,62,0,4,61,0,1,0,1,3582
000314,119.5,5,1,0,14,9,19,7,48,26,49,3,0,0,1,3583
002245,119.5,5,0,0,3,0,48,19,42,27,42,2,2,1,3,3584
003177,119.25,0,0,1,0,7,0,69,1,12,59,0,1,0,1,3585
002118,119.0,2,0,0,1,1,28,10,102,41,74,2,0,0,1,3586
001018,118.5,3,0,1,5,7,0,46,8,14,49,1,0,0,1,3587
006215,118.5,0,0,3,0,5,0,65,0,8,60,0,1,0,1,3588
007079,118.5,0,0,0,0,0,16,58,26,15,69,1,0,0,1,3589
001431,118.0,1,0,4,0,3,0,57,2,10,54,0,1,0,1,3590
004087,117.5,0,1,0,0,0,15,37,60,26,72,1,0,0,1,3591
004904,117.5,5,0,0,5,6,16,5,74,8,81,2,0,0,1,3592
007154,117.5,2,0,0,0,6,0,61,0,8,55,0,1,0,1,3593
004508,117.25,1,0,3,0,4,0,57,5,11,55,0,1,0,1,3594
006240,117.25,1,0,0,0,7,0,51,29,5,76,0,1,0,1,3595
000862,117.0,3,0,1,2,10,0,47,10,4,59,0,2,0,1,3596
001374,117.0,0,0,1,1,6,0,65,4,9,62,0,1,0,1,3597
002693,116.25,0,3,1,0,3,1,47,21,10,62,0,1,0,1,3598
003492,116.25,1,1,0,0,3,3,53,17,10,62,0,1,0,1,3599
007201,115.25,0,1,0,0,0,7,57,17,14,61,0,1,0,1,3600
003269,115.0,1,0,0,1,6,0,61,4,5,62,0,1,0,1,3601
002329,114.75,0,0,0,0,0,16,62,13,7,68,1,0,0,1,3602
006258,114.75,0,0,0,0,8,0,68,1,7,62,0,1,0,1,3603
003435,114.5,2,0,1,0,5,0,50,14,11,56,0,1,0,1,3604
000126,114.25,4,0,1,3,8,0,2,85,24,71,1,0,0,1,3605
001574,114.25,1,0,0,1,6,0,42,41,20,65,0,1,0,1,3606
003242,114.25,7,0,1,5,3,0,26,5,14,30,1,0,0,1,3607
001344,114.0,6,0,0,0,2,24,21,38,19,46,2,0,0,1,3608
002720,114.0,0,0,0,0,0,16,40,56,26,70,1,0,0,1,3609
003266,114.0,3,0,0,7,6,0,32,30,23,49,1,0,0,1,3610
004034,114.0,6,0,0,12,10,4,17,22,24,33,2,0,0,1,3611
003737,113.25,3,0,0,0,5,0,41,25,13,56,0,1,0,1,3612
002502,113.0,7,0,3,7,3,4,8,22,14,33,1,1,0,2,3613
004223,113.0,4,0,2,6,4,8,23,26,16,45,1,1,0,2,3614
002875,112.75,1,0,0,0,7,0,61,3,11,54,0,1,0,1,3615
000365,112.0,1,0,0,1,6,0,58,6,8,58,0,1,0,1,3616
001397,112.0,1,0,1,0,6,0,58,4,9,55,0,1,0,1,3617
005958,112.0,1,0,3,0,4,0,53,6,3,60,0,1,0,1,3618
007327,111.75,0,0,0,1,7,0,59,13,5,68,0,1,0,1,3619
002994,111.5,2,0,0,0,6,0,57,0,13,46,0,1,0,1,3620
007477,111.25,1,0,0,1,6,0,60,1,9,54,0,1,0,1,3621
002767,111.0,0,0,3,0,5,0,46,28,11,66,0,1,0,1,3622
002004,110.75,3,4,0,0,1,8,25,27,19,40,1,0,0,1,3623
003491,110.5,1,0,1,2,4,0,55,4,9,54,0,1,0,1,3624
006332,110.5,4,0,0,0,0,12,17,60,28,53,1,0,0,1,3625
007048,110.25,4,1,0,5,3,19,22,33,12,53,2,0,0,1,3626
002334,109.75,1,0,1,1,5,0,56,3,5,57,0,1,0,1,3627
001037,109.5,0,0,1,0,7,0,63,0,12,52,0,1,0,1,3628
004323,109.5,0,0,1,0,7,0,61,4,7,59,0,1,0,1,3629
005916,109.5,0,0,0,0,0,16,47,36,9,74,1,0,0,1,3630
006701,109.25,0,1,0,0,0,15,55,13,12,57,1,0,0,1,3631
003221,109.0,1,0,1,0,6,0,53,10,4,61,0,1,0,1,3632
005899,109.0,1,0,1,1,5,0,51,12,6,60,0,1,0,1,3633
001650,108.75,0,0,0,0,0,16,49,31,7,73,1,0,0,1,3634
002548,108.5,3,1,0,1,0,3,32,28,5,60,0,1,0,1,3635
004136,108.25,1,0,1,0,6,0,56,3,5,56,0,1,0,1,3636
007344,108.25,1,0,1,0,6,0,57,1,7,53,0,1,0,1,3637
003024,107.75,3,1,1,0,0,3,43,3,5,46,0,1,0,1,3638
000199,107.25,0,0,0,1,7,0,62,1,11,53,0,1,0,1,3639
007110,107.25,0,0,5,0,3,0,53,1,3,56,0,1,0,1,3640
001441,106.75,1,0,0,0,7,0,57,3,15,46,0,1,0,1,3641
007278,106.5,0,0,3,2,3,0,52,6,7,56,0,1,0,1,3642
005760,105.75,0,0,2,1,5,0,57,1,8,53,0,1,0,1,3643
001272,105.5,2,0,0,0,6,0,51,4,9,48,0,1,0,1,3644
000407,105.25,1,0,2,1,4,0,51,3,5,53,0,1,0,1,3645
001702,105.25,0,0,1,7,8,8,32,37,18,59,1,1,0,2,3646
002299,105.25,1,0,0,2,5,0,55,1,5,54,0,1,0,1,3647
003331,105.25,1,0,0,1,6,0,54,5,8,53,0,1,0,1,3648
006666,105.25,1,0,0,0,7,0,56,3,4,56,0,1,0,1,3649
000721,105.0,0,0,2,0,6,0,57,2,5,56,0,1,0,1,3650
002243,105.0,2,0,4,3,7,16,30,18,13,44,1,2,0,2,3651
000698,104.75,4,0,0,7,9,4,26,15,11,41,1,0,1,2,3652
006955,104.5,1,0,2,0,5,0,52,2,5,52,0,1,0,1,3653
000020,103.75,4,0,0,2,10,0,33,15,10,44,1,0,0,1,3654
002763,103.75,1,0,1,0,6,0,41,27,9,61,0,1,0,1,3655
002310,103.5,0,0,0,2,6,0,59,0,12,49,0,1,0,1,3656
004502,103.5,0,0,0,0,0,16,47,28,22,53,1,0,0,1,3657
006118,103.5,0,1,0,0,0,47,31,48,20,60,2,2,0,2,3658
004588,103.25,3,1,0,0,1,11,38,11,11,42,0,2,0,1,3659
000498,103.0,1,3,0,1,2,1,39,12,7,49,0,1,0,1,3660
007310,103.0,1,0,4,1,2,0,45,4,8,47,0,1,0,1,3661
002881,102.75,0,0,1,0,7,0,57,3,8,53,0,1,0,1,3662
000102,102.5,7,2,0,0,1,22,5,32,12,34,2,0,0,1,3663
004724,102.5,2,0,0,1,5,0,37,26,4,62,0,1,0,1,3664
000746,102.0,0,0,3,1,4,0,51,4,10,49,0,1,0,1,3665
001804,102.0,0,0,1,1,6,0,54,6,5,57,0,1,0,1,3666
002529,101.5,1,0,0,1,6,0,53,2,5,52,0,1,0,1,3667
003787,101.5,1,0,0,1,6,0,54,0,10,46,0,1,0,1,3668
004469,101.5,1,0,1,1,5,0,43,18,11,53,0,1,0,1,3669
006832,101.25,0,0,0,0,0,8,20,79,10,89,0,1,0,1,3670
003295,101.0,0,4,0,0,4,0,44,4,8,44,0,1,0,1,3671
007369,101.0,0,1,0,0,0,7,28,56,8,77,0,1,0,1,3672
004521,100.75,1,0,0,0,7,0,52,5,10,48,0,1,0,1,3673
004873,100.5,3,0,0,3,10,0,35,14,12,43,1,0,0,1,3674
007343,100.5,0,0,0,0,0,16,55,8,9,54,1,0,0,1,3675
006850,99.75,3,0,1,16,12,0,21,11,22,30,2,0,0,1,3676
002613,99.5,5,0,0,4,3,4,14,34,2,55,0,2,0,1,3677
002488,98.75,3,2,0,8,1,10,5,43,16,45,1,0,1,2,3678
002993,98.5,2,4,0,1,1,40,20,28,17,38,3,0,0,1,3679
006656,98.5,1,0,0,1,6,0,52,0,14,40,0,1,0,1,3680
003134,98.25,2,2,1,1,0,2,36,5,5,42,0,1,0,1,3681
002478,97.75,1,0,0,0,7,0,51,3,6,49,0,1,0,1,3682
005724,97.75,1,0,2,0,5,0,41,15,8,51,0,1,0,1,3683
006151,97.5,0,0,1,1,6,0,52,4,11,47,0,1,0,1,3684
005812,97.0,4,0,0,1,3,0,35,4,6,38,0,1,0,1,3685
006685,96.75,0,0,0,3,5,0,52,3,10,48,0,1,0,1,3686
006434,95.75,2,0,0,0,2,4,40,13,8,47,0,1,0,1,3687
000398,95.5,1,0,0,2,5,0,43,12,7,51,0,1,0,1,3688
005422,95.5,0,2,0,1,3,2,42,12,11,46,0,1,0,1,3689
002336,95.25,3,0,0,1,0,28,22,37,26,37,2,0,0,1,3690
003330,95.25,0,0,1,0,7,0,53,1,4,51,0,1,0,1,3691
007375,95.25,0,0,0,0,0,8,46,19,6,59,0,1,0,1,3692
000604,94.5,0,0,1,2,5,0,49,4,4,52,0,1,0,1,3693
003350,94.5,0,3,0,0,0,13,39,12,13,41,1,0,0,1,3694
000065,94.25,0,1,0,0,0,7,23,57,12,69,0,1,0,1,3695
001817,94.0,0,2,1,0,3,2,45,2,6,44,0,1,0,1,3696
004732,94.0,1,0,1,6,8,0,21,42,17,54,1,0,0,1,3697
003998,93.75,0,0,0,4,20,24,34,33,26,45,3,0,0,1,3698
005806,93.5,1,2,0,0,3,2,32,22,7,50,0,1,0,1,3699
005931,93.5,2,0,0,2,4,0,43,0,7,40,0,1,0,1,3700
000826,93.25,0,2,0,0,0,6,34,27,2,61,0,1,0,1,3701
003905,93.0,0,0,1,2,5,0,50,0,11,42,0,1,0,1,3702
001689,92.75,1,2,0,0,3,2,34,17,14,40,0,1,0,1,3703
003066,92.75,5,0,0,2,1,40,11,35,27,26,3,0,0,1,3704
003981,92.0,2,0,1,1,4,0,40,2,8,38,0,1,0,1,3705
001477,91.75,0,2,0,0,4,2,46,1,8,41,0,1,0,1,3706
000058,91.5,0,0,2,0,6,0,49,0,15,36,0,1,0,1,3707
005805,91.5,0,0,0,0,0,16,50,6,6,50,1,0,0,1,3708
000581,91.25,3,1,0,1,0,11,17,35,17,40,1,0,0,1,3709
004482,90.75,0,0,1,1,6,0,42,15,10,49,0,1,0,1,3710
005429,90.75,0,0,2,1,5,0,30,35,9,59,0,1,0,1,3711
000281,90.0,0,0,0,0,0,16,28,48,27,49,1,0,0,1,3712
007288,88.75,1,0,0,1,6,0,40,11,13,40,0,1,0,1,3713
001421,88.5,0,0,2,1,5,0,45,2,3,47,0,1,0,1,3714
007258,88.0,0,2,0,0,0,14,24,40,24,42,1,0,0,1,3715
006194,87.25,1,0,1,0,6,0,42,3,10,37,0,1,0,1,3716
006676,87.25,1,0,0,2,5,0,40,7,4,46,0,1,0,1,3717
007436,87.0,6,0,0,1,1,0,13,16,4,32,0,1,0,1,3718
003649,86.75,2,0,0,0,6,0,31,19,11,41,0,1,0,1,3719
000156,85.5,0,0,2,0,6,0,44,2,4,44,0,1,0,1,3720
006411,85.5,0,0,0,1,7,0,48,0,8,41,0,1,0,1,3721
001189,84.0,0,0,0,1,7,0,47,0,10,38,0,1,0,1,3722
001384,84.0,0,0,2,1,5,0,39,8,8,42,0,1,0,1,3723
004762,84.0,0,0,0,0,8,0,48,0,13,35,0,1,0,1,3724
000774,83.25,2,0,1,0,1,20,17,33,16,37,1,0,1,2,3725
004986,83.25,0,0,2,1,5,0,41,3,5,42,0,1,0,1,3726
001946,82.5,0,7,0,0,0,17,11,20,12,26,1,0,1,2,3727
006354,82.5,0,0,1,0,7,0,39,12,11,41,0,1,0,1,3728
000509,82.0,1,0,1,2,4,0,30,16,13,37,0,1,0,1,3729
001984,82.0,1,0,0,0,3,4,38,8,10,37,0,1,0,1,3730
003634,81.0,0,0,0,0,8,0,39,14,6,47,0,1,0,1,3731
002058,79.5,0,0,2,0,6,0,29,24,6,49,0,1,0,1,3732
003481,79.5,0,0,4,0,4,0,33,8,9,36,0,1,0,1,3733
002686,78.5,4,0,0,0,0,20,21,4,3,26,1,0,1,2,3734
007448,78.5,2,0,1,1,4,0,28,8,6,34,0,1,0,1,3735
000761,78.25,4,0,0,0,12,0,11,29,8,36,1,0,0,1,3736
001478,77.25,3,0,1,2,10,0,8,35,8,41,1,0,0,1,3737
001835,77.25,1,4,0,2,1,0,16,15,7,31,0,1,0,1,3738
006393,76.5,0,0,3,4,9,0,23,20,15,35,1,0,0,1,3739
001667,75.75,0,0,0,0,4,4,27,31,21,37,0,1,0,1,3740
003162,75.75,0,0,2,0,6,0,36,5,9,34,0,1,0,1,3741
004343,75.5,2,0,0,3,3,8,20,20,7,38,0,2,0,1,3742
006228,75.0,0,0,0,0,0,8,37,10,6,41,0,1,0,1,3743
005124,74.5,1,0,1,0,6,0,29,12,10,33,0,1,0,1,3744
001782,74.0,2,0,0,1,5,0,30,2,10,25,0,1,0,1,3745
000971,73.5,0,0,0,0,0,8,19,44,15,48,0,1,0,1,3746
002889,73.5,3,0,0,2,3,8,3,44,7,45,0,2,0,1,3747
005854,72.5,2,0,1,6,7,0,8,30,24,23,1,0,0,1,3748
004237,72.25,1,0,1,2,4,0,30,3,6,31,0,1,0,1,3749
001191,71.25,0,0,2,0,6,0,30,11,12,31,0,1,0,1,3750
005746,71.25,0,0,0,0,8,0,38,3,3,38,0,1,0,1,3751
005359,70.5,0,0,0,0,0,16,19,40,14,45,1,0,0,1,3752
006819,70.0,0,6,0,0,0,18,10,12,7,21,1,0,1,2,3753
000327,68.25,0,0,1,1,6,0,33,3,6,32,0,1,0,1,3754
003582,66.0,0,0,2,7,7,0,10,30,11,38,1,0,0,1,3755
003571,63.75,0,0,2,1,5,0,20,19,6,36,0,1,0,1,3756
004049,63.75,0,0,1,1,6,0,28,7,10,27,0,1,0,1,3757
003573,62.25,1,2,0,1,2,18,7,23,4,30,1,0,1,2,3758
004903,61.5,0,0,1,0,7,0,30,2,8,25,0,1,0,1,3759
005434,61.5,1,1,0,2,5,15,15,16,7,28,0,3,0,1,3760
005559,60.75,0,0,2,1,5,0,22,11,13,23,0,1,0,1,3761
004634,58.5,0,0,0,0,8,0,31,0,6,25,0,1,0,1,3762
002108,55.5,0,0,2,0,6,0,20,10,7,25,0,1,0,1,3763
000841,52.5,0,0,3,0,5,0,19,4,6,20,0,1,0,1,3764
004224,52.0,0,0,1,1,6,16,7,28,19,18,1,0,1,2,3765
002036,49.25,0,2,0,1,3,18,11,7,4,17,1,0,1,2,3766
006903,47.5,1,0,1,1,5,0,6,20,5,24,0,1,0,1,3767
001502,38.25,0,1,1,0,3,19,3,13,8,10,1,0,1,2,3768
001242,37.25,1,0,0,0,7,16,4,11,8,8,1,0,1,2,3769
