detector,line,method,variant,frame_id,gt_index,class,gt_center_x_m,gt_center_y_m,gt_center_z_m,transition,baseline_pred_index,baseline_score,baseline_bev_iou,baseline_3d_iou,upsampled_pred_index,upsampled_score,upsampled_bev_iou,upsampled_3d_iou,delta_3d_iou
pointrcnn,A,PDANS,original_x4_pdans,000590,0,Car,6.6204,5.6677,-0.8211,confidence_degraded,2,11.0996,0.7888164070030849,0.7550848954808437,2,8.5491,0.8186357017517145,0.772705642903075,0.017620747422231298
pointrcnn,A,PDANS,original_x4_pdans,000590,1,Car,9.0203,5.9782,-0.8078,confidence_degraded,4,9.4836,0.7322737051249802,0.7094509256078173,6,3.3996,0.7757332374490941,0.7510195946870405,0.041568669079223186
pointrcnn,A,PDANS,original_x4_pdans,000590,2,Car,11.3501,6.2085,-0.781,lost_after_upsampling,1,13.2307,0.8196215197872064,0.776566845161608,,,,,
pointrcnn,A,PDANS,original_x4_pdans,000590,3,Car,13.8895,6.7683,-0.7086,confidence_degraded,8,8.2397,0.8100357466008097,0.7629903531733334,11,0.4747,0.7864507776802077,0.7266840469817709,-0.0363063061915625
pointrcnn,A,PDANS,original_x4_pdans,000590,4,Car,16.2512,6.2704,-0.8542,lost_after_upsampling,5,9.3997,0.8216342938774719,0.8149895743732878,,,,,
pointrcnn,A,PDANS,original_x4_pdans,000590,5,Car,18.7706,6.7604,-0.7976,localization_degraded,9,7.4114,0.873829318437948,0.8492944559415216,5,4.2772,0.8176512624663573,0.7473658479246456,-0.10192860801687609
pointrcnn,A,PDANS,original_x4_pdans,000590,6,Car,23.2784,6.6389,-0.5568,missed_both,,,,,,,,,
pointrcnn,A,PDANS,original_x4_pdans,000590,7,Car,25.828,6.679,-0.5047,missed_both,,,,,,,,,
pointrcnn,A,PDANS,original_x4_pdans,000590,8,Car,9.0331,-2.7806,-0.9702,confidence_degraded,0,13.3236,0.8843521947527936,0.8307006876104446,0,13.0569,0.9005372364213969,0.8494528767525247,0.0187521891420801
pointrcnn,A,PDANS,original_x4_pdans,000590,9,Car,14.0328,-6.2607,-0.8697,localization_degraded,3,11.007,0.9260256221602056,0.8734242031343812,1,9.1035,0.8872080038941638,0.7472878918899357,-0.12613631124444546
pointrcnn,A,PDANS,original_x4_pdans,000590,10,Car,19.2734,-5.969,-0.9069,lost_after_upsampling,10,7.2147,0.773517773848913,0.7375285027762402,,,,,
pointrcnn,A,PDANS,original_x4_pdans,000590,11,Car,24.4138,-6.0277,-0.9188,confidence_degraded,6,8.5668,0.9238931134770595,0.8738559754377615,3,6.7262,0.8553317348183941,0.8229900073649122,-0.050865968072849266
pointrcnn,A,PDANS,original_x4_pdans,000590,12,Car,27.3034,-5.8876,-0.8621,missed_both,,,,,,,,,
pointrcnn,A,PDANS,original_x4_pdans,000590,13,Car,29.523,-6.0675,-0.8158,missed_both,,,,,,,,,
pointrcnn,A,PDANS,original_x4_pdans,000590,14,Car,37.0709,6.7139,-0.7219,missed_both,,,,,,,,,
pointrcnn,A,PDANS,original_x4_pdans,000590,15,Car,39.7606,6.264,-0.6735,lost_after_upsampling,11,2.4055,0.8905282899378099,0.8071998844980399,,,,,
pointrcnn,A,PDANS,original_x4_pdans,000590,16,Car,42.8634,-2.4341,-0.828,confidence_degraded,7,8.4113,0.9401359076448966,0.8791987247531239,9,2.064,0.9202080363778282,0.850417116843862,-0.028781607909261875
pointrcnn,A,PU-GCN,original_x4_pu_gcn,000590,0,Car,6.6204,5.6677,-0.8211,confidence_degraded,2,11.0996,0.7888164070030849,0.7550848954808437,1,9.1785,0.8468272692706347,0.7411805313331253,-0.01390436414771834
pointrcnn,A,PU-GCN,original_x4_pu_gcn,000590,1,Car,9.0203,5.9782,-0.8078,lost_after_upsampling,4,9.4836,0.7322737051249802,0.7094509256078173,,,,,
pointrcnn,A,PU-GCN,original_x4_pu_gcn,000590,2,Car,11.3501,6.2085,-0.781,confidence_degraded,1,13.2307,0.8196215197872064,0.776566845161608,3,5.0898,0.9000170342581315,0.8603128119609151,0.08374596679930713
pointrcnn,A,PU-GCN,original_x4_pu_gcn,000590,3,Car,13.8895,6.7683,-0.7086,lost_after_upsampling,8,8.2397,0.8100357466008097,0.7629903531733334,,,,,
pointrcnn,A,PU-GCN,original_x4_pu_gcn,000590,4,Car,16.2512,6.2704,-0.8542,confidence_degraded,5,9.3997,0.8216342938774719,0.8149895743732878,5,3.5596,0.8846682465472472,0.828920226974309,0.01393065260102122
pointrcnn,A,PU-GCN,original_x4_pu_gcn,000590,5,Car,18.7706,6.7604,-0.7976,confidence_degraded,9,7.4114,0.873829318437948,0.8492944559415216,6,2.3711,0.8432644688620231,0.828922676457817,-0.02037177948370461
pointrcnn,A,PU-GCN,original_x4_pu_gcn,000590,6,Car,23.2784,6.6389,-0.5568,missed_both,,,,,,,,,
pointrcnn,A,PU-GCN,original_x4_pu_gcn,000590,7,Car,25.828,6.679,-0.5047,missed_both,,,,,,,,,
pointrcnn,A,PU-GCN,original_x4_pu_gcn,000590,8,Car,9.0331,-2.7806,-0.9702,confidence_degraded,0,13.3236,0.8843521947527936,0.8307006876104446,0,13.1792,0.9112489209392952,0.8599362006422407,0.029235513031796168
pointrcnn,A,PU-GCN,original_x4_pu_gcn,000590,9,Car,14.0328,-6.2607,-0.8697,confidence_degraded,3,11.007,0.9260256221602056,0.8734242031343812,2,8.714,0.9393175083769958,0.9054887166463778,0.03206451351199657
pointrcnn,A,PU-GCN,original_x4_pu_gcn,000590,10,Car,19.2734,-5.969,-0.9069,lost_after_upsampling,10,7.2147,0.773517773848913,0.7375285027762402,,,,,
pointrcnn,A,PU-GCN,original_x4_pu_gcn,000590,11,Car,24.4138,-6.0277,-0.9188,localization_degraded,6,8.5668,0.9238931134770595,0.8738559754377615,8,1.4441,0.7985070079541869,0.7366740153449965,-0.13718196009276495
pointrcnn,A,PU-GCN,original_x4_pu_gcn,000590,12,Car,27.3034,-5.8876,-0.8621,missed_both,,,,,,,,,
pointrcnn,A,PU-GCN,original_x4_pu_gcn,000590,13,Car,29.523,-6.0675,-0.8158,missed_both,,,,,,,,,
pointrcnn,A,PU-GCN,original_x4_pu_gcn,000590,14,Car,37.0709,6.7139,-0.7219,missed_both,,,,,,,,,
pointrcnn,A,PU-GCN,original_x4_pu_gcn,000590,15,Car,39.7606,6.264,-0.6735,lost_after_upsampling,11,2.4055,0.8905282899378099,0.8071998844980399,,,,,
pointrcnn,A,PU-GCN,original_x4_pu_gcn,000590,16,Car,42.8634,-2.4341,-0.828,lost_after_upsampling,7,8.4113,0.9401359076448966,0.8791987247531239,,,,,
pointrcnn,A,PU-EdgeFormer,original_x4_pu_edgeformer,000590,0,Car,6.6204,5.6677,-0.8211,confidence_degraded,2,11.0996,0.7888164070030849,0.7550848954808437,2,6.8571,0.8493379724159882,0.791683461388988,0.036598565908144365
pointrcnn,A,PU-EdgeFormer,original_x4_pu_edgeformer,000590,1,Car,9.0203,5.9782,-0.8078,lost_after_upsampling,4,9.4836,0.7322737051249802,0.7094509256078173,,,,,
pointrcnn,A,PU-EdgeFormer,original_x4_pu_edgeformer,000590,2,Car,11.3501,6.2085,-0.781,lost_after_upsampling,1,13.2307,0.8196215197872064,0.776566845161608,,,,,
pointrcnn,A,PU-EdgeFormer,original_x4_pu_edgeformer,000590,3,Car,13.8895,6.7683,-0.7086,lost_after_upsampling,8,8.2397,0.8100357466008097,0.7629903531733334,,,,,
pointrcnn,A,PU-EdgeFormer,original_x4_pu_edgeformer,000590,4,Car,16.2512,6.2704,-0.8542,lost_after_upsampling,5,9.3997,0.8216342938774719,0.8149895743732878,,,,,
pointrcnn,A,PU-EdgeFormer,original_x4_pu_edgeformer,000590,5,Car,18.7706,6.7604,-0.7976,lost_after_upsampling,9,7.4114,0.873829318437948,0.8492944559415216,,,,,
pointrcnn,A,PU-EdgeFormer,original_x4_pu_edgeformer,000590,6,Car,23.2784,6.6389,-0.5568,missed_both,,,,,,,,,
pointrcnn,A,PU-EdgeFormer,original_x4_pu_edgeformer,000590,7,Car,25.828,6.679,-0.5047,missed_both,,,,,,,,,
pointrcnn,A,PU-EdgeFormer,original_x4_pu_edgeformer,000590,8,Car,9.0331,-2.7806,-0.9702,confidence_degraded,0,13.3236,0.8843521947527936,0.8307006876104446,0,12.9484,0.8961736947563465,0.8482546230708574,0.01755393546041284
pointrcnn,A,PU-EdgeFormer,original_x4_pu_edgeformer,000590,9,Car,14.0328,-6.2607,-0.8697,confidence_degraded,3,11.007,0.9260256221602056,0.8734242031343812,1,8.356,0.8701022999073522,0.8283213109067901,-0.04510289222759112
pointrcnn,A,PU-EdgeFormer,original_x4_pu_edgeformer,000590,10,Car,19.2734,-5.969,-0.9069,lost_after_upsampling,10,7.2147,0.773517773848913,0.7375285027762402,,,,,
pointrcnn,A,PU-EdgeFormer,original_x4_pu_edgeformer,000590,11,Car,24.4138,-6.0277,-0.9188,lost_after_upsampling,6,8.5668,0.9238931134770595,0.8738559754377615,,,,,
pointrcnn,A,PU-EdgeFormer,original_x4_pu_edgeformer,000590,12,Car,27.3034,-5.8876,-0.8621,missed_both,,,,,,,,,
pointrcnn,A,PU-EdgeFormer,original_x4_pu_edgeformer,000590,13,Car,29.523,-6.0675,-0.8158,missed_both,,,,,,,,,
pointrcnn,A,PU-EdgeFormer,original_x4_pu_edgeformer,000590,14,Car,37.0709,6.7139,-0.7219,missed_both,,,,,,,,,
pointrcnn,A,PU-EdgeFormer,original_x4_pu_edgeformer,000590,15,Car,39.7606,6.264,-0.6735,lost_after_upsampling,11,2.4055,0.8905282899378099,0.8071998844980399,,,,,
pointrcnn,A,PU-EdgeFormer,original_x4_pu_edgeformer,000590,16,Car,42.8634,-2.4341,-0.828,lost_after_upsampling,7,8.4113,0.9401359076448966,0.8791987247531239,,,,,
pointrcnn,A,PU-Net,original_x4_pu_net,000590,0,Car,6.6204,5.6677,-0.8211,confidence_degraded,2,11.0996,0.7888164070030849,0.7550848954808437,1,5.6525,0.7845854843885213,0.7778319640461359,0.022747068565292183
pointrcnn,A,PU-Net,original_x4_pu_net,000590,1,Car,9.0203,5.9782,-0.8078,lost_after_upsampling,4,9.4836,0.7322737051249802,0.7094509256078173,,,,,
pointrcnn,A,PU-Net,original_x4_pu_net,000590,2,Car,11.3501,6.2085,-0.781,confidence_degraded,1,13.2307,0.8196215197872064,0.776566845161608,3,1.3871,0.8924323382510427,0.8441523571670487,0.06758551200544072
pointrcnn,A,PU-Net,original_x4_pu_net,000590,3,Car,13.8895,6.7683,-0.7086,lost_after_upsampling,8,8.2397,0.8100357466008097,0.7629903531733334,,,,,
pointrcnn,A,PU-Net,original_x4_pu_net,000590,4,Car,16.2512,6.2704,-0.8542,lost_after_upsampling,5,9.3997,0.8216342938774719,0.8149895743732878,,,,,
pointrcnn,A,PU-Net,original_x4_pu_net,000590,5,Car,18.7706,6.7604,-0.7976,lost_after_upsampling,9,7.4114,0.873829318437948,0.8492944559415216,,,,,
pointrcnn,A,PU-Net,original_x4_pu_net,000590,6,Car,23.2784,6.6389,-0.5568,missed_both,,,,,,,,,
pointrcnn,A,PU-Net,original_x4_pu_net,000590,7,Car,25.828,6.679,-0.5047,missed_both,,,,,,,,,
pointrcnn,A,PU-Net,original_x4_pu_net,000590,8,Car,9.0331,-2.7806,-0.9702,localization_degraded,0,13.3236,0.8843521947527936,0.8307006876104446,0,10.2085,0.7808376444976624,0.7215739959174987,-0.10912669169294587
pointrcnn,A,PU-Net,original_x4_pu_net,000590,9,Car,14.0328,-6.2607,-0.8697,lost_after_upsampling,3,11.007,0.9260256221602056,0.8734242031343812,,,,,
pointrcnn,A,PU-Net,original_x4_pu_net,000590,10,Car,19.2734,-5.969,-0.9069,lost_after_upsampling,10,7.2147,0.773517773848913,0.7375285027762402,,,,,
pointrcnn,A,PU-Net,original_x4_pu_net,000590,11,Car,24.4138,-6.0277,-0.9188,lost_after_upsampling,6,8.5668,0.9238931134770595,0.8738559754377615,,,,,
pointrcnn,A,PU-Net,original_x4_pu_net,000590,12,Car,27.3034,-5.8876,-0.8621,missed_both,,,,,,,,,
pointrcnn,A,PU-Net,original_x4_pu_net,000590,13,Car,29.523,-6.0675,-0.8158,missed_both,,,,,,,,,
pointrcnn,A,PU-Net,original_x4_pu_net,000590,14,Car,37.0709,6.7139,-0.7219,missed_both,,,,,,,,,
pointrcnn,A,PU-Net,original_x4_pu_net,000590,15,Car,39.7606,6.264,-0.6735,lost_after_upsampling,11,2.4055,0.8905282899378099,0.8071998844980399,,,,,
pointrcnn,A,PU-Net,original_x4_pu_net,000590,16,Car,42.8634,-2.4341,-0.828,lost_after_upsampling,7,8.4113,0.9401359076448966,0.8791987247531239,,,,,
pointrcnn,B,PDANS,downsampled_x4_pdans,000590,0,Car,6.6204,5.6677,-0.8211,confidence_degraded,3,10.0584,0.8169798149060742,0.7780612325075795,1,9.0619,0.8426155672736965,0.7674046557304016,-0.010656576777177906
pointrcnn,B,PDANS,downsampled_x4_pdans,000590,1,Car,9.0203,5.9782,-0.8078,confidence_degraded,4,9.4547,0.7945084328686366,0.7473071932059683,2,8.6493,0.8203603511537448,0.7535825210649921,0.006275327859023849
pointrcnn,B,PDANS,downsampled_x4_pdans,000590,2,Car,11.3501,6.2085,-0.781,localization_degraded,1,11.4,0.9236244826833323,0.9085818574957459,3,7.5066,0.83319906515703,0.7953702622797115,-0.11321159521603441
pointrcnn,B,PDANS,downsampled_x4_pdans,000590,3,Car,13.8895,6.7683,-0.7086,missed_both,,,,,,,,,
pointrcnn,B,PDANS,downsampled_x4_pdans,000590,4,Car,16.2512,6.2704,-0.8542,lost_after_upsampling,5,6.5063,0.8864207327015015,0.8372084028707699,,,,,
pointrcnn,B,PDANS,downsampled_x4_pdans,000590,5,Car,18.7706,6.7604,-0.7976,lost_after_upsampling,8,4.4947,0.8903404553272114,0.8094577932198624,,,,,
pointrcnn,B,PDANS,downsampled_x4_pdans,000590,6,Car,23.2784,6.6389,-0.5568,lost_after_upsampling,9,4.0238,0.8511525840378135,0.7234313794295819,,,,,
pointrcnn,B,PDANS,downsampled_x4_pdans,000590,7,Car,25.828,6.679,-0.5047,missed_both,,,,,,,,,
pointrcnn,B,PDANS,downsampled_x4_pdans,000590,8,Car,9.0331,-2.7806,-0.9702,maintained,0,13.5258,0.8947561782505714,0.848886548043562,0,13.8284,0.8960067617742914,0.8466835458136892,-0.002203002229872797
pointrcnn,B,PDANS,downsampled_x4_pdans,000590,9,Car,14.0328,-6.2607,-0.8697,confidence_degraded,2,10.1921,0.9041277152629839,0.8758696526609749,4,7.1974,0.8591418157917168,0.8231511661328313,-0.05271848652814359
pointrcnn,B,PDANS,downsampled_x4_pdans,000590,10,Car,19.2734,-5.969,-0.9069,missed_both,,,,,,,,,
pointrcnn,B,PDANS,downsampled_x4_pdans,000590,11,Car,24.4138,-6.0277,-0.9188,missed_both,,,,,,,,,
pointrcnn,B,PDANS,downsampled_x4_pdans,000590,12,Car,27.3034,-5.8876,-0.8621,missed_both,,,,,,,,,
pointrcnn,B,PDANS,downsampled_x4_pdans,000590,13,Car,29.523,-6.0675,-0.8158,missed_both,,,,,,,,,
pointrcnn,B,PDANS,downsampled_x4_pdans,000590,14,Car,37.0709,6.7139,-0.7219,missed_both,,,,,,,,,
pointrcnn,B,PDANS,downsampled_x4_pdans,000590,15,Car,39.7606,6.264,-0.6735,missed_both,,,,,,,,,
pointrcnn,B,PDANS,downsampled_x4_pdans,000590,16,Car,42.8634,-2.4341,-0.828,missed_both,,,,,,,,,
pointrcnn,B,PU-GCN,downsampled_x4_pu_gcn,000590,0,Car,6.6204,5.6677,-0.8211,maintained,3,10.0584,0.8169798149060742,0.7780612325075795,1,10.5098,0.8583884856330781,0.7861529150648124,0.008091682557232915
pointrcnn,B,PU-GCN,downsampled_x4_pu_gcn,000590,1,Car,9.0203,5.9782,-0.8078,lost_after_upsampling,4,9.4547,0.7945084328686366,0.7473071932059683,,,,,
pointrcnn,B,PU-GCN,downsampled_x4_pu_gcn,000590,2,Car,11.3501,6.2085,-0.781,lost_after_upsampling,1,11.4,0.9236244826833323,0.9085818574957459,,,,,
pointrcnn,B,PU-GCN,downsampled_x4_pu_gcn,000590,3,Car,13.8895,6.7683,-0.7086,missed_both,,,,,,,,,
pointrcnn,B,PU-GCN,downsampled_x4_pu_gcn,000590,4,Car,16.2512,6.2704,-0.8542,lost_after_upsampling,5,6.5063,0.8864207327015015,0.8372084028707699,,,,,
pointrcnn,B,PU-GCN,downsampled_x4_pu_gcn,000590,5,Car,18.7706,6.7604,-0.7976,lost_after_upsampling,8,4.4947,0.8903404553272114,0.8094577932198624,,,,,
pointrcnn,B,PU-GCN,downsampled_x4_pu_gcn,000590,6,Car,23.2784,6.6389,-0.5568,lost_after_upsampling,9,4.0238,0.8511525840378135,0.7234313794295819,,,,,
pointrcnn,B,PU-GCN,downsampled_x4_pu_gcn,000590,7,Car,25.828,6.679,-0.5047,missed_both,,,,,,,,,
pointrcnn,B,PU-GCN,downsampled_x4_pu_gcn,000590,8,Car,9.0331,-2.7806,-0.9702,confidence_degraded,0,13.5258,0.8947561782505714,0.848886548043562,0,12.884,0.8903744345371815,0.7982736178716769,-0.05061293017188506
pointrcnn,B,PU-GCN,downsampled_x4_pu_gcn,000590,9,Car,14.0328,-6.2607,-0.8697,confidence_degraded,2,10.1921,0.9041277152629839,0.8758696526609749,2,5.2523,0.8637743116120947,0.8208344089102133,-0.05503524375076163
pointrcnn,B,PU-GCN,downsampled_x4_pu_gcn,000590,10,Car,19.2734,-5.969,-0.9069,missed_both,,,,,,,,,
pointrcnn,B,PU-GCN,downsampled_x4_pu_gcn,000590,11,Car,24.4138,-6.0277,-0.9188,missed_both,,,,,,,,,
pointrcnn,B,PU-GCN,downsampled_x4_pu_gcn,000590,12,Car,27.3034,-5.8876,-0.8621,missed_both,,,,,,,,,
pointrcnn,B,PU-GCN,downsampled_x4_pu_gcn,000590,13,Car,29.523,-6.0675,-0.8158,missed_both,,,,,,,,,
pointrcnn,B,PU-GCN,downsampled_x4_pu_gcn,000590,14,Car,37.0709,6.7139,-0.7219,missed_both,,,,,,,,,
pointrcnn,B,PU-GCN,downsampled_x4_pu_gcn,000590,15,Car,39.7606,6.264,-0.6735,missed_both,,,,,,,,,
pointrcnn,B,PU-GCN,downsampled_x4_pu_gcn,000590,16,Car,42.8634,-2.4341,-0.828,missed_both,,,,,,,,,
pointrcnn,B,PU-EdgeFormer,downsampled_x4_pu_edgeformer,000590,0,Car,6.6204,5.6677,-0.8211,lost_after_upsampling,3,10.0584,0.8169798149060742,0.7780612325075795,,,,,
pointrcnn,B,PU-EdgeFormer,downsampled_x4_pu_edgeformer,000590,1,Car,9.0203,5.9782,-0.8078,lost_after_upsampling,4,9.4547,0.7945084328686366,0.7473071932059683,,,,,
pointrcnn,B,PU-EdgeFormer,downsampled_x4_pu_edgeformer,000590,2,Car,11.3501,6.2085,-0.781,lost_after_upsampling,1,11.4,0.9236244826833323,0.9085818574957459,,,,,
pointrcnn,B,PU-EdgeFormer,downsampled_x4_pu_edgeformer,000590,3,Car,13.8895,6.7683,-0.7086,missed_both,,,,,,,,,
pointrcnn,B,PU-EdgeFormer,downsampled_x4_pu_edgeformer,000590,4,Car,16.2512,6.2704,-0.8542,lost_after_upsampling,5,6.5063,0.8864207327015015,0.8372084028707699,,,,,
pointrcnn,B,PU-EdgeFormer,downsampled_x4_pu_edgeformer,000590,5,Car,18.7706,6.7604,-0.7976,lost_after_upsampling,8,4.4947,0.8903404553272114,0.8094577932198624,,,,,
pointrcnn,B,PU-EdgeFormer,downsampled_x4_pu_edgeformer,000590,6,Car,23.2784,6.6389,-0.5568,lost_after_upsampling,9,4.0238,0.8511525840378135,0.7234313794295819,,,,,
pointrcnn,B,PU-EdgeFormer,downsampled_x4_pu_edgeformer,000590,7,Car,25.828,6.679,-0.5047,missed_both,,,,,,,,,
pointrcnn,B,PU-EdgeFormer,downsampled_x4_pu_edgeformer,000590,8,Car,9.0331,-2.7806,-0.9702,confidence_degraded,0,13.5258,0.8947561782505714,0.848886548043562,0,11.0622,0.8513896507277767,0.797614047339086,-0.051272500704475976
pointrcnn,B,PU-EdgeFormer,downsampled_x4_pu_edgeformer,000590,9,Car,14.0328,-6.2607,-0.8697,localization_degraded,2,10.1921,0.9041277152629839,0.8758696526609749,2,1.5424,0.7704031873503061,0.7413984745876155,-0.1344711780733594
pointrcnn,B,PU-EdgeFormer,downsampled_x4_pu_edgeformer,000590,10,Car,19.2734,-5.969,-0.9069,missed_both,,,,,,,,,
pointrcnn,B,PU-EdgeFormer,downsampled_x4_pu_edgeformer,000590,11,Car,24.4138,-6.0277,-0.9188,missed_both,,,,,,,,,
pointrcnn,B,PU-EdgeFormer,downsampled_x4_pu_edgeformer,000590,12,Car,27.3034,-5.8876,-0.8621,missed_both,,,,,,,,,
pointrcnn,B,PU-EdgeFormer,downsampled_x4_pu_edgeformer,000590,13,Car,29.523,-6.0675,-0.8158,missed_both,,,,,,,,,
pointrcnn,B,PU-EdgeFormer,downsampled_x4_pu_edgeformer,000590,14,Car,37.0709,6.7139,-0.7219,missed_both,,,,,,,,,
pointrcnn,B,PU-EdgeFormer,downsampled_x4_pu_edgeformer,000590,15,Car,39.7606,6.264,-0.6735,missed_both,,,,,,,,,
pointrcnn,B,PU-EdgeFormer,downsampled_x4_pu_edgeformer,000590,16,Car,42.8634,-2.4341,-0.828,missed_both,,,,,,,,,
pointrcnn,B,PU-Net,downsampled_x4_pu_net,000590,0,Car,6.6204,5.6677,-0.8211,confidence_degraded,3,10.0584,0.8169798149060742,0.7780612325075795,1,8.3647,0.7917053508116361,0.7731069733249847,-0.0049542591825948445
pointrcnn,B,PU-Net,downsampled_x4_pu_net,000590,1,Car,9.0203,5.9782,-0.8078,lost_after_upsampling,4,9.4547,0.7945084328686366,0.7473071932059683,,,,,
pointrcnn,B,PU-Net,downsampled_x4_pu_net,000590,2,Car,11.3501,6.2085,-0.781,localization_degraded,1,11.4,0.9236244826833323,0.9085818574957459,3,2.162,0.8411849617664291,0.7759885543888347,-0.1325933031069112
pointrcnn,B,PU-Net,downsampled_x4_pu_net,000590,3,Car,13.8895,6.7683,-0.7086,missed_both,,,,,,,,,
pointrcnn,B,PU-Net,downsampled_x4_pu_net,000590,4,Car,16.2512,6.2704,-0.8542,lost_after_upsampling,5,6.5063,0.8864207327015015,0.8372084028707699,,,,,
pointrcnn,B,PU-Net,downsampled_x4_pu_net,000590,5,Car,18.7706,6.7604,-0.7976,lost_after_upsampling,8,4.4947,0.8903404553272114,0.8094577932198624,,,,,
pointrcnn,B,PU-Net,downsampled_x4_pu_net,000590,6,Car,23.2784,6.6389,-0.5568,lost_after_upsampling,9,4.0238,0.8511525840378135,0.7234313794295819,,,,,
pointrcnn,B,PU-Net,downsampled_x4_pu_net,000590,7,Car,25.828,6.679,-0.5047,missed_both,,,,,,,,,
pointrcnn,B,PU-Net,downsampled_x4_pu_net,000590,8,Car,9.0331,-2.7806,-0.9702,localization_degraded,0,13.5258,0.8947561782505714,0.848886548043562,0,8.9063,0.781540037242018,0.7303173183323151,-0.11856922971124695
pointrcnn,B,PU-Net,downsampled_x4_pu_net,000590,9,Car,14.0328,-6.2607,-0.8697,lost_after_upsampling,2,10.1921,0.9041277152629839,0.8758696526609749,,,,,
pointrcnn,B,PU-Net,downsampled_x4_pu_net,000590,10,Car,19.2734,-5.969,-0.9069,missed_both,,,,,,,,,
pointrcnn,B,PU-Net,downsampled_x4_pu_net,000590,11,Car,24.4138,-6.0277,-0.9188,missed_both,,,,,,,,,
pointrcnn,B,PU-Net,downsampled_x4_pu_net,000590,12,Car,27.3034,-5.8876,-0.8621,missed_both,,,,,,,,,
pointrcnn,B,PU-Net,downsampled_x4_pu_net,000590,13,Car,29.523,-6.0675,-0.8158,missed_both,,,,,,,,,
pointrcnn,B,PU-Net,downsampled_x4_pu_net,000590,14,Car,37.0709,6.7139,-0.7219,missed_both,,,,,,,,,
pointrcnn,B,PU-Net,downsampled_x4_pu_net,000590,15,Car,39.7606,6.264,-0.6735,missed_both,,,,,,,,,
pointrcnn,B,PU-Net,downsampled_x4_pu_net,000590,16,Car,42.8634,-2.4341,-0.828,missed_both,,,,,,,,,
centerpoint,A,PDANS,original_x4_pdans,000590,0,Car,6.6204,5.6677,-0.8211,maintained,15,0.7054699659347534,0.8554771239236513,0.7780880406326872,8,0.6524903774261475,0.7906276731221893,0.7265894075158587,-0.05149863311682856
centerpoint,A,PDANS,original_x4_pdans,000590,1,Car,9.0203,5.9782,-0.8078,maintained,3,0.9067357778549194,0.8099274045634478,0.7439712788595145,4,0.8427284955978394,0.7825947905927351,0.7141249767548811,-0.02984630210463346
centerpoint,A,PDANS,original_x4_pdans,000590,2,Car,11.3501,6.2085,-0.781,confidence_degraded,2,0.9094445109367371,0.9023507044103016,0.7783492381394826,17,0.31724536418914795,0.8203805128803118,0.7039348908720873,-0.07441434726739538
centerpoint,A,PDANS,original_x4_pdans,000590,3,Car,13.8895,6.7683,-0.7086,maintained,5,0.9043722748756409,0.8344171669791633,0.7436358493546223,1,0.8921775221824646,0.8639189943383534,0.7747712124758135,0.03113536312119114
centerpoint,A,PDANS,original_x4_pdans,000590,4,Car,16.2512,6.2704,-0.8542,confidence_degraded,7,0.888960599899292,0.8457115313480839,0.7758338535144469,23,0.26953110098838806,0.7934455684191052,0.7261621027621756,-0.04967175075227126
centerpoint,A,PDANS,original_x4_pdans,000590,5,Car,18.7706,6.7604,-0.7976,maintained,4,0.905932605266571,0.8047524698077658,0.7502775478999757,5,0.81357342004776,0.856894147750871,0.7924364534118572,0.042158905511881506
centerpoint,A,PDANS,original_x4_pdans,000590,6,Car,23.2784,6.6389,-0.5568,lost_after_upsampling,8,0.8834276795387268,0.9362517852168134,0.7416951737604477,,,,,
centerpoint,A,PDANS,original_x4_pdans,000590,7,Car,25.828,6.679,-0.5047,lost_after_upsampling,25,0.22434793412685394,0.8786369159273338,0.7638872420585412,,,,,
centerpoint,A,PDANS,original_x4_pdans,000590,8,Cyclist,39.5716,2.8944,-0.7361,lost_after_upsampling,44,0.11156114190816879,0.7093474523797112,0.6542031068147007,,,,,
centerpoint,A,PDANS,original_x4_pdans,000590,9,Car,9.0331,-2.7806,-0.9702,maintained,1,0.9246762990951538,0.9085599575082425,0.871274022886025,0,0.9251691102981567,0.9078212646724324,0.872373532669315,0.001099509783290098
centerpoint,A,PDANS,original_x4_pdans,000590,10,Car,14.0328,-6.2607,-0.8697,maintained,0,0.9296149015426636,0.9316336607276835,0.81598974492855,3,0.8613084554672241,0.8911191409210759,0.7697434429014384,-0.04624630202711166
centerpoint,A,PDANS,original_x4_pdans,000590,11,Car,19.2734,-5.969,-0.9069,lost_after_upsampling,27,0.21203413605690002,0.7621169559017348,0.7220120773362593,,,,,
centerpoint,A,PDANS,original_x4_pdans,000590,12,Car,24.4138,-6.0277,-0.9188,maintained,10,0.8072594404220581,0.8545634892080975,0.7795584997849815,6,0.8008651733398438,0.8263856827094143,0.7379237652247915,-0.04163473456018996
centerpoint,A,PDANS,original_x4_pdans,000590,13,Car,27.3034,-5.8876,-0.8621,lost_after_upsampling,6,0.8911343216896057,0.8453823511649481,0.7681544310167508,,,,,
centerpoint,A,PDANS,original_x4_pdans,000590,14,Car,29.523,-6.0675,-0.8158,lost_after_upsampling,11,0.7788985371589661,0.8512621712218221,0.7109854019428643,,,,,
centerpoint,A,PDANS,original_x4_pdans,000590,15,Car,37.0709,6.7139,-0.7219,lost_after_upsampling,49,0.10601253062486649,0.7663721522112796,0.7313942300110047,,,,,
centerpoint,A,PDANS,original_x4_pdans,000590,16,Car,39.7606,6.264,-0.6735,lost_after_upsampling,13,0.7252247333526611,0.8454568284217789,0.7023879174382613,,,,,
centerpoint,A,PDANS,original_x4_pdans,000590,17,Car,42.8634,-2.4341,-0.828,localization_degraded,9,0.8621256947517395,0.9181310290598729,0.905884133581743,66,0.12045694142580032,0.8330222813304611,0.7489613936838846,-0.15692273989785843
centerpoint,A,PU-GCN,original_x4_pu_gcn,000590,0,Car,6.6204,5.6677,-0.8211,lost_after_upsampling,15,0.7054699659347534,0.8554771239236513,0.7780880406326872,,,,,
centerpoint,A,PU-GCN,original_x4_pu_gcn,000590,1,Car,9.0203,5.9782,-0.8078,maintained,3,0.9067357778549194,0.8099274045634478,0.7439712788595145,5,0.825903058052063,0.8317689073648842,0.7689386624973086,0.02496738363779405
centerpoint,A,PU-GCN,original_x4_pu_gcn,000590,2,Car,11.3501,6.2085,-0.781,confidence_degraded,2,0.9094445109367371,0.9023507044103016,0.7783492381394826,10,0.563010573387146,0.7834720864685325,0.7042005615678061,-0.07414867657167656
centerpoint,A,PU-GCN,original_x4_pu_gcn,000590,3,Car,13.8895,6.7683,-0.7086,lost_after_upsampling,5,0.9043722748756409,0.8344171669791633,0.7436358493546223,,,,,
centerpoint,A,PU-GCN,original_x4_pu_gcn,000590,4,Car,16.2512,6.2704,-0.8542,confidence_degraded,7,0.888960599899292,0.8457115313480839,0.7758338535144469,9,0.6045314073562622,0.92151423829848,0.8064924250163712,0.030658571501924303
centerpoint,A,PU-GCN,original_x4_pu_gcn,000590,5,Car,18.7706,6.7604,-0.7976,lost_after_upsampling,4,0.905932605266571,0.8047524698077658,0.7502775478999757,,,,,
centerpoint,A,PU-GCN,original_x4_pu_gcn,000590,6,Car,23.2784,6.6389,-0.5568,lost_after_upsampling,8,0.8834276795387268,0.9362517852168134,0.7416951737604477,,,,,
centerpoint,A,PU-GCN,original_x4_pu_gcn,000590,7,Car,25.828,6.679,-0.5047,lost_after_upsampling,25,0.22434793412685394,0.8786369159273338,0.7638872420585412,,,,,
centerpoint,A,PU-GCN,original_x4_pu_gcn,000590,8,Cyclist,39.5716,2.8944,-0.7361,lost_after_upsampling,44,0.11156114190816879,0.7093474523797112,0.6542031068147007,,,,,
centerpoint,A,PU-GCN,original_x4_pu_gcn,000590,9,Car,9.0331,-2.7806,-0.9702,maintained,1,0.9246762990951538,0.9085599575082425,0.871274022886025,1,0.8994642496109009,0.9103485300796819,0.8667741486048555,-0.004499874281169491
centerpoint,A,PU-GCN,original_x4_pu_gcn,000590,10,Car,14.0328,-6.2607,-0.8697,maintained,0,0.9296149015426636,0.9316336607276835,0.81598974492855,0,0.9324448704719543,0.9170906126832368,0.8043355653048231,-0.011654179623726946
centerpoint,A,PU-GCN,original_x4_pu_gcn,000590,11,Car,19.2734,-5.969,-0.9069,lost_after_upsampling,27,0.21203413605690002,0.7621169559017348,0.7220120773362593,,,,,
centerpoint,A,PU-GCN,original_x4_pu_gcn,000590,12,Car,24.4138,-6.0277,-0.9188,confidence_degraded,10,0.8072594404220581,0.8545634892080975,0.7795584997849815,7,0.6553154587745667,0.8177753198134108,0.7428300557026878,-0.0367284440822937
centerpoint,A,PU-GCN,original_x4_pu_gcn,000590,13,Car,27.3034,-5.8876,-0.8621,lost_after_upsampling,6,0.8911343216896057,0.8453823511649481,0.7681544310167508,,,,,
centerpoint,A,PU-GCN,original_x4_pu_gcn,000590,14,Car,29.523,-6.0675,-0.8158,lost_after_upsampling,11,0.7788985371589661,0.8512621712218221,0.7109854019428643,,,,,
centerpoint,A,PU-GCN,original_x4_pu_gcn,000590,15,Car,37.0709,6.7139,-0.7219,lost_after_upsampling,49,0.10601253062486649,0.7663721522112796,0.7313942300110047,,,,,
centerpoint,A,PU-GCN,original_x4_pu_gcn,000590,16,Car,39.7606,6.264,-0.6735,lost_after_upsampling,13,0.7252247333526611,0.8454568284217789,0.7023879174382613,,,,,
centerpoint,A,PU-GCN,original_x4_pu_gcn,000590,17,Car,42.8634,-2.4341,-0.828,localization_degraded,9,0.8621256947517395,0.9181310290598729,0.905884133581743,8,0.6418089866638184,0.8546387703000682,0.7602419839929361,-0.14564214958880695
centerpoint,A,PU-EdgeFormer,original_x4_pu_edgeformer,000590,0,Car,6.6204,5.6677,-0.8211,lost_after_upsampling,15,0.7054699659347534,0.8554771239236513,0.7780880406326872,,,,,
centerpoint,A,PU-EdgeFormer,original_x4_pu_edgeformer,000590,1,Car,9.0203,5.9782,-0.8078,confidence_degraded,3,0.9067357778549194,0.8099274045634478,0.7439712788595145,4,0.7626045942306519,0.8078727081704805,0.7508868845206021,0.00691560566108762
centerpoint,A,PU-EdgeFormer,original_x4_pu_edgeformer,000590,2,Car,11.3501,6.2085,-0.781,lost_after_upsampling,2,0.9094445109367371,0.9023507044103016,0.7783492381394826,,,,,
centerpoint,A,PU-EdgeFormer,original_x4_pu_edgeformer,000590,3,Car,13.8895,6.7683,-0.7086,confidence_degraded,5,0.9043722748756409,0.8344171669791633,0.7436358493546223,3,0.7887628674507141,0.8245404242813507,0.7641293867890138,0.020493537434391418
centerpoint,A,PU-EdgeFormer,original_x4_pu_edgeformer,000590,4,Car,16.2512,6.2704,-0.8542,lost_after_upsampling,7,0.888960599899292,0.8457115313480839,0.7758338535144469,,,,,
centerpoint,A,PU-EdgeFormer,original_x4_pu_edgeformer,000590,5,Car,18.7706,6.7604,-0.7976,lost_after_upsampling,4,0.905932605266571,0.8047524698077658,0.7502775478999757,,,,,
centerpoint,A,PU-EdgeFormer,original_x4_pu_edgeformer,000590,6,Car,23.2784,6.6389,-0.5568,confidence_degraded,8,0.8834276795387268,0.9362517852168134,0.7416951737604477,17,0.12810079753398895,0.8043209848996983,0.7633176970613786,0.02162252330093095
centerpoint,A,PU-EdgeFormer,original_x4_pu_edgeformer,000590,7,Car,25.828,6.679,-0.5047,lost_after_upsampling,25,0.22434793412685394,0.8786369159273338,0.7638872420585412,,,,,
centerpoint,A,PU-EdgeFormer,original_x4_pu_edgeformer,000590,8,Cyclist,39.5716,2.8944,-0.7361,lost_after_upsampling,44,0.11156114190816879,0.7093474523797112,0.6542031068147007,,,,,
centerpoint,A,PU-EdgeFormer,original_x4_pu_edgeformer,000590,9,Car,9.0331,-2.7806,-0.9702,maintained,1,0.9246762990951538,0.9085599575082425,0.871274022886025,1,0.8879888653755188,0.9070803624981925,0.8539717350517347,-0.01730228783429022
centerpoint,A,PU-EdgeFormer,original_x4_pu_edgeformer,000590,10,Car,14.0328,-6.2607,-0.8697,maintained,0,0.9296149015426636,0.9316336607276835,0.81598974492855,0,0.896457850933075,0.9293158076584029,0.8160984056261698,0.00010866069761972241
centerpoint,A,PU-EdgeFormer,original_x4_pu_edgeformer,000590,11,Car,19.2734,-5.969,-0.9069,lost_after_upsampling,27,0.21203413605690002,0.7621169559017348,0.7220120773362593,,,,,
centerpoint,A,PU-EdgeFormer,original_x4_pu_edgeformer,000590,12,Car,24.4138,-6.0277,-0.9188,lost_after_upsampling,10,0.8072594404220581,0.8545634892080975,0.7795584997849815,,,,,
centerpoint,A,PU-EdgeFormer,original_x4_pu_edgeformer,000590,13,Car,27.3034,-5.8876,-0.8621,lost_after_upsampling,6,0.8911343216896057,0.8453823511649481,0.7681544310167508,,,,,
centerpoint,A,PU-EdgeFormer,original_x4_pu_edgeformer,000590,14,Car,29.523,-6.0675,-0.8158,lost_after_upsampling,11,0.7788985371589661,0.8512621712218221,0.7109854019428643,,,,,
centerpoint,A,PU-EdgeFormer,original_x4_pu_edgeformer,000590,15,Car,37.0709,6.7139,-0.7219,lost_after_upsampling,49,0.10601253062486649,0.7663721522112796,0.7313942300110047,,,,,
centerpoint,A,PU-EdgeFormer,original_x4_pu_edgeformer,000590,16,Car,39.7606,6.264,-0.6735,lost_after_upsampling,13,0.7252247333526611,0.8454568284217789,0.7023879174382613,,,,,
centerpoint,A,PU-EdgeFormer,original_x4_pu_edgeformer,000590,17,Car,42.8634,-2.4341,-0.828,lost_after_upsampling,9,0.8621256947517395,0.9181310290598729,0.905884133581743,,,,,
centerpoint,A,PU-Net,original_x4_pu_net,000590,0,Car,6.6204,5.6677,-0.8211,maintained,15,0.7054699659347534,0.8554771239236513,0.7780880406326872,5,0.6064898371696472,0.8102159186497145,0.7541895592509643,-0.023898481381722902
centerpoint,A,PU-Net,original_x4_pu_net,000590,1,Car,9.0203,5.9782,-0.8078,confidence_degraded,3,0.9067357778549194,0.8099274045634478,0.7439712788595145,1,0.7773081660270691,0.7981292002698404,0.7250717376968754,-0.018899541162639144
centerpoint,A,PU-Net,original_x4_pu_net,000590,2,Car,11.3501,6.2085,-0.781,confidence_degraded,2,0.9094445109367371,0.9023507044103016,0.7783492381394826,12,0.20883680880069733,0.847586987436489,0.7414752319300135,-0.03687400620946912
centerpoint,A,PU-Net,original_x4_pu_net,000590,3,Car,13.8895,6.7683,-0.7086,lost_after_upsampling,5,0.9043722748756409,0.8344171669791633,0.7436358493546223,,,,,
centerpoint,A,PU-Net,original_x4_pu_net,000590,4,Car,16.2512,6.2704,-0.8542,lost_after_upsampling,7,0.888960599899292,0.8457115313480839,0.7758338535144469,,,,,
centerpoint,A,PU-Net,original_x4_pu_net,000590,5,Car,18.7706,6.7604,-0.7976,confidence_degraded,4,0.905932605266571,0.8047524698077658,0.7502775478999757,2,0.7511112689971924,0.7902824016618171,0.7870291975468251,0.036751649646849405
centerpoint,A,PU-Net,original_x4_pu_net,000590,6,Car,23.2784,6.6389,-0.5568,lost_after_upsampling,8,0.8834276795387268,0.9362517852168134,0.7416951737604477,,,,,
centerpoint,A,PU-Net,original_x4_pu_net,000590,7,Car,25.828,6.679,-0.5047,lost_after_upsampling,25,0.22434793412685394,0.8786369159273338,0.7638872420585412,,,,,
centerpoint,A,PU-Net,original_x4_pu_net,000590,8,Cyclist,39.5716,2.8944,-0.7361,lost_after_upsampling,44,0.11156114190816879,0.7093474523797112,0.6542031068147007,,,,,
centerpoint,A,PU-Net,original_x4_pu_net,000590,9,Car,9.0331,-2.7806,-0.9702,localization_degraded,1,0.9246762990951538,0.9085599575082425,0.871274022886025,0,0.9194775819778442,0.7994578854112014,0.7677983564432916,-0.10347566644273332
centerpoint,A,PU-Net,original_x4_pu_net,000590,10,Car,14.0328,-6.2607,-0.8697,lost_after_upsampling,0,0.9296149015426636,0.9316336607276835,0.81598974492855,,,,,
centerpoint,A,PU-Net,original_x4_pu_net,000590,11,Car,19.2734,-5.969,-0.9069,lost_after_upsampling,27,0.21203413605690002,0.7621169559017348,0.7220120773362593,,,,,
centerpoint,A,PU-Net,original_x4_pu_net,000590,12,Car,24.4138,-6.0277,-0.9188,lost_after_upsampling,10,0.8072594404220581,0.8545634892080975,0.7795584997849815,,,,,
centerpoint,A,PU-Net,original_x4_pu_net,000590,13,Car,27.3034,-5.8876,-0.8621,lost_after_upsampling,6,0.8911343216896057,0.8453823511649481,0.7681544310167508,,,,,
centerpoint,A,PU-Net,original_x4_pu_net,000590,14,Car,29.523,-6.0675,-0.8158,lost_after_upsampling,11,0.7788985371589661,0.8512621712218221,0.7109854019428643,,,,,
centerpoint,A,PU-Net,original_x4_pu_net,000590,15,Car,37.0709,6.7139,-0.7219,lost_after_upsampling,49,0.10601253062486649,0.7663721522112796,0.7313942300110047,,,,,
centerpoint,A,PU-Net,original_x4_pu_net,000590,16,Car,39.7606,6.264,-0.6735,lost_after_upsampling,13,0.7252247333526611,0.8454568284217789,0.7023879174382613,,,,,
centerpoint,A,PU-Net,original_x4_pu_net,000590,17,Car,42.8634,-2.4341,-0.828,lost_after_upsampling,9,0.8621256947517395,0.9181310290598729,0.905884133581743,,,,,
centerpoint,B,PDANS,downsampled_x4_pdans,000590,0,Car,6.6204,5.6677,-0.8211,maintained,8,0.6012898087501526,0.7630569345370304,0.7002357407172598,7,0.6022927165031433,0.8457365329882401,0.7338397568605525,0.03360401614329267
centerpoint,B,PDANS,downsampled_x4_pdans,000590,1,Car,9.0203,5.9782,-0.8078,maintained,3,0.872840404510498,0.8102470370435354,0.7317546940263197,3,0.8995910882949829,0.8426403947708454,0.7603625772507799,0.028607883224460284
centerpoint,B,PDANS,downsampled_x4_pdans,000590,2,Car,11.3501,6.2085,-0.781,maintained,1,0.9171329736709595,0.9060864607289306,0.7842001657396958,2,0.9034563899040222,0.8367360742151565,0.7156108357699659,-0.06858932996972988
centerpoint,B,PDANS,downsampled_x4_pdans,000590,3,Car,13.8895,6.7683,-0.7086,maintained,37,0.14398804306983948,0.835913738740373,0.7457327285847605,10,0.47330886125564575,0.8236367436201711,0.7231610927222887,-0.022571635862471795
centerpoint,B,PDANS,downsampled_x4_pdans,000590,4,Car,16.2512,6.2704,-0.8542,lost_after_upsampling,2,0.8829841613769531,0.8213109655656823,0.762874765576812,,,,,
centerpoint,B,PDANS,downsampled_x4_pdans,000590,5,Car,18.7706,6.7604,-0.7976,maintained,5,0.8491697907447815,0.7922982570115447,0.7404650660074937,1,0.9096664190292358,0.7683687075231692,0.715395579716569,-0.02506948629092476
centerpoint,B,PDANS,downsampled_x4_pdans,000590,6,Car,23.2784,6.6389,-0.5568,maintained,7,0.7166584134101868,0.8492977133034425,0.7051647348888026,5,0.7058181762695312,0.83188487953539,0.7433965564122073,0.03823182152340465
centerpoint,B,PDANS,downsampled_x4_pdans,000590,7,Car,25.828,6.679,-0.5047,missed_both,,,,,,,,,
centerpoint,B,PDANS,downsampled_x4_pdans,000590,8,Cyclist,39.5716,2.8944,-0.7361,missed_both,,,,,,,,,
centerpoint,B,PDANS,downsampled_x4_pdans,000590,9,Car,9.0331,-2.7806,-0.9702,maintained,0,0.9590985774993896,0.9146531728480644,0.8852200246350854,0,0.9141715168952942,0.9262688225709551,0.8797514365663843,-0.005468588068701097
centerpoint,B,PDANS,downsampled_x4_pdans,000590,10,Car,14.0328,-6.2607,-0.8697,maintained,4,0.8539971113204956,0.9061599773333542,0.8162364893743013,4,0.8387462496757507,0.8636733069670571,0.7573755807483484,-0.058860908625952835
centerpoint,B,PDANS,downsampled_x4_pdans,000590,11,Car,19.2734,-5.969,-0.9069,maintained,59,0.11047794669866562,0.7495402377534228,0.7171142128097145,61,0.11294306069612503,0.7493297288899813,0.7165457282925307,-0.0005684845171838315
centerpoint,B,PDANS,downsampled_x4_pdans,000590,12,Car,24.4138,-6.0277,-0.9188,lost_after_upsampling,46,0.1317792534828186,0.830925466162124,0.7614903865478494,,,,,
centerpoint,B,PDANS,downsampled_x4_pdans,000590,13,Car,27.3034,-5.8876,-0.8621,confidence_degraded,6,0.7651378512382507,0.8404804758879838,0.8031136240109136,15,0.24097484350204468,0.7660496978673889,0.7332010403638143,-0.06991258364709929
centerpoint,B,PDANS,downsampled_x4_pdans,000590,14,Car,29.523,-6.0675,-0.8158,missed_both,,,,,,,,,
centerpoint,B,PDANS,downsampled_x4_pdans,000590,15,Car,37.0709,6.7139,-0.7219,lost_after_upsampling,10,0.4413772523403168,0.829720769881304,0.7569404187872862,,,,,
centerpoint,B,PDANS,downsampled_x4_pdans,000590,16,Car,39.7606,6.264,-0.6735,missed_both,,,,,,,,,
centerpoint,B,PDANS,downsampled_x4_pdans,000590,17,Car,42.8634,-2.4341,-0.828,lost_after_upsampling,13,0.378996342420578,0.8523849403125986,0.7718427192498053,,,,,
centerpoint,B,PU-GCN,downsampled_x4_pu_gcn,000590,0,Car,6.6204,5.6677,-0.8211,lost_after_upsampling,8,0.6012898087501526,0.7630569345370304,0.7002357407172598,,,,,
centerpoint,B,PU-GCN,downsampled_x4_pu_gcn,000590,1,Car,9.0203,5.9782,-0.8078,maintained,3,0.872840404510498,0.8102470370435354,0.7317546940263197,1,0.8447354435920715,0.8766595677677411,0.7752747253736246,0.04352003134730498
centerpoint,B,PU-GCN,downsampled_x4_pu_gcn,000590,2,Car,11.3501,6.2085,-0.781,confidence_degraded,1,0.9171329736709595,0.9060864607289306,0.7842001657396958,3,0.7326942086219788,0.8418602195947825,0.7002438898826335,-0.08395627585706222
centerpoint,B,PU-GCN,downsampled_x4_pu_gcn,000590,3,Car,13.8895,6.7683,-0.7086,lost_after_upsampling,37,0.14398804306983948,0.835913738740373,0.7457327285847605,,,,,
centerpoint,B,PU-GCN,downsampled_x4_pu_gcn,000590,4,Car,16.2512,6.2704,-0.8542,lost_after_upsampling,2,0.8829841613769531,0.8213109655656823,0.762874765576812,,,,,
centerpoint,B,PU-GCN,downsampled_x4_pu_gcn,000590,5,Car,18.7706,6.7604,-0.7976,confidence_degraded,5,0.8491697907447815,0.7922982570115447,0.7404650660074937,19,0.16093336045742035,0.7741913081337224,0.757176825303011,0.01671175929551727
centerpoint,B,PU-GCN,downsampled_x4_pu_gcn,000590,6,Car,23.2784,6.6389,-0.5568,lost_after_upsampling,7,0.7166584134101868,0.8492977133034425,0.7051647348888026,,,,,
centerpoint,B,PU-GCN,downsampled_x4_pu_gcn,000590,7,Car,25.828,6.679,-0.5047,missed_both,,,,,,,,,
centerpoint,B,PU-GCN,downsampled_x4_pu_gcn,000590,8,Cyclist,39.5716,2.8944,-0.7361,missed_both,,,,,,,,,
centerpoint,B,PU-GCN,downsampled_x4_pu_gcn,000590,9,Car,9.0331,-2.7806,-0.9702,maintained,0,0.9590985774993896,0.9146531728480644,0.8852200246350854,0,0.9081087112426758,0.8605774706576761,0.8461278514455718,-0.039092173189513635
centerpoint,B,PU-GCN,downsampled_x4_pu_gcn,000590,10,Car,14.0328,-6.2607,-0.8697,maintained,4,0.8539971113204956,0.9061599773333542,0.8162364893743013,2,0.7930033206939697,0.9123273070364908,0.7749567877030825,-0.04127970167121875
centerpoint,B,PU-GCN,downsampled_x4_pu_gcn,000590,11,Car,19.2734,-5.969,-0.9069,lost_after_upsampling,59,0.11047794669866562,0.7495402377534228,0.7171142128097145,,,,,
centerpoint,B,PU-GCN,downsampled_x4_pu_gcn,000590,12,Car,24.4138,-6.0277,-0.9188,lost_after_upsampling,46,0.1317792534828186,0.830925466162124,0.7614903865478494,,,,,
centerpoint,B,PU-GCN,downsampled_x4_pu_gcn,000590,13,Car,27.3034,-5.8876,-0.8621,lost_after_upsampling,6,0.7651378512382507,0.8404804758879838,0.8031136240109136,,,,,
centerpoint,B,PU-GCN,downsampled_x4_pu_gcn,000590,14,Car,29.523,-6.0675,-0.8158,missed_both,,,,,,,,,
centerpoint,B,PU-GCN,downsampled_x4_pu_gcn,000590,15,Car,37.0709,6.7139,-0.7219,lost_after_upsampling,10,0.4413772523403168,0.829720769881304,0.7569404187872862,,,,,
centerpoint,B,PU-GCN,downsampled_x4_pu_gcn,000590,16,Car,39.7606,6.264,-0.6735,missed_both,,,,,,,,,
centerpoint,B,PU-GCN,downsampled_x4_pu_gcn,000590,17,Car,42.8634,-2.4341,-0.828,lost_after_upsampling,13,0.378996342420578,0.8523849403125986,0.7718427192498053,,,,,
centerpoint,B,PU-EdgeFormer,downsampled_x4_pu_edgeformer,000590,0,Car,6.6204,5.6677,-0.8211,lost_after_upsampling,8,0.6012898087501526,0.7630569345370304,0.7002357407172598,,,,,
centerpoint,B,PU-EdgeFormer,downsampled_x4_pu_edgeformer,000590,1,Car,9.0203,5.9782,-0.8078,maintained,3,0.872840404510498,0.8102470370435354,0.7317546940263197,1,0.8201814293861389,0.8527229288651197,0.7633009872598092,0.031546293233489564
centerpoint,B,PU-EdgeFormer,downsampled_x4_pu_edgeformer,000590,2,Car,11.3501,6.2085,-0.781,lost_after_upsampling,1,0.9171329736709595,0.9060864607289306,0.7842001657396958,,,,,
centerpoint,B,PU-EdgeFormer,downsampled_x4_pu_edgeformer,000590,3,Car,13.8895,6.7683,-0.7086,lost_after_upsampling,37,0.14398804306983948,0.835913738740373,0.7457327285847605,,,,,
centerpoint,B,PU-EdgeFormer,downsampled_x4_pu_edgeformer,000590,4,Car,16.2512,6.2704,-0.8542,lost_after_upsampling,2,0.8829841613769531,0.8213109655656823,0.762874765576812,,,,,
centerpoint,B,PU-EdgeFormer,downsampled_x4_pu_edgeformer,000590,5,Car,18.7706,6.7604,-0.7976,lost_after_upsampling,5,0.8491697907447815,0.7922982570115447,0.7404650660074937,,,,,
centerpoint,B,PU-EdgeFormer,downsampled_x4_pu_edgeformer,000590,6,Car,23.2784,6.6389,-0.5568,confidence_degraded,7,0.7166584134101868,0.8492977133034425,0.7051647348888026,5,0.3294796347618103,0.8393766463158268,0.8121523792908273,0.10698764440202468
centerpoint,B,PU-EdgeFormer,downsampled_x4_pu_edgeformer,000590,7,Car,25.828,6.679,-0.5047,missed_both,,,,,,,,,
centerpoint,B,PU-EdgeFormer,downsampled_x4_pu_edgeformer,000590,8,Cyclist,39.5716,2.8944,-0.7361,missed_both,,,,,,,,,
centerpoint,B,PU-EdgeFormer,downsampled_x4_pu_edgeformer,000590,9,Car,9.0331,-2.7806,-0.9702,maintained,0,0.9590985774993896,0.9146531728480644,0.8852200246350854,0,0.894370436668396,0.9164709877931302,0.8843856775736679,-0.0008343470614174953
centerpoint,B,PU-EdgeFormer,downsampled_x4_pu_edgeformer,000590,10,Car,14.0328,-6.2607,-0.8697,lost_after_upsampling,4,0.8539971113204956,0.9061599773333542,0.8162364893743013,,,,,
centerpoint,B,PU-EdgeFormer,downsampled_x4_pu_edgeformer,000590,11,Car,19.2734,-5.969,-0.9069,lost_after_upsampling,59,0.11047794669866562,0.7495402377534228,0.7171142128097145,,,,,
centerpoint,B,PU-EdgeFormer,downsampled_x4_pu_edgeformer,000590,12,Car,24.4138,-6.0277,-0.9188,lost_after_upsampling,46,0.1317792534828186,0.830925466162124,0.7614903865478494,,,,,
centerpoint,B,PU-EdgeFormer,downsampled_x4_pu_edgeformer,000590,13,Car,27.3034,-5.8876,-0.8621,lost_after_upsampling,6,0.7651378512382507,0.8404804758879838,0.8031136240109136,,,,,
centerpoint,B,PU-EdgeFormer,downsampled_x4_pu_edgeformer,000590,14,Car,29.523,-6.0675,-0.8158,missed_both,,,,,,,,,
centerpoint,B,PU-EdgeFormer,downsampled_x4_pu_edgeformer,000590,15,Car,37.0709,6.7139,-0.7219,lost_after_upsampling,10,0.4413772523403168,0.829720769881304,0.7569404187872862,,,,,
centerpoint,B,PU-EdgeFormer,downsampled_x4_pu_edgeformer,000590,16,Car,39.7606,6.264,-0.6735,missed_both,,,,,,,,,
centerpoint,B,PU-EdgeFormer,downsampled_x4_pu_edgeformer,000590,17,Car,42.8634,-2.4341,-0.828,lost_after_upsampling,13,0.378996342420578,0.8523849403125986,0.7718427192498053,,,,,
centerpoint,B,PU-Net,downsampled_x4_pu_net,000590,0,Car,6.6204,5.6677,-0.8211,maintained,8,0.6012898087501526,0.7630569345370304,0.7002357407172598,3,0.7544427514076233,0.8317351629254669,0.7789079942422242,0.07867225352496443
centerpoint,B,PU-Net,downsampled_x4_pu_net,000590,1,Car,9.0203,5.9782,-0.8078,lost_after_upsampling,3,0.872840404510498,0.8102470370435354,0.7317546940263197,,,,,
centerpoint,B,PU-Net,downsampled_x4_pu_net,000590,2,Car,11.3501,6.2085,-0.781,lost_after_upsampling,1,0.9171329736709595,0.9060864607289306,0.7842001657396958,,,,,
centerpoint,B,PU-Net,downsampled_x4_pu_net,000590,3,Car,13.8895,6.7683,-0.7086,lost_after_upsampling,37,0.14398804306983948,0.835913738740373,0.7457327285847605,,,,,
centerpoint,B,PU-Net,downsampled_x4_pu_net,000590,4,Car,16.2512,6.2704,-0.8542,lost_after_upsampling,2,0.8829841613769531,0.8213109655656823,0.762874765576812,,,,,
centerpoint,B,PU-Net,downsampled_x4_pu_net,000590,5,Car,18.7706,6.7604,-0.7976,lost_after_upsampling,5,0.8491697907447815,0.7922982570115447,0.7404650660074937,,,,,
centerpoint,B,PU-Net,downsampled_x4_pu_net,000590,6,Car,23.2784,6.6389,-0.5568,lost_after_upsampling,7,0.7166584134101868,0.8492977133034425,0.7051647348888026,,,,,
centerpoint,B,PU-Net,downsampled_x4_pu_net,000590,7,Car,25.828,6.679,-0.5047,missed_both,,,,,,,,,
centerpoint,B,PU-Net,downsampled_x4_pu_net,000590,8,Cyclist,39.5716,2.8944,-0.7361,missed_both,,,,,,,,,
centerpoint,B,PU-Net,downsampled_x4_pu_net,000590,9,Car,9.0331,-2.7806,-0.9702,localization_degraded,0,0.9590985774993896,0.9146531728480644,0.8852200246350854,1,0.9051998257637024,0.8371011583053932,0.7808383805963159,-0.10438164403876948
centerpoint,B,PU-Net,downsampled_x4_pu_net,000590,10,Car,14.0328,-6.2607,-0.8697,confidence_degraded,4,0.8539971113204956,0.9061599773333542,0.8162364893743013,48,0.10677476227283478,0.8519201446896906,0.7214250777047977,-0.09481141166950358
centerpoint,B,PU-Net,downsampled_x4_pu_net,000590,11,Car,19.2734,-5.969,-0.9069,lost_after_upsampling,59,0.11047794669866562,0.7495402377534228,0.7171142128097145,,,,,
centerpoint,B,PU-Net,downsampled_x4_pu_net,000590,12,Car,24.4138,-6.0277,-0.9188,lost_after_upsampling,46,0.1317792534828186,0.830925466162124,0.7614903865478494,,,,,
centerpoint,B,PU-Net,downsampled_x4_pu_net,000590,13,Car,27.3034,-5.8876,-0.8621,lost_after_upsampling,6,0.7651378512382507,0.8404804758879838,0.8031136240109136,,,,,
centerpoint,B,PU-Net,downsampled_x4_pu_net,000590,14,Car,29.523,-6.0675,-0.8158,missed_both,,,,,,,,,
centerpoint,B,PU-Net,downsampled_x4_pu_net,000590,15,Car,37.0709,6.7139,-0.7219,lost_after_upsampling,10,0.4413772523403168,0.829720769881304,0.7569404187872862,,,,,
centerpoint,B,PU-Net,downsampled_x4_pu_net,000590,16,Car,39.7606,6.264,-0.6735,missed_both,,,,,,,,,
centerpoint,B,PU-Net,downsampled_x4_pu_net,000590,17,Car,42.8634,-2.4341,-0.828,lost_after_upsampling,13,0.378996342420578,0.8523849403125986,0.7718427192498053,,,,,
pointrcnn,A,PDANS,original_x4_pdans,005625,0,Car,7.5611,6.4688,-0.8929,confidence_degraded,2,10.5159,0.8546111831241638,0.8225688579878259,4,8.6107,0.9264522183107144,0.8909270259428427,0.06835816795501681
pointrcnn,A,PDANS,original_x4_pdans,005625,1,Car,10.0309,6.9291,-0.8672,confidence_degraded,4,10.4183,0.8313793728794832,0.8042799298314276,2,9.2255,0.8382129398562222,0.8125355038825257,0.008255574051098113
pointrcnn,A,PDANS,original_x4_pdans,005625,2,Car,14.5708,6.8398,-0.8357,confidence_degraded,5,10.1016,0.9437374326706712,0.8831872092939193,0,9.9496,0.94204934433073,0.8830281040767906,-0.00015910521712869663
pointrcnn,A,PDANS,original_x4_pdans,005625,3,Car,17.1684,7.0979,-0.5908,lost_after_upsampling,11,6.2367,0.8130211744409388,0.741756235836863,,,,,
pointrcnn,A,PDANS,original_x4_pdans,005625,4,Car,5.3829,-6.2221,-0.9297,recovered_after_upsampling,,,,,7,5.1295,0.8408380809271357,0.7919746211597576,
pointrcnn,A,PDANS,original_x4_pdans,005625,5,Car,7.8339,-6.0406,-1.0172,confidence_degraded,0,11.6556,0.8244647013634153,0.7862193624643462,1,9.8127,0.7999770706120567,0.7651780475102821,-0.02104131495406414
pointrcnn,A,PDANS,original_x4_pdans,005625,6,Car,10.6631,-5.8008,-0.9251,confidence_degraded,3,10.4698,0.9157777695662453,0.8609066855857054,3,8.705,0.8516994057662765,0.794872767780923,-0.0660339178047824
pointrcnn,A,PDANS,original_x4_pdans,005625,7,Car,13.2629,-5.9406,-0.8894,confidence_degraded,10,7.1571,0.7625156344985047,0.7170655913320566,6,5.8154,0.7322788805096591,0.7016774868835013,-0.015388104448555318
pointrcnn,A,PDANS,original_x4_pdans,005625,8,Car,15.7835,-5.7995,-0.9365,confidence_degraded,7,9.2194,0.8845182108083024,0.8264102502727987,5,6.112,0.8597515763934351,0.8544228169852568,0.02801256671245811
pointrcnn,A,PDANS,original_x4_pdans,005625,9,Car,18.6838,-5.6487,-0.9496,lost_after_upsampling,6,9.7853,0.9583050899068704,0.9391647284700188,,,,,
pointrcnn,A,PDANS,original_x4_pdans,005625,10,Car,21.0324,-5.7597,-0.8013,missed_both,,,,,,,,,
pointrcnn,A,PDANS,original_x4_pdans,005625,11,Car,28.181,7.0425,-0.7813,missed_both,,,,,,,,,
pointrcnn,A,PDANS,original_x4_pdans,005625,12,Car,31.0104,6.7124,-0.7102,confidence_degraded,8,8.5516,0.8730941993742883,0.8145301860799533,8,3.7547,0.9172621056032795,0.8608329538304067,0.04630276775045339
pointrcnn,A,PDANS,original_x4_pdans,005625,13,Car,34.172,-1.967,-0.7439,localization_degraded,1,11.3803,0.9058518893733764,0.8434534467536781,11,1.2849,0.8172495256628868,0.7037475115371193,-0.13970593521655872
pointrcnn,A,PDANS,original_x4_pdans,005625,14,Car,49.211,-1.5453,-0.5723,lost_after_upsampling,14,0.0648,0.7882212137352851,0.7464431004176736,,,,,
pointrcnn,A,PU-GCN,original_x4_pu_gcn,005625,0,Car,7.5611,6.4688,-0.8929,confidence_degraded,2,10.5159,0.8546111831241638,0.8225688579878259,4,6.9888,0.8119327056098189,0.7893433125140991,-0.0332255454737268
pointrcnn,A,PU-GCN,original_x4_pu_gcn,005625,1,Car,10.0309,6.9291,-0.8672,confidence_degraded,4,10.4183,0.8313793728794832,0.8042799298314276,1,8.7076,0.8667633005716572,0.8423578702407393,0.03807794040931167
pointrcnn,A,PU-GCN,original_x4_pu_gcn,005625,2,Car,14.5708,6.8398,-0.8357,localization_degraded,5,10.1016,0.9437374326706712,0.8831872092939193,3,7.4423,0.8695852710991663,0.7692046615578472,-0.11398254773607208
pointrcnn,A,PU-GCN,original_x4_pu_gcn,005625,3,Car,17.1684,7.0979,-0.5908,lost_after_upsampling,11,6.2367,0.8130211744409388,0.741756235836863,,,,,
pointrcnn,A,PU-GCN,original_x4_pu_gcn,005625,4,Car,5.3829,-6.2221,-0.9297,recovered_after_upsampling,,,,,8,2.7081,0.8686812801121592,0.8537670161842886,
pointrcnn,A,PU-GCN,original_x4_pu_gcn,005625,5,Car,7.8339,-6.0406,-1.0172,confidence_degraded,0,11.6556,0.8244647013634153,0.7862193624643462,2,8.6978,0.8355963984166962,0.8039582447527622,0.017738882288416025
pointrcnn,A,PU-GCN,original_x4_pu_gcn,005625,6,Car,10.6631,-5.8008,-0.9251,localization_degraded,3,10.4698,0.9157777695662453,0.8609066855857054,0,9.8316,0.781959765053201,0.7049603086937032,-0.1559463768920022
pointrcnn,A,PU-GCN,original_x4_pu_gcn,005625,7,Car,13.2629,-5.9406,-0.8894,lost_after_upsampling,10,7.1571,0.7625156344985047,0.7170655913320566,,,,,
pointrcnn,A,PU-GCN,original_x4_pu_gcn,005625,8,Car,15.7835,-5.7995,-0.9365,confidence_degraded,7,9.2194,0.8845182108083024,0.8264102502727987,5,5.1793,0.9183726095762391,0.9033904393649286,0.07698018909212989
pointrcnn,A,PU-GCN,original_x4_pu_gcn,005625,9,Car,18.6838,-5.6487,-0.9496,lost_after_upsampling,6,9.7853,0.9583050899068704,0.9391647284700188,,,,,
pointrcnn,A,PU-GCN,original_x4_pu_gcn,005625,10,Car,21.0324,-5.7597,-0.8013,missed_both,,,,,,,,,
pointrcnn,A,PU-GCN,original_x4_pu_gcn,005625,11,Car,28.181,7.0425,-0.7813,missed_both,,,,,,,,,
pointrcnn,A,PU-GCN,original_x4_pu_gcn,005625,12,Car,31.0104,6.7124,-0.7102,lost_after_upsampling,8,8.5516,0.8730941993742883,0.8145301860799533,,,,,
pointrcnn,A,PU-GCN,original_x4_pu_gcn,005625,13,Car,34.172,-1.967,-0.7439,confidence_degraded,1,11.3803,0.9058518893733764,0.8434534467536781,6,4.9063,0.8428610611010837,0.7500807056184442,-0.09337274113523386
pointrcnn,A,PU-GCN,original_x4_pu_gcn,005625,14,Car,49.211,-1.5453,-0.5723,lost_after_upsampling,14,0.0648,0.7882212137352851,0.7464431004176736,,,,,
pointrcnn,A,PU-EdgeFormer,original_x4_pu_edgeformer,005625,0,Car,7.5611,6.4688,-0.8929,confidence_degraded,2,10.5159,0.8546111831241638,0.8225688579878259,6,3.1134,0.7969840930487165,0.7586812914110851,-0.06388756657674077
pointrcnn,A,PU-EdgeFormer,original_x4_pu_edgeformer,005625,1,Car,10.0309,6.9291,-0.8672,confidence_degraded,4,10.4183,0.8313793728794832,0.8042799298314276,3,5.6107,0.8303746424188774,0.7964310913413206,-0.00784883849010698
pointrcnn,A,PU-EdgeFormer,original_x4_pu_edgeformer,005625,2,Car,14.5708,6.8398,-0.8357,confidence_degraded,5,10.1016,0.9437374326706712,0.8831872092939193,0,8.98,0.9268663830115026,0.8519387049419231,-0.03124850435199611
pointrcnn,A,PU-EdgeFormer,original_x4_pu_edgeformer,005625,3,Car,17.1684,7.0979,-0.5908,lost_after_upsampling,11,6.2367,0.8130211744409388,0.741756235836863,,,,,
pointrcnn,A,PU-EdgeFormer,original_x4_pu_edgeformer,005625,4,Car,5.3829,-6.2221,-0.9297,recovered_after_upsampling,,,,,5,3.4031,0.8035668477487525,0.7680254494352985,
pointrcnn,A,PU-EdgeFormer,original_x4_pu_edgeformer,005625,5,Car,7.8339,-6.0406,-1.0172,confidence_degraded,0,11.6556,0.8244647013634153,0.7862193624643462,1,7.7678,0.7683716085958043,0.725256531958125,-0.0609628305062212
pointrcnn,A,PU-EdgeFormer,original_x4_pu_edgeformer,005625,6,Car,10.6631,-5.8008,-0.9251,confidence_degraded,3,10.4698,0.9157777695662453,0.8609066855857054,2,6.7201,0.8627882189728219,0.8030543004606577,-0.057852385125047645
pointrcnn,A,PU-EdgeFormer,original_x4_pu_edgeformer,005625,7,Car,13.2629,-5.9406,-0.8894,lost_after_upsampling,10,7.1571,0.7625156344985047,0.7170655913320566,,,,,
pointrcnn,A,PU-EdgeFormer,original_x4_pu_edgeformer,005625,8,Car,15.7835,-5.7995,-0.9365,confidence_degraded,7,9.2194,0.8845182108083024,0.8264102502727987,4,4.5089,0.8723543978165156,0.8280027303073599,0.00159248003456125
pointrcnn,A,PU-EdgeFormer,original_x4_pu_edgeformer,005625,9,Car,18.6838,-5.6487,-0.9496,lost_after_upsampling,6,9.7853,0.9583050899068704,0.9391647284700188,,,,,
pointrcnn,A,PU-EdgeFormer,original_x4_pu_edgeformer,005625,10,Car,21.0324,-5.7597,-0.8013,missed_both,,,,,,,,,
pointrcnn,A,PU-EdgeFormer,original_x4_pu_edgeformer,005625,11,Car,28.181,7.0425,-0.7813,missed_both,,,,,,,,,
pointrcnn,A,PU-EdgeFormer,original_x4_pu_edgeformer,005625,12,Car,31.0104,6.7124,-0.7102,lost_after_upsampling,8,8.5516,0.8730941993742883,0.8145301860799533,,,,,
pointrcnn,A,PU-EdgeFormer,original_x4_pu_edgeformer,005625,13,Car,34.172,-1.967,-0.7439,lost_after_upsampling,1,11.3803,0.9058518893733764,0.8434534467536781,,,,,
pointrcnn,A,PU-EdgeFormer,original_x4_pu_edgeformer,005625,14,Car,49.211,-1.5453,-0.5723,lost_after_upsampling,14,0.0648,0.7882212137352851,0.7464431004176736,,,,,
pointrcnn,A,PU-Net,original_x4_pu_net,005625,0,Car,7.5611,6.4688,-0.8929,localization_degraded,2,10.5159,0.8546111831241638,0.8225688579878259,0,5.7658,0.7240030942970914,0.704841251585281,-0.11772760640254487
pointrcnn,A,PU-Net,original_x4_pu_net,005625,1,Car,10.0309,6.9291,-0.8672,lost_after_upsampling,4,10.4183,0.8313793728794832,0.8042799298314276,,,,,
pointrcnn,A,PU-Net,original_x4_pu_net,005625,2,Car,14.5708,6.8398,-0.8357,lost_after_upsampling,5,10.1016,0.9437374326706712,0.8831872092939193,,,,,
pointrcnn,A,PU-Net,original_x4_pu_net,005625,3,Car,17.1684,7.0979,-0.5908,lost_after_upsampling,11,6.2367,0.8130211744409388,0.741756235836863,,,,,
pointrcnn,A,PU-Net,original_x4_pu_net,005625,4,Car,5.3829,-6.2221,-0.9297,missed_both,,,,,,,,,
pointrcnn,A,PU-Net,original_x4_pu_net,005625,5,Car,7.8339,-6.0406,-1.0172,lost_after_upsampling,0,11.6556,0.8244647013634153,0.7862193624643462,,,,,
pointrcnn,A,PU-Net,original_x4_pu_net,005625,6,Car,10.6631,-5.8008,-0.9251,lost_after_upsampling,3,10.4698,0.9157777695662453,0.8609066855857054,,,,,
pointrcnn,A,PU-Net,original_x4_pu_net,005625,7,Car,13.2629,-5.9406,-0.8894,lost_after_upsampling,10,7.1571,0.7625156344985047,0.7170655913320566,,,,,
pointrcnn,A,PU-Net,original_x4_pu_net,005625,8,Car,15.7835,-5.7995,-0.9365,lost_after_upsampling,7,9.2194,0.8845182108083024,0.8264102502727987,,,,,
pointrcnn,A,PU-Net,original_x4_pu_net,005625,9,Car,18.6838,-5.6487,-0.9496,lost_after_upsampling,6,9.7853,0.9583050899068704,0.9391647284700188,,,,,
pointrcnn,A,PU-Net,original_x4_pu_net,005625,10,Car,21.0324,-5.7597,-0.8013,missed_both,,,,,,,,,
pointrcnn,A,PU-Net,original_x4_pu_net,005625,11,Car,28.181,7.0425,-0.7813,missed_both,,,,,,,,,
pointrcnn,A,PU-Net,original_x4_pu_net,005625,12,Car,31.0104,6.7124,-0.7102,lost_after_upsampling,8,8.5516,0.8730941993742883,0.8145301860799533,,,,,
pointrcnn,A,PU-Net,original_x4_pu_net,005625,13,Car,34.172,-1.967,-0.7439,lost_after_upsampling,1,11.3803,0.9058518893733764,0.8434534467536781,,,,,
pointrcnn,A,PU-Net,original_x4_pu_net,005625,14,Car,49.211,-1.5453,-0.5723,lost_after_upsampling,14,0.0648,0.7882212137352851,0.7464431004176736,,,,,
pointrcnn,B,PDANS,downsampled_x4_pdans,005625,0,Car,7.5611,6.4688,-0.8929,confidence_degraded,0,10.6811,0.851303394334131,0.8030181332311482,1,5.4276,0.8911335354990532,0.8587189884837809,0.055700855252632686
pointrcnn,B,PDANS,downsampled_x4_pdans,005625,1,Car,10.0309,6.9291,-0.8672,lost_after_upsampling,2,9.8078,0.8377612572462741,0.805679568930238,,,,,
pointrcnn,B,PDANS,downsampled_x4_pdans,005625,2,Car,14.5708,6.8398,-0.8357,localization_degraded,5,8.5354,0.9084061915243559,0.8481400664993535,3,3.991,0.8030500250684348,0.7208586510212505,-0.127281415478103
pointrcnn,B,PDANS,downsampled_x4_pdans,005625,3,Car,17.1684,7.0979,-0.5908,lost_after_upsampling,9,5.6281,0.8525546341813462,0.7393218776628866,,,,,
pointrcnn,B,PDANS,downsampled_x4_pdans,005625,4,Car,5.3829,-6.2221,-0.9297,missed_both,,,,,,,,,
pointrcnn,B,PDANS,downsampled_x4_pdans,005625,5,Car,7.8339,-6.0406,-1.0172,confidence_degraded,1,9.9562,0.791152297763656,0.7605233972097994,0,6.3623,0.8165148681997523,0.7028221088941701,-0.05770128831562937
pointrcnn,B,PDANS,downsampled_x4_pdans,005625,6,Car,10.6631,-5.8008,-0.9251,confidence_degraded,3,9.2793,0.8370659437145974,0.7562471039943223,2,5.0221,0.7278377802734267,0.7129760852691338,-0.04327101872518846
pointrcnn,B,PDANS,downsampled_x4_pdans,005625,7,Car,13.2629,-5.9406,-0.8894,recovered_after_upsampling,,,,,5,0.5621,0.735848444954653,0.7045459189902165,
pointrcnn,B,PDANS,downsampled_x4_pdans,005625,8,Car,15.7835,-5.7995,-0.9365,lost_after_upsampling,7,7.6998,0.8963431455380492,0.8571789660830358,,,,,
pointrcnn,B,PDANS,downsampled_x4_pdans,005625,9,Car,18.6838,-5.6487,-0.9496,lost_after_upsampling,4,8.8671,0.9006855978686438,0.8908088507961298,,,,,
pointrcnn,B,PDANS,downsampled_x4_pdans,005625,10,Car,21.0324,-5.7597,-0.8013,missed_both,,,,,,,,,
pointrcnn,B,PDANS,downsampled_x4_pdans,005625,11,Car,28.181,7.0425,-0.7813,missed_both,,,,,,,,,
pointrcnn,B,PDANS,downsampled_x4_pdans,005625,12,Car,31.0104,6.7124,-0.7102,missed_both,,,,,,,,,
pointrcnn,B,PDANS,downsampled_x4_pdans,005625,13,Car,34.172,-1.967,-0.7439,lost_after_upsampling,6,8.2999,0.8986099901477037,0.8020343818589476,,,,,
pointrcnn,B,PDANS,downsampled_x4_pdans,005625,14,Car,49.211,-1.5453,-0.5723,missed_both,,,,,,,,,
pointrcnn,B,PU-GCN,downsampled_x4_pu_gcn,005625,0,Car,7.5611,6.4688,-0.8929,confidence_degraded,0,10.6811,0.851303394334131,0.8030181332311482,1,7.0638,0.8766327686205948,0.8030278266613919,9.693430243706835e-06
pointrcnn,B,PU-GCN,downsampled_x4_pu_gcn,005625,1,Car,10.0309,6.9291,-0.8672,lost_after_upsampling,2,9.8078,0.8377612572462741,0.805679568930238,,,,,
pointrcnn,B,PU-GCN,downsampled_x4_pu_gcn,005625,2,Car,14.5708,6.8398,-0.8357,lost_after_upsampling,5,8.5354,0.9084061915243559,0.8481400664993535,,,,,
pointrcnn,B,PU-GCN,downsampled_x4_pu_gcn,005625,3,Car,17.1684,7.0979,-0.5908,lost_after_upsampling,9,5.6281,0.8525546341813462,0.7393218776628866,,,,,
pointrcnn,B,PU-GCN,downsampled_x4_pu_gcn,005625,4,Car,5.3829,-6.2221,-0.9297,missed_both,,,,,,,,,
pointrcnn,B,PU-GCN,downsampled_x4_pu_gcn,005625,5,Car,7.8339,-6.0406,-1.0172,confidence_degraded,1,9.9562,0.791152297763656,0.7605233972097994,0,8.9803,0.750102538219032,0.7203969373467701,-0.04012645986302932
pointrcnn,B,PU-GCN,downsampled_x4_pu_gcn,005625,6,Car,10.6631,-5.8008,-0.9251,lost_after_upsampling,3,9.2793,0.8370659437145974,0.7562471039943223,,,,,
pointrcnn,B,PU-GCN,downsampled_x4_pu_gcn,005625,7,Car,13.2629,-5.9406,-0.8894,missed_both,,,,,,,,,
pointrcnn,B,PU-GCN,downsampled_x4_pu_gcn,005625,8,Car,15.7835,-5.7995,-0.9365,confidence_degraded,7,7.6998,0.8963431455380492,0.8571789660830358,3,3.2372,0.8849035306912088,0.8536947830558337,-0.0034841830272021035
pointrcnn,B,PU-GCN,downsampled_x4_pu_gcn,005625,9,Car,18.6838,-5.6487,-0.9496,lost_after_upsampling,4,8.8671,0.9006855978686438,0.8908088507961298,,,,,
pointrcnn,B,PU-GCN,downsampled_x4_pu_gcn,005625,10,Car,21.0324,-5.7597,-0.8013,missed_both,,,,,,,,,
pointrcnn,B,PU-GCN,downsampled_x4_pu_gcn,005625,11,Car,28.181,7.0425,-0.7813,missed_both,,,,,,,,,
pointrcnn,B,PU-GCN,downsampled_x4_pu_gcn,005625,12,Car,31.0104,6.7124,-0.7102,missed_both,,,,,,,,,
pointrcnn,B,PU-GCN,downsampled_x4_pu_gcn,005625,13,Car,34.172,-1.967,-0.7439,lost_after_upsampling,6,8.2999,0.8986099901477037,0.8020343818589476,,,,,
pointrcnn,B,PU-GCN,downsampled_x4_pu_gcn,005625,14,Car,49.211,-1.5453,-0.5723,missed_both,,,,,,,,,
pointrcnn,B,PU-EdgeFormer,downsampled_x4_pu_edgeformer,005625,0,Car,7.5611,6.4688,-0.8929,lost_after_upsampling,0,10.6811,0.851303394334131,0.8030181332311482,,,,,
pointrcnn,B,PU-EdgeFormer,downsampled_x4_pu_edgeformer,005625,1,Car,10.0309,6.9291,-0.8672,lost_after_upsampling,2,9.8078,0.8377612572462741,0.805679568930238,,,,,
pointrcnn,B,PU-EdgeFormer,downsampled_x4_pu_edgeformer,005625,2,Car,14.5708,6.8398,-0.8357,lost_after_upsampling,5,8.5354,0.9084061915243559,0.8481400664993535,,,,,
pointrcnn,B,PU-EdgeFormer,downsampled_x4_pu_edgeformer,005625,3,Car,17.1684,7.0979,-0.5908,lost_after_upsampling,9,5.6281,0.8525546341813462,0.7393218776628866,,,,,
pointrcnn,B,PU-EdgeFormer,downsampled_x4_pu_edgeformer,005625,4,Car,5.3829,-6.2221,-0.9297,recovered_after_upsampling,,,,,0,1.6174,0.8480235618550367,0.7952352605718477,
pointrcnn,B,PU-EdgeFormer,downsampled_x4_pu_edgeformer,005625,5,Car,7.8339,-6.0406,-1.0172,lost_after_upsampling,1,9.9562,0.791152297763656,0.7605233972097994,,,,,
pointrcnn,B,PU-EdgeFormer,downsampled_x4_pu_edgeformer,005625,6,Car,10.6631,-5.8008,-0.9251,lost_after_upsampling,3,9.2793,0.8370659437145974,0.7562471039943223,,,,,
pointrcnn,B,PU-EdgeFormer,downsampled_x4_pu_edgeformer,005625,7,Car,13.2629,-5.9406,-0.8894,missed_both,,,,,,,,,
pointrcnn,B,PU-EdgeFormer,downsampled_x4_pu_edgeformer,005625,8,Car,15.7835,-5.7995,-0.9365,lost_after_upsampling,7,7.6998,0.8963431455380492,0.8571789660830358,,,,,
pointrcnn,B,PU-EdgeFormer,downsampled_x4_pu_edgeformer,005625,9,Car,18.6838,-5.6487,-0.9496,lost_after_upsampling,4,8.8671,0.9006855978686438,0.8908088507961298,,,,,
pointrcnn,B,PU-EdgeFormer,downsampled_x4_pu_edgeformer,005625,10,Car,21.0324,-5.7597,-0.8013,missed_both,,,,,,,,,
pointrcnn,B,PU-EdgeFormer,downsampled_x4_pu_edgeformer,005625,11,Car,28.181,7.0425,-0.7813,missed_both,,,,,,,,,
pointrcnn,B,PU-EdgeFormer,downsampled_x4_pu_edgeformer,005625,12,Car,31.0104,6.7124,-0.7102,missed_both,,,,,,,,,
pointrcnn,B,PU-EdgeFormer,downsampled_x4_pu_edgeformer,005625,13,Car,34.172,-1.967,-0.7439,lost_after_upsampling,6,8.2999,0.8986099901477037,0.8020343818589476,,,,,
pointrcnn,B,PU-EdgeFormer,downsampled_x4_pu_edgeformer,005625,14,Car,49.211,-1.5453,-0.5723,missed_both,,,,,,,,,
pointrcnn,B,PU-Net,downsampled_x4_pu_net,005625,0,Car,7.5611,6.4688,-0.8929,confidence_degraded,0,10.6811,0.851303394334131,0.8030181332311482,0,8.7012,0.8210773854158498,0.7884435085766848,-0.014574624654463464
pointrcnn,B,PU-Net,downsampled_x4_pu_net,005625,1,Car,10.0309,6.9291,-0.8672,localization_degraded,2,9.8078,0.8377612572462741,0.805679568930238,3,3.373,0.7816048627164428,0.7047870045337068,-0.10089256439653116
pointrcnn,B,PU-Net,downsampled_x4_pu_net,005625,2,Car,14.5708,6.8398,-0.8357,lost_after_upsampling,5,8.5354,0.9084061915243559,0.8481400664993535,,,,,
pointrcnn,B,PU-Net,downsampled_x4_pu_net,005625,3,Car,17.1684,7.0979,-0.5908,lost_after_upsampling,9,5.6281,0.8525546341813462,0.7393218776628866,,,,,
pointrcnn,B,PU-Net,downsampled_x4_pu_net,005625,4,Car,5.3829,-6.2221,-0.9297,missed_both,,,,,,,,,
pointrcnn,B,PU-Net,downsampled_x4_pu_net,005625,5,Car,7.8339,-6.0406,-1.0172,confidence_degraded,1,9.9562,0.791152297763656,0.7605233972097994,1,6.6503,0.8664735141333494,0.7635940226941982,0.003070625484398737
pointrcnn,B,PU-Net,downsampled_x4_pu_net,005625,6,Car,10.6631,-5.8008,-0.9251,confidence_degraded,3,9.2793,0.8370659437145974,0.7562471039943223,4,2.5149,0.8287629297317707,0.7670983192020372,0.010851215207714926
pointrcnn,B,PU-Net,downsampled_x4_pu_net,005625,7,Car,13.2629,-5.9406,-0.8894,missed_both,,,,,,,,,
pointrcnn,B,PU-Net,downsampled_x4_pu_net,005625,8,Car,15.7835,-5.7995,-0.9365,lost_after_upsampling,7,7.6998,0.8963431455380492,0.8571789660830358,,,,,
pointrcnn,B,PU-Net,downsampled_x4_pu_net,005625,9,Car,18.6838,-5.6487,-0.9496,lost_after_upsampling,4,8.8671,0.9006855978686438,0.8908088507961298,,,,,
pointrcnn,B,PU-Net,downsampled_x4_pu_net,005625,10,Car,21.0324,-5.7597,-0.8013,missed_both,,,,,,,,,
pointrcnn,B,PU-Net,downsampled_x4_pu_net,005625,11,Car,28.181,7.0425,-0.7813,missed_both,,,,,,,,,
pointrcnn,B,PU-Net,downsampled_x4_pu_net,005625,12,Car,31.0104,6.7124,-0.7102,missed_both,,,,,,,,,
pointrcnn,B,PU-Net,downsampled_x4_pu_net,005625,13,Car,34.172,-1.967,-0.7439,lost_after_upsampling,6,8.2999,0.8986099901477037,0.8020343818589476,,,,,
pointrcnn,B,PU-Net,downsampled_x4_pu_net,005625,14,Car,49.211,-1.5453,-0.5723,missed_both,,,,,,,,,
centerpoint,A,PDANS,original_x4_pdans,005625,0,Car,7.5611,6.4688,-0.8929,maintained,2,0.9180223345756531,0.8508138268765776,0.7798954114399838,3,0.9012119770050049,0.8553791730500228,0.7940141811781222,0.014118769738138415
centerpoint,A,PDANS,original_x4_pdans,005625,1,Car,10.0309,6.9291,-0.8672,maintained,1,0.9365403652191162,0.893963600219253,0.8316090717418176,1,0.9298195838928223,0.894865193082006,0.8471519361896731,0.015542864447855465
centerpoint,A,PDANS,original_x4_pdans,005625,2,Car,14.5708,6.8398,-0.8357,maintained,6,0.8578372001647949,0.9021251040376222,0.817904874329841,6,0.8695567846298218,0.9132376296300205,0.848869673304279,0.030964798974437935
centerpoint,A,PDANS,original_x4_pdans,005625,3,Car,17.1684,7.0979,-0.5908,missed_both,,,,,,,,,
centerpoint,A,PDANS,original_x4_pdans,005625,4,Cyclist,27.1312,3.2619,-0.7722,confidence_degraded,10,0.7864187955856323,0.8436632900005134,0.7176067368563064,11,0.5995187759399414,0.7444313667797819,0.6431897911631262,-0.07441694569318014
centerpoint,A,PDANS,original_x4_pdans,005625,5,Car,5.3829,-6.2221,-0.9297,maintained,19,0.20357798039913177,0.8124974916018499,0.7188117569795229,7,0.7572667002677917,0.8258269920787954,0.7222173309286607,0.0034055739491377635
centerpoint,A,PDANS,original_x4_pdans,005625,6,Car,7.8339,-6.0406,-1.0172,maintained,7,0.8488777279853821,0.7366572549743265,0.7005406401799765,5,0.8696672916412354,0.7784860616393784,0.7264263691190949,0.025885728939118335
centerpoint,A,PDANS,original_x4_pdans,005625,7,Car,10.6631,-5.8008,-0.9251,maintained,0,0.9391037225723267,0.873915701347286,0.8589127010991038,2,0.9289628863334656,0.908816834513849,0.8612366626109129,0.002323961511809136
centerpoint,A,PDANS,original_x4_pdans,005625,8,Car,13.2629,-5.9406,-0.8894,recovered_after_upsampling,,,,,4,0.8822556734085083,0.7724131623745653,0.7154622141208679,
centerpoint,A,PDANS,original_x4_pdans,005625,9,Car,15.7835,-5.7995,-0.9365,lost_after_upsampling,5,0.8621413111686707,0.884024735109946,0.8153076537277223,,,,,
centerpoint,A,PDANS,original_x4_pdans,005625,10,Car,18.6838,-5.6487,-0.9496,lost_after_upsampling,8,0.8335570693016052,0.9077292981570411,0.8411762848275287,,,,,
centerpoint,A,PDANS,original_x4_pdans,005625,11,Car,21.0324,-5.7597,-0.8013,lost_after_upsampling,12,0.6984360814094543,0.8508794661321021,0.7543393316205578,,,,,
centerpoint,A,PDANS,original_x4_pdans,005625,12,Car,28.181,7.0425,-0.7813,missed_both,,,,,,,,,
centerpoint,A,PDANS,original_x4_pdans,005625,13,Car,31.0104,6.7124,-0.7102,confidence_degraded,4,0.8873284459114075,0.8558402163029736,0.7911642556679788,10,0.7316716313362122,0.8231288774779477,0.7520949976313956,-0.03906925803658312
centerpoint,A,PDANS,original_x4_pdans,005625,14,Car,34.172,-1.967,-0.7439,lost_after_upsampling,3,0.8999468684196472,0.9142937759195543,0.8646583098784418,,,,,
centerpoint,A,PDANS,original_x4_pdans,005625,15,Car,49.211,-1.5453,-0.5723,maintained,22,0.1880664974451065,0.8000764387783594,0.7882611500171195,33,0.14933428168296814,0.8088581666229088,0.7004686921260402,-0.08779245789107926
centerpoint,A,PU-GCN,original_x4_pu_gcn,005625,0,Car,7.5611,6.4688,-0.8929,maintained,2,0.9180223345756531,0.8508138268765776,0.7798954114399838,2,0.8791995048522949,0.8571349442649425,0.8097302701740317,0.029834858734047898
centerpoint,A,PU-GCN,original_x4_pu_gcn,005625,1,Car,10.0309,6.9291,-0.8672,maintained,1,0.9365403652191162,0.893963600219253,0.8316090717418176,1,0.9240463376045227,0.8251801426680172,0.7786100666319729,-0.05299900510984479
centerpoint,A,PU-GCN,original_x4_pu_gcn,005625,2,Car,14.5708,6.8398,-0.8357,maintained,6,0.8578372001647949,0.9021251040376222,0.817904874329841,4,0.8550275564193726,0.9050228810593259,0.8433787437054584,0.025473869375617353
centerpoint,A,PU-GCN,original_x4_pu_gcn,005625,3,Car,17.1684,7.0979,-0.5908,missed_both,,,,,,,,,
centerpoint,A,PU-GCN,original_x4_pu_gcn,005625,4,Cyclist,27.1312,3.2619,-0.7722,maintained,10,0.7864187955856323,0.8436632900005134,0.7176067368563064,3,0.8633059859275818,0.7586222209088488,0.7298811459144615,0.012274409058155134
centerpoint,A,PU-GCN,original_x4_pu_gcn,005625,5,Car,5.3829,-6.2221,-0.9297,maintained,19,0.20357798039913177,0.8124974916018499,0.7188117569795229,7,0.7689115405082703,0.8202986228674397,0.7223589751803029,0.003547218200779967
centerpoint,A,PU-GCN,original_x4_pu_gcn,005625,6,Car,7.8339,-6.0406,-1.0172,maintained,7,0.8488777279853821,0.7366572549743265,0.7005406401799765,5,0.8534954190254211,0.8318281457885047,0.7599194537336473,0.059378813553670806
centerpoint,A,PU-GCN,original_x4_pu_gcn,005625,7,Car,10.6631,-5.8008,-0.9251,maintained,0,0.9391037225723267,0.873915701347286,0.8589127010991038,0,0.9355488419532776,0.8829469803899392,0.8567860821739851,-0.002126618925118673
centerpoint,A,PU-GCN,original_x4_pu_gcn,005625,8,Car,13.2629,-5.9406,-0.8894,recovered_after_upsampling,,,,,6,0.8341866135597229,0.781847276095188,0.7613023804608888,
centerpoint,A,PU-GCN,original_x4_pu_gcn,005625,9,Car,15.7835,-5.7995,-0.9365,maintained,5,0.8621413111686707,0.884024735109946,0.8153076537277223,8,0.7655026316642761,0.8409745915750214,0.7611629493294169,-0.05414470439830543
centerpoint,A,PU-GCN,original_x4_pu_gcn,005625,10,Car,18.6838,-5.6487,-0.9496,lost_after_upsampling,8,0.8335570693016052,0.9077292981570411,0.8411762848275287,,,,,
centerpoint,A,PU-GCN,original_x4_pu_gcn,005625,11,Car,21.0324,-5.7597,-0.8013,lost_after_upsampling,12,0.6984360814094543,0.8508794661321021,0.7543393316205578,,,,,
centerpoint,A,PU-GCN,original_x4_pu_gcn,005625,12,Car,28.181,7.0425,-0.7813,missed_both,,,,,,,,,
centerpoint,A,PU-GCN,original_x4_pu_gcn,005625,13,Car,31.0104,6.7124,-0.7102,confidence_degraded,4,0.8873284459114075,0.8558402163029736,0.7911642556679788,11,0.4600590467453003,0.8753242273636508,0.8254908877947325,0.03432663212675369
centerpoint,A,PU-GCN,original_x4_pu_gcn,005625,14,Car,34.172,-1.967,-0.7439,lost_after_upsampling,3,0.8999468684196472,0.9142937759195543,0.8646583098784418,,,,,
centerpoint,A,PU-GCN,original_x4_pu_gcn,005625,15,Car,49.211,-1.5453,-0.5723,lost_after_upsampling,22,0.1880664974451065,0.8000764387783594,0.7882611500171195,,,,,
centerpoint,A,PU-EdgeFormer,original_x4_pu_edgeformer,005625,0,Car,7.5611,6.4688,-0.8929,confidence_degraded,2,0.9180223345756531,0.8508138268765776,0.7798954114399838,15,0.18489481508731842,0.7994348447126128,0.7770507135465121,-0.002844697893471637
centerpoint,A,PU-EdgeFormer,original_x4_pu_edgeformer,005625,1,Car,10.0309,6.9291,-0.8672,localization_degraded,1,0.9365403652191162,0.893963600219253,0.8316090717418176,3,0.8807482123374939,0.7608968052398991,0.703363802739041,-0.12824526900277666
centerpoint,A,PU-EdgeFormer,original_x4_pu_edgeformer,005625,2,Car,14.5708,6.8398,-0.8357,maintained,6,0.8578372001647949,0.9021251040376222,0.817904874329841,2,0.8941770792007446,0.9011764422444885,0.8419219569120243,0.02401708258218327
centerpoint,A,PU-EdgeFormer,original_x4_pu_edgeformer,005625,3,Car,17.1684,7.0979,-0.5908,missed_both,,,,,,,,,
centerpoint,A,PU-EdgeFormer,original_x4_pu_edgeformer,005625,4,Cyclist,27.1312,3.2619,-0.7722,localization_degraded,10,0.7864187955856323,0.8436632900005134,0.7176067368563064,8,0.3236742317676544,0.5835561036373479,0.516134917855059,-0.20147181900124733
centerpoint,A,PU-EdgeFormer,original_x4_pu_edgeformer,005625,5,Car,5.3829,-6.2221,-0.9297,maintained,19,0.20357798039913177,0.8124974916018499,0.7188117569795229,5,0.8146703839302063,0.8355112328666149,0.7173717194223944,-0.0014400375571285151
centerpoint,A,PU-EdgeFormer,original_x4_pu_edgeformer,005625,6,Car,7.8339,-6.0406,-1.0172,maintained,7,0.8488777279853821,0.7366572549743265,0.7005406401799765,4,0.8623566627502441,0.7961737596685481,0.715570553482427,0.015029913302450515
centerpoint,A,PU-EdgeFormer,original_x4_pu_edgeformer,005625,7,Car,10.6631,-5.8008,-0.9251,maintained,0,0.9391037225723267,0.873915701347286,0.8589127010991038,0,0.9461072683334351,0.8620568724868949,0.8505539636286483,-0.008358737470455457
centerpoint,A,PU-EdgeFormer,original_x4_pu_edgeformer,005625,8,Car,13.2629,-5.9406,-0.8894,missed_both,,,,,,,,,
centerpoint,A,PU-EdgeFormer,original_x4_pu_edgeformer,005625,9,Car,15.7835,-5.7995,-0.9365,confidence_degraded,5,0.8621413111686707,0.884024735109946,0.8153076537277223,6,0.7170255780220032,0.8781737536210632,0.8589027904502312,0.04359513672250892
centerpoint,A,PU-EdgeFormer,original_x4_pu_edgeformer,005625,10,Car,18.6838,-5.6487,-0.9496,lost_after_upsampling,8,0.8335570693016052,0.9077292981570411,0.8411762848275287,,,,,
centerpoint,A,PU-EdgeFormer,original_x4_pu_edgeformer,005625,11,Car,21.0324,-5.7597,-0.8013,confidence_degraded,12,0.6984360814094543,0.8508794661321021,0.7543393316205578,16,0.184014692902565,0.8688780459337405,0.762003997167631,0.007664665547073235
centerpoint,A,PU-EdgeFormer,original_x4_pu_edgeformer,005625,12,Car,28.181,7.0425,-0.7813,missed_both,,,,,,,,,
centerpoint,A,PU-EdgeFormer,original_x4_pu_edgeformer,005625,13,Car,31.0104,6.7124,-0.7102,confidence_degraded,4,0.8873284459114075,0.8558402163029736,0.7911642556679788,28,0.11910993605852127,0.8457056044694194,0.7902012647774772,-0.0009629908905015583
centerpoint,A,PU-EdgeFormer,original_x4_pu_edgeformer,005625,14,Car,34.172,-1.967,-0.7439,lost_after_upsampling,3,0.8999468684196472,0.9142937759195543,0.8646583098784418,,,,,
centerpoint,A,PU-EdgeFormer,original_x4_pu_edgeformer,005625,15,Car,49.211,-1.5453,-0.5723,lost_after_upsampling,22,0.1880664974451065,0.8000764387783594,0.7882611500171195,,,,,
centerpoint,A,PU-Net,original_x4_pu_net,005625,0,Car,7.5611,6.4688,-0.8929,maintained,2,0.9180223345756531,0.8508138268765776,0.7798954114399838,0,0.9010933637619019,0.822770167404248,0.7627648757769538,-0.01713053566302991
centerpoint,A,PU-Net,original_x4_pu_net,005625,1,Car,10.0309,6.9291,-0.8672,maintained,1,0.9365403652191162,0.893963600219253,0.8316090717418176,3,0.8708661794662476,0.814735901085025,0.7448375061990922,-0.08677156554272547
centerpoint,A,PU-Net,original_x4_pu_net,005625,2,Car,14.5708,6.8398,-0.8357,confidence_degraded,6,0.8578372001647949,0.9021251040376222,0.817904874329841,7,0.6803991794586182,0.836740472904341,0.7233866459224846,-0.09451822840735646
centerpoint,A,PU-Net,original_x4_pu_net,005625,3,Car,17.1684,7.0979,-0.5908,missed_both,,,,,,,,,
centerpoint,A,PU-Net,original_x4_pu_net,005625,4,Cyclist,27.1312,3.2619,-0.7722,confidence_degraded,10,0.7864187955856323,0.8436632900005134,0.7176067368563064,13,0.3153284788131714,0.8573668433750489,0.7624136886423508,0.044806951786044436
centerpoint,A,PU-Net,original_x4_pu_net,005625,5,Car,5.3829,-6.2221,-0.9297,maintained,19,0.20357798039913177,0.8124974916018499,0.7188117569795229,20,0.21102987229824066,0.8508549916684466,0.7508378073565528,0.03202605037702988
centerpoint,A,PU-Net,original_x4_pu_net,005625,6,Car,7.8339,-6.0406,-1.0172,maintained,7,0.8488777279853821,0.7366572549743265,0.7005406401799765,4,0.8584958910942078,0.8449207329408672,0.707454927281065,0.006914287101088434
centerpoint,A,PU-Net,original_x4_pu_net,005625,7,Car,10.6631,-5.8008,-0.9251,maintained,0,0.9391037225723267,0.873915701347286,0.8589127010991038,1,0.8862391710281372,0.8279143050782458,0.7596073237198941,-0.09930537737920964
centerpoint,A,PU-Net,original_x4_pu_net,005625,8,Car,13.2629,-5.9406,-0.8894,missed_both,,,,,,,,,
centerpoint,A,PU-Net,original_x4_pu_net,005625,9,Car,15.7835,-5.7995,-0.9365,lost_after_upsampling,5,0.8621413111686707,0.884024735109946,0.8153076537277223,,,,,
centerpoint,A,PU-Net,original_x4_pu_net,005625,10,Car,18.6838,-5.6487,-0.9496,lost_after_upsampling,8,0.8335570693016052,0.9077292981570411,0.8411762848275287,,,,,
centerpoint,A,PU-Net,original_x4_pu_net,005625,11,Car,21.0324,-5.7597,-0.8013,lost_after_upsampling,12,0.6984360814094543,0.8508794661321021,0.7543393316205578,,,,,
centerpoint,A,PU-Net,original_x4_pu_net,005625,12,Car,28.181,7.0425,-0.7813,missed_both,,,,,,,,,
centerpoint,A,PU-Net,original_x4_pu_net,005625,13,Car,31.0104,6.7124,-0.7102,lost_after_upsampling,4,0.8873284459114075,0.8558402163029736,0.7911642556679788,,,,,
centerpoint,A,PU-Net,original_x4_pu_net,005625,14,Car,34.172,-1.967,-0.7439,lost_after_upsampling,3,0.8999468684196472,0.9142937759195543,0.8646583098784418,,,,,
centerpoint,A,PU-Net,original_x4_pu_net,005625,15,Car,49.211,-1.5453,-0.5723,lost_after_upsampling,22,0.1880664974451065,0.8000764387783594,0.7882611500171195,,,,,
centerpoint,B,PDANS,downsampled_x4_pdans,005625,0,Car,7.5611,6.4688,-0.8929,maintained,1,0.8949345350265503,0.8002368072076457,0.7666587457341202,0,0.9190094470977783,0.7716240219718153,0.7200159558200068,-0.046642789914113414
centerpoint,B,PDANS,downsampled_x4_pdans,005625,1,Car,10.0309,6.9291,-0.8672,confidence_degraded,0,0.9022053480148315,0.8554343063685861,0.7990726046894941,5,0.7646638751029968,0.7545226868027629,0.7002078290012361,-0.09886477568825802
centerpoint,B,PDANS,downsampled_x4_pdans,005625,2,Car,14.5708,6.8398,-0.8357,maintained,3,0.8460824489593506,0.8920903752559304,0.7883902997011203,2,0.8845989108085632,0.8448312567610653,0.7077761652058886,-0.08061413449523169
centerpoint,B,PDANS,downsampled_x4_pdans,005625,3,Car,17.1684,7.0979,-0.5908,missed_both,,,,,,,,,
centerpoint,B,PDANS,downsampled_x4_pdans,005625,4,Cyclist,27.1312,3.2619,-0.7722,recovered_after_upsampling,,,,,10,0.35957249999046326,0.6464774121971896,0.5489174796210603,
centerpoint,B,PDANS,downsampled_x4_pdans,005625,5,Car,5.3829,-6.2221,-0.9297,confidence_degraded,5,0.6901560425758362,0.8182158528907812,0.7146925723981588,7,0.5636204481124878,0.81309369040633,0.7077030411729884,-0.00698953122517032
centerpoint,B,PDANS,downsampled_x4_pdans,005625,6,Car,7.8339,-6.0406,-1.0172,maintained,4,0.78927081823349,0.8285260571159837,0.7382601697648346,3,0.8619421720504761,0.8375149113302126,0.7503767522819423,0.012116582517107788
centerpoint,B,PDANS,downsampled_x4_pdans,005625,7,Car,10.6631,-5.8008,-0.9251,maintained,2,0.8586419224739075,0.8902196565668187,0.8445452179687477,1,0.9055917859077454,0.8824084328452508,0.8377851357341862,-0.006760082234561482
centerpoint,B,PDANS,downsampled_x4_pdans,005625,8,Car,13.2629,-5.9406,-0.8894,missed_both,,,,,,,,,
centerpoint,B,PDANS,downsampled_x4_pdans,005625,9,Car,15.7835,-5.7995,-0.9365,maintained,14,0.32823339104652405,0.8624383674132786,0.8087900787393043,6,0.6108257174491882,0.8452088342648976,0.7389068761184754,-0.06988320262082892
centerpoint,B,PDANS,downsampled_x4_pdans,005625,10,Car,18.6838,-5.6487,-0.9496,lost_after_upsampling,6,0.6636356115341187,0.9177111755431671,0.8706703745084354,,,,,
centerpoint,B,PDANS,downsampled_x4_pdans,005625,11,Car,21.0324,-5.7597,-0.8013,lost_after_upsampling,16,0.26557061076164246,0.9055522020524095,0.7652939695556928,,,,,
centerpoint,B,PDANS,downsampled_x4_pdans,005625,12,Car,28.181,7.0425,-0.7813,lost_after_upsampling,47,0.11352667957544327,0.8600795207125309,0.7834194193487458,,,,,
centerpoint,B,PDANS,downsampled_x4_pdans,005625,13,Car,31.0104,6.7124,-0.7102,missed_both,,,,,,,,,
centerpoint,B,PDANS,downsampled_x4_pdans,005625,14,Car,34.172,-1.967,-0.7439,localization_degraded,7,0.6532292366027832,0.8700289713458029,0.8420285417348494,50,0.10310178995132446,0.7743273070840666,0.7069607578994983,-0.13506778383535112
centerpoint,B,PDANS,downsampled_x4_pdans,005625,15,Car,49.211,-1.5453,-0.5723,lost_after_upsampling,11,0.3920596241950989,0.8836255753346434,0.8478164740684866,,,,,
centerpoint,B,PU-GCN,downsampled_x4_pu_gcn,005625,0,Car,7.5611,6.4688,-0.8929,maintained,1,0.8949345350265503,0.8002368072076457,0.7666587457341202,1,0.8760524392127991,0.8710866634496811,0.8162920923067107,0.04963334657259055
centerpoint,B,PU-GCN,downsampled_x4_pu_gcn,005625,1,Car,10.0309,6.9291,-0.8672,maintained,0,0.9022053480148315,0.8554343063685861,0.7990726046894941,0,0.9116198420524597,0.8174739495569812,0.7672956152678462,-0.03177698942164797
centerpoint,B,PU-GCN,downsampled_x4_pu_gcn,005625,2,Car,14.5708,6.8398,-0.8357,confidence_degraded,3,0.8460824489593506,0.8920903752559304,0.7883902997011203,6,0.4339086413383484,0.8251170177353441,0.7209806623285827,-0.06740963737253758
centerpoint,B,PU-GCN,downsampled_x4_pu_gcn,005625,3,Car,17.1684,7.0979,-0.5908,missed_both,,,,,,,,,
centerpoint,B,PU-GCN,downsampled_x4_pu_gcn,005625,4,Cyclist,27.1312,3.2619,-0.7722,recovered_after_upsampling,,,,,37,0.12121834605932236,0.7069796985695233,0.655055326007661,
centerpoint,B,PU-GCN,downsampled_x4_pu_gcn,005625,5,Car,5.3829,-6.2221,-0.9297,maintained,5,0.6901560425758362,0.8182158528907812,0.7146925723981588,4,0.7453927993774414,0.8319004660082622,0.7154731050094874,0.0007805326113285993
centerpoint,B,PU-GCN,downsampled_x4_pu_gcn,005625,6,Car,7.8339,-6.0406,-1.0172,maintained,4,0.78927081823349,0.8285260571159837,0.7382601697648346,2,0.8592468500137329,0.8286927093981103,0.7708592140886246,0.032599044323790016
centerpoint,B,PU-GCN,downsampled_x4_pu_gcn,005625,7,Car,10.6631,-5.8008,-0.9251,lost_after_upsampling,2,0.8586419224739075,0.8902196565668187,0.8445452179687477,,,,,
centerpoint,B,PU-GCN,downsampled_x4_pu_gcn,005625,8,Car,13.2629,-5.9406,-0.8894,missed_both,,,,,,,,,
centerpoint,B,PU-GCN,downsampled_x4_pu_gcn,005625,9,Car,15.7835,-5.7995,-0.9365,lost_after_upsampling,14,0.32823339104652405,0.8624383674132786,0.8087900787393043,,,,,
centerpoint,B,PU-GCN,downsampled_x4_pu_gcn,005625,10,Car,18.6838,-5.6487,-0.9496,lost_after_upsampling,6,0.6636356115341187,0.9177111755431671,0.8706703745084354,,,,,
centerpoint,B,PU-GCN,downsampled_x4_pu_gcn,005625,11,Car,21.0324,-5.7597,-0.8013,lost_after_upsampling,16,0.26557061076164246,0.9055522020524095,0.7652939695556928,,,,,
centerpoint,B,PU-GCN,downsampled_x4_pu_gcn,005625,12,Car,28.181,7.0425,-0.7813,lost_after_upsampling,47,0.11352667957544327,0.8600795207125309,0.7834194193487458,,,,,
centerpoint,B,PU-GCN,downsampled_x4_pu_gcn,005625,13,Car,31.0104,6.7124,-0.7102,recovered_after_upsampling,,,,,39,0.11838790774345398,0.7956596087189677,0.7526378254895109,
centerpoint,B,PU-GCN,downsampled_x4_pu_gcn,005625,14,Car,34.172,-1.967,-0.7439,lost_after_upsampling,7,0.6532292366027832,0.8700289713458029,0.8420285417348494,,,,,
centerpoint,B,PU-GCN,downsampled_x4_pu_gcn,005625,15,Car,49.211,-1.5453,-0.5723,lost_after_upsampling,11,0.3920596241950989,0.8836255753346434,0.8478164740684866,,,,,
centerpoint,B,PU-EdgeFormer,downsampled_x4_pu_edgeformer,005625,0,Car,7.5611,6.4688,-0.8929,confidence_degraded,1,0.8949345350265503,0.8002368072076457,0.7666587457341202,34,0.10104068368673325,0.749619158637818,0.7087087992297582,-0.05794994650436203
centerpoint,B,PU-EdgeFormer,downsampled_x4_pu_edgeformer,005625,1,Car,10.0309,6.9291,-0.8672,lost_after_upsampling,0,0.9022053480148315,0.8554343063685861,0.7990726046894941,,,,,
centerpoint,B,PU-EdgeFormer,downsampled_x4_pu_edgeformer,005625,2,Car,14.5708,6.8398,-0.8357,lost_after_upsampling,3,0.8460824489593506,0.8920903752559304,0.7883902997011203,,,,,
centerpoint,B,PU-EdgeFormer,downsampled_x4_pu_edgeformer,005625,3,Car,17.1684,7.0979,-0.5908,missed_both,,,,,,,,,
centerpoint,B,PU-EdgeFormer,downsampled_x4_pu_edgeformer,005625,4,Cyclist,27.1312,3.2619,-0.7722,missed_both,,,,,,,,,
centerpoint,B,PU-EdgeFormer,downsampled_x4_pu_edgeformer,005625,5,Car,5.3829,-6.2221,-0.9297,maintained,5,0.6901560425758362,0.8182158528907812,0.7146925723981588,1,0.7874270677566528,0.8440053629859884,0.7088251864840956,-0.005867385914063106
centerpoint,B,PU-EdgeFormer,downsampled_x4_pu_edgeformer,005625,6,Car,7.8339,-6.0406,-1.0172,confidence_degraded,4,0.78927081823349,0.8285260571159837,0.7382601697648346,3,0.5939885377883911,0.8283496237034977,0.7594497741770269,0.02118960441219231
centerpoint,B,PU-EdgeFormer,downsampled_x4_pu_edgeformer,005625,7,Car,10.6631,-5.8008,-0.9251,lost_after_upsampling,2,0.8586419224739075,0.8902196565668187,0.8445452179687477,,,,,
centerpoint,B,PU-EdgeFormer,downsampled_x4_pu_edgeformer,005625,8,Car,13.2629,-5.9406,-0.8894,missed_both,,,,,,,,,
centerpoint,B,PU-EdgeFormer,downsampled_x4_pu_edgeformer,005625,9,Car,15.7835,-5.7995,-0.9365,lost_after_upsampling,14,0.32823339104652405,0.8624383674132786,0.8087900787393043,,,,,
centerpoint,B,PU-EdgeFormer,downsampled_x4_pu_edgeformer,005625,10,Car,18.6838,-5.6487,-0.9496,lost_after_upsampling,6,0.6636356115341187,0.9177111755431671,0.8706703745084354,,,,,
centerpoint,B,PU-EdgeFormer,downsampled_x4_pu_edgeformer,005625,11,Car,21.0324,-5.7597,-0.8013,lost_after_upsampling,16,0.26557061076164246,0.9055522020524095,0.7652939695556928,,,,,
centerpoint,B,PU-EdgeFormer,downsampled_x4_pu_edgeformer,005625,12,Car,28.181,7.0425,-0.7813,lost_after_upsampling,47,0.11352667957544327,0.8600795207125309,0.7834194193487458,,,,,
centerpoint,B,PU-EdgeFormer,downsampled_x4_pu_edgeformer,005625,13,Car,31.0104,6.7124,-0.7102,missed_both,,,,,,,,,
centerpoint,B,PU-EdgeFormer,downsampled_x4_pu_edgeformer,005625,14,Car,34.172,-1.967,-0.7439,lost_after_upsampling,7,0.6532292366027832,0.8700289713458029,0.8420285417348494,,,,,
centerpoint,B,PU-EdgeFormer,downsampled_x4_pu_edgeformer,005625,15,Car,49.211,-1.5453,-0.5723,localization_degraded,11,0.3920596241950989,0.8836255753346434,0.8478164740684866,12,0.1590210497379303,0.8411795112535303,0.7163663825400607,-0.1314500915284259
centerpoint,B,PU-Net,downsampled_x4_pu_net,005625,0,Car,7.5611,6.4688,-0.8929,maintained,1,0.8949345350265503,0.8002368072076457,0.7666587457341202,0,0.8903541564941406,0.8437432040029318,0.7759736936816433,0.009314947947523078
centerpoint,B,PU-Net,downsampled_x4_pu_net,005625,1,Car,10.0309,6.9291,-0.8672,maintained,0,0.9022053480148315,0.8554343063685861,0.7990726046894941,2,0.8699918985366821,0.7978860522835381,0.747022786779542,-0.05204981790995211
centerpoint,B,PU-Net,downsampled_x4_pu_net,005625,2,Car,14.5708,6.8398,-0.8357,lost_after_upsampling,3,0.8460824489593506,0.8920903752559304,0.7883902997011203,,,,,
centerpoint,B,PU-Net,downsampled_x4_pu_net,005625,3,Car,17.1684,7.0979,-0.5908,missed_both,,,,,,,,,
centerpoint,B,PU-Net,downsampled_x4_pu_net,005625,4,Cyclist,27.1312,3.2619,-0.7722,missed_both,,,,,,,,,
centerpoint,B,PU-Net,downsampled_x4_pu_net,005625,5,Car,5.3829,-6.2221,-0.9297,maintained,5,0.6901560425758362,0.8182158528907812,0.7146925723981588,5,0.7497000098228455,0.8059225827964506,0.7027492999450328,-0.011943272453125986
centerpoint,B,PU-Net,downsampled_x4_pu_net,005625,6,Car,7.8339,-6.0406,-1.0172,maintained,4,0.78927081823349,0.8285260571159837,0.7382601697648346,3,0.8647253513336182,0.8459987320758883,0.7254863780341435,-0.012773791730691042
centerpoint,B,PU-Net,downsampled_x4_pu_net,005625,7,Car,10.6631,-5.8008,-0.9251,lost_after_upsampling,2,0.8586419224739075,0.8902196565668187,0.8445452179687477,,,,,
centerpoint,B,PU-Net,downsampled_x4_pu_net,005625,8,Car,13.2629,-5.9406,-0.8894,missed_both,,,,,,,,,
centerpoint,B,PU-Net,downsampled_x4_pu_net,005625,9,Car,15.7835,-5.7995,-0.9365,lost_after_upsampling,14,0.32823339104652405,0.8624383674132786,0.8087900787393043,,,,,
centerpoint,B,PU-Net,downsampled_x4_pu_net,005625,10,Car,18.6838,-5.6487,-0.9496,lost_after_upsampling,6,0.6636356115341187,0.9177111755431671,0.8706703745084354,,,,,
centerpoint,B,PU-Net,downsampled_x4_pu_net,005625,11,Car,21.0324,-5.7597,-0.8013,lost_after_upsampling,16,0.26557061076164246,0.9055522020524095,0.7652939695556928,,,,,
centerpoint,B,PU-Net,downsampled_x4_pu_net,005625,12,Car,28.181,7.0425,-0.7813,lost_after_upsampling,47,0.11352667957544327,0.8600795207125309,0.7834194193487458,,,,,
centerpoint,B,PU-Net,downsampled_x4_pu_net,005625,13,Car,31.0104,6.7124,-0.7102,missed_both,,,,,,,,,
centerpoint,B,PU-Net,downsampled_x4_pu_net,005625,14,Car,34.172,-1.967,-0.7439,lost_after_upsampling,7,0.6532292366027832,0.8700289713458029,0.8420285417348494,,,,,
centerpoint,B,PU-Net,downsampled_x4_pu_net,005625,15,Car,49.211,-1.5453,-0.5723,lost_after_upsampling,11,0.3920596241950989,0.8836255753346434,0.8478164740684866,,,,,
pointrcnn,A,PDANS,original_x4_pdans,006682,0,Car,15.4938,3.2828,-0.7493,confidence_degraded,0,12.4131,0.8569028672864855,0.8148373341041333,0,11.4935,0.8501696519404089,0.8031572388486928,-0.011680095255440448
pointrcnn,A,PDANS,original_x4_pdans,006682,1,Car,31.437,-24.4379,0.2557,missed_both,,,,,,,,,
pointrcnn,A,PDANS,original_x4_pdans,006682,2,Car,31.1929,-19.3625,-0.1029,missed_both,,,,,,,,,
pointrcnn,A,PU-GCN,original_x4_pu_gcn,006682,0,Car,15.4938,3.2828,-0.7493,confidence_degraded,0,12.4131,0.8569028672864855,0.8148373341041333,0,10.8247,0.8340057048480966,0.7623859963350833,-0.05245133776904998
pointrcnn,A,PU-GCN,original_x4_pu_gcn,006682,1,Car,31.437,-24.4379,0.2557,missed_both,,,,,,,,,
pointrcnn,A,PU-GCN,original_x4_pu_gcn,006682,2,Car,31.1929,-19.3625,-0.1029,missed_both,,,,,,,,,
pointrcnn,A,PU-EdgeFormer,original_x4_pu_edgeformer,006682,0,Car,15.4938,3.2828,-0.7493,confidence_degraded,0,12.4131,0.8569028672864855,0.8148373341041333,0,7.9191,0.7973698284105885,0.7631995110700871,-0.05163782303404618
pointrcnn,A,PU-EdgeFormer,original_x4_pu_edgeformer,006682,1,Car,31.437,-24.4379,0.2557,missed_both,,,,,,,,,
pointrcnn,A,PU-EdgeFormer,original_x4_pu_edgeformer,006682,2,Car,31.1929,-19.3625,-0.1029,missed_both,,,,,,,,,
pointrcnn,A,PU-Net,original_x4_pu_net,006682,0,Car,15.4938,3.2828,-0.7493,lost_after_upsampling,0,12.4131,0.8569028672864855,0.8148373341041333,,,,,
pointrcnn,A,PU-Net,original_x4_pu_net,006682,1,Car,31.437,-24.4379,0.2557,missed_both,,,,,,,,,
pointrcnn,A,PU-Net,original_x4_pu_net,006682,2,Car,31.1929,-19.3625,-0.1029,missed_both,,,,,,,,,
pointrcnn,B,PDANS,downsampled_x4_pdans,006682,0,Car,15.4938,3.2828,-0.7493,lost_after_upsampling,0,12.0501,0.8045034807243139,0.7603540745470517,,,,,
pointrcnn,B,PDANS,downsampled_x4_pdans,006682,1,Car,31.437,-24.4379,0.2557,missed_both,,,,,,,,,
pointrcnn,B,PDANS,downsampled_x4_pdans,006682,2,Car,31.1929,-19.3625,-0.1029,missed_both,,,,,,,,,
pointrcnn,B,PU-GCN,downsampled_x4_pu_gcn,006682,0,Car,15.4938,3.2828,-0.7493,lost_after_upsampling,0,12.0501,0.8045034807243139,0.7603540745470517,,,,,
pointrcnn,B,PU-GCN,downsampled_x4_pu_gcn,006682,1,Car,31.437,-24.4379,0.2557,missed_both,,,,,,,,,
pointrcnn,B,PU-GCN,downsampled_x4_pu_gcn,006682,2,Car,31.1929,-19.3625,-0.1029,missed_both,,,,,,,,,
pointrcnn,B,PU-EdgeFormer,downsampled_x4_pu_edgeformer,006682,0,Car,15.4938,3.2828,-0.7493,lost_after_upsampling,0,12.0501,0.8045034807243139,0.7603540745470517,,,,,
pointrcnn,B,PU-EdgeFormer,downsampled_x4_pu_edgeformer,006682,1,Car,31.437,-24.4379,0.2557,missed_both,,,,,,,,,
pointrcnn,B,PU-EdgeFormer,downsampled_x4_pu_edgeformer,006682,2,Car,31.1929,-19.3625,-0.1029,missed_both,,,,,,,,,
pointrcnn,B,PU-Net,downsampled_x4_pu_net,006682,0,Car,15.4938,3.2828,-0.7493,lost_after_upsampling,0,12.0501,0.8045034807243139,0.7603540745470517,,,,,
pointrcnn,B,PU-Net,downsampled_x4_pu_net,006682,1,Car,31.437,-24.4379,0.2557,missed_both,,,,,,,,,
pointrcnn,B,PU-Net,downsampled_x4_pu_net,006682,2,Car,31.1929,-19.3625,-0.1029,missed_both,,,,,,,,,
centerpoint,A,PDANS,original_x4_pdans,006682,0,Car,15.4938,3.2828,-0.7493,maintained,0,0.9444808959960938,0.8376140906102951,0.7776591865483388,0,0.9419357776641846,0.8320368199806082,0.7891877997766662,0.011528613228327433
centerpoint,A,PDANS,original_x4_pdans,006682,1,Cyclist,18.4961,-10.5513,-0.1128,lost_after_upsampling,2,0.9071358442306519,0.8804638209925587,0.8435820259152448,,,,,
centerpoint,A,PDANS,original_x4_pdans,006682,2,Cyclist,23.6762,-10.7605,-0.0427,lost_after_upsampling,4,0.7641696929931641,0.7399544491144473,0.6820501076258769,,,,,
centerpoint,A,PDANS,original_x4_pdans,006682,3,Pedestrian,22.6026,1.4378,-0.4754,lost_after_upsampling,7,0.638786256313324,0.559073084073933,0.5493707033715153,,,,,
centerpoint,A,PDANS,original_x4_pdans,006682,4,Cyclist,33.1417,-6.8939,-0.153,confidence_degraded,6,0.663093626499176,0.8557796431140126,0.8342867862922457,4,0.4815472960472107,0.7635644195391201,0.7437186428374767,-0.09056814345476905
centerpoint,A,PDANS,original_x4_pdans,006682,5,Pedestrian,20.0383,5.142,-0.4593,missed_both,,,,,,,,,
centerpoint,A,PDANS,original_x4_pdans,006682,6,Cyclist,30.6264,-10.4906,-0.1159,lost_after_upsampling,26,0.14875730872154236,0.6805628228747285,0.5626249531972983,,,,,
centerpoint,A,PDANS,original_x4_pdans,006682,7,Pedestrian,24.5577,12.4296,-0.7895,confidence_degraded,8,0.588284969329834,0.6550949829521577,0.606973208441371,5,0.47543179988861084,0.5786377518942827,0.5162269698678045,-0.09074623857356656
centerpoint,A,PDANS,original_x4_pdans,006682,8,Pedestrian,23.9875,12.421,-0.8266,missed_both,,,,,,,,,
centerpoint,A,PDANS,original_x4_pdans,006682,9,Cyclist,19.5911,7.595,-0.6254,localization_degraded,1,0.9424793124198914,0.7199105249238759,0.7031570507258549,2,0.5942947864532471,0.6326431052831808,0.5901744075096865,-0.11298264321616835
centerpoint,A,PDANS,original_x4_pdans,006682,10,Pedestrian,23.1534,9.2503,-0.6929,missed_both,,,,,,,,,
centerpoint,A,PDANS,original_x4_pdans,006682,11,Pedestrian,21.2728,9.094,-0.745,confidence_degraded,9,0.4404391646385193,0.7339007414088455,0.6954243103909441,31,0.16560585796833038,0.6979499686318935,0.6039715153874016,-0.09145279500354253
centerpoint,A,PDANS,original_x4_pdans,006682,12,Pedestrian,22.5903,6.4882,-0.4704,missed_both,,,,,,,,,
centerpoint,A,PDANS,original_x4_pdans,006682,13,Car,31.437,-24.4379,0.2557,lost_after_upsampling,3,0.8120373487472534,0.8297306202071429,0.815842495117105,,,,,
centerpoint,A,PDANS,original_x4_pdans,006682,14,Car,31.1929,-19.3625,-0.1029,missed_both,,,,,,,,,
centerpoint,A,PU-GCN,original_x4_pu_gcn,006682,0,Car,15.4938,3.2828,-0.7493,maintained,0,0.9444808959960938,0.8376140906102951,0.7776591865483388,0,0.9420173764228821,0.8448868074184656,0.8059184499385326,0.0282592633901938
centerpoint,A,PU-GCN,original_x4_pu_gcn,006682,1,Cyclist,18.4961,-10.5513,-0.1128,lost_after_upsampling,2,0.9071358442306519,0.8804638209925587,0.8435820259152448,,,,,
centerpoint,A,PU-GCN,original_x4_pu_gcn,006682,2,Cyclist,23.6762,-10.7605,-0.0427,localization_degraded,4,0.7641696929931641,0.7399544491144473,0.6820501076258769,13,0.19910180568695068,0.6085193195265476,0.5212433469969944,-0.16080676062888255
centerpoint,A,PU-GCN,original_x4_pu_gcn,006682,3,Pedestrian,22.6026,1.4378,-0.4754,lost_after_upsampling,7,0.638786256313324,0.559073084073933,0.5493707033715153,,,,,
centerpoint,A,PU-GCN,original_x4_pu_gcn,006682,4,Cyclist,33.1417,-6.8939,-0.153,localization_degraded,6,0.663093626499176,0.8557796431140126,0.8342867862922457,40,0.11542708426713943,0.7962564655848918,0.6771072083084717,-0.15717957798377402
centerpoint,A,PU-GCN,original_x4_pu_gcn,006682,5,Pedestrian,20.0383,5.142,-0.4593,missed_both,,,,,,,,,
centerpoint,A,PU-GCN,original_x4_pu_gcn,006682,6,Cyclist,30.6264,-10.4906,-0.1159,lost_after_upsampling,26,0.14875730872154236,0.6805628228747285,0.5626249531972983,,,,,
centerpoint,A,PU-GCN,original_x4_pu_gcn,006682,7,Pedestrian,24.5577,12.4296,-0.7895,confidence_degraded,8,0.588284969329834,0.6550949829521577,0.606973208441371,19,0.15610729157924652,0.6881468228647082,0.6028471666100564,-0.0041260418313145975
centerpoint,A,PU-GCN,original_x4_pu_gcn,006682,8,Pedestrian,23.9875,12.421,-0.8266,missed_both,,,,,,,,,
centerpoint,A,PU-GCN,original_x4_pu_gcn,006682,9,Cyclist,19.5911,7.595,-0.6254,confidence_degraded,1,0.9424793124198914,0.7199105249238759,0.7031570507258549,34,0.11878874152898788,0.6858146503750165,0.6336340526333493,-0.06952299809250562
centerpoint,A,PU-GCN,original_x4_pu_gcn,006682,10,Pedestrian,23.1534,9.2503,-0.6929,missed_both,,,,,,,,,
centerpoint,A,PU-GCN,original_x4_pu_gcn,006682,11,Pedestrian,21.2728,9.094,-0.745,maintained,9,0.4404391646385193,0.7339007414088455,0.6954243103909441,3,0.599198043346405,0.7153742566481636,0.69223918927009,-0.0031851211208541175
centerpoint,A,PU-GCN,original_x4_pu_gcn,006682,12,Pedestrian,22.5903,6.4882,-0.4704,missed_both,,,,,,,,,
centerpoint,A,PU-GCN,original_x4_pu_gcn,006682,13,Car,31.437,-24.4379,0.2557,confidence_degraded,3,0.8120373487472534,0.8297306202071429,0.815842495117105,22,0.13773326575756073,0.8552664149532929,0.7165901486595724,-0.09925234645753267
centerpoint,A,PU-GCN,original_x4_pu_gcn,006682,14,Car,31.1929,-19.3625,-0.1029,missed_both,,,,,,,,,
centerpoint,A,PU-EdgeFormer,original_x4_pu_edgeformer,006682,0,Car,15.4938,3.2828,-0.7493,maintained,0,0.9444808959960938,0.8376140906102951,0.7776591865483388,0,0.886695146560669,0.8504861069933574,0.8273416357063552,0.04968244915801645
centerpoint,A,PU-EdgeFormer,original_x4_pu_edgeformer,006682,1,Cyclist,18.4961,-10.5513,-0.1128,lost_after_upsampling,2,0.9071358442306519,0.8804638209925587,0.8435820259152448,,,,,
centerpoint,A,PU-EdgeFormer,original_x4_pu_edgeformer,006682,2,Cyclist,23.6762,-10.7605,-0.0427,confidence_degraded,4,0.7641696929931641,0.7399544491144473,0.6820501076258769,38,0.19300922751426697,0.7364171328058148,0.5979228792629137,-0.08412722836296327
centerpoint,A,PU-EdgeFormer,original_x4_pu_edgeformer,006682,3,Pedestrian,22.6026,1.4378,-0.4754,lost_after_upsampling,7,0.638786256313324,0.559073084073933,0.5493707033715153,,,,,
centerpoint,A,PU-EdgeFormer,original_x4_pu_edgeformer,006682,4,Cyclist,33.1417,-6.8939,-0.153,localization_degraded,6,0.663093626499176,0.8557796431140126,0.8342867862922457,33,0.20100997388362885,0.8121160164173707,0.7296733607170515,-0.10461342557519426
centerpoint,A,PU-EdgeFormer,original_x4_pu_edgeformer,006682,5,Pedestrian,20.0383,5.142,-0.4593,missed_both,,,,,,,,,
centerpoint,A,PU-EdgeFormer,original_x4_pu_edgeformer,006682,6,Cyclist,30.6264,-10.4906,-0.1159,lost_after_upsampling,26,0.14875730872154236,0.6805628228747285,0.5626249531972983,,,,,
centerpoint,A,PU-EdgeFormer,original_x4_pu_edgeformer,006682,7,Pedestrian,24.5577,12.4296,-0.7895,lost_after_upsampling,8,0.588284969329834,0.6550949829521577,0.606973208441371,,,,,
centerpoint,A,PU-EdgeFormer,original_x4_pu_edgeformer,006682,8,Pedestrian,23.9875,12.421,-0.8266,missed_both,,,,,,,,,
centerpoint,A,PU-EdgeFormer,original_x4_pu_edgeformer,006682,9,Cyclist,19.5911,7.595,-0.6254,confidence_degraded,1,0.9424793124198914,0.7199105249238759,0.7031570507258549,6,0.38722819089889526,0.817508113503859,0.7954780589360316,0.09232100821017675
centerpoint,A,PU-EdgeFormer,original_x4_pu_edgeformer,006682,10,Pedestrian,23.1534,9.2503,-0.6929,missed_both,,,,,,,,,
centerpoint,A,PU-EdgeFormer,original_x4_pu_edgeformer,006682,11,Pedestrian,21.2728,9.094,-0.745,lost_after_upsampling,9,0.4404391646385193,0.7339007414088455,0.6954243103909441,,,,,
centerpoint,A,PU-EdgeFormer,original_x4_pu_edgeformer,006682,12,Pedestrian,22.5903,6.4882,-0.4704,missed_both,,,,,,,,,
centerpoint,A,PU-EdgeFormer,original_x4_pu_edgeformer,006682,13,Car,31.437,-24.4379,0.2557,lost_after_upsampling,3,0.8120373487472534,0.8297306202071429,0.815842495117105,,,,,
centerpoint,A,PU-EdgeFormer,original_x4_pu_edgeformer,006682,14,Car,31.1929,-19.3625,-0.1029,missed_both,,,,,,,,,
centerpoint,A,PU-Net,original_x4_pu_net,006682,0,Car,15.4938,3.2828,-0.7493,confidence_degraded,0,0.9444808959960938,0.8376140906102951,0.7776591865483388,0,0.8389307856559753,0.782398306652917,0.728082630685595,-0.04957655586274379
centerpoint,A,PU-Net,original_x4_pu_net,006682,1,Cyclist,18.4961,-10.5513,-0.1128,lost_after_upsampling,2,0.9071358442306519,0.8804638209925587,0.8435820259152448,,,,,
centerpoint,A,PU-Net,original_x4_pu_net,006682,2,Cyclist,23.6762,-10.7605,-0.0427,lost_after_upsampling,4,0.7641696929931641,0.7399544491144473,0.6820501076258769,,,,,
centerpoint,A,PU-Net,original_x4_pu_net,006682,3,Pedestrian,22.6026,1.4378,-0.4754,lost_after_upsampling,7,0.638786256313324,0.559073084073933,0.5493707033715153,,,,,
centerpoint,A,PU-Net,original_x4_pu_net,006682,4,Cyclist,33.1417,-6.8939,-0.153,lost_after_upsampling,6,0.663093626499176,0.8557796431140126,0.8342867862922457,,,,,
centerpoint,A,PU-Net,original_x4_pu_net,006682,5,Pedestrian,20.0383,5.142,-0.4593,missed_both,,,,,,,,,
centerpoint,A,PU-Net,original_x4_pu_net,006682,6,Cyclist,30.6264,-10.4906,-0.1159,lost_after_upsampling,26,0.14875730872154236,0.6805628228747285,0.5626249531972983,,,,,
centerpoint,A,PU-Net,original_x4_pu_net,006682,7,Pedestrian,24.5577,12.4296,-0.7895,lost_after_upsampling,8,0.588284969329834,0.6550949829521577,0.606973208441371,,,,,
centerpoint,A,PU-Net,original_x4_pu_net,006682,8,Pedestrian,23.9875,12.421,-0.8266,missed_both,,,,,,,,,
centerpoint,A,PU-Net,original_x4_pu_net,006682,9,Cyclist,19.5911,7.595,-0.6254,localization_degraded,1,0.9424793124198914,0.7199105249238759,0.7031570507258549,10,0.27937498688697815,0.5495342094459443,0.5025692970458702,-0.20058775367998471
centerpoint,A,PU-Net,original_x4_pu_net,006682,10,Pedestrian,23.1534,9.2503,-0.6929,missed_both,,,,,,,,,
centerpoint,A,PU-Net,original_x4_pu_net,006682,11,Pedestrian,21.2728,9.094,-0.745,lost_after_upsampling,9,0.4404391646385193,0.7339007414088455,0.6954243103909441,,,,,
centerpoint,A,PU-Net,original_x4_pu_net,006682,12,Pedestrian,22.5903,6.4882,-0.4704,recovered_after_upsampling,,,,,87,0.10007070004940033,0.6825803818911307,0.6310173183791977,
centerpoint,A,PU-Net,original_x4_pu_net,006682,13,Car,31.437,-24.4379,0.2557,lost_after_upsampling,3,0.8120373487472534,0.8297306202071429,0.815842495117105,,,,,
centerpoint,A,PU-Net,original_x4_pu_net,006682,14,Car,31.1929,-19.3625,-0.1029,missed_both,,,,,,,,,
centerpoint,B,PDANS,downsampled_x4_pdans,006682,0,Car,15.4938,3.2828,-0.7493,maintained,0,0.9393793940544128,0.8061832286111094,0.7317300015246706,0,0.9401388764381409,0.7885351505326675,0.7356581431592288,0.003928141634558235
centerpoint,B,PDANS,downsampled_x4_pdans,006682,1,Cyclist,18.4961,-10.5513,-0.1128,lost_after_upsampling,14,0.16270427405834198,0.7221840209871369,0.6044431204937538,,,,,
centerpoint,B,PDANS,downsampled_x4_pdans,006682,2,Cyclist,23.6762,-10.7605,-0.0427,missed_both,,,,,,,,,
centerpoint,B,PDANS,downsampled_x4_pdans,006682,3,Pedestrian,22.6026,1.4378,-0.4754,missed_both,,,,,,,,,
centerpoint,B,PDANS,downsampled_x4_pdans,006682,4,Cyclist,33.1417,-6.8939,-0.153,maintained,31,0.1132240891456604,0.7252112750939622,0.6634095326017123,23,0.13868670165538788,0.7897570029894393,0.7287110314847477,0.06530149888303538
centerpoint,B,PDANS,downsampled_x4_pdans,006682,5,Pedestrian,20.0383,5.142,-0.4593,lost_after_upsampling,9,0.19364798069000244,0.5561651134699431,0.5261496373463336,,,,,
centerpoint,B,PDANS,downsampled_x4_pdans,006682,6,Cyclist,30.6264,-10.4906,-0.1159,missed_both,,,,,,,,,
centerpoint,B,PDANS,downsampled_x4_pdans,006682,7,Pedestrian,24.5577,12.4296,-0.7895,missed_both,,,,,,,,,
centerpoint,B,PDANS,downsampled_x4_pdans,006682,8,Pedestrian,23.9875,12.421,-0.8266,missed_both,,,,,,,,,
centerpoint,B,PDANS,downsampled_x4_pdans,006682,9,Cyclist,19.5911,7.595,-0.6254,localization_degraded,2,0.46473056077957153,0.7479132090722018,0.7317371106900155,13,0.17972953617572784,0.545462260860392,0.5419439082408122,-0.18979320244920328
centerpoint,B,PDANS,downsampled_x4_pdans,006682,10,Pedestrian,23.1534,9.2503,-0.6929,missed_both,,,,,,,,,
centerpoint,B,PDANS,downsampled_x4_pdans,006682,11,Pedestrian,21.2728,9.094,-0.745,missed_both,,,,,,,,,
centerpoint,B,PDANS,downsampled_x4_pdans,006682,12,Pedestrian,22.5903,6.4882,-0.4704,missed_both,,,,,,,,,
centerpoint,B,PDANS,downsampled_x4_pdans,006682,13,Car,31.437,-24.4379,0.2557,missed_both,,,,,,,,,
centerpoint,B,PDANS,downsampled_x4_pdans,006682,14,Car,31.1929,-19.3625,-0.1029,missed_both,,,,,,,,,
centerpoint,B,PU-GCN,downsampled_x4_pu_gcn,006682,0,Car,15.4938,3.2828,-0.7493,maintained,0,0.9393793940544128,0.8061832286111094,0.7317300015246706,0,0.9399358630180359,0.804503803294099,0.7129170389902486,-0.018812962534421995
centerpoint,B,PU-GCN,downsampled_x4_pu_gcn,006682,1,Cyclist,18.4961,-10.5513,-0.1128,maintained,14,0.16270427405834198,0.7221840209871369,0.6044431204937538,8,0.24599868059158325,0.6882866715220226,0.6536789781800832,0.04923585768632943
centerpoint,B,PU-GCN,downsampled_x4_pu_gcn,006682,2,Cyclist,23.6762,-10.7605,-0.0427,missed_both,,,,,,,,,
centerpoint,B,PU-GCN,downsampled_x4_pu_gcn,006682,3,Pedestrian,22.6026,1.4378,-0.4754,missed_both,,,,,,,,,
centerpoint,B,PU-GCN,downsampled_x4_pu_gcn,006682,4,Cyclist,33.1417,-6.8939,-0.153,lost_after_upsampling,31,0.1132240891456604,0.7252112750939622,0.6634095326017123,,,,,
centerpoint,B,PU-GCN,downsampled_x4_pu_gcn,006682,5,Pedestrian,20.0383,5.142,-0.4593,lost_after_upsampling,9,0.19364798069000244,0.5561651134699431,0.5261496373463336,,,,,
centerpoint,B,PU-GCN,downsampled_x4_pu_gcn,006682,6,Cyclist,30.6264,-10.4906,-0.1159,missed_both,,,,,,,,,
centerpoint,B,PU-GCN,downsampled_x4_pu_gcn,006682,7,Pedestrian,24.5577,12.4296,-0.7895,missed_both,,,,,,,,,
centerpoint,B,PU-GCN,downsampled_x4_pu_gcn,006682,8,Pedestrian,23.9875,12.421,-0.8266,missed_both,,,,,,,,,
centerpoint,B,PU-GCN,downsampled_x4_pu_gcn,006682,9,Cyclist,19.5911,7.595,-0.6254,lost_after_upsampling,2,0.46473056077957153,0.7479132090722018,0.7317371106900155,,,,,
centerpoint,B,PU-GCN,downsampled_x4_pu_gcn,006682,10,Pedestrian,23.1534,9.2503,-0.6929,missed_both,,,,,,,,,
centerpoint,B,PU-GCN,downsampled_x4_pu_gcn,006682,11,Pedestrian,21.2728,9.094,-0.745,missed_both,,,,,,,,,
centerpoint,B,PU-GCN,downsampled_x4_pu_gcn,006682,12,Pedestrian,22.5903,6.4882,-0.4704,recovered_after_upsampling,,,,,1,0.581495463848114,0.6585725919434298,0.6031219637988878,
centerpoint,B,PU-GCN,downsampled_x4_pu_gcn,006682,13,Car,31.437,-24.4379,0.2557,missed_both,,,,,,,,,
centerpoint,B,PU-GCN,downsampled_x4_pu_gcn,006682,14,Car,31.1929,-19.3625,-0.1029,missed_both,,,,,,,,,
centerpoint,B,PU-EdgeFormer,downsampled_x4_pu_edgeformer,006682,0,Car,15.4938,3.2828,-0.7493,lost_after_upsampling,0,0.9393793940544128,0.8061832286111094,0.7317300015246706,,,,,
centerpoint,B,PU-EdgeFormer,downsampled_x4_pu_edgeformer,006682,1,Cyclist,18.4961,-10.5513,-0.1128,lost_after_upsampling,14,0.16270427405834198,0.7221840209871369,0.6044431204937538,,,,,
centerpoint,B,PU-EdgeFormer,downsampled_x4_pu_edgeformer,006682,2,Cyclist,23.6762,-10.7605,-0.0427,missed_both,,,,,,,,,
centerpoint,B,PU-EdgeFormer,downsampled_x4_pu_edgeformer,006682,3,Pedestrian,22.6026,1.4378,-0.4754,missed_both,,,,,,,,,
centerpoint,B,PU-EdgeFormer,downsampled_x4_pu_edgeformer,006682,4,Cyclist,33.1417,-6.8939,-0.153,lost_after_upsampling,31,0.1132240891456604,0.7252112750939622,0.6634095326017123,,,,,
centerpoint,B,PU-EdgeFormer,downsampled_x4_pu_edgeformer,006682,5,Pedestrian,20.0383,5.142,-0.4593,lost_after_upsampling,9,0.19364798069000244,0.5561651134699431,0.5261496373463336,,,,,
centerpoint,B,PU-EdgeFormer,downsampled_x4_pu_edgeformer,006682,6,Cyclist,30.6264,-10.4906,-0.1159,missed_both,,,,,,,,,
centerpoint,B,PU-EdgeFormer,downsampled_x4_pu_edgeformer,006682,7,Pedestrian,24.5577,12.4296,-0.7895,missed_both,,,,,,,,,
centerpoint,B,PU-EdgeFormer,downsampled_x4_pu_edgeformer,006682,8,Pedestrian,23.9875,12.421,-0.8266,missed_both,,,,,,,,,
centerpoint,B,PU-EdgeFormer,downsampled_x4_pu_edgeformer,006682,9,Cyclist,19.5911,7.595,-0.6254,lost_after_upsampling,2,0.46473056077957153,0.7479132090722018,0.7317371106900155,,,,,
centerpoint,B,PU-EdgeFormer,downsampled_x4_pu_edgeformer,006682,10,Pedestrian,23.1534,9.2503,-0.6929,missed_both,,,,,,,,,
centerpoint,B,PU-EdgeFormer,downsampled_x4_pu_edgeformer,006682,11,Pedestrian,21.2728,9.094,-0.745,missed_both,,,,,,,,,
centerpoint,B,PU-EdgeFormer,downsampled_x4_pu_edgeformer,006682,12,Pedestrian,22.5903,6.4882,-0.4704,missed_both,,,,,,,,,
centerpoint,B,PU-EdgeFormer,downsampled_x4_pu_edgeformer,006682,13,Car,31.437,-24.4379,0.2557,missed_both,,,,,,,,,
centerpoint,B,PU-EdgeFormer,downsampled_x4_pu_edgeformer,006682,14,Car,31.1929,-19.3625,-0.1029,missed_both,,,,,,,,,
centerpoint,B,PU-Net,downsampled_x4_pu_net,006682,0,Car,15.4938,3.2828,-0.7493,lost_after_upsampling,0,0.9393793940544128,0.8061832286111094,0.7317300015246706,,,,,
centerpoint,B,PU-Net,downsampled_x4_pu_net,006682,1,Cyclist,18.4961,-10.5513,-0.1128,lost_after_upsampling,14,0.16270427405834198,0.7221840209871369,0.6044431204937538,,,,,
centerpoint,B,PU-Net,downsampled_x4_pu_net,006682,2,Cyclist,23.6762,-10.7605,-0.0427,missed_both,,,,,,,,,
centerpoint,B,PU-Net,downsampled_x4_pu_net,006682,3,Pedestrian,22.6026,1.4378,-0.4754,recovered_after_upsampling,,,,,47,0.10712984204292297,0.575462108317265,0.5069199418954432,
centerpoint,B,PU-Net,downsampled_x4_pu_net,006682,4,Cyclist,33.1417,-6.8939,-0.153,lost_after_upsampling,31,0.1132240891456604,0.7252112750939622,0.6634095326017123,,,,,
centerpoint,B,PU-Net,downsampled_x4_pu_net,006682,5,Pedestrian,20.0383,5.142,-0.4593,lost_after_upsampling,9,0.19364798069000244,0.5561651134699431,0.5261496373463336,,,,,
centerpoint,B,PU-Net,downsampled_x4_pu_net,006682,6,Cyclist,30.6264,-10.4906,-0.1159,missed_both,,,,,,,,,
centerpoint,B,PU-Net,downsampled_x4_pu_net,006682,7,Pedestrian,24.5577,12.4296,-0.7895,missed_both,,,,,,,,,
centerpoint,B,PU-Net,downsampled_x4_pu_net,006682,8,Pedestrian,23.9875,12.421,-0.8266,missed_both,,,,,,,,,
centerpoint,B,PU-Net,downsampled_x4_pu_net,006682,9,Cyclist,19.5911,7.595,-0.6254,lost_after_upsampling,2,0.46473056077957153,0.7479132090722018,0.7317371106900155,,,,,
centerpoint,B,PU-Net,downsampled_x4_pu_net,006682,10,Pedestrian,23.1534,9.2503,-0.6929,missed_both,,,,,,,,,
centerpoint,B,PU-Net,downsampled_x4_pu_net,006682,11,Pedestrian,21.2728,9.094,-0.745,missed_both,,,,,,,,,
centerpoint,B,PU-Net,downsampled_x4_pu_net,006682,12,Pedestrian,22.5903,6.4882,-0.4704,missed_both,,,,,,,,,
centerpoint,B,PU-Net,downsampled_x4_pu_net,006682,13,Car,31.437,-24.4379,0.2557,missed_both,,,,,,,,,
centerpoint,B,PU-Net,downsampled_x4_pu_net,006682,14,Car,31.1929,-19.3625,-0.1029,missed_both,,,,,,,,,
