path,shape,nan,inf,status
datasets/lineB_downsampled_x4_up/strict_N/pu_net/test/airplane/airplane_0627.npy,"(1024, 3)",False,False,PASS
datasets/lineB_downsampled_x4_up/strict_N/pu_net/test/airplane/airplane_0628.npy,"(1024, 3)",False,False,PASS
datasets/lineB_downsampled_x4_up/strict_N/pu_net/test/airplane/airplane_0629.npy,"(1024, 3)",False,False,PASS
datasets/lineB_downsampled_x4_up/strict_N/pu_net/test/airplane/airplane_0630.npy,"(1024, 3)",False,False,PASS
datasets/lineB_downsampled_x4_up/strict_N/pu_net/test/airplane/airplane_0631.npy,"(1024, 3)",False,False,PASS
datasets/lineB_downsampled_x4_up/strict_N/pu_net/test/airplane/airplane_0632.npy,"(1024, 3)",False,False,PASS
datasets/lineB_downsampled_x4_up/strict_N/pu_net/test/airplane/airplane_0633.npy,"(1024, 3)",False,False,PASS
datasets/lineB_downsampled_x4_up/strict_N/pu_net/test/airplane/airplane_0634.npy,"(1024, 3)",False,False,PASS
datasets/lineB_downsampled_x4_up/strict_N/pu_net/test/airplane/airplane_0635.npy,"(1024, 3)",False,False,PASS
datasets/lineB_downsampled_x4_up/strict_N/pu_net/test/airplane/airplane_0636.npy,"(1024, 3)",False,False,PASS
datasets/lineB_downsampled_x4_up/strict_N/pu_net/test/airplane/airplane_0637.npy,"(1024, 3)",False,False,PASS
datasets/lineB_downsampled_x4_up/strict_N/pu_net/test/airplane/airplane_0638.npy,"(1024, 3)",False,False,PASS
datasets/lineB_downsampled_x4_up/strict_N/pu_net/test/airplane/airplane_0639.npy,"(1024, 3)",False,False,PASS
datasets/lineB_downsampled_x4_up/strict_N/pu_net/test/airplane/airplane_0640.npy,"(1024, 3)",False,False,PASS
datasets/lineB_downsampled_x4_up/strict_N/pu_net/test/airplane/airplane_0641.npy,"(1024, 3)",False,False,PASS
datasets/lineB_downsampled_x4_up/strict_N/pu_net/test/airplane/airplane_0642.npy,"(1024, 3)",False,False,PASS
datasets/lineB_downsampled_x4_up/strict_N/pu_net/test/airplane/airplane_0643.npy,"(1024, 3)",False,False,PASS
datasets/lineB_downsampled_x4_up/strict_N/pu_net/test/airplane/airplane_0644.npy,"(1024, 3)",False,False,PASS
datasets/lineB_downsampled_x4_up/strict_N/pu_net/test/airplane/airplane_0645.npy,"(1024, 3)",False,False,PASS
datasets/lineB_downsampled_x4_up/strict_N/pu_net/test/airplane/airplane_0646.npy,"(1024, 3)",False,False,PASS
datasets/lineB_downsampled_x4_up/strict_N/pu_net/test/airplane/airplane_0647.npy,"(1024, 3)",False,False,PASS
datasets/lineB_downsampled_x4_up/strict_N/pu_net/test/airplane/airplane_0648.npy,"(1024, 3)",False,False,PASS
datasets/lineB_downsampled_x4_up/strict_N/pu_net/test/airplane/airplane_0649.npy,"(1024, 3)",False,False,PASS
datasets/lineB_downsampled_x4_up/strict_N/pu_net/test/airplane/airplane_0650.npy,"(1024, 3)",False,False,PASS
datasets/lineB_downsampled_x4_up/strict_N/pu_net/test/airplane/airplane_0651.npy,"(1024, 3)",False,False,PASS
datasets/lineB_downsampled_x4_up/strict_N/pu_net/test/airplane/airplane_0652.npy,"(1024, 3)",False,False,PASS
datasets/lineB_downsampled_x4_up/strict_N/pu_net/test/airplane/airplane_0653.npy,"(1024, 3)",False,False,PASS
datasets/lineB_downsampled_x4_up/strict_N/pu_net/test/airplane/airplane_0654.npy,"(1024, 3)",False,False,PASS
datasets/lineB_downsampled_x4_up/strict_N/pu_net/test/airplane/airplane_0655.npy,"(1024, 3)",False,False,PASS
datasets/lineB_downsampled_x4_up/strict_N/pu_net/test/airplane/airplane_0656.npy,"(1024, 3)",False,False,PASS
datasets/lineB_downsampled_x4_up/strict_N/pu_net/test/airplane/airplane_0657.npy,"(1024, 3)",False,False,PASS
datasets/lineB_downsampled_x4_up/strict_N/pu_net/test/airplane/airplane_0658.npy,"(1024, 3)",False,False,PASS
datasets/lineB_downsampled_x4_up/strict_N/pu_net/test/airplane/airplane_0659.npy,"(1024, 3)",False,False,PASS
datasets/lineB_downsampled_x4_up/strict_N/pu_net/test/airplane/airplane_0660.npy,"(1024, 3)",False,False,PASS
datasets/lineB_downsampled_x4_up/strict_N/pu_net/test/airplane/airplane_0661.npy,"(1024, 3)",False,False,PASS
datasets/lineB_downsampled_x4_up/strict_N/pu_net/test/airplane/airplane_0662.npy,"(1024, 3)",False,False,PASS
datasets/lineB_downsampled_x4_up/strict_N/pu_net/test/airplane/airplane_0663.npy,"(1024, 3)",False,False,PASS
datasets/lineB_downsampled_x4_up/strict_N/pu_net/test/airplane/airplane_0664.npy,"(1024, 3)",False,False,PASS
datasets/lineB_downsampled_x4_up/strict_N/pu_net/test/airplane/airplane_0665.npy,"(1024, 3)",False,False,PASS
datasets/lineB_downsampled_x4_up/strict_N/pu_net/test/airplane/airplane_0666.npy,"(1024, 3)",False,False,PASS
datasets/lineB_downsampled_x4_up/strict_N/pu_net/test/airplane/airplane_0667.npy,"(1024, 3)",False,False,PASS
datasets/lineB_downsampled_x4_up/strict_N/pu_net/test/airplane/airplane_0668.npy,"(1024, 3)",False,False,PASS
datasets/lineB_downsampled_x4_up/strict_N/pu_net/test/airplane/airplane_0669.npy,"(1024, 3)",False,False,PASS
datasets/lineB_downsampled_x4_up/strict_N/pu_net/test/airplane/airplane_0670.npy,"(1024, 3)",False,False,PASS
datasets/lineB_downsampled_x4_up/strict_N/pu_net/test/airplane/airplane_0671.npy,"(1024, 3)",False,False,PASS
datasets/lineB_downsampled_x4_up/strict_N/pu_net/test/airplane/airplane_0672.npy,"(1024, 3)",False,False,PASS
datasets/lineB_downsampled_x4_up/strict_N/pu_net/test/airplane/airplane_0673.npy,"(1024, 3)",False,False,PASS
datasets/lineB_downsampled_x4_up/strict_N/pu_net/test/airplane/airplane_0674.npy,"(1024, 3)",False,False,PASS
datasets/lineB_downsampled_x4_up/strict_N/pu_net/test/airplane/airplane_0675.npy,"(1024, 3)",False,False,PASS
datasets/lineB_downsampled_x4_up/strict_N/pu_net/test/airplane/airplane_0676.npy,"(1024, 3)",False,False,PASS
datasets/lineB_downsampled_x4_up/strict_N/pu_net/test/airplane/airplane_0677.npy,"(1024, 3)",False,False,PASS
datasets/lineB_downsampled_x4_up/strict_N/pu_net/test/airplane/airplane_0678.npy,"(1024, 3)",False,False,PASS
datasets/lineB_downsampled_x4_up/strict_N/pu_net/test/airplane/airplane_0679.npy,"(1024, 3)",False,False,PASS
datasets/lineB_downsampled_x4_up/strict_N/pu_net/test/airplane/airplane_0680.npy,"(1024, 3)",False,False,PASS
datasets/lineB_downsampled_x4_up/strict_N/pu_net/test/airplane/airplane_0681.npy,"(1024, 3)",False,False,PASS
datasets/lineB_downsampled_x4_up/strict_N/pu_net/test/airplane/airplane_0682.npy,"(1024, 3)",False,False,PASS
datasets/lineB_downsampled_x4_up/strict_N/pu_net/test/airplane/airplane_0683.npy,"(1024, 3)",False,False,PASS
datasets/lineB_downsampled_x4_up/strict_N/pu_net/test/airplane/airplane_0684.npy,"(1024, 3)",False,False,PASS
datasets/lineB_downsampled_x4_up/strict_N/pu_net/test/airplane/airplane_0685.npy,"(1024, 3)",False,False,PASS
datasets/lineB_downsampled_x4_up/strict_N/pu_net/test/airplane/airplane_0686.npy,"(1024, 3)",False,False,PASS
datasets/lineB_downsampled_x4_up/strict_N/pu_net/test/airplane/airplane_0687.npy,"(1024, 3)",False,False,PASS
datasets/lineB_downsampled_x4_up/strict_N/pu_net/test/airplane/airplane_0688.npy,"(1024, 3)",False,False,PASS
datasets/lineB_downsampled_x4_up/strict_N/pu_net/test/airplane/airplane_0689.npy,"(1024, 3)",False,False,PASS
datasets/lineB_downsampled_x4_up/strict_N/pu_net/test/airplane/airplane_0690.npy,"(1024, 3)",False,False,PASS
datasets/lineB_downsampled_x4_up/strict_N/pu_net/test/airplane/airplane_0691.npy,"(1024, 3)",False,False,PASS
datasets/lineB_downsampled_x4_up/strict_N/pu_net/test/airplane/airplane_0692.npy,"(1024, 3)",False,False,PASS
datasets/lineB_downsampled_x4_up/strict_N/pu_net/test/airplane/airplane_0693.npy,"(1024, 3)",False,False,PASS
datasets/lineB_downsampled_x4_up/strict_N/pu_net/test/airplane/airplane_0694.npy,"(1024, 3)",False,False,PASS
datasets/lineB_downsampled_x4_up/strict_N/pu_net/test/airplane/airplane_0695.npy,"(1024, 3)",False,False,PASS
datasets/lineB_downsampled_x4_up/strict_N/pu_net/test/airplane/airplane_0696.npy,"(1024, 3)",False,False,PASS
datasets/lineB_downsampled_x4_up/strict_N/pu_net/test/airplane/airplane_0697.npy,"(1024, 3)",False,False,PASS
datasets/lineB_downsampled_x4_up/strict_N/pu_net/test/airplane/airplane_0698.npy,"(1024, 3)",False,False,PASS
datasets/lineB_downsampled_x4_up/strict_N/pu_net/test/airplane/airplane_0699.npy,"(1024, 3)",False,False,PASS
datasets/lineB_downsampled_x4_up/strict_N/pu_net/test/airplane/airplane_0700.npy,"(1024, 3)",False,False,PASS
datasets/lineB_downsampled_x4_up/strict_N/pu_net/test/airplane/airplane_0701.npy,"(1024, 3)",False,False,PASS
datasets/lineB_downsampled_x4_up/strict_N/pu_net/test/airplane/airplane_0702.npy,"(1024, 3)",False,False,PASS
datasets/lineB_downsampled_x4_up/strict_N/pu_net/test/airplane/airplane_0703.npy,"(1024, 3)",False,False,PASS
datasets/lineB_downsampled_x4_up/strict_N/pu_net/test/airplane/airplane_0704.npy,"(1024, 3)",False,False,PASS
datasets/lineB_downsampled_x4_up/strict_N/pu_net/test/airplane/airplane_0705.npy,"(1024, 3)",False,False,PASS
datasets/lineB_downsampled_x4_up/strict_N/pu_net/test/airplane/airplane_0706.npy,"(1024, 3)",False,False,PASS
datasets/lineB_downsampled_x4_up/strict_N/pu_net/test/airplane/airplane_0707.npy,"(1024, 3)",False,False,PASS
datasets/lineB_downsampled_x4_up/strict_N/pu_net/test/airplane/airplane_0708.npy,"(1024, 3)",False,False,PASS
datasets/lineB_downsampled_x4_up/strict_N/pu_net/test/airplane/airplane_0709.npy,"(1024, 3)",False,False,PASS
datasets/lineB_downsampled_x4_up/strict_N/pu_net/test/airplane/airplane_0710.npy,"(1024, 3)",False,False,PASS
datasets/lineB_downsampled_x4_up/strict_N/pu_net/test/airplane/airplane_0711.npy,"(1024, 3)",False,False,PASS
datasets/lineB_downsampled_x4_up/strict_N/pu_net/test/airplane/airplane_0712.npy,"(1024, 3)",False,False,PASS
datasets/lineB_downsampled_x4_up/strict_N/pu_net/test/airplane/airplane_0713.npy,"(1024, 3)",False,False,PASS
datasets/lineB_downsampled_x4_up/strict_N/pu_net/test/airplane/airplane_0714.npy,"(1024, 3)",False,False,PASS
datasets/lineB_downsampled_x4_up/strict_N/pu_net/test/airplane/airplane_0715.npy,"(1024, 3)",False,False,PASS
datasets/lineB_downsampled_x4_up/strict_N/pu_net/test/airplane/airplane_0716.npy,"(1024, 3)",False,False,PASS
datasets/lineB_downsampled_x4_up/strict_N/pu_net/test/airplane/airplane_0717.npy,"(1024, 3)",False,False,PASS
datasets/lineB_downsampled_x4_up/strict_N/pu_net/test/airplane/airplane_0718.npy,"(1024, 3)",False,False,PASS
datasets/lineB_downsampled_x4_up/strict_N/pu_net/test/airplane/airplane_0719.npy,"(1024, 3)",False,False,PASS
datasets/lineB_downsampled_x4_up/strict_N/pu_net/test/airplane/airplane_0720.npy,"(1024, 3)",False,False,PASS
datasets/lineB_downsampled_x4_up/strict_N/pu_net/test/airplane/airplane_0721.npy,"(1024, 3)",False,False,PASS
datasets/lineB_downsampled_x4_up/strict_N/pu_net/test/airplane/airplane_0722.npy,"(1024, 3)",False,False,PASS
datasets/lineB_downsampled_x4_up/strict_N/pu_net/test/airplane/airplane_0723.npy,"(1024, 3)",False,False,PASS
datasets/lineB_downsampled_x4_up/strict_N/pu_net/test/airplane/airplane_0724.npy,"(1024, 3)",False,False,PASS
datasets/lineB_downsampled_x4_up/strict_N/pu_net/test/airplane/airplane_0725.npy,"(1024, 3)",False,False,PASS
datasets/lineB_downsampled_x4_up/strict_N/pu_net/test/airplane/airplane_0726.npy,"(1024, 3)",False,False,PASS
datasets/lineB_downsampled_x4_up/strict_N/pu_net/test/bathtub/bathtub_0107.npy,"(1024, 3)",False,False,PASS
datasets/lineB_downsampled_x4_up/strict_N/pu_net/test/bathtub/bathtub_0108.npy,"(1024, 3)",False,False,PASS
datasets/lineB_downsampled_x4_up/strict_N/pu_net/test/bathtub/bathtub_0109.npy,"(1024, 3)",False,False,PASS
datasets/lineB_downsampled_x4_up/strict_N/pu_net/test/bathtub/bathtub_0110.npy,"(1024, 3)",False,False,PASS
datasets/lineB_downsampled_x4_up/strict_N/pu_net/test/bathtub/bathtub_0111.npy,"(1024, 3)",False,False,PASS
datasets/lineB_downsampled_x4_up/strict_N/pu_net/test/bathtub/bathtub_0112.npy,"(1024, 3)",False,False,PASS
datasets/lineB_downsampled_x4_up/strict_N/pu_net/test/bathtub/bathtub_0113.npy,"(1024, 3)",False,False,PASS
datasets/lineB_downsampled_x4_up/strict_N/pu_net/test/bathtub/bathtub_0114.npy,"(1024, 3)",False,False,PASS
datasets/lineB_downsampled_x4_up/strict_N/pu_net/test/bathtub/bathtub_0115.npy,"(1024, 3)",False,False,PASS
datasets/lineB_downsampled_x4_up/strict_N/pu_net/test/bathtub/bathtub_0116.npy,"(1024, 3)",False,False,PASS
datasets/lineB_downsampled_x4_up/strict_N/pu_net/test/bathtub/bathtub_0117.npy,"(1024, 3)",False,False,PASS
datasets/lineB_downsampled_x4_up/strict_N/pu_net/test/bathtub/bathtub_0118.npy,"(1024, 3)",False,False,PASS
datasets/lineB_downsampled_x4_up/strict_N/pu_net/test/bathtub/bathtub_0119.npy,"(1024, 3)",False,False,PASS
datasets/lineB_downsampled_x4_up/strict_N/pu_net/test/bathtub/bathtub_0120.npy,"(1024, 3)",False,False,PASS
datasets/lineB_downsampled_x4_up/strict_N/pu_net/test/bathtub/bathtub_0121.npy,"(1024, 3)",False,False,PASS
datasets/lineB_downsampled_x4_up/strict_N/pu_net/test/bathtub/bathtub_0122.npy,"(1024, 3)",False,False,PASS
datasets/lineB_downsampled_x4_up/strict_N/pu_net/test/bathtub/bathtub_0123.npy,"(1024, 3)",False,False,PASS
datasets/lineB_downsampled_x4_up/strict_N/pu_net/test/bathtub/bathtub_0124.npy,"(1024, 3)",False,False,PASS
datasets/lineB_downsampled_x4_up/strict_N/pu_net/test/bathtub/bathtub_0125.npy,"(1024, 3)",False,False,PASS
datasets/lineB_downsampled_x4_up/strict_N/pu_net/test/bathtub/bathtub_0126.npy,"(1024, 3)",False,False,PASS
datasets/lineB_downsampled_x4_up/strict_N/pu_net/test/bathtub/bathtub_0127.npy,"(1024, 3)",False,False,PASS
datasets/lineB_downsampled_x4_up/strict_N/pu_net/test/bathtub/bathtub_0128.npy,"(1024, 3)",False,False,PASS
datasets/lineB_downsampled_x4_up/strict_N/pu_net/test/bathtub/bathtub_0129.npy,"(1024, 3)",False,False,PASS
datasets/lineB_downsampled_x4_up/strict_N/pu_net/test/bathtub/bathtub_0130.npy,"(1024, 3)",False,False,PASS
datasets/lineB_downsampled_x4_up/strict_N/pu_net/test/bathtub/bathtub_0131.npy,"(1024, 3)",False,False,PASS
datasets/lineB_downsampled_x4_up/strict_N/pu_net/test/bathtub/bathtub_0132.npy,"(1024, 3)",False,False,PASS
datasets/lineB_downsampled_x4_up/strict_N/pu_net/test/bathtub/bathtub_0133.npy,"(1024, 3)",False,False,PASS
datasets/lineB_downsampled_x4_up/strict_N/pu_net/test/bathtub/bathtub_0134.npy,"(1024, 3)",False,False,PASS
datasets/lineB_downsampled_x4_up/strict_N/pu_net/test/bathtub/bathtub_0135.npy,"(1024, 3)",False,False,PASS
datasets/lineB_downsampled_x4_up/strict_N/pu_net/test/bathtub/bathtub_0136.npy,"(1024, 3)",False,False,PASS
datasets/lineB_downsampled_x4_up/strict_N/pu_net/test/bathtub/bathtub_0137.npy,"(1024, 3)",False,False,PASS
datasets/lineB_downsampled_x4_up/strict_N/pu_net/test/bathtub/bathtub_0138.npy,"(1024, 3)",False,False,PASS
datasets/lineB_downsampled_x4_up/strict_N/pu_net/test/bathtub/bathtub_0139.npy,"(1024, 3)",False,False,PASS
datasets/lineB_downsampled_x4_up/strict_N/pu_net/test/bathtub/bathtub_0140.npy,"(1024, 3)",False,False,PASS
datasets/lineB_downsampled_x4_up/strict_N/pu_net/test/bathtub/bathtub_0141.npy,"(1024, 3)",False,False,PASS
datasets/lineB_downsampled_x4_up/strict_N/pu_net/test/bathtub/bathtub_0142.npy,"(1024, 3)",False,False,PASS
datasets/lineB_downsampled_x4_up/strict_N/pu_net/test/bathtub/bathtub_0143.npy,"(1024, 3)",False,False,PASS
datasets/lineB_downsampled_x4_up/strict_N/pu_net/test/bathtub/bathtub_0144.npy,"(1024, 3)",False,False,PASS
datasets/lineB_downsampled_x4_up/strict_N/pu_net/test/bathtub/bathtub_0145.npy,"(1024, 3)",False,False,PASS
datasets/lineB_downsampled_x4_up/strict_N/pu_net/test/bathtub/bathtub_0146.npy,"(1024, 3)",False,False,PASS
datasets/lineB_downsampled_x4_up/strict_N/pu_net/test/bathtub/bathtub_0147.npy,"(1024, 3)",False,False,PASS
datasets/lineB_downsampled_x4_up/strict_N/pu_net/test/bathtub/bathtub_0148.npy,"(1024, 3)",False,False,PASS
datasets/lineB_downsampled_x4_up/strict_N/pu_net/test/bathtub/bathtub_0149.npy,"(1024, 3)",False,False,PASS
datasets/lineB_downsampled_x4_up/strict_N/pu_net/test/bathtub/bathtub_0150.npy,"(1024, 3)",False,False,PASS
datasets/lineB_downsampled_x4_up/strict_N/pu_net/test/bathtub/bathtub_0151.npy,"(1024, 3)",False,False,PASS
datasets/lineB_downsampled_x4_up/strict_N/pu_net/test/bathtub/bathtub_0152.npy,"(1024, 3)",False,False,PASS
datasets/lineB_downsampled_x4_up/strict_N/pu_net/test/bathtub/bathtub_0153.npy,"(1024, 3)",False,False,PASS
datasets/lineB_downsampled_x4_up/strict_N/pu_net/test/bathtub/bathtub_0154.npy,"(1024, 3)",False,False,PASS
datasets/lineB_downsampled_x4_up/strict_N/pu_net/test/bathtub/bathtub_0155.npy,"(1024, 3)",False,False,PASS
datasets/lineB_downsampled_x4_up/strict_N/pu_net/test/bathtub/bathtub_0156.npy,"(1024, 3)",False,False,PASS
datasets/lineB_downsampled_x4_up/strict_N/pu_net/test/bed/bed_0516.npy,"(1024, 3)",False,False,PASS
datasets/lineB_downsampled_x4_up/strict_N/pu_net/test/bed/bed_0517.npy,"(1024, 3)",False,False,PASS
datasets/lineB_downsampled_x4_up/strict_N/pu_net/test/bed/bed_0518.npy,"(1024, 3)",False,False,PASS
datasets/lineB_downsampled_x4_up/strict_N/pu_net/test/bed/bed_0519.npy,"(1024, 3)",False,False,PASS
datasets/lineB_downsampled_x4_up/strict_N/pu_net/test/bed/bed_0520.npy,"(1024, 3)",False,False,PASS
datasets/lineB_downsampled_x4_up/strict_N/pu_net/test/bed/bed_0521.npy,"(1024, 3)",False,False,PASS
datasets/lineB_downsampled_x4_up/strict_N/pu_net/test/bed/bed_0522.npy,"(1024, 3)",False,False,PASS
datasets/lineB_downsampled_x4_up/strict_N/pu_net/test/bed/bed_0523.npy,"(1024, 3)",False,False,PASS
datasets/lineB_downsampled_x4_up/strict_N/pu_net/test/bed/bed_0524.npy,"(1024, 3)",False,False,PASS
datasets/lineB_downsampled_x4_up/strict_N/pu_net/test/bed/bed_0525.npy,"(1024, 3)",False,False,PASS
datasets/lineB_downsampled_x4_up/strict_N/pu_net/test/bed/bed_0526.npy,"(1024, 3)",False,False,PASS
datasets/lineB_downsampled_x4_up/strict_N/pu_net/test/bed/bed_0527.npy,"(1024, 3)",False,False,PASS
datasets/lineB_downsampled_x4_up/strict_N/pu_net/test/bed/bed_0528.npy,"(1024, 3)",False,False,PASS
datasets/lineB_downsampled_x4_up/strict_N/pu_net/test/bed/bed_0529.npy,"(1024, 3)",False,False,PASS
datasets/lineB_downsampled_x4_up/strict_N/pu_net/test/bed/bed_0530.npy,"(1024, 3)",False,False,PASS
datasets/lineB_downsampled_x4_up/strict_N/pu_net/test/bed/bed_0531.npy,"(1024, 3)",False,False,PASS
datasets/lineB_downsampled_x4_up/strict_N/pu_net/test/bed/bed_0532.npy,"(1024, 3)",False,False,PASS
datasets/lineB_downsampled_x4_up/strict_N/pu_net/test/bed/bed_0533.npy,"(1024, 3)",False,False,PASS
datasets/lineB_downsampled_x4_up/strict_N/pu_net/test/bed/bed_0534.npy,"(1024, 3)",False,False,PASS
datasets/lineB_downsampled_x4_up/strict_N/pu_net/test/bed/bed_0535.npy,"(1024, 3)",False,False,PASS
datasets/lineB_downsampled_x4_up/strict_N/pu_net/test/bed/bed_0536.npy,"(1024, 3)",False,False,PASS
datasets/lineB_downsampled_x4_up/strict_N/pu_net/test/bed/bed_0537.npy,"(1024, 3)",False,False,PASS
datasets/lineB_downsampled_x4_up/strict_N/pu_net/test/bed/bed_0538.npy,"(1024, 3)",False,False,PASS
datasets/lineB_downsampled_x4_up/strict_N/pu_net/test/bed/bed_0539.npy,"(1024, 3)",False,False,PASS
datasets/lineB_downsampled_x4_up/strict_N/pu_net/test/bed/bed_0540.npy,"(1024, 3)",False,False,PASS
datasets/lineB_downsampled_x4_up/strict_N/pu_net/test/bed/bed_0541.npy,"(1024, 3)",False,False,PASS
datasets/lineB_downsampled_x4_up/strict_N/pu_net/test/bed/bed_0542.npy,"(1024, 3)",False,False,PASS
datasets/lineB_downsampled_x4_up/strict_N/pu_net/test/bed/bed_0543.npy,"(1024, 3)",False,False,PASS
datasets/lineB_downsampled_x4_up/strict_N/pu_net/test/bed/bed_0544.npy,"(1024, 3)",False,False,PASS
datasets/lineB_downsampled_x4_up/strict_N/pu_net/test/bed/bed_0545.npy,"(1024, 3)",False,False,PASS
datasets/lineB_downsampled_x4_up/strict_N/pu_net/test/bed/bed_0546.npy,"(1024, 3)",False,False,PASS
datasets/lineB_downsampled_x4_up/strict_N/pu_net/test/bed/bed_0547.npy,"(1024, 3)",False,False,PASS
datasets/lineB_downsampled_x4_up/strict_N/pu_net/test/bed/bed_0548.npy,"(1024, 3)",False,False,PASS
datasets/lineB_downsampled_x4_up/strict_N/pu_net/test/bed/bed_0549.npy,"(1024, 3)",False,False,PASS
datasets/lineB_downsampled_x4_up/strict_N/pu_net/test/bed/bed_0550.npy,"(1024, 3)",False,False,PASS
datasets/lineB_downsampled_x4_up/strict_N/pu_net/test/bed/bed_0551.npy,"(1024, 3)",False,False,PASS
datasets/lineB_downsampled_x4_up/strict_N/pu_net/test/bed/bed_0552.npy,"(1024, 3)",False,False,PASS
datasets/lineB_downsampled_x4_up/strict_N/pu_net/test/bed/bed_0553.npy,"(1024, 3)",False,False,PASS
datasets/lineB_downsampled_x4_up/strict_N/pu_net/test/bed/bed_0554.npy,"(1024, 3)",False,False,PASS
datasets/lineB_downsampled_x4_up/strict_N/pu_net/test/bed/bed_0555.npy,"(1024, 3)",False,False,PASS
datasets/lineB_downsampled_x4_up/strict_N/pu_net/test/bed/bed_0556.npy,"(1024, 3)",False,False,PASS
datasets/lineB_downsampled_x4_up/strict_N/pu_net/test/bed/bed_0557.npy,"(1024, 3)",False,False,PASS
datasets/lineB_downsampled_x4_up/strict_N/pu_net/test/bed/bed_0558.npy,"(1024, 3)",False,False,PASS
datasets/lineB_downsampled_x4_up/strict_N/pu_net/test/bed/bed_0559.npy,"(1024, 3)",False,False,PASS
datasets/lineB_downsampled_x4_up/strict_N/pu_net/test/bed/bed_0560.npy,"(1024, 3)",False,False,PASS
datasets/lineB_downsampled_x4_up/strict_N/pu_net/test/bed/bed_0561.npy,"(1024, 3)",False,False,PASS
datasets/lineB_downsampled_x4_up/strict_N/pu_net/test/bed/bed_0562.npy,"(1024, 3)",False,False,PASS
datasets/lineB_downsampled_x4_up/strict_N/pu_net/test/bed/bed_0563.npy,"(1024, 3)",False,False,PASS
datasets/lineB_downsampled_x4_up/strict_N/pu_net/test/bed/bed_0564.npy,"(1024, 3)",False,False,PASS
datasets/lineB_downsampled_x4_up/strict_N/pu_net/test/bed/bed_0565.npy,"(1024, 3)",False,False,PASS
datasets/lineB_downsampled_x4_up/strict_N/pu_net/test/bed/bed_0566.npy,"(1024, 3)",False,False,PASS
datasets/lineB_downsampled_x4_up/strict_N/pu_net/test/bed/bed_0567.npy,"(1024, 3)",False,False,PASS
datasets/lineB_downsampled_x4_up/strict_N/pu_net/test/bed/bed_0568.npy,"(1024, 3)",False,False,PASS
datasets/lineB_downsampled_x4_up/strict_N/pu_net/test/bed/bed_0569.npy,"(1024, 3)",False,False,PASS
datasets/lineB_downsampled_x4_up/strict_N/pu_net/test/bed/bed_0570.npy,"(1024, 3)",False,False,PASS
datasets/lineB_downsampled_x4_up/strict_N/pu_net/test/bed/bed_0571.npy,"(1024, 3)",False,False,PASS
datasets/lineB_downsampled_x4_up/strict_N/pu_net/test/bed/bed_0572.npy,"(1024, 3)",False,False,PASS
datasets/lineB_downsampled_x4_up/strict_N/pu_net/test/bed/bed_0573.npy,"(1024, 3)",False,False,PASS
datasets/lineB_downsampled_x4_up/strict_N/pu_net/test/bed/bed_0574.npy,"(1024, 3)",False,False,PASS
datasets/lineB_downsampled_x4_up/strict_N/pu_net/test/bed/bed_0575.npy,"(1024, 3)",False,False,PASS
datasets/lineB_downsampled_x4_up/strict_N/pu_net/test/bed/bed_0576.npy,"(1024, 3)",False,False,PASS
datasets/lineB_downsampled_x4_up/strict_N/pu_net/test/bed/bed_0577.npy,"(1024, 3)",False,False,PASS
datasets/lineB_downsampled_x4_up/strict_N/pu_net/test/bed/bed_0578.npy,"(1024, 3)",False,False,PASS
datasets/lineB_downsampled_x4_up/strict_N/pu_net/test/bed/bed_0579.npy,"(1024, 3)",False,False,PASS
datasets/lineB_downsampled_x4_up/strict_N/pu_net/test/bed/bed_0580.npy,"(1024, 3)",False,False,PASS
datasets/lineB_downsampled_x4_up/strict_N/pu_net/test/bed/bed_0581.npy,"(1024, 3)",False,False,PASS
datasets/lineB_downsampled_x4_up/strict_N/pu_net/test/bed/bed_0582.npy,"(1024, 3)",False,False,PASS
datasets/lineB_downsampled_x4_up/strict_N/pu_net/test/bed/bed_0583.npy,"(1024, 3)",False,False,PASS
datasets/lineB_downsampled_x4_up/strict_N/pu_net/test/bed/bed_0584.npy,"(1024, 3)",False,False,PASS
datasets/lineB_downsampled_x4_up/strict_N/pu_net/test/bed/bed_0585.npy,"(1024, 3)",False,False,PASS
datasets/lineB_downsampled_x4_up/strict_N/pu_net/test/bed/bed_0586.npy,"(1024, 3)",False,False,PASS
datasets/lineB_downsampled_x4_up/strict_N/pu_net/test/bed/bed_0587.npy,"(1024, 3)",False,False,PASS
datasets/lineB_downsampled_x4_up/strict_N/pu_net/test/bed/bed_0588.npy,"(1024, 3)",False,False,PASS
datasets/lineB_downsampled_x4_up/strict_N/pu_net/test/bed/bed_0589.npy,"(1024, 3)",False,False,PASS
datasets/lineB_downsampled_x4_up/strict_N/pu_net/test/bed/bed_0590.npy,"(1024, 3)",False,False,PASS
datasets/lineB_downsampled_x4_up/strict_N/pu_net/test/bed/bed_0591.npy,"(1024, 3)",False,False,PASS
datasets/lineB_downsampled_x4_up/strict_N/pu_net/test/bed/bed_0592.npy,"(1024, 3)",False,False,PASS
datasets/lineB_downsampled_x4_up/strict_N/pu_net/test/bed/bed_0593.npy,"(1024, 3)",False,False,PASS
datasets/lineB_downsampled_x4_up/strict_N/pu_net/test/bed/bed_0594.npy,"(1024, 3)",False,False,PASS
datasets/lineB_downsampled_x4_up/strict_N/pu_net/test/bed/bed_0595.npy,"(1024, 3)",False,False,PASS
datasets/lineB_downsampled_x4_up/strict_N/pu_net/test/bed/bed_0596.npy,"(1024, 3)",False,False,PASS
datasets/lineB_downsampled_x4_up/strict_N/pu_net/test/bed/bed_0597.npy,"(1024, 3)",False,False,PASS
datasets/lineB_downsampled_x4_up/strict_N/pu_net/test/bed/bed_0598.npy,"(1024, 3)",False,False,PASS
datasets/lineB_downsampled_x4_up/strict_N/pu_net/test/bed/bed_0599.npy,"(1024, 3)",False,False,PASS
datasets/lineB_downsampled_x4_up/strict_N/pu_net/test/bed/bed_0600.npy,"(1024, 3)",False,False,PASS
datasets/lineB_downsampled_x4_up/strict_N/pu_net/test/bed/bed_0601.npy,"(1024, 3)",False,False,PASS
datasets/lineB_downsampled_x4_up/strict_N/pu_net/test/bed/bed_0602.npy,"(1024, 3)",False,False,PASS
datasets/lineB_downsampled_x4_up/strict_N/pu_net/test/bed/bed_0603.npy,"(1024, 3)",False,False,PASS
datasets/lineB_downsampled_x4_up/strict_N/pu_net/test/bed/bed_0604.npy,"(1024, 3)",False,False,PASS
datasets/lineB_downsampled_x4_up/strict_N/pu_net/test/bed/bed_0605.npy,"(1024, 3)",False,False,PASS
datasets/lineB_downsampled_x4_up/strict_N/pu_net/test/bed/bed_0606.npy,"(1024, 3)",False,False,PASS
datasets/lineB_downsampled_x4_up/strict_N/pu_net/test/bed/bed_0607.npy,"(1024, 3)",False,False,PASS
datasets/lineB_downsampled_x4_up/strict_N/pu_net/test/bed/bed_0608.npy,"(1024, 3)",False,False,PASS
datasets/lineB_downsampled_x4_up/strict_N/pu_net/test/bed/bed_0609.npy,"(1024, 3)",False,False,PASS
datasets/lineB_downsampled_x4_up/strict_N/pu_net/test/bed/bed_0610.npy,"(1024, 3)",False,False,PASS
datasets/lineB_downsampled_x4_up/strict_N/pu_net/test/bed/bed_0611.npy,"(1024, 3)",False,False,PASS
datasets/lineB_downsampled_x4_up/strict_N/pu_net/test/bed/bed_0612.npy,"(1024, 3)",False,False,PASS
datasets/lineB_downsampled_x4_up/strict_N/pu_net/test/bed/bed_0613.npy,"(1024, 3)",False,False,PASS
datasets/lineB_downsampled_x4_up/strict_N/pu_net/test/bed/bed_0614.npy,"(1024, 3)",False,False,PASS
datasets/lineB_downsampled_x4_up/strict_N/pu_net/test/bed/bed_0615.npy,"(1024, 3)",False,False,PASS
datasets/lineB_downsampled_x4_up/strict_N/pu_net/test/bench/bench_0174.npy,"(1024, 3)",False,False,PASS
datasets/lineB_downsampled_x4_up/strict_N/pu_net/test/bench/bench_0175.npy,"(1024, 3)",False,False,PASS
datasets/lineB_downsampled_x4_up/strict_N/pu_net/test/bench/bench_0176.npy,"(1024, 3)",False,False,PASS
datasets/lineB_downsampled_x4_up/strict_N/pu_net/test/bench/bench_0177.npy,"(1024, 3)",False,False,PASS
datasets/lineB_downsampled_x4_up/strict_N/pu_net/test/bench/bench_0178.npy,"(1024, 3)",False,False,PASS
datasets/lineB_downsampled_x4_up/strict_N/pu_net/test/bench/bench_0179.npy,"(1024, 3)",False,False,PASS
datasets/lineB_downsampled_x4_up/strict_N/pu_net/test/bench/bench_0180.npy,"(1024, 3)",False,False,PASS
datasets/lineB_downsampled_x4_up/strict_N/pu_net/test/bench/bench_0181.npy,"(1024, 3)",False,False,PASS
datasets/lineB_downsampled_x4_up/strict_N/pu_net/test/bench/bench_0182.npy,"(1024, 3)",False,False,PASS
datasets/lineB_downsampled_x4_up/strict_N/pu_net/test/bench/bench_0183.npy,"(1024, 3)",False,False,PASS
datasets/lineB_downsampled_x4_up/strict_N/pu_net/test/bench/bench_0184.npy,"(1024, 3)",False,False,PASS
datasets/lineB_downsampled_x4_up/strict_N/pu_net/test/bench/bench_0185.npy,"(1024, 3)",False,False,PASS
datasets/lineB_downsampled_x4_up/strict_N/pu_net/test/bench/bench_0186.npy,"(1024, 3)",False,False,PASS
datasets/lineB_downsampled_x4_up/strict_N/pu_net/test/bench/bench_0187.npy,"(1024, 3)",False,False,PASS
datasets/lineB_downsampled_x4_up/strict_N/pu_net/test/bench/bench_0188.npy,"(1024, 3)",False,False,PASS
datasets/lineB_downsampled_x4_up/strict_N/pu_net/test/bench/bench_0189.npy,"(1024, 3)",False,False,PASS
datasets/lineB_downsampled_x4_up/strict_N/pu_net/test/bench/bench_0190.npy,"(1024, 3)",False,False,PASS
datasets/lineB_downsampled_x4_up/strict_N/pu_net/test/bench/bench_0191.npy,"(1024, 3)",False,False,PASS
datasets/lineB_downsampled_x4_up/strict_N/pu_net/test/bench/bench_0192.npy,"(1024, 3)",False,False,PASS
datasets/lineB_downsampled_x4_up/strict_N/pu_net/test/bench/bench_0193.npy,"(1024, 3)",False,False,PASS
datasets/lineB_downsampled_x4_up/strict_N/pu_net/test/bookshelf/bookshelf_0573.npy,"(1024, 3)",False,False,PASS
datasets/lineB_downsampled_x4_up/strict_N/pu_net/test/bookshelf/bookshelf_0574.npy,"(1024, 3)",False,False,PASS
datasets/lineB_downsampled_x4_up/strict_N/pu_net/test/bookshelf/bookshelf_0575.npy,"(1024, 3)",False,False,PASS
datasets/lineB_downsampled_x4_up/strict_N/pu_net/test/bookshelf/bookshelf_0576.npy,"(1024, 3)",False,False,PASS
datasets/lineB_downsampled_x4_up/strict_N/pu_net/test/bookshelf/bookshelf_0577.npy,"(1024, 3)",False,False,PASS
datasets/lineB_downsampled_x4_up/strict_N/pu_net/test/bookshelf/bookshelf_0578.npy,"(1024, 3)",False,False,PASS
datasets/lineB_downsampled_x4_up/strict_N/pu_net/test/bookshelf/bookshelf_0579.npy,"(1024, 3)",False,False,PASS
datasets/lineB_downsampled_x4_up/strict_N/pu_net/test/bookshelf/bookshelf_0580.npy,"(1024, 3)",False,False,PASS
datasets/lineB_downsampled_x4_up/strict_N/pu_net/test/bookshelf/bookshelf_0581.npy,"(1024, 3)",False,False,PASS
datasets/lineB_downsampled_x4_up/strict_N/pu_net/test/bookshelf/bookshelf_0582.npy,"(1024, 3)",False,False,PASS
datasets/lineB_downsampled_x4_up/strict_N/pu_net/test/bookshelf/bookshelf_0583.npy,"(1024, 3)",False,False,PASS
datasets/lineB_downsampled_x4_up/strict_N/pu_net/test/bookshelf/bookshelf_0584.npy,"(1024, 3)",False,False,PASS
datasets/lineB_downsampled_x4_up/strict_N/pu_net/test/bookshelf/bookshelf_0585.npy,"(1024, 3)",False,False,PASS
datasets/lineB_downsampled_x4_up/strict_N/pu_net/test/bookshelf/bookshelf_0586.npy,"(1024, 3)",False,False,PASS
datasets/lineB_downsampled_x4_up/strict_N/pu_net/test/bookshelf/bookshelf_0587.npy,"(1024, 3)",False,False,PASS
datasets/lineB_downsampled_x4_up/strict_N/pu_net/test/bookshelf/bookshelf_0588.npy,"(1024, 3)",False,False,PASS
datasets/lineB_downsampled_x4_up/strict_N/pu_net/test/bookshelf/bookshelf_0589.npy,"(1024, 3)",False,False,PASS
datasets/lineB_downsampled_x4_up/strict_N/pu_net/test/bookshelf/bookshelf_0590.npy,"(1024, 3)",False,False,PASS
datasets/lineB_downsampled_x4_up/strict_N/pu_net/test/bookshelf/bookshelf_0591.npy,"(1024, 3)",False,False,PASS
datasets/lineB_downsampled_x4_up/strict_N/pu_net/test/bookshelf/bookshelf_0592.npy,"(1024, 3)",False,False,PASS
datasets/lineB_downsampled_x4_up/strict_N/pu_net/test/bookshelf/bookshelf_0593.npy,"(1024, 3)",False,False,PASS
datasets/lineB_downsampled_x4_up/strict_N/pu_net/test/bookshelf/bookshelf_0594.npy,"(1024, 3)",False,False,PASS
datasets/lineB_downsampled_x4_up/strict_N/pu_net/test/bookshelf/bookshelf_0595.npy,"(1024, 3)",False,False,PASS
datasets/lineB_downsampled_x4_up/strict_N/pu_net/test/bookshelf/bookshelf_0596.npy,"(1024, 3)",False,False,PASS
datasets/lineB_downsampled_x4_up/strict_N/pu_net/test/bookshelf/bookshelf_0597.npy,"(1024, 3)",False,False,PASS
datasets/lineB_downsampled_x4_up/strict_N/pu_net/test/bookshelf/bookshelf_0598.npy,"(1024, 3)",False,False,PASS
datasets/lineB_downsampled_x4_up/strict_N/pu_net/test/bookshelf/bookshelf_0599.npy,"(1024, 3)",False,False,PASS
datasets/lineB_downsampled_x4_up/strict_N/pu_net/test/bookshelf/bookshelf_0600.npy,"(1024, 3)",False,False,PASS
datasets/lineB_downsampled_x4_up/strict_N/pu_net/test/bookshelf/bookshelf_0601.npy,"(1024, 3)",False,False,PASS
datasets/lineB_downsampled_x4_up/strict_N/pu_net/test/bookshelf/bookshelf_0602.npy,"(1024, 3)",False,False,PASS
datasets/lineB_downsampled_x4_up/strict_N/pu_net/test/bookshelf/bookshelf_0603.npy,"(1024, 3)",False,False,PASS
datasets/lineB_downsampled_x4_up/strict_N/pu_net/test/bookshelf/bookshelf_0604.npy,"(1024, 3)",False,False,PASS
datasets/lineB_downsampled_x4_up/strict_N/pu_net/test/bookshelf/bookshelf_0605.npy,"(1024, 3)",False,False,PASS
datasets/lineB_downsampled_x4_up/strict_N/pu_net/test/bookshelf/bookshelf_0606.npy,"(1024, 3)",False,False,PASS
datasets/lineB_downsampled_x4_up/strict_N/pu_net/test/bookshelf/bookshelf_0607.npy,"(1024, 3)",False,False,PASS
datasets/lineB_downsampled_x4_up/strict_N/pu_net/test/bookshelf/bookshelf_0608.npy,"(1024, 3)",False,False,PASS
datasets/lineB_downsampled_x4_up/strict_N/pu_net/test/bookshelf/bookshelf_0609.npy,"(1024, 3)",False,False,PASS
datasets/lineB_downsampled_x4_up/strict_N/pu_net/test/bookshelf/bookshelf_0610.npy,"(1024, 3)",False,False,PASS
datasets/lineB_downsampled_x4_up/strict_N/pu_net/test/bookshelf/bookshelf_0611.npy,"(1024, 3)",False,False,PASS
datasets/lineB_downsampled_x4_up/strict_N/pu_net/test/bookshelf/bookshelf_0612.npy,"(1024, 3)",False,False,PASS
datasets/lineB_downsampled_x4_up/strict_N/pu_net/test/bookshelf/bookshelf_0613.npy,"(1024, 3)",False,False,PASS
datasets/lineB_downsampled_x4_up/strict_N/pu_net/test/bookshelf/bookshelf_0614.npy,"(1024, 3)",False,False,PASS
datasets/lineB_downsampled_x4_up/strict_N/pu_net/test/bookshelf/bookshelf_0615.npy,"(1024, 3)",False,False,PASS
datasets/lineB_downsampled_x4_up/strict_N/pu_net/test/bookshelf/bookshelf_0616.npy,"(1024, 3)",False,False,PASS
datasets/lineB_downsampled_x4_up/strict_N/pu_net/test/bookshelf/bookshelf_0617.npy,"(1024, 3)",False,False,PASS
datasets/lineB_downsampled_x4_up/strict_N/pu_net/test/bookshelf/bookshelf_0618.npy,"(1024, 3)",False,False,PASS
datasets/lineB_downsampled_x4_up/strict_N/pu_net/test/bookshelf/bookshelf_0619.npy,"(1024, 3)",False,False,PASS
datasets/lineB_downsampled_x4_up/strict_N/pu_net/test/bookshelf/bookshelf_0620.npy,"(1024, 3)",False,False,PASS
datasets/lineB_downsampled_x4_up/strict_N/pu_net/test/bookshelf/bookshelf_0621.npy,"(1024, 3)",False,False,PASS
datasets/lineB_downsampled_x4_up/strict_N/pu_net/test/bookshelf/bookshelf_0622.npy,"(1024, 3)",False,False,PASS
datasets/lineB_downsampled_x4_up/strict_N/pu_net/test/bookshelf/bookshelf_0623.npy,"(1024, 3)",False,False,PASS
datasets/lineB_downsampled_x4_up/strict_N/pu_net/test/bookshelf/bookshelf_0624.npy,"(1024, 3)",False,False,PASS
datasets/lineB_downsampled_x4_up/strict_N/pu_net/test/bookshelf/bookshelf_0625.npy,"(1024, 3)",False,False,PASS
datasets/lineB_downsampled_x4_up/strict_N/pu_net/test/bookshelf/bookshelf_0626.npy,"(1024, 3)",False,False,PASS
datasets/lineB_downsampled_x4_up/strict_N/pu_net/test/bookshelf/bookshelf_0627.npy,"(1024, 3)",False,False,PASS
datasets/lineB_downsampled_x4_up/strict_N/pu_net/test/bookshelf/bookshelf_0628.npy,"(1024, 3)",False,False,PASS
datasets/lineB_downsampled_x4_up/strict_N/pu_net/test/bookshelf/bookshelf_0629.npy,"(1024, 3)",False,False,PASS
datasets/lineB_downsampled_x4_up/strict_N/pu_net/test/bookshelf/bookshelf_0630.npy,"(1024, 3)",False,False,PASS
datasets/lineB_downsampled_x4_up/strict_N/pu_net/test/bookshelf/bookshelf_0631.npy,"(1024, 3)",False,False,PASS
datasets/lineB_downsampled_x4_up/strict_N/pu_net/test/bookshelf/bookshelf_0632.npy,"(1024, 3)",False,False,PASS
datasets/lineB_downsampled_x4_up/strict_N/pu_net/test/bookshelf/bookshelf_0633.npy,"(1024, 3)",False,False,PASS
datasets/lineB_downsampled_x4_up/strict_N/pu_net/test/bookshelf/bookshelf_0634.npy,"(1024, 3)",False,False,PASS
datasets/lineB_downsampled_x4_up/strict_N/pu_net/test/bookshelf/bookshelf_0635.npy,"(1024, 3)",False,False,PASS
datasets/lineB_downsampled_x4_up/strict_N/pu_net/test/bookshelf/bookshelf_0636.npy,"(1024, 3)",False,False,PASS
datasets/lineB_downsampled_x4_up/strict_N/pu_net/test/bookshelf/bookshelf_0637.npy,"(1024, 3)",False,False,PASS
datasets/lineB_downsampled_x4_up/strict_N/pu_net/test/bookshelf/bookshelf_0638.npy,"(1024, 3)",False,False,PASS
datasets/lineB_downsampled_x4_up/strict_N/pu_net/test/bookshelf/bookshelf_0639.npy,"(1024, 3)",False,False,PASS
datasets/lineB_downsampled_x4_up/strict_N/pu_net/test/bookshelf/bookshelf_0640.npy,"(1024, 3)",False,False,PASS
datasets/lineB_downsampled_x4_up/strict_N/pu_net/test/bookshelf/bookshelf_0641.npy,"(1024, 3)",False,False,PASS
datasets/lineB_downsampled_x4_up/strict_N/pu_net/test/bookshelf/bookshelf_0642.npy,"(1024, 3)",False,False,PASS
datasets/lineB_downsampled_x4_up/strict_N/pu_net/test/bookshelf/bookshelf_0643.npy,"(1024, 3)",False,False,PASS
datasets/lineB_downsampled_x4_up/strict_N/pu_net/test/bookshelf/bookshelf_0644.npy,"(1024, 3)",False,False,PASS
datasets/lineB_downsampled_x4_up/strict_N/pu_net/test/bookshelf/bookshelf_0645.npy,"(1024, 3)",False,False,PASS
datasets/lineB_downsampled_x4_up/strict_N/pu_net/test/bookshelf/bookshelf_0646.npy,"(1024, 3)",False,False,PASS
datasets/lineB_downsampled_x4_up/strict_N/pu_net/test/bookshelf/bookshelf_0647.npy,"(1024, 3)",False,False,PASS
datasets/lineB_downsampled_x4_up/strict_N/pu_net/test/bookshelf/bookshelf_0648.npy,"(1024, 3)",False,False,PASS
datasets/lineB_downsampled_x4_up/strict_N/pu_net/test/bookshelf/bookshelf_0649.npy,"(1024, 3)",False,False,PASS
datasets/lineB_downsampled_x4_up/strict_N/pu_net/test/bookshelf/bookshelf_0650.npy,"(1024, 3)",False,False,PASS
datasets/lineB_downsampled_x4_up/strict_N/pu_net/test/bookshelf/bookshelf_0651.npy,"(1024, 3)",False,False,PASS
datasets/lineB_downsampled_x4_up/strict_N/pu_net/test/bookshelf/bookshelf_0652.npy,"(1024, 3)",False,False,PASS
datasets/lineB_downsampled_x4_up/strict_N/pu_net/test/bookshelf/bookshelf_0653.npy,"(1024, 3)",False,False,PASS
datasets/lineB_downsampled_x4_up/strict_N/pu_net/test/bookshelf/bookshelf_0654.npy,"(1024, 3)",False,False,PASS
datasets/lineB_downsampled_x4_up/strict_N/pu_net/test/bookshelf/bookshelf_0655.npy,"(1024, 3)",False,False,PASS
datasets/lineB_downsampled_x4_up/strict_N/pu_net/test/bookshelf/bookshelf_0656.npy,"(1024, 3)",False,False,PASS
datasets/lineB_downsampled_x4_up/strict_N/pu_net/test/bookshelf/bookshelf_0657.npy,"(1024, 3)",False,False,PASS
datasets/lineB_downsampled_x4_up/strict_N/pu_net/test/bookshelf/bookshelf_0658.npy,"(1024, 3)",False,False,PASS
datasets/lineB_downsampled_x4_up/strict_N/pu_net/test/bookshelf/bookshelf_0659.npy,"(1024, 3)",False,False,PASS
datasets/lineB_downsampled_x4_up/strict_N/pu_net/test/bookshelf/bookshelf_0660.npy,"(1024, 3)",False,False,PASS
datasets/lineB_downsampled_x4_up/strict_N/pu_net/test/bookshelf/bookshelf_0661.npy,"(1024, 3)",False,False,PASS
datasets/lineB_downsampled_x4_up/strict_N/pu_net/test/bookshelf/bookshelf_0662.npy,"(1024, 3)",False,False,PASS
datasets/lineB_downsampled_x4_up/strict_N/pu_net/test/bookshelf/bookshelf_0663.npy,"(1024, 3)",False,False,PASS
datasets/lineB_downsampled_x4_up/strict_N/pu_net/test/bookshelf/bookshelf_0664.npy,"(1024, 3)",False,False,PASS
datasets/lineB_downsampled_x4_up/strict_N/pu_net/test/bookshelf/bookshelf_0665.npy,"(1024, 3)",False,False,PASS
datasets/lineB_downsampled_x4_up/strict_N/pu_net/test/bookshelf/bookshelf_0666.npy,"(1024, 3)",False,False,PASS
datasets/lineB_downsampled_x4_up/strict_N/pu_net/test/bookshelf/bookshelf_0667.npy,"(1024, 3)",False,False,PASS
datasets/lineB_downsampled_x4_up/strict_N/pu_net/test/bookshelf/bookshelf_0668.npy,"(1024, 3)",False,False,PASS
datasets/lineB_downsampled_x4_up/strict_N/pu_net/test/bookshelf/bookshelf_0669.npy,"(1024, 3)",False,False,PASS
datasets/lineB_downsampled_x4_up/strict_N/pu_net/test/bookshelf/bookshelf_0670.npy,"(1024, 3)",False,False,PASS
datasets/lineB_downsampled_x4_up/strict_N/pu_net/test/bookshelf/bookshelf_0671.npy,"(1024, 3)",False,False,PASS
datasets/lineB_downsampled_x4_up/strict_N/pu_net/test/bookshelf/bookshelf_0672.npy,"(1024, 3)",False,False,PASS
datasets/lineB_downsampled_x4_up/strict_N/pu_net/test/bottle/bottle_0336.npy,"(1024, 3)",False,False,PASS
datasets/lineB_downsampled_x4_up/strict_N/pu_net/test/bottle/bottle_0337.npy,"(1024, 3)",False,False,PASS
datasets/lineB_downsampled_x4_up/strict_N/pu_net/test/bottle/bottle_0338.npy,"(1024, 3)",False,False,PASS
datasets/lineB_downsampled_x4_up/strict_N/pu_net/test/bottle/bottle_0339.npy,"(1024, 3)",False,False,PASS
datasets/lineB_downsampled_x4_up/strict_N/pu_net/test/bottle/bottle_0340.npy,"(1024, 3)",False,False,PASS
datasets/lineB_downsampled_x4_up/strict_N/pu_net/test/bottle/bottle_0341.npy,"(1024, 3)",False,False,PASS
datasets/lineB_downsampled_x4_up/strict_N/pu_net/test/bottle/bottle_0342.npy,"(1024, 3)",False,False,PASS
datasets/lineB_downsampled_x4_up/strict_N/pu_net/test/bottle/bottle_0343.npy,"(1024, 3)",False,False,PASS
datasets/lineB_downsampled_x4_up/strict_N/pu_net/test/bottle/bottle_0344.npy,"(1024, 3)",False,False,PASS
datasets/lineB_downsampled_x4_up/strict_N/pu_net/test/bottle/bottle_0345.npy,"(1024, 3)",False,False,PASS
datasets/lineB_downsampled_x4_up/strict_N/pu_net/test/bottle/bottle_0346.npy,"(1024, 3)",False,False,PASS
datasets/lineB_downsampled_x4_up/strict_N/pu_net/test/bottle/bottle_0347.npy,"(1024, 3)",False,False,PASS
datasets/lineB_downsampled_x4_up/strict_N/pu_net/test/bottle/bottle_0348.npy,"(1024, 3)",False,False,PASS
datasets/lineB_downsampled_x4_up/strict_N/pu_net/test/bottle/bottle_0349.npy,"(1024, 3)",False,False,PASS
datasets/lineB_downsampled_x4_up/strict_N/pu_net/test/bottle/bottle_0350.npy,"(1024, 3)",False,False,PASS
datasets/lineB_downsampled_x4_up/strict_N/pu_net/test/bottle/bottle_0351.npy,"(1024, 3)",False,False,PASS
datasets/lineB_downsampled_x4_up/strict_N/pu_net/test/bottle/bottle_0352.npy,"(1024, 3)",False,False,PASS
datasets/lineB_downsampled_x4_up/strict_N/pu_net/test/bottle/bottle_0353.npy,"(1024, 3)",False,False,PASS
datasets/lineB_downsampled_x4_up/strict_N/pu_net/test/bottle/bottle_0354.npy,"(1024, 3)",False,False,PASS
datasets/lineB_downsampled_x4_up/strict_N/pu_net/test/bottle/bottle_0355.npy,"(1024, 3)",False,False,PASS
datasets/lineB_downsampled_x4_up/strict_N/pu_net/test/bottle/bottle_0356.npy,"(1024, 3)",False,False,PASS
datasets/lineB_downsampled_x4_up/strict_N/pu_net/test/bottle/bottle_0357.npy,"(1024, 3)",False,False,PASS
datasets/lineB_downsampled_x4_up/strict_N/pu_net/test/bottle/bottle_0358.npy,"(1024, 3)",False,False,PASS
datasets/lineB_downsampled_x4_up/strict_N/pu_net/test/bottle/bottle_0359.npy,"(1024, 3)",False,False,PASS
datasets/lineB_downsampled_x4_up/strict_N/pu_net/test/bottle/bottle_0360.npy,"(1024, 3)",False,False,PASS
datasets/lineB_downsampled_x4_up/strict_N/pu_net/test/bottle/bottle_0361.npy,"(1024, 3)",False,False,PASS
datasets/lineB_downsampled_x4_up/strict_N/pu_net/test/bottle/bottle_0362.npy,"(1024, 3)",False,False,PASS
datasets/lineB_downsampled_x4_up/strict_N/pu_net/test/bottle/bottle_0363.npy,"(1024, 3)",False,False,PASS
datasets/lineB_downsampled_x4_up/strict_N/pu_net/test/bottle/bottle_0364.npy,"(1024, 3)",False,False,PASS
datasets/lineB_downsampled_x4_up/strict_N/pu_net/test/bottle/bottle_0365.npy,"(1024, 3)",False,False,PASS
datasets/lineB_downsampled_x4_up/strict_N/pu_net/test/bottle/bottle_0366.npy,"(1024, 3)",False,False,PASS
datasets/lineB_downsampled_x4_up/strict_N/pu_net/test/bottle/bottle_0367.npy,"(1024, 3)",False,False,PASS
datasets/lineB_downsampled_x4_up/strict_N/pu_net/test/bottle/bottle_0368.npy,"(1024, 3)",False,False,PASS
datasets/lineB_downsampled_x4_up/strict_N/pu_net/test/bottle/bottle_0369.npy,"(1024, 3)",False,False,PASS
datasets/lineB_downsampled_x4_up/strict_N/pu_net/test/bottle/bottle_0370.npy,"(1024, 3)",False,False,PASS
datasets/lineB_downsampled_x4_up/strict_N/pu_net/test/bottle/bottle_0371.npy,"(1024, 3)",False,False,PASS
datasets/lineB_downsampled_x4_up/strict_N/pu_net/test/bottle/bottle_0372.npy,"(1024, 3)",False,False,PASS
datasets/lineB_downsampled_x4_up/strict_N/pu_net/test/bottle/bottle_0373.npy,"(1024, 3)",False,False,PASS
datasets/lineB_downsampled_x4_up/strict_N/pu_net/test/bottle/bottle_0374.npy,"(1024, 3)",False,False,PASS
datasets/lineB_downsampled_x4_up/strict_N/pu_net/test/bottle/bottle_0375.npy,"(1024, 3)",False,False,PASS
datasets/lineB_downsampled_x4_up/strict_N/pu_net/test/bottle/bottle_0376.npy,"(1024, 3)",False,False,PASS
datasets/lineB_downsampled_x4_up/strict_N/pu_net/test/bottle/bottle_0377.npy,"(1024, 3)",False,False,PASS
datasets/lineB_downsampled_x4_up/strict_N/pu_net/test/bottle/bottle_0378.npy,"(1024, 3)",False,False,PASS
datasets/lineB_downsampled_x4_up/strict_N/pu_net/test/bottle/bottle_0379.npy,"(1024, 3)",False,False,PASS
datasets/lineB_downsampled_x4_up/strict_N/pu_net/test/bottle/bottle_0380.npy,"(1024, 3)",False,False,PASS
datasets/lineB_downsampled_x4_up/strict_N/pu_net/test/bottle/bottle_0381.npy,"(1024, 3)",False,False,PASS
datasets/lineB_downsampled_x4_up/strict_N/pu_net/test/bottle/bottle_0382.npy,"(1024, 3)",False,False,PASS
datasets/lineB_downsampled_x4_up/strict_N/pu_net/test/bottle/bottle_0383.npy,"(1024, 3)",False,False,PASS
datasets/lineB_downsampled_x4_up/strict_N/pu_net/test/bottle/bottle_0384.npy,"(1024, 3)",False,False,PASS
datasets/lineB_downsampled_x4_up/strict_N/pu_net/test/bottle/bottle_0385.npy,"(1024, 3)",False,False,PASS
datasets/lineB_downsampled_x4_up/strict_N/pu_net/test/bottle/bottle_0386.npy,"(1024, 3)",False,False,PASS
datasets/lineB_downsampled_x4_up/strict_N/pu_net/test/bottle/bottle_0387.npy,"(1024, 3)",False,False,PASS
datasets/lineB_downsampled_x4_up/strict_N/pu_net/test/bottle/bottle_0388.npy,"(1024, 3)",False,False,PASS
datasets/lineB_downsampled_x4_up/strict_N/pu_net/test/bottle/bottle_0389.npy,"(1024, 3)",False,False,PASS
datasets/lineB_downsampled_x4_up/strict_N/pu_net/test/bottle/bottle_0390.npy,"(1024, 3)",False,False,PASS
datasets/lineB_downsampled_x4_up/strict_N/pu_net/test/bottle/bottle_0391.npy,"(1024, 3)",False,False,PASS
datasets/lineB_downsampled_x4_up/strict_N/pu_net/test/bottle/bottle_0392.npy,"(1024, 3)",False,False,PASS
datasets/lineB_downsampled_x4_up/strict_N/pu_net/test/bottle/bottle_0393.npy,"(1024, 3)",False,False,PASS
datasets/lineB_downsampled_x4_up/strict_N/pu_net/test/bottle/bottle_0394.npy,"(1024, 3)",False,False,PASS
datasets/lineB_downsampled_x4_up/strict_N/pu_net/test/bottle/bottle_0395.npy,"(1024, 3)",False,False,PASS
datasets/lineB_downsampled_x4_up/strict_N/pu_net/test/bottle/bottle_0396.npy,"(1024, 3)",False,False,PASS
datasets/lineB_downsampled_x4_up/strict_N/pu_net/test/bottle/bottle_0397.npy,"(1024, 3)",False,False,PASS
datasets/lineB_downsampled_x4_up/strict_N/pu_net/test/bottle/bottle_0398.npy,"(1024, 3)",False,False,PASS
datasets/lineB_downsampled_x4_up/strict_N/pu_net/test/bottle/bottle_0399.npy,"(1024, 3)",False,False,PASS
datasets/lineB_downsampled_x4_up/strict_N/pu_net/test/bottle/bottle_0400.npy,"(1024, 3)",False,False,PASS
datasets/lineB_downsampled_x4_up/strict_N/pu_net/test/bottle/bottle_0401.npy,"(1024, 3)",False,False,PASS
datasets/lineB_downsampled_x4_up/strict_N/pu_net/test/bottle/bottle_0402.npy,"(1024, 3)",False,False,PASS
datasets/lineB_downsampled_x4_up/strict_N/pu_net/test/bottle/bottle_0403.npy,"(1024, 3)",False,False,PASS
datasets/lineB_downsampled_x4_up/strict_N/pu_net/test/bottle/bottle_0404.npy,"(1024, 3)",False,False,PASS
datasets/lineB_downsampled_x4_up/strict_N/pu_net/test/bottle/bottle_0405.npy,"(1024, 3)",False,False,PASS
datasets/lineB_downsampled_x4_up/strict_N/pu_net/test/bottle/bottle_0406.npy,"(1024, 3)",False,False,PASS
datasets/lineB_downsampled_x4_up/strict_N/pu_net/test/bottle/bottle_0407.npy,"(1024, 3)",False,False,PASS
datasets/lineB_downsampled_x4_up/strict_N/pu_net/test/bottle/bottle_0408.npy,"(1024, 3)",False,False,PASS
datasets/lineB_downsampled_x4_up/strict_N/pu_net/test/bottle/bottle_0409.npy,"(1024, 3)",False,False,PASS
datasets/lineB_downsampled_x4_up/strict_N/pu_net/test/bottle/bottle_0410.npy,"(1024, 3)",False,False,PASS
datasets/lineB_downsampled_x4_up/strict_N/pu_net/test/bottle/bottle_0411.npy,"(1024, 3)",False,False,PASS
datasets/lineB_downsampled_x4_up/strict_N/pu_net/test/bottle/bottle_0412.npy,"(1024, 3)",False,False,PASS
datasets/lineB_downsampled_x4_up/strict_N/pu_net/test/bottle/bottle_0413.npy,"(1024, 3)",False,False,PASS
datasets/lineB_downsampled_x4_up/strict_N/pu_net/test/bottle/bottle_0414.npy,"(1024, 3)",False,False,PASS
datasets/lineB_downsampled_x4_up/strict_N/pu_net/test/bottle/bottle_0415.npy,"(1024, 3)",False,False,PASS
datasets/lineB_downsampled_x4_up/strict_N/pu_net/test/bottle/bottle_0416.npy,"(1024, 3)",False,False,PASS
datasets/lineB_downsampled_x4_up/strict_N/pu_net/test/bottle/bottle_0417.npy,"(1024, 3)",False,False,PASS
datasets/lineB_downsampled_x4_up/strict_N/pu_net/test/bottle/bottle_0418.npy,"(1024, 3)",False,False,PASS
datasets/lineB_downsampled_x4_up/strict_N/pu_net/test/bottle/bottle_0419.npy,"(1024, 3)",False,False,PASS
datasets/lineB_downsampled_x4_up/strict_N/pu_net/test/bottle/bottle_0420.npy,"(1024, 3)",False,False,PASS
datasets/lineB_downsampled_x4_up/strict_N/pu_net/test/bottle/bottle_0421.npy,"(1024, 3)",False,False,PASS
datasets/lineB_downsampled_x4_up/strict_N/pu_net/test/bottle/bottle_0422.npy,"(1024, 3)",False,False,PASS
datasets/lineB_downsampled_x4_up/strict_N/pu_net/test/bottle/bottle_0423.npy,"(1024, 3)",False,False,PASS
datasets/lineB_downsampled_x4_up/strict_N/pu_net/test/bottle/bottle_0424.npy,"(1024, 3)",False,False,PASS
datasets/lineB_downsampled_x4_up/strict_N/pu_net/test/bottle/bottle_0425.npy,"(1024, 3)",False,False,PASS
datasets/lineB_downsampled_x4_up/strict_N/pu_net/test/bottle/bottle_0426.npy,"(1024, 3)",False,False,PASS
datasets/lineB_downsampled_x4_up/strict_N/pu_net/test/bottle/bottle_0427.npy,"(1024, 3)",False,False,PASS
datasets/lineB_downsampled_x4_up/strict_N/pu_net/test/bottle/bottle_0428.npy,"(1024, 3)",False,False,PASS
datasets/lineB_downsampled_x4_up/strict_N/pu_net/test/bottle/bottle_0429.npy,"(1024, 3)",False,False,PASS
datasets/lineB_downsampled_x4_up/strict_N/pu_net/test/bottle/bottle_0430.npy,"(1024, 3)",False,False,PASS
datasets/lineB_downsampled_x4_up/strict_N/pu_net/test/bottle/bottle_0431.npy,"(1024, 3)",False,False,PASS
datasets/lineB_downsampled_x4_up/strict_N/pu_net/test/bottle/bottle_0432.npy,"(1024, 3)",False,False,PASS
datasets/lineB_downsampled_x4_up/strict_N/pu_net/test/bottle/bottle_0433.npy,"(1024, 3)",False,False,PASS
datasets/lineB_downsampled_x4_up/strict_N/pu_net/test/bottle/bottle_0434.npy,"(1024, 3)",False,False,PASS
datasets/lineB_downsampled_x4_up/strict_N/pu_net/test/bottle/bottle_0435.npy,"(1024, 3)",False,False,PASS
datasets/lineB_downsampled_x4_up/strict_N/pu_net/test/bowl/bowl_0065.npy,"(1024, 3)",False,False,PASS
datasets/lineB_downsampled_x4_up/strict_N/pu_net/test/bowl/bowl_0066.npy,"(1024, 3)",False,False,PASS
datasets/lineB_downsampled_x4_up/strict_N/pu_net/test/bowl/bowl_0067.npy,"(1024, 3)",False,False,PASS
datasets/lineB_downsampled_x4_up/strict_N/pu_net/test/bowl/bowl_0068.npy,"(1024, 3)",False,False,PASS
datasets/lineB_downsampled_x4_up/strict_N/pu_net/test/bowl/bowl_0069.npy,"(1024, 3)",False,False,PASS
datasets/lineB_downsampled_x4_up/strict_N/pu_net/test/bowl/bowl_0070.npy,"(1024, 3)",False,False,PASS
datasets/lineB_downsampled_x4_up/strict_N/pu_net/test/bowl/bowl_0071.npy,"(1024, 3)",False,False,PASS
datasets/lineB_downsampled_x4_up/strict_N/pu_net/test/bowl/bowl_0072.npy,"(1024, 3)",False,False,PASS
datasets/lineB_downsampled_x4_up/strict_N/pu_net/test/bowl/bowl_0073.npy,"(1024, 3)",False,False,PASS
datasets/lineB_downsampled_x4_up/strict_N/pu_net/test/bowl/bowl_0074.npy,"(1024, 3)",False,False,PASS
datasets/lineB_downsampled_x4_up/strict_N/pu_net/test/bowl/bowl_0075.npy,"(1024, 3)",False,False,PASS
datasets/lineB_downsampled_x4_up/strict_N/pu_net/test/bowl/bowl_0076.npy,"(1024, 3)",False,False,PASS
datasets/lineB_downsampled_x4_up/strict_N/pu_net/test/bowl/bowl_0077.npy,"(1024, 3)",False,False,PASS
datasets/lineB_downsampled_x4_up/strict_N/pu_net/test/bowl/bowl_0078.npy,"(1024, 3)",False,False,PASS
datasets/lineB_downsampled_x4_up/strict_N/pu_net/test/bowl/bowl_0079.npy,"(1024, 3)",False,False,PASS
datasets/lineB_downsampled_x4_up/strict_N/pu_net/test/bowl/bowl_0080.npy,"(1024, 3)",False,False,PASS
datasets/lineB_downsampled_x4_up/strict_N/pu_net/test/bowl/bowl_0081.npy,"(1024, 3)",False,False,PASS
datasets/lineB_downsampled_x4_up/strict_N/pu_net/test/bowl/bowl_0082.npy,"(1024, 3)",False,False,PASS
datasets/lineB_downsampled_x4_up/strict_N/pu_net/test/bowl/bowl_0083.npy,"(1024, 3)",False,False,PASS
datasets/lineB_downsampled_x4_up/strict_N/pu_net/test/bowl/bowl_0084.npy,"(1024, 3)",False,False,PASS
datasets/lineB_downsampled_x4_up/strict_N/pu_net/test/car/car_0198.npy,"(1024, 3)",False,False,PASS
datasets/lineB_downsampled_x4_up/strict_N/pu_net/test/car/car_0199.npy,"(1024, 3)",False,False,PASS
datasets/lineB_downsampled_x4_up/strict_N/pu_net/test/car/car_0200.npy,"(1024, 3)",False,False,PASS
datasets/lineB_downsampled_x4_up/strict_N/pu_net/test/car/car_0201.npy,"(1024, 3)",False,False,PASS
datasets/lineB_downsampled_x4_up/strict_N/pu_net/test/car/car_0202.npy,"(1024, 3)",False,False,PASS
datasets/lineB_downsampled_x4_up/strict_N/pu_net/test/car/car_0203.npy,"(1024, 3)",False,False,PASS
datasets/lineB_downsampled_x4_up/strict_N/pu_net/test/car/car_0204.npy,"(1024, 3)",False,False,PASS
datasets/lineB_downsampled_x4_up/strict_N/pu_net/test/car/car_0205.npy,"(1024, 3)",False,False,PASS
datasets/lineB_downsampled_x4_up/strict_N/pu_net/test/car/car_0206.npy,"(1024, 3)",False,False,PASS
datasets/lineB_downsampled_x4_up/strict_N/pu_net/test/car/car_0207.npy,"(1024, 3)",False,False,PASS
datasets/lineB_downsampled_x4_up/strict_N/pu_net/test/car/car_0208.npy,"(1024, 3)",False,False,PASS
datasets/lineB_downsampled_x4_up/strict_N/pu_net/test/car/car_0209.npy,"(1024, 3)",False,False,PASS
datasets/lineB_downsampled_x4_up/strict_N/pu_net/test/car/car_0210.npy,"(1024, 3)",False,False,PASS
datasets/lineB_downsampled_x4_up/strict_N/pu_net/test/car/car_0211.npy,"(1024, 3)",False,False,PASS
datasets/lineB_downsampled_x4_up/strict_N/pu_net/test/car/car_0212.npy,"(1024, 3)",False,False,PASS
datasets/lineB_downsampled_x4_up/strict_N/pu_net/test/car/car_0213.npy,"(1024, 3)",False,False,PASS
datasets/lineB_downsampled_x4_up/strict_N/pu_net/test/car/car_0214.npy,"(1024, 3)",False,False,PASS
datasets/lineB_downsampled_x4_up/strict_N/pu_net/test/car/car_0215.npy,"(1024, 3)",False,False,PASS
datasets/lineB_downsampled_x4_up/strict_N/pu_net/test/car/car_0216.npy,"(1024, 3)",False,False,PASS
datasets/lineB_downsampled_x4_up/strict_N/pu_net/test/car/car_0217.npy,"(1024, 3)",False,False,PASS
datasets/lineB_downsampled_x4_up/strict_N/pu_net/test/car/car_0218.npy,"(1024, 3)",False,False,PASS
datasets/lineB_downsampled_x4_up/strict_N/pu_net/test/car/car_0219.npy,"(1024, 3)",False,False,PASS
datasets/lineB_downsampled_x4_up/strict_N/pu_net/test/car/car_0220.npy,"(1024, 3)",False,False,PASS
datasets/lineB_downsampled_x4_up/strict_N/pu_net/test/car/car_0221.npy,"(1024, 3)",False,False,PASS
datasets/lineB_downsampled_x4_up/strict_N/pu_net/test/car/car_0222.npy,"(1024, 3)",False,False,PASS
datasets/lineB_downsampled_x4_up/strict_N/pu_net/test/car/car_0223.npy,"(1024, 3)",False,False,PASS
datasets/lineB_downsampled_x4_up/strict_N/pu_net/test/car/car_0224.npy,"(1024, 3)",False,False,PASS
datasets/lineB_downsampled_x4_up/strict_N/pu_net/test/car/car_0225.npy,"(1024, 3)",False,False,PASS
datasets/lineB_downsampled_x4_up/strict_N/pu_net/test/car/car_0226.npy,"(1024, 3)",False,False,PASS
datasets/lineB_downsampled_x4_up/strict_N/pu_net/test/car/car_0227.npy,"(1024, 3)",False,False,PASS
datasets/lineB_downsampled_x4_up/strict_N/pu_net/test/car/car_0228.npy,"(1024, 3)",False,False,PASS
datasets/lineB_downsampled_x4_up/strict_N/pu_net/test/car/car_0229.npy,"(1024, 3)",False,False,PASS
datasets/lineB_downsampled_x4_up/strict_N/pu_net/test/car/car_0230.npy,"(1024, 3)",False,False,PASS
datasets/lineB_downsampled_x4_up/strict_N/pu_net/test/car/car_0231.npy,"(1024, 3)",False,False,PASS
datasets/lineB_downsampled_x4_up/strict_N/pu_net/test/car/car_0232.npy,"(1024, 3)",False,False,PASS
datasets/lineB_downsampled_x4_up/strict_N/pu_net/test/car/car_0233.npy,"(1024, 3)",False,False,PASS
datasets/lineB_downsampled_x4_up/strict_N/pu_net/test/car/car_0234.npy,"(1024, 3)",False,False,PASS
datasets/lineB_downsampled_x4_up/strict_N/pu_net/test/car/car_0235.npy,"(1024, 3)",False,False,PASS
datasets/lineB_downsampled_x4_up/strict_N/pu_net/test/car/car_0236.npy,"(1024, 3)",False,False,PASS
datasets/lineB_downsampled_x4_up/strict_N/pu_net/test/car/car_0237.npy,"(1024, 3)",False,False,PASS
datasets/lineB_downsampled_x4_up/strict_N/pu_net/test/car/car_0238.npy,"(1024, 3)",False,False,PASS
datasets/lineB_downsampled_x4_up/strict_N/pu_net/test/car/car_0239.npy,"(1024, 3)",False,False,PASS
datasets/lineB_downsampled_x4_up/strict_N/pu_net/test/car/car_0240.npy,"(1024, 3)",False,False,PASS
datasets/lineB_downsampled_x4_up/strict_N/pu_net/test/car/car_0241.npy,"(1024, 3)",False,False,PASS
datasets/lineB_downsampled_x4_up/strict_N/pu_net/test/car/car_0242.npy,"(1024, 3)",False,False,PASS
datasets/lineB_downsampled_x4_up/strict_N/pu_net/test/car/car_0243.npy,"(1024, 3)",False,False,PASS
datasets/lineB_downsampled_x4_up/strict_N/pu_net/test/car/car_0244.npy,"(1024, 3)",False,False,PASS
datasets/lineB_downsampled_x4_up/strict_N/pu_net/test/car/car_0245.npy,"(1024, 3)",False,False,PASS
datasets/lineB_downsampled_x4_up/strict_N/pu_net/test/car/car_0246.npy,"(1024, 3)",False,False,PASS
datasets/lineB_downsampled_x4_up/strict_N/pu_net/test/car/car_0247.npy,"(1024, 3)",False,False,PASS
datasets/lineB_downsampled_x4_up/strict_N/pu_net/test/car/car_0248.npy,"(1024, 3)",False,False,PASS
datasets/lineB_downsampled_x4_up/strict_N/pu_net/test/car/car_0249.npy,"(1024, 3)",False,False,PASS
datasets/lineB_downsampled_x4_up/strict_N/pu_net/test/car/car_0250.npy,"(1024, 3)",False,False,PASS
datasets/lineB_downsampled_x4_up/strict_N/pu_net/test/car/car_0251.npy,"(1024, 3)",False,False,PASS
datasets/lineB_downsampled_x4_up/strict_N/pu_net/test/car/car_0252.npy,"(1024, 3)",False,False,PASS
datasets/lineB_downsampled_x4_up/strict_N/pu_net/test/car/car_0253.npy,"(1024, 3)",False,False,PASS
datasets/lineB_downsampled_x4_up/strict_N/pu_net/test/car/car_0254.npy,"(1024, 3)",False,False,PASS
datasets/lineB_downsampled_x4_up/strict_N/pu_net/test/car/car_0255.npy,"(1024, 3)",False,False,PASS
datasets/lineB_downsampled_x4_up/strict_N/pu_net/test/car/car_0256.npy,"(1024, 3)",False,False,PASS
datasets/lineB_downsampled_x4_up/strict_N/pu_net/test/car/car_0257.npy,"(1024, 3)",False,False,PASS
datasets/lineB_downsampled_x4_up/strict_N/pu_net/test/car/car_0258.npy,"(1024, 3)",False,False,PASS
datasets/lineB_downsampled_x4_up/strict_N/pu_net/test/car/car_0259.npy,"(1024, 3)",False,False,PASS
datasets/lineB_downsampled_x4_up/strict_N/pu_net/test/car/car_0260.npy,"(1024, 3)",False,False,PASS
datasets/lineB_downsampled_x4_up/strict_N/pu_net/test/car/car_0261.npy,"(1024, 3)",False,False,PASS
datasets/lineB_downsampled_x4_up/strict_N/pu_net/test/car/car_0262.npy,"(1024, 3)",False,False,PASS
datasets/lineB_downsampled_x4_up/strict_N/pu_net/test/car/car_0263.npy,"(1024, 3)",False,False,PASS
datasets/lineB_downsampled_x4_up/strict_N/pu_net/test/car/car_0264.npy,"(1024, 3)",False,False,PASS
datasets/lineB_downsampled_x4_up/strict_N/pu_net/test/car/car_0265.npy,"(1024, 3)",False,False,PASS
datasets/lineB_downsampled_x4_up/strict_N/pu_net/test/car/car_0266.npy,"(1024, 3)",False,False,PASS
datasets/lineB_downsampled_x4_up/strict_N/pu_net/test/car/car_0267.npy,"(1024, 3)",False,False,PASS
datasets/lineB_downsampled_x4_up/strict_N/pu_net/test/car/car_0268.npy,"(1024, 3)",False,False,PASS
datasets/lineB_downsampled_x4_up/strict_N/pu_net/test/car/car_0269.npy,"(1024, 3)",False,False,PASS
datasets/lineB_downsampled_x4_up/strict_N/pu_net/test/car/car_0270.npy,"(1024, 3)",False,False,PASS
datasets/lineB_downsampled_x4_up/strict_N/pu_net/test/car/car_0271.npy,"(1024, 3)",False,False,PASS
datasets/lineB_downsampled_x4_up/strict_N/pu_net/test/car/car_0272.npy,"(1024, 3)",False,False,PASS
datasets/lineB_downsampled_x4_up/strict_N/pu_net/test/car/car_0273.npy,"(1024, 3)",False,False,PASS
datasets/lineB_downsampled_x4_up/strict_N/pu_net/test/car/car_0274.npy,"(1024, 3)",False,False,PASS
datasets/lineB_downsampled_x4_up/strict_N/pu_net/test/car/car_0275.npy,"(1024, 3)",False,False,PASS
datasets/lineB_downsampled_x4_up/strict_N/pu_net/test/car/car_0276.npy,"(1024, 3)",False,False,PASS
datasets/lineB_downsampled_x4_up/strict_N/pu_net/test/car/car_0277.npy,"(1024, 3)",False,False,PASS
datasets/lineB_downsampled_x4_up/strict_N/pu_net/test/car/car_0278.npy,"(1024, 3)",False,False,PASS
datasets/lineB_downsampled_x4_up/strict_N/pu_net/test/car/car_0279.npy,"(1024, 3)",False,False,PASS
datasets/lineB_downsampled_x4_up/strict_N/pu_net/test/car/car_0280.npy,"(1024, 3)",False,False,PASS
datasets/lineB_downsampled_x4_up/strict_N/pu_net/test/car/car_0281.npy,"(1024, 3)",False,False,PASS
datasets/lineB_downsampled_x4_up/strict_N/pu_net/test/car/car_0282.npy,"(1024, 3)",False,False,PASS
datasets/lineB_downsampled_x4_up/strict_N/pu_net/test/car/car_0283.npy,"(1024, 3)",False,False,PASS
datasets/lineB_downsampled_x4_up/strict_N/pu_net/test/car/car_0284.npy,"(1024, 3)",False,False,PASS
datasets/lineB_downsampled_x4_up/strict_N/pu_net/test/car/car_0285.npy,"(1024, 3)",False,False,PASS
datasets/lineB_downsampled_x4_up/strict_N/pu_net/test/car/car_0286.npy,"(1024, 3)",False,False,PASS
datasets/lineB_downsampled_x4_up/strict_N/pu_net/test/car/car_0287.npy,"(1024, 3)",False,False,PASS
datasets/lineB_downsampled_x4_up/strict_N/pu_net/test/car/car_0288.npy,"(1024, 3)",False,False,PASS
datasets/lineB_downsampled_x4_up/strict_N/pu_net/test/car/car_0289.npy,"(1024, 3)",False,False,PASS
datasets/lineB_downsampled_x4_up/strict_N/pu_net/test/car/car_0290.npy,"(1024, 3)",False,False,PASS
datasets/lineB_downsampled_x4_up/strict_N/pu_net/test/car/car_0291.npy,"(1024, 3)",False,False,PASS
datasets/lineB_downsampled_x4_up/strict_N/pu_net/test/car/car_0292.npy,"(1024, 3)",False,False,PASS
datasets/lineB_downsampled_x4_up/strict_N/pu_net/test/car/car_0293.npy,"(1024, 3)",False,False,PASS
datasets/lineB_downsampled_x4_up/strict_N/pu_net/test/car/car_0294.npy,"(1024, 3)",False,False,PASS
datasets/lineB_downsampled_x4_up/strict_N/pu_net/test/car/car_0295.npy,"(1024, 3)",False,False,PASS
datasets/lineB_downsampled_x4_up/strict_N/pu_net/test/car/car_0296.npy,"(1024, 3)",False,False,PASS
datasets/lineB_downsampled_x4_up/strict_N/pu_net/test/car/car_0297.npy,"(1024, 3)",False,False,PASS
datasets/lineB_downsampled_x4_up/strict_N/pu_net/test/chair/chair_0890.npy,"(1024, 3)",False,False,PASS
datasets/lineB_downsampled_x4_up/strict_N/pu_net/test/chair/chair_0891.npy,"(1024, 3)",False,False,PASS
datasets/lineB_downsampled_x4_up/strict_N/pu_net/test/chair/chair_0892.npy,"(1024, 3)",False,False,PASS
datasets/lineB_downsampled_x4_up/strict_N/pu_net/test/chair/chair_0893.npy,"(1024, 3)",False,False,PASS
datasets/lineB_downsampled_x4_up/strict_N/pu_net/test/chair/chair_0894.npy,"(1024, 3)",False,False,PASS
datasets/lineB_downsampled_x4_up/strict_N/pu_net/test/chair/chair_0895.npy,"(1024, 3)",False,False,PASS
datasets/lineB_downsampled_x4_up/strict_N/pu_net/test/chair/chair_0896.npy,"(1024, 3)",False,False,PASS
datasets/lineB_downsampled_x4_up/strict_N/pu_net/test/chair/chair_0897.npy,"(1024, 3)",False,False,PASS
datasets/lineB_downsampled_x4_up/strict_N/pu_net/test/chair/chair_0898.npy,"(1024, 3)",False,False,PASS
datasets/lineB_downsampled_x4_up/strict_N/pu_net/test/chair/chair_0899.npy,"(1024, 3)",False,False,PASS
datasets/lineB_downsampled_x4_up/strict_N/pu_net/test/chair/chair_0900.npy,"(1024, 3)",False,False,PASS
datasets/lineB_downsampled_x4_up/strict_N/pu_net/test/chair/chair_0901.npy,"(1024, 3)",False,False,PASS
datasets/lineB_downsampled_x4_up/strict_N/pu_net/test/chair/chair_0902.npy,"(1024, 3)",False,False,PASS
datasets/lineB_downsampled_x4_up/strict_N/pu_net/test/chair/chair_0903.npy,"(1024, 3)",False,False,PASS
datasets/lineB_downsampled_x4_up/strict_N/pu_net/test/chair/chair_0904.npy,"(1024, 3)",False,False,PASS
datasets/lineB_downsampled_x4_up/strict_N/pu_net/test/chair/chair_0905.npy,"(1024, 3)",False,False,PASS
datasets/lineB_downsampled_x4_up/strict_N/pu_net/test/chair/chair_0906.npy,"(1024, 3)",False,False,PASS
datasets/lineB_downsampled_x4_up/strict_N/pu_net/test/chair/chair_0907.npy,"(1024, 3)",False,False,PASS
datasets/lineB_downsampled_x4_up/strict_N/pu_net/test/chair/chair_0908.npy,"(1024, 3)",False,False,PASS
datasets/lineB_downsampled_x4_up/strict_N/pu_net/test/chair/chair_0909.npy,"(1024, 3)",False,False,PASS
datasets/lineB_downsampled_x4_up/strict_N/pu_net/test/chair/chair_0910.npy,"(1024, 3)",False,False,PASS
datasets/lineB_downsampled_x4_up/strict_N/pu_net/test/chair/chair_0911.npy,"(1024, 3)",False,False,PASS
datasets/lineB_downsampled_x4_up/strict_N/pu_net/test/chair/chair_0912.npy,"(1024, 3)",False,False,PASS
datasets/lineB_downsampled_x4_up/strict_N/pu_net/test/chair/chair_0913.npy,"(1024, 3)",False,False,PASS
datasets/lineB_downsampled_x4_up/strict_N/pu_net/test/chair/chair_0914.npy,"(1024, 3)",False,False,PASS
datasets/lineB_downsampled_x4_up/strict_N/pu_net/test/chair/chair_0915.npy,"(1024, 3)",False,False,PASS
datasets/lineB_downsampled_x4_up/strict_N/pu_net/test/chair/chair_0916.npy,"(1024, 3)",False,False,PASS
datasets/lineB_downsampled_x4_up/strict_N/pu_net/test/chair/chair_0917.npy,"(1024, 3)",False,False,PASS
datasets/lineB_downsampled_x4_up/strict_N/pu_net/test/chair/chair_0918.npy,"(1024, 3)",False,False,PASS
datasets/lineB_downsampled_x4_up/strict_N/pu_net/test/chair/chair_0919.npy,"(1024, 3)",False,False,PASS
datasets/lineB_downsampled_x4_up/strict_N/pu_net/test/chair/chair_0920.npy,"(1024, 3)",False,False,PASS
datasets/lineB_downsampled_x4_up/strict_N/pu_net/test/chair/chair_0921.npy,"(1024, 3)",False,False,PASS
datasets/lineB_downsampled_x4_up/strict_N/pu_net/test/chair/chair_0922.npy,"(1024, 3)",False,False,PASS
datasets/lineB_downsampled_x4_up/strict_N/pu_net/test/chair/chair_0923.npy,"(1024, 3)",False,False,PASS
datasets/lineB_downsampled_x4_up/strict_N/pu_net/test/chair/chair_0924.npy,"(1024, 3)",False,False,PASS
datasets/lineB_downsampled_x4_up/strict_N/pu_net/test/chair/chair_0925.npy,"(1024, 3)",False,False,PASS
datasets/lineB_downsampled_x4_up/strict_N/pu_net/test/chair/chair_0926.npy,"(1024, 3)",False,False,PASS
datasets/lineB_downsampled_x4_up/strict_N/pu_net/test/chair/chair_0927.npy,"(1024, 3)",False,False,PASS
datasets/lineB_downsampled_x4_up/strict_N/pu_net/test/chair/chair_0928.npy,"(1024, 3)",False,False,PASS
datasets/lineB_downsampled_x4_up/strict_N/pu_net/test/chair/chair_0929.npy,"(1024, 3)",False,False,PASS
datasets/lineB_downsampled_x4_up/strict_N/pu_net/test/chair/chair_0930.npy,"(1024, 3)",False,False,PASS
datasets/lineB_downsampled_x4_up/strict_N/pu_net/test/chair/chair_0931.npy,"(1024, 3)",False,False,PASS
datasets/lineB_downsampled_x4_up/strict_N/pu_net/test/chair/chair_0932.npy,"(1024, 3)",False,False,PASS
datasets/lineB_downsampled_x4_up/strict_N/pu_net/test/chair/chair_0933.npy,"(1024, 3)",False,False,PASS
datasets/lineB_downsampled_x4_up/strict_N/pu_net/test/chair/chair_0934.npy,"(1024, 3)",False,False,PASS
datasets/lineB_downsampled_x4_up/strict_N/pu_net/test/chair/chair_0935.npy,"(1024, 3)",False,False,PASS
datasets/lineB_downsampled_x4_up/strict_N/pu_net/test/chair/chair_0936.npy,"(1024, 3)",False,False,PASS
datasets/lineB_downsampled_x4_up/strict_N/pu_net/test/chair/chair_0937.npy,"(1024, 3)",False,False,PASS
datasets/lineB_downsampled_x4_up/strict_N/pu_net/test/chair/chair_0938.npy,"(1024, 3)",False,False,PASS
datasets/lineB_downsampled_x4_up/strict_N/pu_net/test/chair/chair_0939.npy,"(1024, 3)",False,False,PASS
datasets/lineB_downsampled_x4_up/strict_N/pu_net/test/chair/chair_0940.npy,"(1024, 3)",False,False,PASS
datasets/lineB_downsampled_x4_up/strict_N/pu_net/test/chair/chair_0941.npy,"(1024, 3)",False,False,PASS
datasets/lineB_downsampled_x4_up/strict_N/pu_net/test/chair/chair_0942.npy,"(1024, 3)",False,False,PASS
datasets/lineB_downsampled_x4_up/strict_N/pu_net/test/chair/chair_0943.npy,"(1024, 3)",False,False,PASS
datasets/lineB_downsampled_x4_up/strict_N/pu_net/test/chair/chair_0944.npy,"(1024, 3)",False,False,PASS
datasets/lineB_downsampled_x4_up/strict_N/pu_net/test/chair/chair_0945.npy,"(1024, 3)",False,False,PASS
datasets/lineB_downsampled_x4_up/strict_N/pu_net/test/chair/chair_0946.npy,"(1024, 3)",False,False,PASS
datasets/lineB_downsampled_x4_up/strict_N/pu_net/test/chair/chair_0947.npy,"(1024, 3)",False,False,PASS
datasets/lineB_downsampled_x4_up/strict_N/pu_net/test/chair/chair_0948.npy,"(1024, 3)",False,False,PASS
datasets/lineB_downsampled_x4_up/strict_N/pu_net/test/chair/chair_0949.npy,"(1024, 3)",False,False,PASS
datasets/lineB_downsampled_x4_up/strict_N/pu_net/test/chair/chair_0950.npy,"(1024, 3)",False,False,PASS
datasets/lineB_downsampled_x4_up/strict_N/pu_net/test/chair/chair_0951.npy,"(1024, 3)",False,False,PASS
datasets/lineB_downsampled_x4_up/strict_N/pu_net/test/chair/chair_0952.npy,"(1024, 3)",False,False,PASS
datasets/lineB_downsampled_x4_up/strict_N/pu_net/test/chair/chair_0953.npy,"(1024, 3)",False,False,PASS
datasets/lineB_downsampled_x4_up/strict_N/pu_net/test/chair/chair_0954.npy,"(1024, 3)",False,False,PASS
datasets/lineB_downsampled_x4_up/strict_N/pu_net/test/chair/chair_0955.npy,"(1024, 3)",False,False,PASS
datasets/lineB_downsampled_x4_up/strict_N/pu_net/test/chair/chair_0956.npy,"(1024, 3)",False,False,PASS
datasets/lineB_downsampled_x4_up/strict_N/pu_net/test/chair/chair_0957.npy,"(1024, 3)",False,False,PASS
datasets/lineB_downsampled_x4_up/strict_N/pu_net/test/chair/chair_0958.npy,"(1024, 3)",False,False,PASS
datasets/lineB_downsampled_x4_up/strict_N/pu_net/test/chair/chair_0959.npy,"(1024, 3)",False,False,PASS
datasets/lineB_downsampled_x4_up/strict_N/pu_net/test/chair/chair_0960.npy,"(1024, 3)",False,False,PASS
datasets/lineB_downsampled_x4_up/strict_N/pu_net/test/chair/chair_0961.npy,"(1024, 3)",False,False,PASS
datasets/lineB_downsampled_x4_up/strict_N/pu_net/test/chair/chair_0962.npy,"(1024, 3)",False,False,PASS
datasets/lineB_downsampled_x4_up/strict_N/pu_net/test/chair/chair_0963.npy,"(1024, 3)",False,False,PASS
datasets/lineB_downsampled_x4_up/strict_N/pu_net/test/chair/chair_0964.npy,"(1024, 3)",False,False,PASS
datasets/lineB_downsampled_x4_up/strict_N/pu_net/test/chair/chair_0965.npy,"(1024, 3)",False,False,PASS
datasets/lineB_downsampled_x4_up/strict_N/pu_net/test/chair/chair_0966.npy,"(1024, 3)",False,False,PASS
datasets/lineB_downsampled_x4_up/strict_N/pu_net/test/chair/chair_0967.npy,"(1024, 3)",False,False,PASS
datasets/lineB_downsampled_x4_up/strict_N/pu_net/test/chair/chair_0968.npy,"(1024, 3)",False,False,PASS
datasets/lineB_downsampled_x4_up/strict_N/pu_net/test/chair/chair_0969.npy,"(1024, 3)",False,False,PASS
datasets/lineB_downsampled_x4_up/strict_N/pu_net/test/chair/chair_0970.npy,"(1024, 3)",False,False,PASS
datasets/lineB_downsampled_x4_up/strict_N/pu_net/test/chair/chair_0971.npy,"(1024, 3)",False,False,PASS
datasets/lineB_downsampled_x4_up/strict_N/pu_net/test/chair/chair_0972.npy,"(1024, 3)",False,False,PASS
datasets/lineB_downsampled_x4_up/strict_N/pu_net/test/chair/chair_0973.npy,"(1024, 3)",False,False,PASS
datasets/lineB_downsampled_x4_up/strict_N/pu_net/test/chair/chair_0974.npy,"(1024, 3)",False,False,PASS
datasets/lineB_downsampled_x4_up/strict_N/pu_net/test/chair/chair_0975.npy,"(1024, 3)",False,False,PASS
datasets/lineB_downsampled_x4_up/strict_N/pu_net/test/chair/chair_0976.npy,"(1024, 3)",False,False,PASS
datasets/lineB_downsampled_x4_up/strict_N/pu_net/test/chair/chair_0977.npy,"(1024, 3)",False,False,PASS
datasets/lineB_downsampled_x4_up/strict_N/pu_net/test/chair/chair_0978.npy,"(1024, 3)",False,False,PASS
datasets/lineB_downsampled_x4_up/strict_N/pu_net/test/chair/chair_0979.npy,"(1024, 3)",False,False,PASS
datasets/lineB_downsampled_x4_up/strict_N/pu_net/test/chair/chair_0980.npy,"(1024, 3)",False,False,PASS
datasets/lineB_downsampled_x4_up/strict_N/pu_net/test/chair/chair_0981.npy,"(1024, 3)",False,False,PASS
datasets/lineB_downsampled_x4_up/strict_N/pu_net/test/chair/chair_0982.npy,"(1024, 3)",False,False,PASS
datasets/lineB_downsampled_x4_up/strict_N/pu_net/test/chair/chair_0983.npy,"(1024, 3)",False,False,PASS
datasets/lineB_downsampled_x4_up/strict_N/pu_net/test/chair/chair_0984.npy,"(1024, 3)",False,False,PASS
datasets/lineB_downsampled_x4_up/strict_N/pu_net/test/chair/chair_0985.npy,"(1024, 3)",False,False,PASS
datasets/lineB_downsampled_x4_up/strict_N/pu_net/test/chair/chair_0986.npy,"(1024, 3)",False,False,PASS
datasets/lineB_downsampled_x4_up/strict_N/pu_net/test/chair/chair_0987.npy,"(1024, 3)",False,False,PASS
datasets/lineB_downsampled_x4_up/strict_N/pu_net/test/chair/chair_0988.npy,"(1024, 3)",False,False,PASS
datasets/lineB_downsampled_x4_up/strict_N/pu_net/test/chair/chair_0989.npy,"(1024, 3)",False,False,PASS
datasets/lineB_downsampled_x4_up/strict_N/pu_net/test/cone/cone_0168.npy,"(1024, 3)",False,False,PASS
datasets/lineB_downsampled_x4_up/strict_N/pu_net/test/cone/cone_0169.npy,"(1024, 3)",False,False,PASS
datasets/lineB_downsampled_x4_up/strict_N/pu_net/test/cone/cone_0170.npy,"(1024, 3)",False,False,PASS
datasets/lineB_downsampled_x4_up/strict_N/pu_net/test/cone/cone_0171.npy,"(1024, 3)",False,False,PASS
datasets/lineB_downsampled_x4_up/strict_N/pu_net/test/cone/cone_0172.npy,"(1024, 3)",False,False,PASS
datasets/lineB_downsampled_x4_up/strict_N/pu_net/test/cone/cone_0173.npy,"(1024, 3)",False,False,PASS
datasets/lineB_downsampled_x4_up/strict_N/pu_net/test/cone/cone_0174.npy,"(1024, 3)",False,False,PASS
datasets/lineB_downsampled_x4_up/strict_N/pu_net/test/cone/cone_0175.npy,"(1024, 3)",False,False,PASS
datasets/lineB_downsampled_x4_up/strict_N/pu_net/test/cone/cone_0176.npy,"(1024, 3)",False,False,PASS
datasets/lineB_downsampled_x4_up/strict_N/pu_net/test/cone/cone_0177.npy,"(1024, 3)",False,False,PASS
datasets/lineB_downsampled_x4_up/strict_N/pu_net/test/cone/cone_0178.npy,"(1024, 3)",False,False,PASS
datasets/lineB_downsampled_x4_up/strict_N/pu_net/test/cone/cone_0179.npy,"(1024, 3)",False,False,PASS
datasets/lineB_downsampled_x4_up/strict_N/pu_net/test/cone/cone_0180.npy,"(1024, 3)",False,False,PASS
datasets/lineB_downsampled_x4_up/strict_N/pu_net/test/cone/cone_0181.npy,"(1024, 3)",False,False,PASS
datasets/lineB_downsampled_x4_up/strict_N/pu_net/test/cone/cone_0182.npy,"(1024, 3)",False,False,PASS
datasets/lineB_downsampled_x4_up/strict_N/pu_net/test/cone/cone_0183.npy,"(1024, 3)",False,False,PASS
datasets/lineB_downsampled_x4_up/strict_N/pu_net/test/cone/cone_0184.npy,"(1024, 3)",False,False,PASS
datasets/lineB_downsampled_x4_up/strict_N/pu_net/test/cone/cone_0185.npy,"(1024, 3)",False,False,PASS
datasets/lineB_downsampled_x4_up/strict_N/pu_net/test/cone/cone_0186.npy,"(1024, 3)",False,False,PASS
datasets/lineB_downsampled_x4_up/strict_N/pu_net/test/cone/cone_0187.npy,"(1024, 3)",False,False,PASS
datasets/lineB_downsampled_x4_up/strict_N/pu_net/test/cup/cup_0080.npy,"(1024, 3)",False,False,PASS
datasets/lineB_downsampled_x4_up/strict_N/pu_net/test/cup/cup_0081.npy,"(1024, 3)",False,False,PASS
datasets/lineB_downsampled_x4_up/strict_N/pu_net/test/cup/cup_0082.npy,"(1024, 3)",False,False,PASS
datasets/lineB_downsampled_x4_up/strict_N/pu_net/test/cup/cup_0083.npy,"(1024, 3)",False,False,PASS
datasets/lineB_downsampled_x4_up/strict_N/pu_net/test/cup/cup_0084.npy,"(1024, 3)",False,False,PASS
datasets/lineB_downsampled_x4_up/strict_N/pu_net/test/cup/cup_0085.npy,"(1024, 3)",False,False,PASS
datasets/lineB_downsampled_x4_up/strict_N/pu_net/test/cup/cup_0086.npy,"(1024, 3)",False,False,PASS
datasets/lineB_downsampled_x4_up/strict_N/pu_net/test/cup/cup_0087.npy,"(1024, 3)",False,False,PASS
datasets/lineB_downsampled_x4_up/strict_N/pu_net/test/cup/cup_0088.npy,"(1024, 3)",False,False,PASS
datasets/lineB_downsampled_x4_up/strict_N/pu_net/test/cup/cup_0089.npy,"(1024, 3)",False,False,PASS
datasets/lineB_downsampled_x4_up/strict_N/pu_net/test/cup/cup_0090.npy,"(1024, 3)",False,False,PASS
datasets/lineB_downsampled_x4_up/strict_N/pu_net/test/cup/cup_0091.npy,"(1024, 3)",False,False,PASS
datasets/lineB_downsampled_x4_up/strict_N/pu_net/test/cup/cup_0092.npy,"(1024, 3)",False,False,PASS
datasets/lineB_downsampled_x4_up/strict_N/pu_net/test/cup/cup_0093.npy,"(1024, 3)",False,False,PASS
datasets/lineB_downsampled_x4_up/strict_N/pu_net/test/cup/cup_0094.npy,"(1024, 3)",False,False,PASS
datasets/lineB_downsampled_x4_up/strict_N/pu_net/test/cup/cup_0095.npy,"(1024, 3)",False,False,PASS
datasets/lineB_downsampled_x4_up/strict_N/pu_net/test/cup/cup_0096.npy,"(1024, 3)",False,False,PASS
datasets/lineB_downsampled_x4_up/strict_N/pu_net/test/cup/cup_0097.npy,"(1024, 3)",False,False,PASS
datasets/lineB_downsampled_x4_up/strict_N/pu_net/test/cup/cup_0098.npy,"(1024, 3)",False,False,PASS
datasets/lineB_downsampled_x4_up/strict_N/pu_net/test/cup/cup_0099.npy,"(1024, 3)",False,False,PASS
datasets/lineB_downsampled_x4_up/strict_N/pu_net/test/curtain/curtain_0139.npy,"(1024, 3)",False,False,PASS
datasets/lineB_downsampled_x4_up/strict_N/pu_net/test/curtain/curtain_0140.npy,"(1024, 3)",False,False,PASS
datasets/lineB_downsampled_x4_up/strict_N/pu_net/test/curtain/curtain_0141.npy,"(1024, 3)",False,False,PASS
datasets/lineB_downsampled_x4_up/strict_N/pu_net/test/curtain/curtain_0142.npy,"(1024, 3)",False,False,PASS
datasets/lineB_downsampled_x4_up/strict_N/pu_net/test/curtain/curtain_0143.npy,"(1024, 3)",False,False,PASS
datasets/lineB_downsampled_x4_up/strict_N/pu_net/test/curtain/curtain_0144.npy,"(1024, 3)",False,False,PASS
datasets/lineB_downsampled_x4_up/strict_N/pu_net/test/curtain/curtain_0145.npy,"(1024, 3)",False,False,PASS
datasets/lineB_downsampled_x4_up/strict_N/pu_net/test/curtain/curtain_0146.npy,"(1024, 3)",False,False,PASS
datasets/lineB_downsampled_x4_up/strict_N/pu_net/test/curtain/curtain_0147.npy,"(1024, 3)",False,False,PASS
datasets/lineB_downsampled_x4_up/strict_N/pu_net/test/curtain/curtain_0148.npy,"(1024, 3)",False,False,PASS
datasets/lineB_downsampled_x4_up/strict_N/pu_net/test/curtain/curtain_0149.npy,"(1024, 3)",False,False,PASS
datasets/lineB_downsampled_x4_up/strict_N/pu_net/test/curtain/curtain_0150.npy,"(1024, 3)",False,False,PASS
datasets/lineB_downsampled_x4_up/strict_N/pu_net/test/curtain/curtain_0151.npy,"(1024, 3)",False,False,PASS
datasets/lineB_downsampled_x4_up/strict_N/pu_net/test/curtain/curtain_0152.npy,"(1024, 3)",False,False,PASS
datasets/lineB_downsampled_x4_up/strict_N/pu_net/test/curtain/curtain_0153.npy,"(1024, 3)",False,False,PASS
datasets/lineB_downsampled_x4_up/strict_N/pu_net/test/curtain/curtain_0154.npy,"(1024, 3)",False,False,PASS
datasets/lineB_downsampled_x4_up/strict_N/pu_net/test/curtain/curtain_0155.npy,"(1024, 3)",False,False,PASS
datasets/lineB_downsampled_x4_up/strict_N/pu_net/test/curtain/curtain_0156.npy,"(1024, 3)",False,False,PASS
datasets/lineB_downsampled_x4_up/strict_N/pu_net/test/curtain/curtain_0157.npy,"(1024, 3)",False,False,PASS
datasets/lineB_downsampled_x4_up/strict_N/pu_net/test/curtain/curtain_0158.npy,"(1024, 3)",False,False,PASS
datasets/lineB_downsampled_x4_up/strict_N/pu_net/test/desk/desk_0201.npy,"(1024, 3)",False,False,PASS
datasets/lineB_downsampled_x4_up/strict_N/pu_net/test/desk/desk_0202.npy,"(1024, 3)",False,False,PASS
datasets/lineB_downsampled_x4_up/strict_N/pu_net/test/desk/desk_0203.npy,"(1024, 3)",False,False,PASS
datasets/lineB_downsampled_x4_up/strict_N/pu_net/test/desk/desk_0204.npy,"(1024, 3)",False,False,PASS
datasets/lineB_downsampled_x4_up/strict_N/pu_net/test/desk/desk_0205.npy,"(1024, 3)",False,False,PASS
datasets/lineB_downsampled_x4_up/strict_N/pu_net/test/desk/desk_0206.npy,"(1024, 3)",False,False,PASS
datasets/lineB_downsampled_x4_up/strict_N/pu_net/test/desk/desk_0207.npy,"(1024, 3)",False,False,PASS
datasets/lineB_downsampled_x4_up/strict_N/pu_net/test/desk/desk_0208.npy,"(1024, 3)",False,False,PASS
datasets/lineB_downsampled_x4_up/strict_N/pu_net/test/desk/desk_0209.npy,"(1024, 3)",False,False,PASS
datasets/lineB_downsampled_x4_up/strict_N/pu_net/test/desk/desk_0210.npy,"(1024, 3)",False,False,PASS
datasets/lineB_downsampled_x4_up/strict_N/pu_net/test/desk/desk_0211.npy,"(1024, 3)",False,False,PASS
datasets/lineB_downsampled_x4_up/strict_N/pu_net/test/desk/desk_0212.npy,"(1024, 3)",False,False,PASS
datasets/lineB_downsampled_x4_up/strict_N/pu_net/test/desk/desk_0213.npy,"(1024, 3)",False,False,PASS
datasets/lineB_downsampled_x4_up/strict_N/pu_net/test/desk/desk_0214.npy,"(1024, 3)",False,False,PASS
datasets/lineB_downsampled_x4_up/strict_N/pu_net/test/desk/desk_0215.npy,"(1024, 3)",False,False,PASS
datasets/lineB_downsampled_x4_up/strict_N/pu_net/test/desk/desk_0216.npy,"(1024, 3)",False,False,PASS
datasets/lineB_downsampled_x4_up/strict_N/pu_net/test/desk/desk_0217.npy,"(1024, 3)",False,False,PASS
datasets/lineB_downsampled_x4_up/strict_N/pu_net/test/desk/desk_0218.npy,"(1024, 3)",False,False,PASS
datasets/lineB_downsampled_x4_up/strict_N/pu_net/test/desk/desk_0219.npy,"(1024, 3)",False,False,PASS
datasets/lineB_downsampled_x4_up/strict_N/pu_net/test/desk/desk_0220.npy,"(1024, 3)",False,False,PASS
datasets/lineB_downsampled_x4_up/strict_N/pu_net/test/desk/desk_0221.npy,"(1024, 3)",False,False,PASS
datasets/lineB_downsampled_x4_up/strict_N/pu_net/test/desk/desk_0222.npy,"(1024, 3)",False,False,PASS
datasets/lineB_downsampled_x4_up/strict_N/pu_net/test/desk/desk_0223.npy,"(1024, 3)",False,False,PASS
datasets/lineB_downsampled_x4_up/strict_N/pu_net/test/desk/desk_0224.npy,"(1024, 3)",False,False,PASS
datasets/lineB_downsampled_x4_up/strict_N/pu_net/test/desk/desk_0225.npy,"(1024, 3)",False,False,PASS
datasets/lineB_downsampled_x4_up/strict_N/pu_net/test/desk/desk_0226.npy,"(1024, 3)",False,False,PASS
datasets/lineB_downsampled_x4_up/strict_N/pu_net/test/desk/desk_0227.npy,"(1024, 3)",False,False,PASS
datasets/lineB_downsampled_x4_up/strict_N/pu_net/test/desk/desk_0228.npy,"(1024, 3)",False,False,PASS
datasets/lineB_downsampled_x4_up/strict_N/pu_net/test/desk/desk_0229.npy,"(1024, 3)",False,False,PASS
datasets/lineB_downsampled_x4_up/strict_N/pu_net/test/desk/desk_0230.npy,"(1024, 3)",False,False,PASS
datasets/lineB_downsampled_x4_up/strict_N/pu_net/test/desk/desk_0231.npy,"(1024, 3)",False,False,PASS
datasets/lineB_downsampled_x4_up/strict_N/pu_net/test/desk/desk_0232.npy,"(1024, 3)",False,False,PASS
datasets/lineB_downsampled_x4_up/strict_N/pu_net/test/desk/desk_0233.npy,"(1024, 3)",False,False,PASS
datasets/lineB_downsampled_x4_up/strict_N/pu_net/test/desk/desk_0234.npy,"(1024, 3)",False,False,PASS
datasets/lineB_downsampled_x4_up/strict_N/pu_net/test/desk/desk_0235.npy,"(1024, 3)",False,False,PASS
datasets/lineB_downsampled_x4_up/strict_N/pu_net/test/desk/desk_0236.npy,"(1024, 3)",False,False,PASS
datasets/lineB_downsampled_x4_up/strict_N/pu_net/test/desk/desk_0237.npy,"(1024, 3)",False,False,PASS
datasets/lineB_downsampled_x4_up/strict_N/pu_net/test/desk/desk_0238.npy,"(1024, 3)",False,False,PASS
datasets/lineB_downsampled_x4_up/strict_N/pu_net/test/desk/desk_0239.npy,"(1024, 3)",False,False,PASS
datasets/lineB_downsampled_x4_up/strict_N/pu_net/test/desk/desk_0240.npy,"(1024, 3)",False,False,PASS
datasets/lineB_downsampled_x4_up/strict_N/pu_net/test/desk/desk_0241.npy,"(1024, 3)",False,False,PASS
datasets/lineB_downsampled_x4_up/strict_N/pu_net/test/desk/desk_0242.npy,"(1024, 3)",False,False,PASS
datasets/lineB_downsampled_x4_up/strict_N/pu_net/test/desk/desk_0243.npy,"(1024, 3)",False,False,PASS
datasets/lineB_downsampled_x4_up/strict_N/pu_net/test/desk/desk_0244.npy,"(1024, 3)",False,False,PASS
datasets/lineB_downsampled_x4_up/strict_N/pu_net/test/desk/desk_0245.npy,"(1024, 3)",False,False,PASS
datasets/lineB_downsampled_x4_up/strict_N/pu_net/test/desk/desk_0246.npy,"(1024, 3)",False,False,PASS
datasets/lineB_downsampled_x4_up/strict_N/pu_net/test/desk/desk_0247.npy,"(1024, 3)",False,False,PASS
datasets/lineB_downsampled_x4_up/strict_N/pu_net/test/desk/desk_0248.npy,"(1024, 3)",False,False,PASS
datasets/lineB_downsampled_x4_up/strict_N/pu_net/test/desk/desk_0249.npy,"(1024, 3)",False,False,PASS
datasets/lineB_downsampled_x4_up/strict_N/pu_net/test/desk/desk_0250.npy,"(1024, 3)",False,False,PASS
datasets/lineB_downsampled_x4_up/strict_N/pu_net/test/desk/desk_0251.npy,"(1024, 3)",False,False,PASS
datasets/lineB_downsampled_x4_up/strict_N/pu_net/test/desk/desk_0252.npy,"(1024, 3)",False,False,PASS
datasets/lineB_downsampled_x4_up/strict_N/pu_net/test/desk/desk_0253.npy,"(1024, 3)",False,False,PASS
datasets/lineB_downsampled_x4_up/strict_N/pu_net/test/desk/desk_0254.npy,"(1024, 3)",False,False,PASS
datasets/lineB_downsampled_x4_up/strict_N/pu_net/test/desk/desk_0255.npy,"(1024, 3)",False,False,PASS
datasets/lineB_downsampled_x4_up/strict_N/pu_net/test/desk/desk_0256.npy,"(1024, 3)",False,False,PASS
datasets/lineB_downsampled_x4_up/strict_N/pu_net/test/desk/desk_0257.npy,"(1024, 3)",False,False,PASS
datasets/lineB_downsampled_x4_up/strict_N/pu_net/test/desk/desk_0258.npy,"(1024, 3)",False,False,PASS
datasets/lineB_downsampled_x4_up/strict_N/pu_net/test/desk/desk_0259.npy,"(1024, 3)",False,False,PASS
datasets/lineB_downsampled_x4_up/strict_N/pu_net/test/desk/desk_0260.npy,"(1024, 3)",False,False,PASS
datasets/lineB_downsampled_x4_up/strict_N/pu_net/test/desk/desk_0261.npy,"(1024, 3)",False,False,PASS
datasets/lineB_downsampled_x4_up/strict_N/pu_net/test/desk/desk_0262.npy,"(1024, 3)",False,False,PASS
datasets/lineB_downsampled_x4_up/strict_N/pu_net/test/desk/desk_0263.npy,"(1024, 3)",False,False,PASS
datasets/lineB_downsampled_x4_up/strict_N/pu_net/test/desk/desk_0264.npy,"(1024, 3)",False,False,PASS
datasets/lineB_downsampled_x4_up/strict_N/pu_net/test/desk/desk_0265.npy,"(1024, 3)",False,False,PASS
datasets/lineB_downsampled_x4_up/strict_N/pu_net/test/desk/desk_0266.npy,"(1024, 3)",False,False,PASS
datasets/lineB_downsampled_x4_up/strict_N/pu_net/test/desk/desk_0267.npy,"(1024, 3)",False,False,PASS
datasets/lineB_downsampled_x4_up/strict_N/pu_net/test/desk/desk_0268.npy,"(1024, 3)",False,False,PASS
datasets/lineB_downsampled_x4_up/strict_N/pu_net/test/desk/desk_0269.npy,"(1024, 3)",False,False,PASS
datasets/lineB_downsampled_x4_up/strict_N/pu_net/test/desk/desk_0270.npy,"(1024, 3)",False,False,PASS
datasets/lineB_downsampled_x4_up/strict_N/pu_net/test/desk/desk_0271.npy,"(1024, 3)",False,False,PASS
datasets/lineB_downsampled_x4_up/strict_N/pu_net/test/desk/desk_0272.npy,"(1024, 3)",False,False,PASS
datasets/lineB_downsampled_x4_up/strict_N/pu_net/test/desk/desk_0273.npy,"(1024, 3)",False,False,PASS
datasets/lineB_downsampled_x4_up/strict_N/pu_net/test/desk/desk_0274.npy,"(1024, 3)",False,False,PASS
datasets/lineB_downsampled_x4_up/strict_N/pu_net/test/desk/desk_0275.npy,"(1024, 3)",False,False,PASS
datasets/lineB_downsampled_x4_up/strict_N/pu_net/test/desk/desk_0276.npy,"(1024, 3)",False,False,PASS
datasets/lineB_downsampled_x4_up/strict_N/pu_net/test/desk/desk_0277.npy,"(1024, 3)",False,False,PASS
datasets/lineB_downsampled_x4_up/strict_N/pu_net/test/desk/desk_0278.npy,"(1024, 3)",False,False,PASS
datasets/lineB_downsampled_x4_up/strict_N/pu_net/test/desk/desk_0279.npy,"(1024, 3)",False,False,PASS
datasets/lineB_downsampled_x4_up/strict_N/pu_net/test/desk/desk_0280.npy,"(1024, 3)",False,False,PASS
datasets/lineB_downsampled_x4_up/strict_N/pu_net/test/desk/desk_0281.npy,"(1024, 3)",False,False,PASS
datasets/lineB_downsampled_x4_up/strict_N/pu_net/test/desk/desk_0282.npy,"(1024, 3)",False,False,PASS
datasets/lineB_downsampled_x4_up/strict_N/pu_net/test/desk/desk_0283.npy,"(1024, 3)",False,False,PASS
datasets/lineB_downsampled_x4_up/strict_N/pu_net/test/desk/desk_0284.npy,"(1024, 3)",False,False,PASS
datasets/lineB_downsampled_x4_up/strict_N/pu_net/test/desk/desk_0285.npy,"(1024, 3)",False,False,PASS
datasets/lineB_downsampled_x4_up/strict_N/pu_net/test/desk/desk_0286.npy,"(1024, 3)",False,False,PASS
datasets/lineB_downsampled_x4_up/strict_N/pu_net/test/door/door_0110.npy,"(1024, 3)",False,False,PASS
datasets/lineB_downsampled_x4_up/strict_N/pu_net/test/door/door_0111.npy,"(1024, 3)",False,False,PASS
datasets/lineB_downsampled_x4_up/strict_N/pu_net/test/door/door_0112.npy,"(1024, 3)",False,False,PASS
datasets/lineB_downsampled_x4_up/strict_N/pu_net/test/door/door_0113.npy,"(1024, 3)",False,False,PASS
datasets/lineB_downsampled_x4_up/strict_N/pu_net/test/door/door_0114.npy,"(1024, 3)",False,False,PASS
datasets/lineB_downsampled_x4_up/strict_N/pu_net/test/door/door_0115.npy,"(1024, 3)",False,False,PASS
datasets/lineB_downsampled_x4_up/strict_N/pu_net/test/door/door_0116.npy,"(1024, 3)",False,False,PASS
datasets/lineB_downsampled_x4_up/strict_N/pu_net/test/door/door_0117.npy,"(1024, 3)",False,False,PASS
datasets/lineB_downsampled_x4_up/strict_N/pu_net/test/door/door_0118.npy,"(1024, 3)",False,False,PASS
datasets/lineB_downsampled_x4_up/strict_N/pu_net/test/door/door_0119.npy,"(1024, 3)",False,False,PASS
datasets/lineB_downsampled_x4_up/strict_N/pu_net/test/door/door_0120.npy,"(1024, 3)",False,False,PASS
datasets/lineB_downsampled_x4_up/strict_N/pu_net/test/door/door_0121.npy,"(1024, 3)",False,False,PASS
datasets/lineB_downsampled_x4_up/strict_N/pu_net/test/door/door_0122.npy,"(1024, 3)",False,False,PASS
datasets/lineB_downsampled_x4_up/strict_N/pu_net/test/door/door_0123.npy,"(1024, 3)",False,False,PASS
datasets/lineB_downsampled_x4_up/strict_N/pu_net/test/door/door_0124.npy,"(1024, 3)",False,False,PASS
datasets/lineB_downsampled_x4_up/strict_N/pu_net/test/door/door_0125.npy,"(1024, 3)",False,False,PASS
datasets/lineB_downsampled_x4_up/strict_N/pu_net/test/door/door_0126.npy,"(1024, 3)",False,False,PASS
datasets/lineB_downsampled_x4_up/strict_N/pu_net/test/door/door_0127.npy,"(1024, 3)",False,False,PASS
datasets/lineB_downsampled_x4_up/strict_N/pu_net/test/door/door_0128.npy,"(1024, 3)",False,False,PASS
datasets/lineB_downsampled_x4_up/strict_N/pu_net/test/door/door_0129.npy,"(1024, 3)",False,False,PASS
datasets/lineB_downsampled_x4_up/strict_N/pu_net/test/dresser/dresser_0201.npy,"(1024, 3)",False,False,PASS
datasets/lineB_downsampled_x4_up/strict_N/pu_net/test/dresser/dresser_0202.npy,"(1024, 3)",False,False,PASS
datasets/lineB_downsampled_x4_up/strict_N/pu_net/test/dresser/dresser_0203.npy,"(1024, 3)",False,False,PASS
datasets/lineB_downsampled_x4_up/strict_N/pu_net/test/dresser/dresser_0204.npy,"(1024, 3)",False,False,PASS
datasets/lineB_downsampled_x4_up/strict_N/pu_net/test/dresser/dresser_0205.npy,"(1024, 3)",False,False,PASS
datasets/lineB_downsampled_x4_up/strict_N/pu_net/test/dresser/dresser_0206.npy,"(1024, 3)",False,False,PASS
datasets/lineB_downsampled_x4_up/strict_N/pu_net/test/dresser/dresser_0207.npy,"(1024, 3)",False,False,PASS
datasets/lineB_downsampled_x4_up/strict_N/pu_net/test/dresser/dresser_0208.npy,"(1024, 3)",False,False,PASS
datasets/lineB_downsampled_x4_up/strict_N/pu_net/test/dresser/dresser_0209.npy,"(1024, 3)",False,False,PASS
datasets/lineB_downsampled_x4_up/strict_N/pu_net/test/dresser/dresser_0210.npy,"(1024, 3)",False,False,PASS
datasets/lineB_downsampled_x4_up/strict_N/pu_net/test/dresser/dresser_0211.npy,"(1024, 3)",False,False,PASS
datasets/lineB_downsampled_x4_up/strict_N/pu_net/test/dresser/dresser_0212.npy,"(1024, 3)",False,False,PASS
datasets/lineB_downsampled_x4_up/strict_N/pu_net/test/dresser/dresser_0213.npy,"(1024, 3)",False,False,PASS
datasets/lineB_downsampled_x4_up/strict_N/pu_net/test/dresser/dresser_0214.npy,"(1024, 3)",False,False,PASS
datasets/lineB_downsampled_x4_up/strict_N/pu_net/test/dresser/dresser_0215.npy,"(1024, 3)",False,False,PASS
datasets/lineB_downsampled_x4_up/strict_N/pu_net/test/dresser/dresser_0216.npy,"(1024, 3)",False,False,PASS
datasets/lineB_downsampled_x4_up/strict_N/pu_net/test/dresser/dresser_0217.npy,"(1024, 3)",False,False,PASS
datasets/lineB_downsampled_x4_up/strict_N/pu_net/test/dresser/dresser_0218.npy,"(1024, 3)",False,False,PASS
datasets/lineB_downsampled_x4_up/strict_N/pu_net/test/dresser/dresser_0219.npy,"(1024, 3)",False,False,PASS
datasets/lineB_downsampled_x4_up/strict_N/pu_net/test/dresser/dresser_0220.npy,"(1024, 3)",False,False,PASS
datasets/lineB_downsampled_x4_up/strict_N/pu_net/test/dresser/dresser_0221.npy,"(1024, 3)",False,False,PASS
datasets/lineB_downsampled_x4_up/strict_N/pu_net/test/dresser/dresser_0222.npy,"(1024, 3)",False,False,PASS
datasets/lineB_downsampled_x4_up/strict_N/pu_net/test/dresser/dresser_0223.npy,"(1024, 3)",False,False,PASS
datasets/lineB_downsampled_x4_up/strict_N/pu_net/test/dresser/dresser_0224.npy,"(1024, 3)",False,False,PASS
datasets/lineB_downsampled_x4_up/strict_N/pu_net/test/dresser/dresser_0225.npy,"(1024, 3)",False,False,PASS
datasets/lineB_downsampled_x4_up/strict_N/pu_net/test/dresser/dresser_0226.npy,"(1024, 3)",False,False,PASS
datasets/lineB_downsampled_x4_up/strict_N/pu_net/test/dresser/dresser_0227.npy,"(1024, 3)",False,False,PASS
datasets/lineB_downsampled_x4_up/strict_N/pu_net/test/dresser/dresser_0228.npy,"(1024, 3)",False,False,PASS
datasets/lineB_downsampled_x4_up/strict_N/pu_net/test/dresser/dresser_0229.npy,"(1024, 3)",False,False,PASS
datasets/lineB_downsampled_x4_up/strict_N/pu_net/test/dresser/dresser_0230.npy,"(1024, 3)",False,False,PASS
datasets/lineB_downsampled_x4_up/strict_N/pu_net/test/dresser/dresser_0231.npy,"(1024, 3)",False,False,PASS
datasets/lineB_downsampled_x4_up/strict_N/pu_net/test/dresser/dresser_0232.npy,"(1024, 3)",False,False,PASS
datasets/lineB_downsampled_x4_up/strict_N/pu_net/test/dresser/dresser_0233.npy,"(1024, 3)",False,False,PASS
datasets/lineB_downsampled_x4_up/strict_N/pu_net/test/dresser/dresser_0234.npy,"(1024, 3)",False,False,PASS
datasets/lineB_downsampled_x4_up/strict_N/pu_net/test/dresser/dresser_0235.npy,"(1024, 3)",False,False,PASS
datasets/lineB_downsampled_x4_up/strict_N/pu_net/test/dresser/dresser_0236.npy,"(1024, 3)",False,False,PASS
datasets/lineB_downsampled_x4_up/strict_N/pu_net/test/dresser/dresser_0237.npy,"(1024, 3)",False,False,PASS
datasets/lineB_downsampled_x4_up/strict_N/pu_net/test/dresser/dresser_0238.npy,"(1024, 3)",False,False,PASS
datasets/lineB_downsampled_x4_up/strict_N/pu_net/test/dresser/dresser_0239.npy,"(1024, 3)",False,False,PASS
datasets/lineB_downsampled_x4_up/strict_N/pu_net/test/dresser/dresser_0240.npy,"(1024, 3)",False,False,PASS
datasets/lineB_downsampled_x4_up/strict_N/pu_net/test/dresser/dresser_0241.npy,"(1024, 3)",False,False,PASS
datasets/lineB_downsampled_x4_up/strict_N/pu_net/test/dresser/dresser_0242.npy,"(1024, 3)",False,False,PASS
datasets/lineB_downsampled_x4_up/strict_N/pu_net/test/dresser/dresser_0243.npy,"(1024, 3)",False,False,PASS
datasets/lineB_downsampled_x4_up/strict_N/pu_net/test/dresser/dresser_0244.npy,"(1024, 3)",False,False,PASS
datasets/lineB_downsampled_x4_up/strict_N/pu_net/test/dresser/dresser_0245.npy,"(1024, 3)",False,False,PASS
datasets/lineB_downsampled_x4_up/strict_N/pu_net/test/dresser/dresser_0246.npy,"(1024, 3)",False,False,PASS
datasets/lineB_downsampled_x4_up/strict_N/pu_net/test/dresser/dresser_0247.npy,"(1024, 3)",False,False,PASS
datasets/lineB_downsampled_x4_up/strict_N/pu_net/test/dresser/dresser_0248.npy,"(1024, 3)",False,False,PASS
datasets/lineB_downsampled_x4_up/strict_N/pu_net/test/dresser/dresser_0249.npy,"(1024, 3)",False,False,PASS
datasets/lineB_downsampled_x4_up/strict_N/pu_net/test/dresser/dresser_0250.npy,"(1024, 3)",False,False,PASS
datasets/lineB_downsampled_x4_up/strict_N/pu_net/test/dresser/dresser_0251.npy,"(1024, 3)",False,False,PASS
datasets/lineB_downsampled_x4_up/strict_N/pu_net/test/dresser/dresser_0252.npy,"(1024, 3)",False,False,PASS
datasets/lineB_downsampled_x4_up/strict_N/pu_net/test/dresser/dresser_0253.npy,"(1024, 3)",False,False,PASS
datasets/lineB_downsampled_x4_up/strict_N/pu_net/test/dresser/dresser_0254.npy,"(1024, 3)",False,False,PASS
datasets/lineB_downsampled_x4_up/strict_N/pu_net/test/dresser/dresser_0255.npy,"(1024, 3)",False,False,PASS
datasets/lineB_downsampled_x4_up/strict_N/pu_net/test/dresser/dresser_0256.npy,"(1024, 3)",False,False,PASS
datasets/lineB_downsampled_x4_up/strict_N/pu_net/test/dresser/dresser_0257.npy,"(1024, 3)",False,False,PASS
datasets/lineB_downsampled_x4_up/strict_N/pu_net/test/dresser/dresser_0258.npy,"(1024, 3)",False,False,PASS
datasets/lineB_downsampled_x4_up/strict_N/pu_net/test/dresser/dresser_0259.npy,"(1024, 3)",False,False,PASS
datasets/lineB_downsampled_x4_up/strict_N/pu_net/test/dresser/dresser_0260.npy,"(1024, 3)",False,False,PASS
datasets/lineB_downsampled_x4_up/strict_N/pu_net/test/dresser/dresser_0261.npy,"(1024, 3)",False,False,PASS
datasets/lineB_downsampled_x4_up/strict_N/pu_net/test/dresser/dresser_0262.npy,"(1024, 3)",False,False,PASS
datasets/lineB_downsampled_x4_up/strict_N/pu_net/test/dresser/dresser_0263.npy,"(1024, 3)",False,False,PASS
datasets/lineB_downsampled_x4_up/strict_N/pu_net/test/dresser/dresser_0264.npy,"(1024, 3)",False,False,PASS
datasets/lineB_downsampled_x4_up/strict_N/pu_net/test/dresser/dresser_0265.npy,"(1024, 3)",False,False,PASS
datasets/lineB_downsampled_x4_up/strict_N/pu_net/test/dresser/dresser_0266.npy,"(1024, 3)",False,False,PASS
datasets/lineB_downsampled_x4_up/strict_N/pu_net/test/dresser/dresser_0267.npy,"(1024, 3)",False,False,PASS
datasets/lineB_downsampled_x4_up/strict_N/pu_net/test/dresser/dresser_0268.npy,"(1024, 3)",False,False,PASS
datasets/lineB_downsampled_x4_up/strict_N/pu_net/test/dresser/dresser_0269.npy,"(1024, 3)",False,False,PASS
datasets/lineB_downsampled_x4_up/strict_N/pu_net/test/dresser/dresser_0270.npy,"(1024, 3)",False,False,PASS
datasets/lineB_downsampled_x4_up/strict_N/pu_net/test/dresser/dresser_0271.npy,"(1024, 3)",False,False,PASS
datasets/lineB_downsampled_x4_up/strict_N/pu_net/test/dresser/dresser_0272.npy,"(1024, 3)",False,False,PASS
datasets/lineB_downsampled_x4_up/strict_N/pu_net/test/dresser/dresser_0273.npy,"(1024, 3)",False,False,PASS
datasets/lineB_downsampled_x4_up/strict_N/pu_net/test/dresser/dresser_0274.npy,"(1024, 3)",False,False,PASS
datasets/lineB_downsampled_x4_up/strict_N/pu_net/test/dresser/dresser_0275.npy,"(1024, 3)",False,False,PASS
datasets/lineB_downsampled_x4_up/strict_N/pu_net/test/dresser/dresser_0276.npy,"(1024, 3)",False,False,PASS
datasets/lineB_downsampled_x4_up/strict_N/pu_net/test/dresser/dresser_0277.npy,"(1024, 3)",False,False,PASS
datasets/lineB_downsampled_x4_up/strict_N/pu_net/test/dresser/dresser_0278.npy,"(1024, 3)",False,False,PASS
datasets/lineB_downsampled_x4_up/strict_N/pu_net/test/dresser/dresser_0279.npy,"(1024, 3)",False,False,PASS
datasets/lineB_downsampled_x4_up/strict_N/pu_net/test/dresser/dresser_0280.npy,"(1024, 3)",False,False,PASS
datasets/lineB_downsampled_x4_up/strict_N/pu_net/test/dresser/dresser_0281.npy,"(1024, 3)",False,False,PASS
datasets/lineB_downsampled_x4_up/strict_N/pu_net/test/dresser/dresser_0282.npy,"(1024, 3)",False,False,PASS
datasets/lineB_downsampled_x4_up/strict_N/pu_net/test/dresser/dresser_0283.npy,"(1024, 3)",False,False,PASS
datasets/lineB_downsampled_x4_up/strict_N/pu_net/test/dresser/dresser_0284.npy,"(1024, 3)",False,False,PASS
datasets/lineB_downsampled_x4_up/strict_N/pu_net/test/dresser/dresser_0285.npy,"(1024, 3)",False,False,PASS
datasets/lineB_downsampled_x4_up/strict_N/pu_net/test/dresser/dresser_0286.npy,"(1024, 3)",False,False,PASS
datasets/lineB_downsampled_x4_up/strict_N/pu_net/test/flower_pot/flower_pot_0150.npy,"(1024, 3)",False,False,PASS
datasets/lineB_downsampled_x4_up/strict_N/pu_net/test/flower_pot/flower_pot_0151.npy,"(1024, 3)",False,False,PASS
datasets/lineB_downsampled_x4_up/strict_N/pu_net/test/flower_pot/flower_pot_0152.npy,"(1024, 3)",False,False,PASS
datasets/lineB_downsampled_x4_up/strict_N/pu_net/test/flower_pot/flower_pot_0153.npy,"(1024, 3)",False,False,PASS
datasets/lineB_downsampled_x4_up/strict_N/pu_net/test/flower_pot/flower_pot_0154.npy,"(1024, 3)",False,False,PASS
datasets/lineB_downsampled_x4_up/strict_N/pu_net/test/flower_pot/flower_pot_0155.npy,"(1024, 3)",False,False,PASS
datasets/lineB_downsampled_x4_up/strict_N/pu_net/test/flower_pot/flower_pot_0156.npy,"(1024, 3)",False,False,PASS
datasets/lineB_downsampled_x4_up/strict_N/pu_net/test/flower_pot/flower_pot_0157.npy,"(1024, 3)",False,False,PASS
datasets/lineB_downsampled_x4_up/strict_N/pu_net/test/flower_pot/flower_pot_0158.npy,"(1024, 3)",False,False,PASS
datasets/lineB_downsampled_x4_up/strict_N/pu_net/test/flower_pot/flower_pot_0159.npy,"(1024, 3)",False,False,PASS
datasets/lineB_downsampled_x4_up/strict_N/pu_net/test/flower_pot/flower_pot_0160.npy,"(1024, 3)",False,False,PASS
datasets/lineB_downsampled_x4_up/strict_N/pu_net/test/flower_pot/flower_pot_0161.npy,"(1024, 3)",False,False,PASS
datasets/lineB_downsampled_x4_up/strict_N/pu_net/test/flower_pot/flower_pot_0162.npy,"(1024, 3)",False,False,PASS
datasets/lineB_downsampled_x4_up/strict_N/pu_net/test/flower_pot/flower_pot_0163.npy,"(1024, 3)",False,False,PASS
datasets/lineB_downsampled_x4_up/strict_N/pu_net/test/flower_pot/flower_pot_0164.npy,"(1024, 3)",False,False,PASS
datasets/lineB_downsampled_x4_up/strict_N/pu_net/test/flower_pot/flower_pot_0165.npy,"(1024, 3)",False,False,PASS
datasets/lineB_downsampled_x4_up/strict_N/pu_net/test/flower_pot/flower_pot_0166.npy,"(1024, 3)",False,False,PASS
datasets/lineB_downsampled_x4_up/strict_N/pu_net/test/flower_pot/flower_pot_0167.npy,"(1024, 3)",False,False,PASS
datasets/lineB_downsampled_x4_up/strict_N/pu_net/test/flower_pot/flower_pot_0168.npy,"(1024, 3)",False,False,PASS
datasets/lineB_downsampled_x4_up/strict_N/pu_net/test/flower_pot/flower_pot_0169.npy,"(1024, 3)",False,False,PASS
datasets/lineB_downsampled_x4_up/strict_N/pu_net/test/glass_box/glass_box_0172.npy,"(1024, 3)",False,False,PASS
datasets/lineB_downsampled_x4_up/strict_N/pu_net/test/glass_box/glass_box_0173.npy,"(1024, 3)",False,False,PASS
datasets/lineB_downsampled_x4_up/strict_N/pu_net/test/glass_box/glass_box_0174.npy,"(1024, 3)",False,False,PASS
datasets/lineB_downsampled_x4_up/strict_N/pu_net/test/glass_box/glass_box_0175.npy,"(1024, 3)",False,False,PASS
datasets/lineB_downsampled_x4_up/strict_N/pu_net/test/glass_box/glass_box_0176.npy,"(1024, 3)",False,False,PASS
datasets/lineB_downsampled_x4_up/strict_N/pu_net/test/glass_box/glass_box_0177.npy,"(1024, 3)",False,False,PASS
datasets/lineB_downsampled_x4_up/strict_N/pu_net/test/glass_box/glass_box_0178.npy,"(1024, 3)",False,False,PASS
datasets/lineB_downsampled_x4_up/strict_N/pu_net/test/glass_box/glass_box_0179.npy,"(1024, 3)",False,False,PASS
datasets/lineB_downsampled_x4_up/strict_N/pu_net/test/glass_box/glass_box_0180.npy,"(1024, 3)",False,False,PASS
datasets/lineB_downsampled_x4_up/strict_N/pu_net/test/glass_box/glass_box_0181.npy,"(1024, 3)",False,False,PASS
datasets/lineB_downsampled_x4_up/strict_N/pu_net/test/glass_box/glass_box_0182.npy,"(1024, 3)",False,False,PASS
datasets/lineB_downsampled_x4_up/strict_N/pu_net/test/glass_box/glass_box_0183.npy,"(1024, 3)",False,False,PASS
datasets/lineB_downsampled_x4_up/strict_N/pu_net/test/glass_box/glass_box_0184.npy,"(1024, 3)",False,False,PASS
datasets/lineB_downsampled_x4_up/strict_N/pu_net/test/glass_box/glass_box_0185.npy,"(1024, 3)",False,False,PASS
datasets/lineB_downsampled_x4_up/strict_N/pu_net/test/glass_box/glass_box_0186.npy,"(1024, 3)",False,False,PASS
datasets/lineB_downsampled_x4_up/strict_N/pu_net/test/glass_box/glass_box_0187.npy,"(1024, 3)",False,False,PASS
datasets/lineB_downsampled_x4_up/strict_N/pu_net/test/glass_box/glass_box_0188.npy,"(1024, 3)",False,False,PASS
datasets/lineB_downsampled_x4_up/strict_N/pu_net/test/glass_box/glass_box_0189.npy,"(1024, 3)",False,False,PASS
datasets/lineB_downsampled_x4_up/strict_N/pu_net/test/glass_box/glass_box_0190.npy,"(1024, 3)",False,False,PASS
datasets/lineB_downsampled_x4_up/strict_N/pu_net/test/glass_box/glass_box_0191.npy,"(1024, 3)",False,False,PASS
datasets/lineB_downsampled_x4_up/strict_N/pu_net/test/glass_box/glass_box_0192.npy,"(1024, 3)",False,False,PASS
datasets/lineB_downsampled_x4_up/strict_N/pu_net/test/glass_box/glass_box_0193.npy,"(1024, 3)",False,False,PASS
datasets/lineB_downsampled_x4_up/strict_N/pu_net/test/glass_box/glass_box_0194.npy,"(1024, 3)",False,False,PASS
datasets/lineB_downsampled_x4_up/strict_N/pu_net/test/glass_box/glass_box_0195.npy,"(1024, 3)",False,False,PASS
datasets/lineB_downsampled_x4_up/strict_N/pu_net/test/glass_box/glass_box_0196.npy,"(1024, 3)",False,False,PASS
datasets/lineB_downsampled_x4_up/strict_N/pu_net/test/glass_box/glass_box_0197.npy,"(1024, 3)",False,False,PASS
datasets/lineB_downsampled_x4_up/strict_N/pu_net/test/glass_box/glass_box_0198.npy,"(1024, 3)",False,False,PASS
datasets/lineB_downsampled_x4_up/strict_N/pu_net/test/glass_box/glass_box_0199.npy,"(1024, 3)",False,False,PASS
datasets/lineB_downsampled_x4_up/strict_N/pu_net/test/glass_box/glass_box_0200.npy,"(1024, 3)",False,False,PASS
datasets/lineB_downsampled_x4_up/strict_N/pu_net/test/glass_box/glass_box_0201.npy,"(1024, 3)",False,False,PASS
datasets/lineB_downsampled_x4_up/strict_N/pu_net/test/glass_box/glass_box_0202.npy,"(1024, 3)",False,False,PASS
datasets/lineB_downsampled_x4_up/strict_N/pu_net/test/glass_box/glass_box_0203.npy,"(1024, 3)",False,False,PASS
datasets/lineB_downsampled_x4_up/strict_N/pu_net/test/glass_box/glass_box_0204.npy,"(1024, 3)",False,False,PASS
datasets/lineB_downsampled_x4_up/strict_N/pu_net/test/glass_box/glass_box_0205.npy,"(1024, 3)",False,False,PASS
datasets/lineB_downsampled_x4_up/strict_N/pu_net/test/glass_box/glass_box_0206.npy,"(1024, 3)",False,False,PASS
datasets/lineB_downsampled_x4_up/strict_N/pu_net/test/glass_box/glass_box_0207.npy,"(1024, 3)",False,False,PASS
datasets/lineB_downsampled_x4_up/strict_N/pu_net/test/glass_box/glass_box_0208.npy,"(1024, 3)",False,False,PASS
datasets/lineB_downsampled_x4_up/strict_N/pu_net/test/glass_box/glass_box_0209.npy,"(1024, 3)",False,False,PASS
datasets/lineB_downsampled_x4_up/strict_N/pu_net/test/glass_box/glass_box_0210.npy,"(1024, 3)",False,False,PASS
datasets/lineB_downsampled_x4_up/strict_N/pu_net/test/glass_box/glass_box_0211.npy,"(1024, 3)",False,False,PASS
datasets/lineB_downsampled_x4_up/strict_N/pu_net/test/glass_box/glass_box_0212.npy,"(1024, 3)",False,False,PASS
datasets/lineB_downsampled_x4_up/strict_N/pu_net/test/glass_box/glass_box_0213.npy,"(1024, 3)",False,False,PASS
datasets/lineB_downsampled_x4_up/strict_N/pu_net/test/glass_box/glass_box_0214.npy,"(1024, 3)",False,False,PASS
datasets/lineB_downsampled_x4_up/strict_N/pu_net/test/glass_box/glass_box_0215.npy,"(1024, 3)",False,False,PASS
datasets/lineB_downsampled_x4_up/strict_N/pu_net/test/glass_box/glass_box_0216.npy,"(1024, 3)",False,False,PASS
datasets/lineB_downsampled_x4_up/strict_N/pu_net/test/glass_box/glass_box_0217.npy,"(1024, 3)",False,False,PASS
datasets/lineB_downsampled_x4_up/strict_N/pu_net/test/glass_box/glass_box_0218.npy,"(1024, 3)",False,False,PASS
datasets/lineB_downsampled_x4_up/strict_N/pu_net/test/glass_box/glass_box_0219.npy,"(1024, 3)",False,False,PASS
datasets/lineB_downsampled_x4_up/strict_N/pu_net/test/glass_box/glass_box_0220.npy,"(1024, 3)",False,False,PASS
datasets/lineB_downsampled_x4_up/strict_N/pu_net/test/glass_box/glass_box_0221.npy,"(1024, 3)",False,False,PASS
datasets/lineB_downsampled_x4_up/strict_N/pu_net/test/glass_box/glass_box_0222.npy,"(1024, 3)",False,False,PASS
datasets/lineB_downsampled_x4_up/strict_N/pu_net/test/glass_box/glass_box_0223.npy,"(1024, 3)",False,False,PASS
datasets/lineB_downsampled_x4_up/strict_N/pu_net/test/glass_box/glass_box_0224.npy,"(1024, 3)",False,False,PASS
datasets/lineB_downsampled_x4_up/strict_N/pu_net/test/glass_box/glass_box_0225.npy,"(1024, 3)",False,False,PASS
datasets/lineB_downsampled_x4_up/strict_N/pu_net/test/glass_box/glass_box_0226.npy,"(1024, 3)",False,False,PASS
datasets/lineB_downsampled_x4_up/strict_N/pu_net/test/glass_box/glass_box_0227.npy,"(1024, 3)",False,False,PASS
datasets/lineB_downsampled_x4_up/strict_N/pu_net/test/glass_box/glass_box_0228.npy,"(1024, 3)",False,False,PASS
datasets/lineB_downsampled_x4_up/strict_N/pu_net/test/glass_box/glass_box_0229.npy,"(1024, 3)",False,False,PASS
datasets/lineB_downsampled_x4_up/strict_N/pu_net/test/glass_box/glass_box_0230.npy,"(1024, 3)",False,False,PASS
datasets/lineB_downsampled_x4_up/strict_N/pu_net/test/glass_box/glass_box_0231.npy,"(1024, 3)",False,False,PASS
datasets/lineB_downsampled_x4_up/strict_N/pu_net/test/glass_box/glass_box_0232.npy,"(1024, 3)",False,False,PASS
datasets/lineB_downsampled_x4_up/strict_N/pu_net/test/glass_box/glass_box_0233.npy,"(1024, 3)",False,False,PASS
datasets/lineB_downsampled_x4_up/strict_N/pu_net/test/glass_box/glass_box_0234.npy,"(1024, 3)",False,False,PASS
datasets/lineB_downsampled_x4_up/strict_N/pu_net/test/glass_box/glass_box_0235.npy,"(1024, 3)",False,False,PASS
datasets/lineB_downsampled_x4_up/strict_N/pu_net/test/glass_box/glass_box_0236.npy,"(1024, 3)",False,False,PASS
datasets/lineB_downsampled_x4_up/strict_N/pu_net/test/glass_box/glass_box_0237.npy,"(1024, 3)",False,False,PASS
datasets/lineB_downsampled_x4_up/strict_N/pu_net/test/glass_box/glass_box_0238.npy,"(1024, 3)",False,False,PASS
datasets/lineB_downsampled_x4_up/strict_N/pu_net/test/glass_box/glass_box_0239.npy,"(1024, 3)",False,False,PASS
datasets/lineB_downsampled_x4_up/strict_N/pu_net/test/glass_box/glass_box_0240.npy,"(1024, 3)",False,False,PASS
datasets/lineB_downsampled_x4_up/strict_N/pu_net/test/glass_box/glass_box_0241.npy,"(1024, 3)",False,False,PASS
datasets/lineB_downsampled_x4_up/strict_N/pu_net/test/glass_box/glass_box_0242.npy,"(1024, 3)",False,False,PASS
datasets/lineB_downsampled_x4_up/strict_N/pu_net/test/glass_box/glass_box_0243.npy,"(1024, 3)",False,False,PASS
datasets/lineB_downsampled_x4_up/strict_N/pu_net/test/glass_box/glass_box_0244.npy,"(1024, 3)",False,False,PASS
datasets/lineB_downsampled_x4_up/strict_N/pu_net/test/glass_box/glass_box_0245.npy,"(1024, 3)",False,False,PASS
datasets/lineB_downsampled_x4_up/strict_N/pu_net/test/glass_box/glass_box_0246.npy,"(1024, 3)",False,False,PASS
datasets/lineB_downsampled_x4_up/strict_N/pu_net/test/glass_box/glass_box_0247.npy,"(1024, 3)",False,False,PASS
datasets/lineB_downsampled_x4_up/strict_N/pu_net/test/glass_box/glass_box_0248.npy,"(1024, 3)",False,False,PASS
datasets/lineB_downsampled_x4_up/strict_N/pu_net/test/glass_box/glass_box_0249.npy,"(1024, 3)",False,False,PASS
datasets/lineB_downsampled_x4_up/strict_N/pu_net/test/glass_box/glass_box_0250.npy,"(1024, 3)",False,False,PASS
datasets/lineB_downsampled_x4_up/strict_N/pu_net/test/glass_box/glass_box_0251.npy,"(1024, 3)",False,False,PASS
datasets/lineB_downsampled_x4_up/strict_N/pu_net/test/glass_box/glass_box_0252.npy,"(1024, 3)",False,False,PASS
datasets/lineB_downsampled_x4_up/strict_N/pu_net/test/glass_box/glass_box_0253.npy,"(1024, 3)",False,False,PASS
datasets/lineB_downsampled_x4_up/strict_N/pu_net/test/glass_box/glass_box_0254.npy,"(1024, 3)",False,False,PASS
datasets/lineB_downsampled_x4_up/strict_N/pu_net/test/glass_box/glass_box_0255.npy,"(1024, 3)",False,False,PASS
datasets/lineB_downsampled_x4_up/strict_N/pu_net/test/glass_box/glass_box_0256.npy,"(1024, 3)",False,False,PASS
datasets/lineB_downsampled_x4_up/strict_N/pu_net/test/glass_box/glass_box_0257.npy,"(1024, 3)",False,False,PASS
datasets/lineB_downsampled_x4_up/strict_N/pu_net/test/glass_box/glass_box_0258.npy,"(1024, 3)",False,False,PASS
datasets/lineB_downsampled_x4_up/strict_N/pu_net/test/glass_box/glass_box_0259.npy,"(1024, 3)",False,False,PASS
datasets/lineB_downsampled_x4_up/strict_N/pu_net/test/glass_box/glass_box_0260.npy,"(1024, 3)",False,False,PASS
datasets/lineB_downsampled_x4_up/strict_N/pu_net/test/glass_box/glass_box_0261.npy,"(1024, 3)",False,False,PASS
datasets/lineB_downsampled_x4_up/strict_N/pu_net/test/glass_box/glass_box_0262.npy,"(1024, 3)",False,False,PASS
datasets/lineB_downsampled_x4_up/strict_N/pu_net/test/glass_box/glass_box_0263.npy,"(1024, 3)",False,False,PASS
datasets/lineB_downsampled_x4_up/strict_N/pu_net/test/glass_box/glass_box_0264.npy,"(1024, 3)",False,False,PASS
datasets/lineB_downsampled_x4_up/strict_N/pu_net/test/glass_box/glass_box_0265.npy,"(1024, 3)",False,False,PASS
datasets/lineB_downsampled_x4_up/strict_N/pu_net/test/glass_box/glass_box_0266.npy,"(1024, 3)",False,False,PASS
datasets/lineB_downsampled_x4_up/strict_N/pu_net/test/glass_box/glass_box_0267.npy,"(1024, 3)",False,False,PASS
datasets/lineB_downsampled_x4_up/strict_N/pu_net/test/glass_box/glass_box_0268.npy,"(1024, 3)",False,False,PASS
datasets/lineB_downsampled_x4_up/strict_N/pu_net/test/glass_box/glass_box_0269.npy,"(1024, 3)",False,False,PASS
datasets/lineB_downsampled_x4_up/strict_N/pu_net/test/glass_box/glass_box_0270.npy,"(1024, 3)",False,False,PASS
datasets/lineB_downsampled_x4_up/strict_N/pu_net/test/glass_box/glass_box_0271.npy,"(1024, 3)",False,False,PASS
datasets/lineB_downsampled_x4_up/strict_N/pu_net/test/guitar/guitar_0156.npy,"(1024, 3)",False,False,PASS
datasets/lineB_downsampled_x4_up/strict_N/pu_net/test/guitar/guitar_0157.npy,"(1024, 3)",False,False,PASS
datasets/lineB_downsampled_x4_up/strict_N/pu_net/test/guitar/guitar_0158.npy,"(1024, 3)",False,False,PASS
datasets/lineB_downsampled_x4_up/strict_N/pu_net/test/guitar/guitar_0159.npy,"(1024, 3)",False,False,PASS
datasets/lineB_downsampled_x4_up/strict_N/pu_net/test/guitar/guitar_0160.npy,"(1024, 3)",False,False,PASS
datasets/lineB_downsampled_x4_up/strict_N/pu_net/test/guitar/guitar_0161.npy,"(1024, 3)",False,False,PASS
datasets/lineB_downsampled_x4_up/strict_N/pu_net/test/guitar/guitar_0162.npy,"(1024, 3)",False,False,PASS
datasets/lineB_downsampled_x4_up/strict_N/pu_net/test/guitar/guitar_0163.npy,"(1024, 3)",False,False,PASS
datasets/lineB_downsampled_x4_up/strict_N/pu_net/test/guitar/guitar_0164.npy,"(1024, 3)",False,False,PASS
datasets/lineB_downsampled_x4_up/strict_N/pu_net/test/guitar/guitar_0165.npy,"(1024, 3)",False,False,PASS
datasets/lineB_downsampled_x4_up/strict_N/pu_net/test/guitar/guitar_0166.npy,"(1024, 3)",False,False,PASS
datasets/lineB_downsampled_x4_up/strict_N/pu_net/test/guitar/guitar_0167.npy,"(1024, 3)",False,False,PASS
datasets/lineB_downsampled_x4_up/strict_N/pu_net/test/guitar/guitar_0168.npy,"(1024, 3)",False,False,PASS
datasets/lineB_downsampled_x4_up/strict_N/pu_net/test/guitar/guitar_0169.npy,"(1024, 3)",False,False,PASS
datasets/lineB_downsampled_x4_up/strict_N/pu_net/test/guitar/guitar_0170.npy,"(1024, 3)",False,False,PASS
datasets/lineB_downsampled_x4_up/strict_N/pu_net/test/guitar/guitar_0171.npy,"(1024, 3)",False,False,PASS
datasets/lineB_downsampled_x4_up/strict_N/pu_net/test/guitar/guitar_0172.npy,"(1024, 3)",False,False,PASS
datasets/lineB_downsampled_x4_up/strict_N/pu_net/test/guitar/guitar_0173.npy,"(1024, 3)",False,False,PASS
datasets/lineB_downsampled_x4_up/strict_N/pu_net/test/guitar/guitar_0174.npy,"(1024, 3)",False,False,PASS
datasets/lineB_downsampled_x4_up/strict_N/pu_net/test/guitar/guitar_0175.npy,"(1024, 3)",False,False,PASS
datasets/lineB_downsampled_x4_up/strict_N/pu_net/test/guitar/guitar_0176.npy,"(1024, 3)",False,False,PASS
datasets/lineB_downsampled_x4_up/strict_N/pu_net/test/guitar/guitar_0177.npy,"(1024, 3)",False,False,PASS
datasets/lineB_downsampled_x4_up/strict_N/pu_net/test/guitar/guitar_0178.npy,"(1024, 3)",False,False,PASS
datasets/lineB_downsampled_x4_up/strict_N/pu_net/test/guitar/guitar_0179.npy,"(1024, 3)",False,False,PASS
datasets/lineB_downsampled_x4_up/strict_N/pu_net/test/guitar/guitar_0180.npy,"(1024, 3)",False,False,PASS
datasets/lineB_downsampled_x4_up/strict_N/pu_net/test/guitar/guitar_0181.npy,"(1024, 3)",False,False,PASS
datasets/lineB_downsampled_x4_up/strict_N/pu_net/test/guitar/guitar_0182.npy,"(1024, 3)",False,False,PASS
datasets/lineB_downsampled_x4_up/strict_N/pu_net/test/guitar/guitar_0183.npy,"(1024, 3)",False,False,PASS
datasets/lineB_downsampled_x4_up/strict_N/pu_net/test/guitar/guitar_0184.npy,"(1024, 3)",False,False,PASS
datasets/lineB_downsampled_x4_up/strict_N/pu_net/test/guitar/guitar_0185.npy,"(1024, 3)",False,False,PASS
datasets/lineB_downsampled_x4_up/strict_N/pu_net/test/guitar/guitar_0186.npy,"(1024, 3)",False,False,PASS
datasets/lineB_downsampled_x4_up/strict_N/pu_net/test/guitar/guitar_0187.npy,"(1024, 3)",False,False,PASS
datasets/lineB_downsampled_x4_up/strict_N/pu_net/test/guitar/guitar_0188.npy,"(1024, 3)",False,False,PASS
datasets/lineB_downsampled_x4_up/strict_N/pu_net/test/guitar/guitar_0189.npy,"(1024, 3)",False,False,PASS
datasets/lineB_downsampled_x4_up/strict_N/pu_net/test/guitar/guitar_0190.npy,"(1024, 3)",False,False,PASS
datasets/lineB_downsampled_x4_up/strict_N/pu_net/test/guitar/guitar_0191.npy,"(1024, 3)",False,False,PASS
datasets/lineB_downsampled_x4_up/strict_N/pu_net/test/guitar/guitar_0192.npy,"(1024, 3)",False,False,PASS
datasets/lineB_downsampled_x4_up/strict_N/pu_net/test/guitar/guitar_0193.npy,"(1024, 3)",False,False,PASS
datasets/lineB_downsampled_x4_up/strict_N/pu_net/test/guitar/guitar_0194.npy,"(1024, 3)",False,False,PASS
datasets/lineB_downsampled_x4_up/strict_N/pu_net/test/guitar/guitar_0195.npy,"(1024, 3)",False,False,PASS
datasets/lineB_downsampled_x4_up/strict_N/pu_net/test/guitar/guitar_0196.npy,"(1024, 3)",False,False,PASS
datasets/lineB_downsampled_x4_up/strict_N/pu_net/test/guitar/guitar_0197.npy,"(1024, 3)",False,False,PASS
datasets/lineB_downsampled_x4_up/strict_N/pu_net/test/guitar/guitar_0198.npy,"(1024, 3)",False,False,PASS
datasets/lineB_downsampled_x4_up/strict_N/pu_net/test/guitar/guitar_0199.npy,"(1024, 3)",False,False,PASS
datasets/lineB_downsampled_x4_up/strict_N/pu_net/test/guitar/guitar_0200.npy,"(1024, 3)",False,False,PASS
datasets/lineB_downsampled_x4_up/strict_N/pu_net/test/guitar/guitar_0201.npy,"(1024, 3)",False,False,PASS
datasets/lineB_downsampled_x4_up/strict_N/pu_net/test/guitar/guitar_0202.npy,"(1024, 3)",False,False,PASS
datasets/lineB_downsampled_x4_up/strict_N/pu_net/test/guitar/guitar_0203.npy,"(1024, 3)",False,False,PASS
datasets/lineB_downsampled_x4_up/strict_N/pu_net/test/guitar/guitar_0204.npy,"(1024, 3)",False,False,PASS
datasets/lineB_downsampled_x4_up/strict_N/pu_net/test/guitar/guitar_0205.npy,"(1024, 3)",False,False,PASS
datasets/lineB_downsampled_x4_up/strict_N/pu_net/test/guitar/guitar_0206.npy,"(1024, 3)",False,False,PASS
datasets/lineB_downsampled_x4_up/strict_N/pu_net/test/guitar/guitar_0207.npy,"(1024, 3)",False,False,PASS
datasets/lineB_downsampled_x4_up/strict_N/pu_net/test/guitar/guitar_0208.npy,"(1024, 3)",False,False,PASS
datasets/lineB_downsampled_x4_up/strict_N/pu_net/test/guitar/guitar_0209.npy,"(1024, 3)",False,False,PASS
datasets/lineB_downsampled_x4_up/strict_N/pu_net/test/guitar/guitar_0210.npy,"(1024, 3)",False,False,PASS
datasets/lineB_downsampled_x4_up/strict_N/pu_net/test/guitar/guitar_0211.npy,"(1024, 3)",False,False,PASS
datasets/lineB_downsampled_x4_up/strict_N/pu_net/test/guitar/guitar_0212.npy,"(1024, 3)",False,False,PASS
datasets/lineB_downsampled_x4_up/strict_N/pu_net/test/guitar/guitar_0213.npy,"(1024, 3)",False,False,PASS
datasets/lineB_downsampled_x4_up/strict_N/pu_net/test/guitar/guitar_0214.npy,"(1024, 3)",False,False,PASS
datasets/lineB_downsampled_x4_up/strict_N/pu_net/test/guitar/guitar_0215.npy,"(1024, 3)",False,False,PASS
datasets/lineB_downsampled_x4_up/strict_N/pu_net/test/guitar/guitar_0216.npy,"(1024, 3)",False,False,PASS
datasets/lineB_downsampled_x4_up/strict_N/pu_net/test/guitar/guitar_0217.npy,"(1024, 3)",False,False,PASS
datasets/lineB_downsampled_x4_up/strict_N/pu_net/test/guitar/guitar_0218.npy,"(1024, 3)",False,False,PASS
datasets/lineB_downsampled_x4_up/strict_N/pu_net/test/guitar/guitar_0219.npy,"(1024, 3)",False,False,PASS
datasets/lineB_downsampled_x4_up/strict_N/pu_net/test/guitar/guitar_0220.npy,"(1024, 3)",False,False,PASS
datasets/lineB_downsampled_x4_up/strict_N/pu_net/test/guitar/guitar_0221.npy,"(1024, 3)",False,False,PASS
datasets/lineB_downsampled_x4_up/strict_N/pu_net/test/guitar/guitar_0222.npy,"(1024, 3)",False,False,PASS
datasets/lineB_downsampled_x4_up/strict_N/pu_net/test/guitar/guitar_0223.npy,"(1024, 3)",False,False,PASS
datasets/lineB_downsampled_x4_up/strict_N/pu_net/test/guitar/guitar_0224.npy,"(1024, 3)",False,False,PASS
datasets/lineB_downsampled_x4_up/strict_N/pu_net/test/guitar/guitar_0225.npy,"(1024, 3)",False,False,PASS
datasets/lineB_downsampled_x4_up/strict_N/pu_net/test/guitar/guitar_0226.npy,"(1024, 3)",False,False,PASS
datasets/lineB_downsampled_x4_up/strict_N/pu_net/test/guitar/guitar_0227.npy,"(1024, 3)",False,False,PASS
datasets/lineB_downsampled_x4_up/strict_N/pu_net/test/guitar/guitar_0228.npy,"(1024, 3)",False,False,PASS
datasets/lineB_downsampled_x4_up/strict_N/pu_net/test/guitar/guitar_0229.npy,"(1024, 3)",False,False,PASS
datasets/lineB_downsampled_x4_up/strict_N/pu_net/test/guitar/guitar_0230.npy,"(1024, 3)",False,False,PASS
datasets/lineB_downsampled_x4_up/strict_N/pu_net/test/guitar/guitar_0231.npy,"(1024, 3)",False,False,PASS
datasets/lineB_downsampled_x4_up/strict_N/pu_net/test/guitar/guitar_0232.npy,"(1024, 3)",False,False,PASS
datasets/lineB_downsampled_x4_up/strict_N/pu_net/test/guitar/guitar_0233.npy,"(1024, 3)",False,False,PASS
datasets/lineB_downsampled_x4_up/strict_N/pu_net/test/guitar/guitar_0234.npy,"(1024, 3)",False,False,PASS
datasets/lineB_downsampled_x4_up/strict_N/pu_net/test/guitar/guitar_0235.npy,"(1024, 3)",False,False,PASS
datasets/lineB_downsampled_x4_up/strict_N/pu_net/test/guitar/guitar_0236.npy,"(1024, 3)",False,False,PASS
datasets/lineB_downsampled_x4_up/strict_N/pu_net/test/guitar/guitar_0237.npy,"(1024, 3)",False,False,PASS
datasets/lineB_downsampled_x4_up/strict_N/pu_net/test/guitar/guitar_0238.npy,"(1024, 3)",False,False,PASS
datasets/lineB_downsampled_x4_up/strict_N/pu_net/test/guitar/guitar_0239.npy,"(1024, 3)",False,False,PASS
datasets/lineB_downsampled_x4_up/strict_N/pu_net/test/guitar/guitar_0240.npy,"(1024, 3)",False,False,PASS
datasets/lineB_downsampled_x4_up/strict_N/pu_net/test/guitar/guitar_0241.npy,"(1024, 3)",False,False,PASS
datasets/lineB_downsampled_x4_up/strict_N/pu_net/test/guitar/guitar_0242.npy,"(1024, 3)",False,False,PASS
datasets/lineB_downsampled_x4_up/strict_N/pu_net/test/guitar/guitar_0243.npy,"(1024, 3)",False,False,PASS
datasets/lineB_downsampled_x4_up/strict_N/pu_net/test/guitar/guitar_0244.npy,"(1024, 3)",False,False,PASS
datasets/lineB_downsampled_x4_up/strict_N/pu_net/test/guitar/guitar_0245.npy,"(1024, 3)",False,False,PASS
datasets/lineB_downsampled_x4_up/strict_N/pu_net/test/guitar/guitar_0246.npy,"(1024, 3)",False,False,PASS
datasets/lineB_downsampled_x4_up/strict_N/pu_net/test/guitar/guitar_0247.npy,"(1024, 3)",False,False,PASS
datasets/lineB_downsampled_x4_up/strict_N/pu_net/test/guitar/guitar_0248.npy,"(1024, 3)",False,False,PASS
datasets/lineB_downsampled_x4_up/strict_N/pu_net/test/guitar/guitar_0249.npy,"(1024, 3)",False,False,PASS
datasets/lineB_downsampled_x4_up/strict_N/pu_net/test/guitar/guitar_0250.npy,"(1024, 3)",False,False,PASS
datasets/lineB_downsampled_x4_up/strict_N/pu_net/test/guitar/guitar_0251.npy,"(1024, 3)",False,False,PASS
datasets/lineB_downsampled_x4_up/strict_N/pu_net/test/guitar/guitar_0252.npy,"(1024, 3)",False,False,PASS
datasets/lineB_downsampled_x4_up/strict_N/pu_net/test/guitar/guitar_0253.npy,"(1024, 3)",False,False,PASS
datasets/lineB_downsampled_x4_up/strict_N/pu_net/test/guitar/guitar_0254.npy,"(1024, 3)",False,False,PASS
datasets/lineB_downsampled_x4_up/strict_N/pu_net/test/guitar/guitar_0255.npy,"(1024, 3)",False,False,PASS
datasets/lineB_downsampled_x4_up/strict_N/pu_net/test/keyboard/keyboard_0146.npy,"(1024, 3)",False,False,PASS
datasets/lineB_downsampled_x4_up/strict_N/pu_net/test/keyboard/keyboard_0147.npy,"(1024, 3)",False,False,PASS
datasets/lineB_downsampled_x4_up/strict_N/pu_net/test/keyboard/keyboard_0148.npy,"(1024, 3)",False,False,PASS
datasets/lineB_downsampled_x4_up/strict_N/pu_net/test/keyboard/keyboard_0149.npy,"(1024, 3)",False,False,PASS
datasets/lineB_downsampled_x4_up/strict_N/pu_net/test/keyboard/keyboard_0150.npy,"(1024, 3)",False,False,PASS
datasets/lineB_downsampled_x4_up/strict_N/pu_net/test/keyboard/keyboard_0151.npy,"(1024, 3)",False,False,PASS
datasets/lineB_downsampled_x4_up/strict_N/pu_net/test/keyboard/keyboard_0152.npy,"(1024, 3)",False,False,PASS
datasets/lineB_downsampled_x4_up/strict_N/pu_net/test/keyboard/keyboard_0153.npy,"(1024, 3)",False,False,PASS
datasets/lineB_downsampled_x4_up/strict_N/pu_net/test/keyboard/keyboard_0154.npy,"(1024, 3)",False,False,PASS
datasets/lineB_downsampled_x4_up/strict_N/pu_net/test/keyboard/keyboard_0155.npy,"(1024, 3)",False,False,PASS
datasets/lineB_downsampled_x4_up/strict_N/pu_net/test/keyboard/keyboard_0156.npy,"(1024, 3)",False,False,PASS
datasets/lineB_downsampled_x4_up/strict_N/pu_net/test/keyboard/keyboard_0157.npy,"(1024, 3)",False,False,PASS
datasets/lineB_downsampled_x4_up/strict_N/pu_net/test/keyboard/keyboard_0158.npy,"(1024, 3)",False,False,PASS
datasets/lineB_downsampled_x4_up/strict_N/pu_net/test/keyboard/keyboard_0159.npy,"(1024, 3)",False,False,PASS
datasets/lineB_downsampled_x4_up/strict_N/pu_net/test/keyboard/keyboard_0160.npy,"(1024, 3)",False,False,PASS
datasets/lineB_downsampled_x4_up/strict_N/pu_net/test/keyboard/keyboard_0161.npy,"(1024, 3)",False,False,PASS
datasets/lineB_downsampled_x4_up/strict_N/pu_net/test/keyboard/keyboard_0162.npy,"(1024, 3)",False,False,PASS
datasets/lineB_downsampled_x4_up/strict_N/pu_net/test/keyboard/keyboard_0163.npy,"(1024, 3)",False,False,PASS
datasets/lineB_downsampled_x4_up/strict_N/pu_net/test/keyboard/keyboard_0164.npy,"(1024, 3)",False,False,PASS
datasets/lineB_downsampled_x4_up/strict_N/pu_net/test/keyboard/keyboard_0165.npy,"(1024, 3)",False,False,PASS
datasets/lineB_downsampled_x4_up/strict_N/pu_net/test/lamp/lamp_0125.npy,"(1024, 3)",False,False,PASS
datasets/lineB_downsampled_x4_up/strict_N/pu_net/test/lamp/lamp_0126.npy,"(1024, 3)",False,False,PASS
datasets/lineB_downsampled_x4_up/strict_N/pu_net/test/lamp/lamp_0127.npy,"(1024, 3)",False,False,PASS
datasets/lineB_downsampled_x4_up/strict_N/pu_net/test/lamp/lamp_0128.npy,"(1024, 3)",False,False,PASS
datasets/lineB_downsampled_x4_up/strict_N/pu_net/test/lamp/lamp_0129.npy,"(1024, 3)",False,False,PASS
datasets/lineB_downsampled_x4_up/strict_N/pu_net/test/lamp/lamp_0130.npy,"(1024, 3)",False,False,PASS
datasets/lineB_downsampled_x4_up/strict_N/pu_net/test/lamp/lamp_0131.npy,"(1024, 3)",False,False,PASS
datasets/lineB_downsampled_x4_up/strict_N/pu_net/test/lamp/lamp_0132.npy,"(1024, 3)",False,False,PASS
datasets/lineB_downsampled_x4_up/strict_N/pu_net/test/lamp/lamp_0133.npy,"(1024, 3)",False,False,PASS
datasets/lineB_downsampled_x4_up/strict_N/pu_net/test/lamp/lamp_0134.npy,"(1024, 3)",False,False,PASS
datasets/lineB_downsampled_x4_up/strict_N/pu_net/test/lamp/lamp_0135.npy,"(1024, 3)",False,False,PASS
datasets/lineB_downsampled_x4_up/strict_N/pu_net/test/lamp/lamp_0136.npy,"(1024, 3)",False,False,PASS
datasets/lineB_downsampled_x4_up/strict_N/pu_net/test/lamp/lamp_0137.npy,"(1024, 3)",False,False,PASS
datasets/lineB_downsampled_x4_up/strict_N/pu_net/test/lamp/lamp_0138.npy,"(1024, 3)",False,False,PASS
datasets/lineB_downsampled_x4_up/strict_N/pu_net/test/lamp/lamp_0139.npy,"(1024, 3)",False,False,PASS
datasets/lineB_downsampled_x4_up/strict_N/pu_net/test/lamp/lamp_0140.npy,"(1024, 3)",False,False,PASS
datasets/lineB_downsampled_x4_up/strict_N/pu_net/test/lamp/lamp_0141.npy,"(1024, 3)",False,False,PASS
datasets/lineB_downsampled_x4_up/strict_N/pu_net/test/lamp/lamp_0142.npy,"(1024, 3)",False,False,PASS
datasets/lineB_downsampled_x4_up/strict_N/pu_net/test/lamp/lamp_0143.npy,"(1024, 3)",False,False,PASS
datasets/lineB_downsampled_x4_up/strict_N/pu_net/test/lamp/lamp_0144.npy,"(1024, 3)",False,False,PASS
datasets/lineB_downsampled_x4_up/strict_N/pu_net/test/laptop/laptop_0150.npy,"(1024, 3)",False,False,PASS
datasets/lineB_downsampled_x4_up/strict_N/pu_net/test/laptop/laptop_0151.npy,"(1024, 3)",False,False,PASS
datasets/lineB_downsampled_x4_up/strict_N/pu_net/test/laptop/laptop_0152.npy,"(1024, 3)",False,False,PASS
datasets/lineB_downsampled_x4_up/strict_N/pu_net/test/laptop/laptop_0153.npy,"(1024, 3)",False,False,PASS
datasets/lineB_downsampled_x4_up/strict_N/pu_net/test/laptop/laptop_0154.npy,"(1024, 3)",False,False,PASS
datasets/lineB_downsampled_x4_up/strict_N/pu_net/test/laptop/laptop_0155.npy,"(1024, 3)",False,False,PASS
datasets/lineB_downsampled_x4_up/strict_N/pu_net/test/laptop/laptop_0156.npy,"(1024, 3)",False,False,PASS
datasets/lineB_downsampled_x4_up/strict_N/pu_net/test/laptop/laptop_0157.npy,"(1024, 3)",False,False,PASS
datasets/lineB_downsampled_x4_up/strict_N/pu_net/test/laptop/laptop_0158.npy,"(1024, 3)",False,False,PASS
datasets/lineB_downsampled_x4_up/strict_N/pu_net/test/laptop/laptop_0159.npy,"(1024, 3)",False,False,PASS
datasets/lineB_downsampled_x4_up/strict_N/pu_net/test/laptop/laptop_0160.npy,"(1024, 3)",False,False,PASS
datasets/lineB_downsampled_x4_up/strict_N/pu_net/test/laptop/laptop_0161.npy,"(1024, 3)",False,False,PASS
datasets/lineB_downsampled_x4_up/strict_N/pu_net/test/laptop/laptop_0162.npy,"(1024, 3)",False,False,PASS
datasets/lineB_downsampled_x4_up/strict_N/pu_net/test/laptop/laptop_0163.npy,"(1024, 3)",False,False,PASS
datasets/lineB_downsampled_x4_up/strict_N/pu_net/test/laptop/laptop_0164.npy,"(1024, 3)",False,False,PASS
datasets/lineB_downsampled_x4_up/strict_N/pu_net/test/laptop/laptop_0165.npy,"(1024, 3)",False,False,PASS
datasets/lineB_downsampled_x4_up/strict_N/pu_net/test/laptop/laptop_0166.npy,"(1024, 3)",False,False,PASS
datasets/lineB_downsampled_x4_up/strict_N/pu_net/test/laptop/laptop_0167.npy,"(1024, 3)",False,False,PASS
datasets/lineB_downsampled_x4_up/strict_N/pu_net/test/laptop/laptop_0168.npy,"(1024, 3)",False,False,PASS
datasets/lineB_downsampled_x4_up/strict_N/pu_net/test/laptop/laptop_0169.npy,"(1024, 3)",False,False,PASS
datasets/lineB_downsampled_x4_up/strict_N/pu_net/test/mantel/mantel_0285.npy,"(1024, 3)",False,False,PASS
datasets/lineB_downsampled_x4_up/strict_N/pu_net/test/mantel/mantel_0286.npy,"(1024, 3)",False,False,PASS
datasets/lineB_downsampled_x4_up/strict_N/pu_net/test/mantel/mantel_0287.npy,"(1024, 3)",False,False,PASS
datasets/lineB_downsampled_x4_up/strict_N/pu_net/test/mantel/mantel_0288.npy,"(1024, 3)",False,False,PASS
datasets/lineB_downsampled_x4_up/strict_N/pu_net/test/mantel/mantel_0289.npy,"(1024, 3)",False,False,PASS
datasets/lineB_downsampled_x4_up/strict_N/pu_net/test/mantel/mantel_0290.npy,"(1024, 3)",False,False,PASS
datasets/lineB_downsampled_x4_up/strict_N/pu_net/test/mantel/mantel_0291.npy,"(1024, 3)",False,False,PASS
datasets/lineB_downsampled_x4_up/strict_N/pu_net/test/mantel/mantel_0292.npy,"(1024, 3)",False,False,PASS
datasets/lineB_downsampled_x4_up/strict_N/pu_net/test/mantel/mantel_0293.npy,"(1024, 3)",False,False,PASS
datasets/lineB_downsampled_x4_up/strict_N/pu_net/test/mantel/mantel_0294.npy,"(1024, 3)",False,False,PASS
datasets/lineB_downsampled_x4_up/strict_N/pu_net/test/mantel/mantel_0295.npy,"(1024, 3)",False,False,PASS
datasets/lineB_downsampled_x4_up/strict_N/pu_net/test/mantel/mantel_0296.npy,"(1024, 3)",False,False,PASS
datasets/lineB_downsampled_x4_up/strict_N/pu_net/test/mantel/mantel_0297.npy,"(1024, 3)",False,False,PASS
datasets/lineB_downsampled_x4_up/strict_N/pu_net/test/mantel/mantel_0298.npy,"(1024, 3)",False,False,PASS
datasets/lineB_downsampled_x4_up/strict_N/pu_net/test/mantel/mantel_0299.npy,"(1024, 3)",False,False,PASS
datasets/lineB_downsampled_x4_up/strict_N/pu_net/test/mantel/mantel_0300.npy,"(1024, 3)",False,False,PASS
datasets/lineB_downsampled_x4_up/strict_N/pu_net/test/mantel/mantel_0301.npy,"(1024, 3)",False,False,PASS
datasets/lineB_downsampled_x4_up/strict_N/pu_net/test/mantel/mantel_0302.npy,"(1024, 3)",False,False,PASS
datasets/lineB_downsampled_x4_up/strict_N/pu_net/test/mantel/mantel_0303.npy,"(1024, 3)",False,False,PASS
datasets/lineB_downsampled_x4_up/strict_N/pu_net/test/piano/piano_0244.npy,"(1024, 3)",False,False,PASS
datasets/lineB_downsampled_x4_up/strict_N/pu_net/test/piano/piano_0245.npy,"(1024, 3)",False,False,PASS
datasets/lineB_downsampled_x4_up/strict_N/pu_net/test/piano/piano_0246.npy,"(1024, 3)",False,False,PASS
datasets/lineB_downsampled_x4_up/strict_N/pu_net/test/piano/piano_0247.npy,"(1024, 3)",False,False,PASS
datasets/lineB_downsampled_x4_up/strict_N/pu_net/test/piano/piano_0248.npy,"(1024, 3)",False,False,PASS
datasets/lineB_downsampled_x4_up/strict_N/pu_net/test/piano/piano_0249.npy,"(1024, 3)",False,False,PASS
datasets/lineB_downsampled_x4_up/strict_N/pu_net/test/piano/piano_0250.npy,"(1024, 3)",False,False,PASS
datasets/lineB_downsampled_x4_up/strict_N/pu_net/test/piano/piano_0251.npy,"(1024, 3)",False,False,PASS
datasets/lineB_downsampled_x4_up/strict_N/pu_net/test/piano/piano_0252.npy,"(1024, 3)",False,False,PASS
datasets/lineB_downsampled_x4_up/strict_N/pu_net/test/piano/piano_0253.npy,"(1024, 3)",False,False,PASS
datasets/lineB_downsampled_x4_up/strict_N/pu_net/test/piano/piano_0254.npy,"(1024, 3)",False,False,PASS
datasets/lineB_downsampled_x4_up/strict_N/pu_net/test/piano/piano_0255.npy,"(1024, 3)",False,False,PASS
datasets/lineB_downsampled_x4_up/strict_N/pu_net/test/piano/piano_0256.npy,"(1024, 3)",False,False,PASS
datasets/lineB_downsampled_x4_up/strict_N/pu_net/test/piano/piano_0257.npy,"(1024, 3)",False,False,PASS
datasets/lineB_downsampled_x4_up/strict_N/pu_net/test/piano/piano_0258.npy,"(1024, 3)",False,False,PASS
datasets/lineB_downsampled_x4_up/strict_N/pu_net/test/piano/piano_0259.npy,"(1024, 3)",False,False,PASS
datasets/lineB_downsampled_x4_up/strict_N/pu_net/test/piano/piano_0260.npy,"(1024, 3)",False,False,PASS
datasets/lineB_downsampled_x4_up/strict_N/pu_net/test/piano/piano_0261.npy,"(1024, 3)",False,False,PASS
datasets/lineB_downsampled_x4_up/strict_N/pu_net/test/piano/piano_0262.npy,"(1024, 3)",False,False,PASS
datasets/lineB_downsampled_x4_up/strict_N/pu_net/test/piano/piano_0263.npy,"(1024, 3)",False,False,PASS
datasets/lineB_downsampled_x4_up/strict_N/pu_net/test/piano/piano_0264.npy,"(1024, 3)",False,False,PASS
datasets/lineB_downsampled_x4_up/strict_N/pu_net/test/piano/piano_0265.npy,"(1024, 3)",False,False,PASS
datasets/lineB_downsampled_x4_up/strict_N/pu_net/test/piano/piano_0266.npy,"(1024, 3)",False,False,PASS
datasets/lineB_downsampled_x4_up/strict_N/pu_net/test/piano/piano_0267.npy,"(1024, 3)",False,False,PASS
datasets/lineB_downsampled_x4_up/strict_N/pu_net/test/piano/piano_0268.npy,"(1024, 3)",False,False,PASS
datasets/lineB_downsampled_x4_up/strict_N/pu_net/test/piano/piano_0269.npy,"(1024, 3)",False,False,PASS
datasets/lineB_downsampled_x4_up/strict_N/pu_net/test/piano/piano_0270.npy,"(1024, 3)",False,False,PASS
datasets/lineB_downsampled_x4_up/strict_N/pu_net/test/piano/piano_0271.npy,"(1024, 3)",False,False,PASS
datasets/lineB_downsampled_x4_up/strict_N/pu_net/test/piano/piano_0272.npy,"(1024, 3)",False,False,PASS
datasets/lineB_downsampled_x4_up/strict_N/pu_net/test/piano/piano_0273.npy,"(1024, 3)",False,False,PASS
datasets/lineB_downsampled_x4_up/strict_N/pu_net/test/piano/piano_0274.npy,"(1024, 3)",False,False,PASS
datasets/lineB_downsampled_x4_up/strict_N/pu_net/test/piano/piano_0275.npy,"(1024, 3)",False,False,PASS
datasets/lineB_downsampled_x4_up/strict_N/pu_net/test/piano/piano_0276.npy,"(1024, 3)",False,False,PASS
datasets/lineB_downsampled_x4_up/strict_N/pu_net/test/piano/piano_0277.npy,"(1024, 3)",False,False,PASS
datasets/lineB_downsampled_x4_up/strict_N/pu_net/test/piano/piano_0278.npy,"(1024, 3)",False,False,PASS
datasets/lineB_downsampled_x4_up/strict_N/pu_net/test/piano/piano_0279.npy,"(1024, 3)",False,False,PASS
datasets/lineB_downsampled_x4_up/strict_N/pu_net/test/piano/piano_0280.npy,"(1024, 3)",False,False,PASS
datasets/lineB_downsampled_x4_up/strict_N/pu_net/test/piano/piano_0281.npy,"(1024, 3)",False,False,PASS
datasets/lineB_downsampled_x4_up/strict_N/pu_net/test/piano/piano_0282.npy,"(1024, 3)",False,False,PASS
datasets/lineB_downsampled_x4_up/strict_N/pu_net/test/piano/piano_0283.npy,"(1024, 3)",False,False,PASS
datasets/lineB_downsampled_x4_up/strict_N/pu_net/test/piano/piano_0284.npy,"(1024, 3)",False,False,PASS
datasets/lineB_downsampled_x4_up/strict_N/pu_net/test/piano/piano_0285.npy,"(1024, 3)",False,False,PASS
datasets/lineB_downsampled_x4_up/strict_N/pu_net/test/piano/piano_0286.npy,"(1024, 3)",False,False,PASS
datasets/lineB_downsampled_x4_up/strict_N/pu_net/test/piano/piano_0287.npy,"(1024, 3)",False,False,PASS
datasets/lineB_downsampled_x4_up/strict_N/pu_net/test/piano/piano_0288.npy,"(1024, 3)",False,False,PASS
datasets/lineB_downsampled_x4_up/strict_N/pu_net/test/piano/piano_0289.npy,"(1024, 3)",False,False,PASS
datasets/lineB_downsampled_x4_up/strict_N/pu_net/test/piano/piano_0290.npy,"(1024, 3)",False,False,PASS
datasets/lineB_downsampled_x4_up/strict_N/pu_net/test/piano/piano_0291.npy,"(1024, 3)",False,False,PASS
datasets/lineB_downsampled_x4_up/strict_N/pu_net/test/piano/piano_0292.npy,"(1024, 3)",False,False,PASS
datasets/lineB_downsampled_x4_up/strict_N/pu_net/test/piano/piano_0293.npy,"(1024, 3)",False,False,PASS
datasets/lineB_downsampled_x4_up/strict_N/pu_net/test/piano/piano_0294.npy,"(1024, 3)",False,False,PASS
datasets/lineB_downsampled_x4_up/strict_N/pu_net/test/piano/piano_0295.npy,"(1024, 3)",False,False,PASS
datasets/lineB_downsampled_x4_up/strict_N/pu_net/test/piano/piano_0296.npy,"(1024, 3)",False,False,PASS
datasets/lineB_downsampled_x4_up/strict_N/pu_net/test/piano/piano_0297.npy,"(1024, 3)",False,False,PASS
datasets/lineB_downsampled_x4_up/strict_N/pu_net/test/piano/piano_0298.npy,"(1024, 3)",False,False,PASS
datasets/lineB_downsampled_x4_up/strict_N/pu_net/test/piano/piano_0299.npy,"(1024, 3)",False,False,PASS
datasets/lineB_downsampled_x4_up/strict_N/pu_net/test/piano/piano_0300.npy,"(1024, 3)",False,False,PASS
datasets/lineB_downsampled_x4_up/strict_N/pu_net/test/piano/piano_0301.npy,"(1024, 3)",False,False,PASS
datasets/lineB_downsampled_x4_up/strict_N/pu_net/test/piano/piano_0302.npy,"(1024, 3)",False,False,PASS
datasets/lineB_downsampled_x4_up/strict_N/pu_net/test/piano/piano_0303.npy,"(1024, 3)",False,False,PASS
datasets/lineB_downsampled_x4_up/strict_N/pu_net/test/piano/piano_0304.npy,"(1024, 3)",False,False,PASS
datasets/lineB_downsampled_x4_up/strict_N/pu_net/test/piano/piano_0305.npy,"(1024, 3)",False,False,PASS
datasets/lineB_downsampled_x4_up/strict_N/pu_net/test/piano/piano_0306.npy,"(1024, 3)",False,False,PASS
datasets/lineB_downsampled_x4_up/strict_N/pu_net/test/piano/piano_0307.npy,"(1024, 3)",False,False,PASS
datasets/lineB_downsampled_x4_up/strict_N/pu_net/test/piano/piano_0308.npy,"(1024, 3)",False,False,PASS
datasets/lineB_downsampled_x4_up/strict_N/pu_net/test/piano/piano_0309.npy,"(1024, 3)",False,False,PASS
datasets/lineB_downsampled_x4_up/strict_N/pu_net/test/piano/piano_0310.npy,"(1024, 3)",False,False,PASS
datasets/lineB_downsampled_x4_up/strict_N/pu_net/test/piano/piano_0311.npy,"(1024, 3)",False,False,PASS
datasets/lineB_downsampled_x4_up/strict_N/pu_net/test/piano/piano_0312.npy,"(1024, 3)",False,False,PASS
datasets/lineB_downsampled_x4_up/strict_N/pu_net/test/piano/piano_0313.npy,"(1024, 3)",False,False,PASS
datasets/lineB_downsampled_x4_up/strict_N/pu_net/test/piano/piano_0314.npy,"(1024, 3)",False,False,PASS
datasets/lineB_downsampled_x4_up/strict_N/pu_net/test/piano/piano_0315.npy,"(1024, 3)",False,False,PASS
datasets/lineB_downsampled_x4_up/strict_N/pu_net/test/piano/piano_0316.npy,"(1024, 3)",False,False,PASS
datasets/lineB_downsampled_x4_up/strict_N/pu_net/test/piano/piano_0317.npy,"(1024, 3)",False,False,PASS
datasets/lineB_downsampled_x4_up/strict_N/pu_net/test/piano/piano_0318.npy,"(1024, 3)",False,False,PASS
datasets/lineB_downsampled_x4_up/strict_N/pu_net/test/piano/piano_0319.npy,"(1024, 3)",False,False,PASS
datasets/lineB_downsampled_x4_up/strict_N/pu_net/test/piano/piano_0320.npy,"(1024, 3)",False,False,PASS
datasets/lineB_downsampled_x4_up/strict_N/pu_net/test/piano/piano_0321.npy,"(1024, 3)",False,False,PASS
datasets/lineB_downsampled_x4_up/strict_N/pu_net/test/piano/piano_0322.npy,"(1024, 3)",False,False,PASS
datasets/lineB_downsampled_x4_up/strict_N/pu_net/test/piano/piano_0323.npy,"(1024, 3)",False,False,PASS
datasets/lineB_downsampled_x4_up/strict_N/pu_net/test/piano/piano_0324.npy,"(1024, 3)",False,False,PASS
datasets/lineB_downsampled_x4_up/strict_N/pu_net/test/piano/piano_0325.npy,"(1024, 3)",False,False,PASS
datasets/lineB_downsampled_x4_up/strict_N/pu_net/test/piano/piano_0326.npy,"(1024, 3)",False,False,PASS
datasets/lineB_downsampled_x4_up/strict_N/pu_net/test/piano/piano_0327.npy,"(1024, 3)",False,False,PASS
datasets/lineB_downsampled_x4_up/strict_N/pu_net/test/piano/piano_0328.npy,"(1024, 3)",False,False,PASS
datasets/lineB_downsampled_x4_up/strict_N/pu_net/test/piano/piano_0329.npy,"(1024, 3)",False,False,PASS
datasets/lineB_downsampled_x4_up/strict_N/pu_net/test/piano/piano_0330.npy,"(1024, 3)",False,False,PASS
datasets/lineB_downsampled_x4_up/strict_N/pu_net/test/piano/piano_0331.npy,"(1024, 3)",False,False,PASS
datasets/lineB_downsampled_x4_up/strict_N/pu_net/test/plant/plant_0241.npy,"(1024, 3)",False,False,PASS
datasets/lineB_downsampled_x4_up/strict_N/pu_net/test/plant/plant_0242.npy,"(1024, 3)",False,False,PASS
datasets/lineB_downsampled_x4_up/strict_N/pu_net/test/plant/plant_0243.npy,"(1024, 3)",False,False,PASS
datasets/lineB_downsampled_x4_up/strict_N/pu_net/test/plant/plant_0244.npy,"(1024, 3)",False,False,PASS
datasets/lineB_downsampled_x4_up/strict_N/pu_net/test/plant/plant_0245.npy,"(1024, 3)",False,False,PASS
datasets/lineB_downsampled_x4_up/strict_N/pu_net/test/plant/plant_0246.npy,"(1024, 3)",False,False,PASS
datasets/lineB_downsampled_x4_up/strict_N/pu_net/test/plant/plant_0247.npy,"(1024, 3)",False,False,PASS
datasets/lineB_downsampled_x4_up/strict_N/pu_net/test/plant/plant_0248.npy,"(1024, 3)",False,False,PASS
datasets/lineB_downsampled_x4_up/strict_N/pu_net/test/plant/plant_0249.npy,"(1024, 3)",False,False,PASS
datasets/lineB_downsampled_x4_up/strict_N/pu_net/test/plant/plant_0250.npy,"(1024, 3)",False,False,PASS
datasets/lineB_downsampled_x4_up/strict_N/pu_net/test/plant/plant_0251.npy,"(1024, 3)",False,False,PASS
datasets/lineB_downsampled_x4_up/strict_N/pu_net/test/plant/plant_0252.npy,"(1024, 3)",False,False,PASS
datasets/lineB_downsampled_x4_up/strict_N/pu_net/test/plant/plant_0253.npy,"(1024, 3)",False,False,PASS
datasets/lineB_downsampled_x4_up/strict_N/pu_net/test/plant/plant_0254.npy,"(1024, 3)",False,False,PASS
datasets/lineB_downsampled_x4_up/strict_N/pu_net/test/plant/plant_0255.npy,"(1024, 3)",False,False,PASS
datasets/lineB_downsampled_x4_up/strict_N/pu_net/test/plant/plant_0256.npy,"(1024, 3)",False,False,PASS
datasets/lineB_downsampled_x4_up/strict_N/pu_net/test/plant/plant_0257.npy,"(1024, 3)",False,False,PASS
datasets/lineB_downsampled_x4_up/strict_N/pu_net/test/plant/plant_0258.npy,"(1024, 3)",False,False,PASS
datasets/lineB_downsampled_x4_up/strict_N/pu_net/test/plant/plant_0259.npy,"(1024, 3)",False,False,PASS
datasets/lineB_downsampled_x4_up/strict_N/pu_net/test/plant/plant_0260.npy,"(1024, 3)",False,False,PASS
datasets/lineB_downsampled_x4_up/strict_N/pu_net/test/plant/plant_0261.npy,"(1024, 3)",False,False,PASS
datasets/lineB_downsampled_x4_up/strict_N/pu_net/test/plant/plant_0262.npy,"(1024, 3)",False,False,PASS
datasets/lineB_downsampled_x4_up/strict_N/pu_net/test/plant/plant_0263.npy,"(1024, 3)",False,False,PASS
datasets/lineB_downsampled_x4_up/strict_N/pu_net/test/plant/plant_0264.npy,"(1024, 3)",False,False,PASS
datasets/lineB_downsampled_x4_up/strict_N/pu_net/test/plant/plant_0265.npy,"(1024, 3)",False,False,PASS
datasets/lineB_downsampled_x4_up/strict_N/pu_net/test/plant/plant_0266.npy,"(1024, 3)",False,False,PASS
datasets/lineB_downsampled_x4_up/strict_N/pu_net/test/plant/plant_0267.npy,"(1024, 3)",False,False,PASS
datasets/lineB_downsampled_x4_up/strict_N/pu_net/test/plant/plant_0268.npy,"(1024, 3)",False,False,PASS
datasets/lineB_downsampled_x4_up/strict_N/pu_net/test/plant/plant_0269.npy,"(1024, 3)",False,False,PASS
datasets/lineB_downsampled_x4_up/strict_N/pu_net/test/plant/plant_0270.npy,"(1024, 3)",False,False,PASS
datasets/lineB_downsampled_x4_up/strict_N/pu_net/test/plant/plant_0271.npy,"(1024, 3)",False,False,PASS
datasets/lineB_downsampled_x4_up/strict_N/pu_net/test/plant/plant_0272.npy,"(1024, 3)",False,False,PASS
datasets/lineB_downsampled_x4_up/strict_N/pu_net/test/plant/plant_0273.npy,"(1024, 3)",False,False,PASS
datasets/lineB_downsampled_x4_up/strict_N/pu_net/test/plant/plant_0274.npy,"(1024, 3)",False,False,PASS
datasets/lineB_downsampled_x4_up/strict_N/pu_net/test/plant/plant_0275.npy,"(1024, 3)",False,False,PASS
datasets/lineB_downsampled_x4_up/strict_N/pu_net/test/plant/plant_0276.npy,"(1024, 3)",False,False,PASS
datasets/lineB_downsampled_x4_up/strict_N/pu_net/test/plant/plant_0277.npy,"(1024, 3)",False,False,PASS
datasets/lineB_downsampled_x4_up/strict_N/pu_net/test/plant/plant_0278.npy,"(1024, 3)",False,False,PASS
datasets/lineB_downsampled_x4_up/strict_N/pu_net/test/plant/plant_0279.npy,"(1024, 3)",False,False,PASS
datasets/lineB_downsampled_x4_up/strict_N/pu_net/test/plant/plant_0280.npy,"(1024, 3)",False,False,PASS
datasets/lineB_downsampled_x4_up/strict_N/pu_net/test/plant/plant_0281.npy,"(1024, 3)",False,False,PASS
datasets/lineB_downsampled_x4_up/strict_N/pu_net/test/plant/plant_0282.npy,"(1024, 3)",False,False,PASS
datasets/lineB_downsampled_x4_up/strict_N/pu_net/test/plant/plant_0283.npy,"(1024, 3)",False,False,PASS
datasets/lineB_downsampled_x4_up/strict_N/pu_net/test/plant/plant_0284.npy,"(1024, 3)",False,False,PASS
datasets/lineB_downsampled_x4_up/strict_N/pu_net/test/plant/plant_0285.npy,"(1024, 3)",False,False,PASS
datasets/lineB_downsampled_x4_up/strict_N/pu_net/test/plant/plant_0286.npy,"(1024, 3)",False,False,PASS
datasets/lineB_downsampled_x4_up/strict_N/pu_net/test/plant/plant_0287.npy,"(1024, 3)",False,False,PASS
datasets/lineB_downsampled_x4_up/strict_N/pu_net/test/plant/plant_0288.npy,"(1024, 3)",False,False,PASS
datasets/lineB_downsampled_x4_up/strict_N/pu_net/test/plant/plant_0289.npy,"(1024, 3)",False,False,PASS
datasets/lineB_downsampled_x4_up/strict_N/pu_net/test/plant/plant_0290.npy,"(1024, 3)",False,False,PASS
datasets/lineB_downsampled_x4_up/strict_N/pu_net/test/plant/plant_0291.npy,"(1024, 3)",False,False,PASS
datasets/lineB_downsampled_x4_up/strict_N/pu_net/test/plant/plant_0292.npy,"(1024, 3)",False,False,PASS
datasets/lineB_downsampled_x4_up/strict_N/pu_net/test/plant/plant_0293.npy,"(1024, 3)",False,False,PASS
datasets/lineB_downsampled_x4_up/strict_N/pu_net/test/plant/plant_0294.npy,"(1024, 3)",False,False,PASS
datasets/lineB_downsampled_x4_up/strict_N/pu_net/test/plant/plant_0295.npy,"(1024, 3)",False,False,PASS
datasets/lineB_downsampled_x4_up/strict_N/pu_net/test/plant/plant_0296.npy,"(1024, 3)",False,False,PASS
datasets/lineB_downsampled_x4_up/strict_N/pu_net/test/plant/plant_0297.npy,"(1024, 3)",False,False,PASS
datasets/lineB_downsampled_x4_up/strict_N/pu_net/test/plant/plant_0298.npy,"(1024, 3)",False,False,PASS
datasets/lineB_downsampled_x4_up/strict_N/pu_net/test/plant/plant_0299.npy,"(1024, 3)",False,False,PASS
datasets/lineB_downsampled_x4_up/strict_N/pu_net/test/plant/plant_0300.npy,"(1024, 3)",False,False,PASS
datasets/lineB_downsampled_x4_up/strict_N/pu_net/test/plant/plant_0301.npy,"(1024, 3)",False,False,PASS
datasets/lineB_downsampled_x4_up/strict_N/pu_net/test/plant/plant_0302.npy,"(1024, 3)",False,False,PASS
datasets/lineB_downsampled_x4_up/strict_N/pu_net/test/plant/plant_0303.npy,"(1024, 3)",False,False,PASS
datasets/lineB_downsampled_x4_up/strict_N/pu_net/test/plant/plant_0304.npy,"(1024, 3)",False,False,PASS
datasets/lineB_downsampled_x4_up/strict_N/pu_net/test/plant/plant_0305.npy,"(1024, 3)",False,False,PASS
datasets/lineB_downsampled_x4_up/strict_N/pu_net/test/plant/plant_0306.npy,"(1024, 3)",False,False,PASS
datasets/lineB_downsampled_x4_up/strict_N/pu_net/test/plant/plant_0307.npy,"(1024, 3)",False,False,PASS
datasets/lineB_downsampled_x4_up/strict_N/pu_net/test/plant/plant_0308.npy,"(1024, 3)",False,False,PASS
datasets/lineB_downsampled_x4_up/strict_N/pu_net/test/plant/plant_0309.npy,"(1024, 3)",False,False,PASS
datasets/lineB_downsampled_x4_up/strict_N/pu_net/test/plant/plant_0310.npy,"(1024, 3)",False,False,PASS
datasets/lineB_downsampled_x4_up/strict_N/pu_net/test/plant/plant_0311.npy,"(1024, 3)",False,False,PASS
datasets/lineB_downsampled_x4_up/strict_N/pu_net/test/plant/plant_0312.npy,"(1024, 3)",False,False,PASS
datasets/lineB_downsampled_x4_up/strict_N/pu_net/test/plant/plant_0313.npy,"(1024, 3)",False,False,PASS
datasets/lineB_downsampled_x4_up/strict_N/pu_net/test/plant/plant_0314.npy,"(1024, 3)",False,False,PASS
datasets/lineB_downsampled_x4_up/strict_N/pu_net/test/plant/plant_0315.npy,"(1024, 3)",False,False,PASS
datasets/lineB_downsampled_x4_up/strict_N/pu_net/test/plant/plant_0316.npy,"(1024, 3)",False,False,PASS
datasets/lineB_downsampled_x4_up/strict_N/pu_net/test/plant/plant_0317.npy,"(1024, 3)",False,False,PASS
datasets/lineB_downsampled_x4_up/strict_N/pu_net/test/plant/plant_0318.npy,"(1024, 3)",False,False,PASS
datasets/lineB_downsampled_x4_up/strict_N/pu_net/test/plant/plant_0319.npy,"(1024, 3)",False,False,PASS
datasets/lineB_downsampled_x4_up/strict_N/pu_net/test/plant/plant_0320.npy,"(1024, 3)",False,False,PASS
datasets/lineB_downsampled_x4_up/strict_N/pu_net/test/plant/plant_0321.npy,"(1024, 3)",False,False,PASS
datasets/lineB_downsampled_x4_up/strict_N/pu_net/test/plant/plant_0322.npy,"(1024, 3)",False,False,PASS
datasets/lineB_downsampled_x4_up/strict_N/pu_net/test/plant/plant_0323.npy,"(1024, 3)",False,False,PASS
datasets/lineB_downsampled_x4_up/strict_N/pu_net/test/plant/plant_0324.npy,"(1024, 3)",False,False,PASS
datasets/lineB_downsampled_x4_up/strict_N/pu_net/test/plant/plant_0325.npy,"(1024, 3)",False,False,PASS
datasets/lineB_downsampled_x4_up/strict_N/pu_net/test/plant/plant_0326.npy,"(1024, 3)",False,False,PASS
datasets/lineB_downsampled_x4_up/strict_N/pu_net/test/plant/plant_0327.npy,"(1024, 3)",False,False,PASS
datasets/lineB_downsampled_x4_up/strict_N/pu_net/test/plant/plant_0328.npy,"(1024, 3)",False,False,PASS
datasets/lineB_downsampled_x4_up/strict_N/pu_net/test/plant/plant_0329.npy,"(1024, 3)",False,False,PASS
datasets/lineB_downsampled_x4_up/strict_N/pu_net/test/plant/plant_0330.npy,"(1024, 3)",False,False,PASS
datasets/lineB_downsampled_x4_up/strict_N/pu_net/test/plant/plant_0331.npy,"(1024, 3)",False,False,PASS
datasets/lineB_downsampled_x4_up/strict_N/pu_net/test/plant/plant_0332.npy,"(1024, 3)",False,False,PASS
datasets/lineB_downsampled_x4_up/strict_N/pu_net/test/plant/plant_0333.npy,"(1024, 3)",False,False,PASS
datasets/lineB_downsampled_x4_up/strict_N/pu_net/test/plant/plant_0334.npy,"(1024, 3)",False,False,PASS
datasets/lineB_downsampled_x4_up/strict_N/pu_net/test/plant/plant_0335.npy,"(1024, 3)",False,False,PASS
datasets/lineB_downsampled_x4_up/strict_N/pu_net/test/plant/plant_0336.npy,"(1024, 3)",False,False,PASS
datasets/lineB_downsampled_x4_up/strict_N/pu_net/test/plant/plant_0337.npy,"(1024, 3)",False,False,PASS
datasets/lineB_downsampled_x4_up/strict_N/pu_net/test/plant/plant_0338.npy,"(1024, 3)",False,False,PASS
datasets/lineB_downsampled_x4_up/strict_N/pu_net/test/plant/plant_0339.npy,"(1024, 3)",False,False,PASS
datasets/lineB_downsampled_x4_up/strict_N/pu_net/test/plant/plant_0340.npy,"(1024, 3)",False,False,PASS
datasets/lineB_downsampled_x4_up/strict_N/pu_net/test/radio/radio_0105.npy,"(1024, 3)",False,False,PASS
datasets/lineB_downsampled_x4_up/strict_N/pu_net/test/radio/radio_0106.npy,"(1024, 3)",False,False,PASS
datasets/lineB_downsampled_x4_up/strict_N/pu_net/test/radio/radio_0107.npy,"(1024, 3)",False,False,PASS
datasets/lineB_downsampled_x4_up/strict_N/pu_net/test/radio/radio_0108.npy,"(1024, 3)",False,False,PASS
datasets/lineB_downsampled_x4_up/strict_N/pu_net/test/radio/radio_0109.npy,"(1024, 3)",False,False,PASS
datasets/lineB_downsampled_x4_up/strict_N/pu_net/test/radio/radio_0110.npy,"(1024, 3)",False,False,PASS
datasets/lineB_downsampled_x4_up/strict_N/pu_net/test/radio/radio_0111.npy,"(1024, 3)",False,False,PASS
datasets/lineB_downsampled_x4_up/strict_N/pu_net/test/radio/radio_0112.npy,"(1024, 3)",False,False,PASS
datasets/lineB_downsampled_x4_up/strict_N/pu_net/test/radio/radio_0113.npy,"(1024, 3)",False,False,PASS
datasets/lineB_downsampled_x4_up/strict_N/pu_net/test/radio/radio_0114.npy,"(1024, 3)",False,False,PASS
datasets/lineB_downsampled_x4_up/strict_N/pu_net/test/radio/radio_0115.npy,"(1024, 3)",False,False,PASS
datasets/lineB_downsampled_x4_up/strict_N/pu_net/test/radio/radio_0116.npy,"(1024, 3)",False,False,PASS
datasets/lineB_downsampled_x4_up/strict_N/pu_net/test/radio/radio_0117.npy,"(1024, 3)",False,False,PASS
datasets/lineB_downsampled_x4_up/strict_N/pu_net/test/radio/radio_0118.npy,"(1024, 3)",False,False,PASS
datasets/lineB_downsampled_x4_up/strict_N/pu_net/test/radio/radio_0119.npy,"(1024, 3)",False,False,PASS
datasets/lineB_downsampled_x4_up/strict_N/pu_net/test/radio/radio_0120.npy,"(1024, 3)",False,False,PASS
datasets/lineB_downsampled_x4_up/strict_N/pu_net/test/radio/radio_0121.npy,"(1024, 3)",False,False,PASS
datasets/lineB_downsampled_x4_up/strict_N/pu_net/test/radio/radio_0122.npy,"(1024, 3)",False,False,PASS
datasets/lineB_downsampled_x4_up/strict_N/pu_net/test/radio/radio_0123.npy,"(1024, 3)",False,False,PASS
datasets/lineB_downsampled_x4_up/strict_N/pu_net/test/radio/radio_0124.npy,"(1024, 3)",False,False,PASS
datasets/lineB_downsampled_x4_up/strict_N/pu_net/test/range_hood/range_hood_0116.npy,"(1024, 3)",False,False,PASS
datasets/lineB_downsampled_x4_up/strict_N/pu_net/test/range_hood/range_hood_0117.npy,"(1024, 3)",False,False,PASS
datasets/lineB_downsampled_x4_up/strict_N/pu_net/test/range_hood/range_hood_0118.npy,"(1024, 3)",False,False,PASS
datasets/lineB_downsampled_x4_up/strict_N/pu_net/test/range_hood/range_hood_0119.npy,"(1024, 3)",False,False,PASS
datasets/lineB_downsampled_x4_up/strict_N/pu_net/test/range_hood/range_hood_0120.npy,"(1024, 3)",False,False,PASS
datasets/lineB_downsampled_x4_up/strict_N/pu_net/test/range_hood/range_hood_0121.npy,"(1024, 3)",False,False,PASS
datasets/lineB_downsampled_x4_up/strict_N/pu_net/test/range_hood/range_hood_0122.npy,"(1024, 3)",False,False,PASS
datasets/lineB_downsampled_x4_up/strict_N/pu_net/test/range_hood/range_hood_0123.npy,"(1024, 3)",False,False,PASS
datasets/lineB_downsampled_x4_up/strict_N/pu_net/test/range_hood/range_hood_0124.npy,"(1024, 3)",False,False,PASS
datasets/lineB_downsampled_x4_up/strict_N/pu_net/test/range_hood/range_hood_0125.npy,"(1024, 3)",False,False,PASS
datasets/lineB_downsampled_x4_up/strict_N/pu_net/test/range_hood/range_hood_0126.npy,"(1024, 3)",False,False,PASS
datasets/lineB_downsampled_x4_up/strict_N/pu_net/test/range_hood/range_hood_0127.npy,"(1024, 3)",False,False,PASS
datasets/lineB_downsampled_x4_up/strict_N/pu_net/test/range_hood/range_hood_0128.npy,"(1024, 3)",False,False,PASS
datasets/lineB_downsampled_x4_up/strict_N/pu_net/test/range_hood/range_hood_0129.npy,"(1024, 3)",False,False,PASS
datasets/lineB_downsampled_x4_up/strict_N/pu_net/test/range_hood/range_hood_0130.npy,"(1024, 3)",False,False,PASS
datasets/lineB_downsampled_x4_up/strict_N/pu_net/test/range_hood/range_hood_0131.npy,"(1024, 3)",False,False,PASS
datasets/lineB_downsampled_x4_up/strict_N/pu_net/test/range_hood/range_hood_0132.npy,"(1024, 3)",False,False,PASS
datasets/lineB_downsampled_x4_up/strict_N/pu_net/test/range_hood/range_hood_0133.npy,"(1024, 3)",False,False,PASS
datasets/lineB_downsampled_x4_up/strict_N/pu_net/test/range_hood/range_hood_0134.npy,"(1024, 3)",False,False,PASS
datasets/lineB_downsampled_x4_up/strict_N/pu_net/test/range_hood/range_hood_0135.npy,"(1024, 3)",False,False,PASS
datasets/lineB_downsampled_x4_up/strict_N/pu_net/test/range_hood/range_hood_0136.npy,"(1024, 3)",False,False,PASS
datasets/lineB_downsampled_x4_up/strict_N/pu_net/test/range_hood/range_hood_0137.npy,"(1024, 3)",False,False,PASS
datasets/lineB_downsampled_x4_up/strict_N/pu_net/test/range_hood/range_hood_0138.npy,"(1024, 3)",False,False,PASS
datasets/lineB_downsampled_x4_up/strict_N/pu_net/test/range_hood/range_hood_0139.npy,"(1024, 3)",False,False,PASS
datasets/lineB_downsampled_x4_up/strict_N/pu_net/test/range_hood/range_hood_0140.npy,"(1024, 3)",False,False,PASS
datasets/lineB_downsampled_x4_up/strict_N/pu_net/test/range_hood/range_hood_0141.npy,"(1024, 3)",False,False,PASS
datasets/lineB_downsampled_x4_up/strict_N/pu_net/test/range_hood/range_hood_0142.npy,"(1024, 3)",False,False,PASS
datasets/lineB_downsampled_x4_up/strict_N/pu_net/test/range_hood/range_hood_0143.npy,"(1024, 3)",False,False,PASS
datasets/lineB_downsampled_x4_up/strict_N/pu_net/test/range_hood/range_hood_0144.npy,"(1024, 3)",False,False,PASS
datasets/lineB_downsampled_x4_up/strict_N/pu_net/test/range_hood/range_hood_0145.npy,"(1024, 3)",False,False,PASS
datasets/lineB_downsampled_x4_up/strict_N/pu_net/test/range_hood/range_hood_0146.npy,"(1024, 3)",False,False,PASS
datasets/lineB_downsampled_x4_up/strict_N/pu_net/test/range_hood/range_hood_0147.npy,"(1024, 3)",False,False,PASS
datasets/lineB_downsampled_x4_up/strict_N/pu_net/test/range_hood/range_hood_0148.npy,"(1024, 3)",False,False,PASS
datasets/lineB_downsampled_x4_up/strict_N/pu_net/test/range_hood/range_hood_0149.npy,"(1024, 3)",False,False,PASS
datasets/lineB_downsampled_x4_up/strict_N/pu_net/test/range_hood/range_hood_0150.npy,"(1024, 3)",False,False,PASS
datasets/lineB_downsampled_x4_up/strict_N/pu_net/test/range_hood/range_hood_0151.npy,"(1024, 3)",False,False,PASS
datasets/lineB_downsampled_x4_up/strict_N/pu_net/test/range_hood/range_hood_0152.npy,"(1024, 3)",False,False,PASS
datasets/lineB_downsampled_x4_up/strict_N/pu_net/test/range_hood/range_hood_0153.npy,"(1024, 3)",False,False,PASS
datasets/lineB_downsampled_x4_up/strict_N/pu_net/test/range_hood/range_hood_0154.npy,"(1024, 3)",False,False,PASS
datasets/lineB_downsampled_x4_up/strict_N/pu_net/test/range_hood/range_hood_0155.npy,"(1024, 3)",False,False,PASS
datasets/lineB_downsampled_x4_up/strict_N/pu_net/test/range_hood/range_hood_0156.npy,"(1024, 3)",False,False,PASS
datasets/lineB_downsampled_x4_up/strict_N/pu_net/test/range_hood/range_hood_0157.npy,"(1024, 3)",False,False,PASS
datasets/lineB_downsampled_x4_up/strict_N/pu_net/test/range_hood/range_hood_0158.npy,"(1024, 3)",False,False,PASS
datasets/lineB_downsampled_x4_up/strict_N/pu_net/test/range_hood/range_hood_0159.npy,"(1024, 3)",False,False,PASS
datasets/lineB_downsampled_x4_up/strict_N/pu_net/test/range_hood/range_hood_0160.npy,"(1024, 3)",False,False,PASS
datasets/lineB_downsampled_x4_up/strict_N/pu_net/test/range_hood/range_hood_0161.npy,"(1024, 3)",False,False,PASS
datasets/lineB_downsampled_x4_up/strict_N/pu_net/test/range_hood/range_hood_0162.npy,"(1024, 3)",False,False,PASS
datasets/lineB_downsampled_x4_up/strict_N/pu_net/test/range_hood/range_hood_0163.npy,"(1024, 3)",False,False,PASS
datasets/lineB_downsampled_x4_up/strict_N/pu_net/test/range_hood/range_hood_0164.npy,"(1024, 3)",False,False,PASS
datasets/lineB_downsampled_x4_up/strict_N/pu_net/test/range_hood/range_hood_0165.npy,"(1024, 3)",False,False,PASS
datasets/lineB_downsampled_x4_up/strict_N/pu_net/test/range_hood/range_hood_0166.npy,"(1024, 3)",False,False,PASS
datasets/lineB_downsampled_x4_up/strict_N/pu_net/test/range_hood/range_hood_0167.npy,"(1024, 3)",False,False,PASS
datasets/lineB_downsampled_x4_up/strict_N/pu_net/test/range_hood/range_hood_0168.npy,"(1024, 3)",False,False,PASS
datasets/lineB_downsampled_x4_up/strict_N/pu_net/test/range_hood/range_hood_0169.npy,"(1024, 3)",False,False,PASS
datasets/lineB_downsampled_x4_up/strict_N/pu_net/test/range_hood/range_hood_0170.npy,"(1024, 3)",False,False,PASS
datasets/lineB_downsampled_x4_up/strict_N/pu_net/test/range_hood/range_hood_0171.npy,"(1024, 3)",False,False,PASS
datasets/lineB_downsampled_x4_up/strict_N/pu_net/test/range_hood/range_hood_0172.npy,"(1024, 3)",False,False,PASS
datasets/lineB_downsampled_x4_up/strict_N/pu_net/test/range_hood/range_hood_0173.npy,"(1024, 3)",False,False,PASS
datasets/lineB_downsampled_x4_up/strict_N/pu_net/test/range_hood/range_hood_0174.npy,"(1024, 3)",False,False,PASS
datasets/lineB_downsampled_x4_up/strict_N/pu_net/test/range_hood/range_hood_0175.npy,"(1024, 3)",False,False,PASS
datasets/lineB_downsampled_x4_up/strict_N/pu_net/test/range_hood/range_hood_0176.npy,"(1024, 3)",False,False,PASS
datasets/lineB_downsampled_x4_up/strict_N/pu_net/test/range_hood/range_hood_0177.npy,"(1024, 3)",False,False,PASS
datasets/lineB_downsampled_x4_up/strict_N/pu_net/test/range_hood/range_hood_0178.npy,"(1024, 3)",False,False,PASS
datasets/lineB_downsampled_x4_up/strict_N/pu_net/test/range_hood/range_hood_0179.npy,"(1024, 3)",False,False,PASS
datasets/lineB_downsampled_x4_up/strict_N/pu_net/test/range_hood/range_hood_0180.npy,"(1024, 3)",False,False,PASS
datasets/lineB_downsampled_x4_up/strict_N/pu_net/test/range_hood/range_hood_0181.npy,"(1024, 3)",False,False,PASS
datasets/lineB_downsampled_x4_up/strict_N/pu_net/test/range_hood/range_hood_0182.npy,"(1024, 3)",False,False,PASS
datasets/lineB_downsampled_x4_up/strict_N/pu_net/test/range_hood/range_hood_0183.npy,"(1024, 3)",False,False,PASS
datasets/lineB_downsampled_x4_up/strict_N/pu_net/test/range_hood/range_hood_0184.npy,"(1024, 3)",False,False,PASS
datasets/lineB_downsampled_x4_up/strict_N/pu_net/test/range_hood/range_hood_0185.npy,"(1024, 3)",False,False,PASS
datasets/lineB_downsampled_x4_up/strict_N/pu_net/test/range_hood/range_hood_0186.npy,"(1024, 3)",False,False,PASS
datasets/lineB_downsampled_x4_up/strict_N/pu_net/test/range_hood/range_hood_0187.npy,"(1024, 3)",False,False,PASS
datasets/lineB_downsampled_x4_up/strict_N/pu_net/test/range_hood/range_hood_0188.npy,"(1024, 3)",False,False,PASS
datasets/lineB_downsampled_x4_up/strict_N/pu_net/test/range_hood/range_hood_0189.npy,"(1024, 3)",False,False,PASS
datasets/lineB_downsampled_x4_up/strict_N/pu_net/test/range_hood/range_hood_0190.npy,"(1024, 3)",False,False,PASS
datasets/lineB_downsampled_x4_up/strict_N/pu_net/test/range_hood/range_hood_0191.npy,"(1024, 3)",False,False,PASS
datasets/lineB_downsampled_x4_up/strict_N/pu_net/test/range_hood/range_hood_0192.npy,"(1024, 3)",False,False,PASS
datasets/lineB_downsampled_x4_up/strict_N/pu_net/test/range_hood/range_hood_0193.npy,"(1024, 3)",False,False,PASS
datasets/lineB_downsampled_x4_up/strict_N/pu_net/test/range_hood/range_hood_0194.npy,"(1024, 3)",False,False,PASS
datasets/lineB_downsampled_x4_up/strict_N/pu_net/test/range_hood/range_hood_0195.npy,"(1024, 3)",False,False,PASS
datasets/lineB_downsampled_x4_up/strict_N/pu_net/test/range_hood/range_hood_0196.npy,"(1024, 3)",False,False,PASS
datasets/lineB_downsampled_x4_up/strict_N/pu_net/test/range_hood/range_hood_0197.npy,"(1024, 3)",False,False,PASS
datasets/lineB_downsampled_x4_up/strict_N/pu_net/test/range_hood/range_hood_0198.npy,"(1024, 3)",False,False,PASS
datasets/lineB_downsampled_x4_up/strict_N/pu_net/test/range_hood/range_hood_0199.npy,"(1024, 3)",False,False,PASS
datasets/lineB_downsampled_x4_up/strict_N/pu_net/test/range_hood/range_hood_0200.npy,"(1024, 3)",False,False,PASS
datasets/lineB_downsampled_x4_up/strict_N/pu_net/test/range_hood/range_hood_0201.npy,"(1024, 3)",False,False,PASS
datasets/lineB_downsampled_x4_up/strict_N/pu_net/test/range_hood/range_hood_0202.npy,"(1024, 3)",False,False,PASS
datasets/lineB_downsampled_x4_up/strict_N/pu_net/test/range_hood/range_hood_0203.npy,"(1024, 3)",False,False,PASS
datasets/lineB_downsampled_x4_up/strict_N/pu_net/test/range_hood/range_hood_0204.npy,"(1024, 3)",False,False,PASS
datasets/lineB_downsampled_x4_up/strict_N/pu_net/test/range_hood/range_hood_0205.npy,"(1024, 3)",False,False,PASS
datasets/lineB_downsampled_x4_up/strict_N/pu_net/test/range_hood/range_hood_0206.npy,"(1024, 3)",False,False,PASS
datasets/lineB_downsampled_x4_up/strict_N/pu_net/test/range_hood/range_hood_0207.npy,"(1024, 3)",False,False,PASS
datasets/lineB_downsampled_x4_up/strict_N/pu_net/test/range_hood/range_hood_0208.npy,"(1024, 3)",False,False,PASS
datasets/lineB_downsampled_x4_up/strict_N/pu_net/test/range_hood/range_hood_0209.npy,"(1024, 3)",False,False,PASS
datasets/lineB_downsampled_x4_up/strict_N/pu_net/test/range_hood/range_hood_0210.npy,"(1024, 3)",False,False,PASS
datasets/lineB_downsampled_x4_up/strict_N/pu_net/test/range_hood/range_hood_0211.npy,"(1024, 3)",False,False,PASS
datasets/lineB_downsampled_x4_up/strict_N/pu_net/test/range_hood/range_hood_0212.npy,"(1024, 3)",False,False,PASS
datasets/lineB_downsampled_x4_up/strict_N/pu_net/test/range_hood/range_hood_0213.npy,"(1024, 3)",False,False,PASS
datasets/lineB_downsampled_x4_up/strict_N/pu_net/test/range_hood/range_hood_0214.npy,"(1024, 3)",False,False,PASS
datasets/lineB_downsampled_x4_up/strict_N/pu_net/test/range_hood/range_hood_0215.npy,"(1024, 3)",False,False,PASS
datasets/lineB_downsampled_x4_up/strict_N/pu_net/test/sink/sink_0129.npy,"(1024, 3)",False,False,PASS
datasets/lineB_downsampled_x4_up/strict_N/pu_net/test/sink/sink_0130.npy,"(1024, 3)",False,False,PASS
datasets/lineB_downsampled_x4_up/strict_N/pu_net/test/sink/sink_0131.npy,"(1024, 3)",False,False,PASS
datasets/lineB_downsampled_x4_up/strict_N/pu_net/test/sink/sink_0132.npy,"(1024, 3)",False,False,PASS
datasets/lineB_downsampled_x4_up/strict_N/pu_net/test/sink/sink_0133.npy,"(1024, 3)",False,False,PASS
datasets/lineB_downsampled_x4_up/strict_N/pu_net/test/sink/sink_0134.npy,"(1024, 3)",False,False,PASS
datasets/lineB_downsampled_x4_up/strict_N/pu_net/test/sink/sink_0135.npy,"(1024, 3)",False,False,PASS
datasets/lineB_downsampled_x4_up/strict_N/pu_net/test/sink/sink_0136.npy,"(1024, 3)",False,False,PASS
datasets/lineB_downsampled_x4_up/strict_N/pu_net/test/sink/sink_0137.npy,"(1024, 3)",False,False,PASS
datasets/lineB_downsampled_x4_up/strict_N/pu_net/test/sink/sink_0138.npy,"(1024, 3)",False,False,PASS
datasets/lineB_downsampled_x4_up/strict_N/pu_net/test/sink/sink_0139.npy,"(1024, 3)",False,False,PASS
datasets/lineB_downsampled_x4_up/strict_N/pu_net/test/sink/sink_0140.npy,"(1024, 3)",False,False,PASS
datasets/lineB_downsampled_x4_up/strict_N/pu_net/test/sink/sink_0141.npy,"(1024, 3)",False,False,PASS
datasets/lineB_downsampled_x4_up/strict_N/pu_net/test/sink/sink_0142.npy,"(1024, 3)",False,False,PASS
datasets/lineB_downsampled_x4_up/strict_N/pu_net/test/sink/sink_0143.npy,"(1024, 3)",False,False,PASS
datasets/lineB_downsampled_x4_up/strict_N/pu_net/test/sink/sink_0144.npy,"(1024, 3)",False,False,PASS
datasets/lineB_downsampled_x4_up/strict_N/pu_net/test/sink/sink_0145.npy,"(1024, 3)",False,False,PASS
datasets/lineB_downsampled_x4_up/strict_N/pu_net/test/sink/sink_0146.npy,"(1024, 3)",False,False,PASS
datasets/lineB_downsampled_x4_up/strict_N/pu_net/test/sink/sink_0147.npy,"(1024, 3)",False,False,PASS
datasets/lineB_downsampled_x4_up/strict_N/pu_net/test/sink/sink_0148.npy,"(1024, 3)",False,False,PASS
datasets/lineB_downsampled_x4_up/strict_N/pu_net/test/sofa/sofa_0681.npy,"(1024, 3)",False,False,PASS
datasets/lineB_downsampled_x4_up/strict_N/pu_net/test/sofa/sofa_0682.npy,"(1024, 3)",False,False,PASS
datasets/lineB_downsampled_x4_up/strict_N/pu_net/test/sofa/sofa_0683.npy,"(1024, 3)",False,False,PASS
datasets/lineB_downsampled_x4_up/strict_N/pu_net/test/sofa/sofa_0684.npy,"(1024, 3)",False,False,PASS
datasets/lineB_downsampled_x4_up/strict_N/pu_net/test/sofa/sofa_0685.npy,"(1024, 3)",False,False,PASS
datasets/lineB_downsampled_x4_up/strict_N/pu_net/test/sofa/sofa_0686.npy,"(1024, 3)",False,False,PASS
datasets/lineB_downsampled_x4_up/strict_N/pu_net/test/sofa/sofa_0687.npy,"(1024, 3)",False,False,PASS
datasets/lineB_downsampled_x4_up/strict_N/pu_net/test/sofa/sofa_0688.npy,"(1024, 3)",False,False,PASS
datasets/lineB_downsampled_x4_up/strict_N/pu_net/test/sofa/sofa_0689.npy,"(1024, 3)",False,False,PASS
datasets/lineB_downsampled_x4_up/strict_N/pu_net/test/sofa/sofa_0690.npy,"(1024, 3)",False,False,PASS
datasets/lineB_downsampled_x4_up/strict_N/pu_net/test/sofa/sofa_0691.npy,"(1024, 3)",False,False,PASS
datasets/lineB_downsampled_x4_up/strict_N/pu_net/test/sofa/sofa_0692.npy,"(1024, 3)",False,False,PASS
datasets/lineB_downsampled_x4_up/strict_N/pu_net/test/sofa/sofa_0693.npy,"(1024, 3)",False,False,PASS
datasets/lineB_downsampled_x4_up/strict_N/pu_net/test/sofa/sofa_0694.npy,"(1024, 3)",False,False,PASS
datasets/lineB_downsampled_x4_up/strict_N/pu_net/test/sofa/sofa_0695.npy,"(1024, 3)",False,False,PASS
datasets/lineB_downsampled_x4_up/strict_N/pu_net/test/sofa/sofa_0696.npy,"(1024, 3)",False,False,PASS
datasets/lineB_downsampled_x4_up/strict_N/pu_net/test/sofa/sofa_0697.npy,"(1024, 3)",False,False,PASS
datasets/lineB_downsampled_x4_up/strict_N/pu_net/test/sofa/sofa_0698.npy,"(1024, 3)",False,False,PASS
datasets/lineB_downsampled_x4_up/strict_N/pu_net/test/sofa/sofa_0699.npy,"(1024, 3)",False,False,PASS
datasets/lineB_downsampled_x4_up/strict_N/pu_net/test/sofa/sofa_0700.npy,"(1024, 3)",False,False,PASS
datasets/lineB_downsampled_x4_up/strict_N/pu_net/test/sofa/sofa_0701.npy,"(1024, 3)",False,False,PASS
datasets/lineB_downsampled_x4_up/strict_N/pu_net/test/sofa/sofa_0702.npy,"(1024, 3)",False,False,PASS
datasets/lineB_downsampled_x4_up/strict_N/pu_net/test/sofa/sofa_0703.npy,"(1024, 3)",False,False,PASS
datasets/lineB_downsampled_x4_up/strict_N/pu_net/test/sofa/sofa_0704.npy,"(1024, 3)",False,False,PASS
datasets/lineB_downsampled_x4_up/strict_N/pu_net/test/sofa/sofa_0705.npy,"(1024, 3)",False,False,PASS
datasets/lineB_downsampled_x4_up/strict_N/pu_net/test/sofa/sofa_0706.npy,"(1024, 3)",False,False,PASS
datasets/lineB_downsampled_x4_up/strict_N/pu_net/test/sofa/sofa_0707.npy,"(1024, 3)",False,False,PASS
datasets/lineB_downsampled_x4_up/strict_N/pu_net/test/sofa/sofa_0708.npy,"(1024, 3)",False,False,PASS
datasets/lineB_downsampled_x4_up/strict_N/pu_net/test/sofa/sofa_0709.npy,"(1024, 3)",False,False,PASS
datasets/lineB_downsampled_x4_up/strict_N/pu_net/test/sofa/sofa_0710.npy,"(1024, 3)",False,False,PASS
datasets/lineB_downsampled_x4_up/strict_N/pu_net/test/sofa/sofa_0711.npy,"(1024, 3)",False,False,PASS
datasets/lineB_downsampled_x4_up/strict_N/pu_net/test/sofa/sofa_0712.npy,"(1024, 3)",False,False,PASS
datasets/lineB_downsampled_x4_up/strict_N/pu_net/test/sofa/sofa_0713.npy,"(1024, 3)",False,False,PASS
datasets/lineB_downsampled_x4_up/strict_N/pu_net/test/sofa/sofa_0714.npy,"(1024, 3)",False,False,PASS
datasets/lineB_downsampled_x4_up/strict_N/pu_net/test/sofa/sofa_0715.npy,"(1024, 3)",False,False,PASS
datasets/lineB_downsampled_x4_up/strict_N/pu_net/test/sofa/sofa_0716.npy,"(1024, 3)",False,False,PASS
datasets/lineB_downsampled_x4_up/strict_N/pu_net/test/sofa/sofa_0717.npy,"(1024, 3)",False,False,PASS
datasets/lineB_downsampled_x4_up/strict_N/pu_net/test/sofa/sofa_0718.npy,"(1024, 3)",False,False,PASS
datasets/lineB_downsampled_x4_up/strict_N/pu_net/test/sofa/sofa_0719.npy,"(1024, 3)",False,False,PASS
datasets/lineB_downsampled_x4_up/strict_N/pu_net/test/sofa/sofa_0720.npy,"(1024, 3)",False,False,PASS
datasets/lineB_downsampled_x4_up/strict_N/pu_net/test/sofa/sofa_0721.npy,"(1024, 3)",False,False,PASS
datasets/lineB_downsampled_x4_up/strict_N/pu_net/test/sofa/sofa_0722.npy,"(1024, 3)",False,False,PASS
datasets/lineB_downsampled_x4_up/strict_N/pu_net/test/sofa/sofa_0723.npy,"(1024, 3)",False,False,PASS
datasets/lineB_downsampled_x4_up/strict_N/pu_net/test/sofa/sofa_0724.npy,"(1024, 3)",False,False,PASS
datasets/lineB_downsampled_x4_up/strict_N/pu_net/test/sofa/sofa_0725.npy,"(1024, 3)",False,False,PASS
datasets/lineB_downsampled_x4_up/strict_N/pu_net/test/sofa/sofa_0726.npy,"(1024, 3)",False,False,PASS
datasets/lineB_downsampled_x4_up/strict_N/pu_net/test/sofa/sofa_0727.npy,"(1024, 3)",False,False,PASS
datasets/lineB_downsampled_x4_up/strict_N/pu_net/test/sofa/sofa_0728.npy,"(1024, 3)",False,False,PASS
datasets/lineB_downsampled_x4_up/strict_N/pu_net/test/sofa/sofa_0729.npy,"(1024, 3)",False,False,PASS
datasets/lineB_downsampled_x4_up/strict_N/pu_net/test/sofa/sofa_0730.npy,"(1024, 3)",False,False,PASS
datasets/lineB_downsampled_x4_up/strict_N/pu_net/test/sofa/sofa_0731.npy,"(1024, 3)",False,False,PASS
datasets/lineB_downsampled_x4_up/strict_N/pu_net/test/sofa/sofa_0732.npy,"(1024, 3)",False,False,PASS
datasets/lineB_downsampled_x4_up/strict_N/pu_net/test/sofa/sofa_0733.npy,"(1024, 3)",False,False,PASS
datasets/lineB_downsampled_x4_up/strict_N/pu_net/test/sofa/sofa_0734.npy,"(1024, 3)",False,False,PASS
datasets/lineB_downsampled_x4_up/strict_N/pu_net/test/sofa/sofa_0735.npy,"(1024, 3)",False,False,PASS
datasets/lineB_downsampled_x4_up/strict_N/pu_net/test/sofa/sofa_0736.npy,"(1024, 3)",False,False,PASS
datasets/lineB_downsampled_x4_up/strict_N/pu_net/test/sofa/sofa_0737.npy,"(1024, 3)",False,False,PASS
datasets/lineB_downsampled_x4_up/strict_N/pu_net/test/sofa/sofa_0738.npy,"(1024, 3)",False,False,PASS
datasets/lineB_downsampled_x4_up/strict_N/pu_net/test/sofa/sofa_0739.npy,"(1024, 3)",False,False,PASS
datasets/lineB_downsampled_x4_up/strict_N/pu_net/test/sofa/sofa_0740.npy,"(1024, 3)",False,False,PASS
datasets/lineB_downsampled_x4_up/strict_N/pu_net/test/sofa/sofa_0741.npy,"(1024, 3)",False,False,PASS
datasets/lineB_downsampled_x4_up/strict_N/pu_net/test/sofa/sofa_0742.npy,"(1024, 3)",False,False,PASS
datasets/lineB_downsampled_x4_up/strict_N/pu_net/test/sofa/sofa_0743.npy,"(1024, 3)",False,False,PASS
datasets/lineB_downsampled_x4_up/strict_N/pu_net/test/sofa/sofa_0744.npy,"(1024, 3)",False,False,PASS
datasets/lineB_downsampled_x4_up/strict_N/pu_net/test/sofa/sofa_0745.npy,"(1024, 3)",False,False,PASS
datasets/lineB_downsampled_x4_up/strict_N/pu_net/test/sofa/sofa_0746.npy,"(1024, 3)",False,False,PASS
datasets/lineB_downsampled_x4_up/strict_N/pu_net/test/sofa/sofa_0747.npy,"(1024, 3)",False,False,PASS
datasets/lineB_downsampled_x4_up/strict_N/pu_net/test/sofa/sofa_0748.npy,"(1024, 3)",False,False,PASS
datasets/lineB_downsampled_x4_up/strict_N/pu_net/test/sofa/sofa_0749.npy,"(1024, 3)",False,False,PASS
datasets/lineB_downsampled_x4_up/strict_N/pu_net/test/sofa/sofa_0750.npy,"(1024, 3)",False,False,PASS
datasets/lineB_downsampled_x4_up/strict_N/pu_net/test/sofa/sofa_0751.npy,"(1024, 3)",False,False,PASS
datasets/lineB_downsampled_x4_up/strict_N/pu_net/test/sofa/sofa_0752.npy,"(1024, 3)",False,False,PASS
datasets/lineB_downsampled_x4_up/strict_N/pu_net/test/sofa/sofa_0753.npy,"(1024, 3)",False,False,PASS
datasets/lineB_downsampled_x4_up/strict_N/pu_net/test/sofa/sofa_0754.npy,"(1024, 3)",False,False,PASS
datasets/lineB_downsampled_x4_up/strict_N/pu_net/test/sofa/sofa_0755.npy,"(1024, 3)",False,False,PASS
datasets/lineB_downsampled_x4_up/strict_N/pu_net/test/sofa/sofa_0756.npy,"(1024, 3)",False,False,PASS
datasets/lineB_downsampled_x4_up/strict_N/pu_net/test/sofa/sofa_0757.npy,"(1024, 3)",False,False,PASS
datasets/lineB_downsampled_x4_up/strict_N/pu_net/test/sofa/sofa_0758.npy,"(1024, 3)",False,False,PASS
datasets/lineB_downsampled_x4_up/strict_N/pu_net/test/sofa/sofa_0759.npy,"(1024, 3)",False,False,PASS
datasets/lineB_downsampled_x4_up/strict_N/pu_net/test/sofa/sofa_0760.npy,"(1024, 3)",False,False,PASS
datasets/lineB_downsampled_x4_up/strict_N/pu_net/test/sofa/sofa_0761.npy,"(1024, 3)",False,False,PASS
datasets/lineB_downsampled_x4_up/strict_N/pu_net/test/sofa/sofa_0762.npy,"(1024, 3)",False,False,PASS
datasets/lineB_downsampled_x4_up/strict_N/pu_net/test/sofa/sofa_0763.npy,"(1024, 3)",False,False,PASS
datasets/lineB_downsampled_x4_up/strict_N/pu_net/test/sofa/sofa_0764.npy,"(1024, 3)",False,False,PASS
datasets/lineB_downsampled_x4_up/strict_N/pu_net/test/sofa/sofa_0765.npy,"(1024, 3)",False,False,PASS
datasets/lineB_downsampled_x4_up/strict_N/pu_net/test/sofa/sofa_0766.npy,"(1024, 3)",False,False,PASS
datasets/lineB_downsampled_x4_up/strict_N/pu_net/test/sofa/sofa_0767.npy,"(1024, 3)",False,False,PASS
datasets/lineB_downsampled_x4_up/strict_N/pu_net/test/sofa/sofa_0768.npy,"(1024, 3)",False,False,PASS
datasets/lineB_downsampled_x4_up/strict_N/pu_net/test/sofa/sofa_0769.npy,"(1024, 3)",False,False,PASS
datasets/lineB_downsampled_x4_up/strict_N/pu_net/test/sofa/sofa_0770.npy,"(1024, 3)",False,False,PASS
datasets/lineB_downsampled_x4_up/strict_N/pu_net/test/sofa/sofa_0771.npy,"(1024, 3)",False,False,PASS
datasets/lineB_downsampled_x4_up/strict_N/pu_net/test/sofa/sofa_0772.npy,"(1024, 3)",False,False,PASS
datasets/lineB_downsampled_x4_up/strict_N/pu_net/test/sofa/sofa_0773.npy,"(1024, 3)",False,False,PASS
datasets/lineB_downsampled_x4_up/strict_N/pu_net/test/sofa/sofa_0774.npy,"(1024, 3)",False,False,PASS
datasets/lineB_downsampled_x4_up/strict_N/pu_net/test/sofa/sofa_0775.npy,"(1024, 3)",False,False,PASS
datasets/lineB_downsampled_x4_up/strict_N/pu_net/test/sofa/sofa_0776.npy,"(1024, 3)",False,False,PASS
datasets/lineB_downsampled_x4_up/strict_N/pu_net/test/sofa/sofa_0777.npy,"(1024, 3)",False,False,PASS
datasets/lineB_downsampled_x4_up/strict_N/pu_net/test/sofa/sofa_0778.npy,"(1024, 3)",False,False,PASS
datasets/lineB_downsampled_x4_up/strict_N/pu_net/test/sofa/sofa_0779.npy,"(1024, 3)",False,False,PASS
datasets/lineB_downsampled_x4_up/strict_N/pu_net/test/sofa/sofa_0780.npy,"(1024, 3)",False,False,PASS
datasets/lineB_downsampled_x4_up/strict_N/pu_net/test/stairs/stairs_0125.npy,"(1024, 3)",False,False,PASS
datasets/lineB_downsampled_x4_up/strict_N/pu_net/test/stairs/stairs_0126.npy,"(1024, 3)",False,False,PASS
datasets/lineB_downsampled_x4_up/strict_N/pu_net/test/stairs/stairs_0127.npy,"(1024, 3)",False,False,PASS
datasets/lineB_downsampled_x4_up/strict_N/pu_net/test/stairs/stairs_0128.npy,"(1024, 3)",False,False,PASS
datasets/lineB_downsampled_x4_up/strict_N/pu_net/test/stairs/stairs_0129.npy,"(1024, 3)",False,False,PASS
datasets/lineB_downsampled_x4_up/strict_N/pu_net/test/stairs/stairs_0130.npy,"(1024, 3)",False,False,PASS
datasets/lineB_downsampled_x4_up/strict_N/pu_net/test/stairs/stairs_0131.npy,"(1024, 3)",False,False,PASS
datasets/lineB_downsampled_x4_up/strict_N/pu_net/test/stairs/stairs_0132.npy,"(1024, 3)",False,False,PASS
datasets/lineB_downsampled_x4_up/strict_N/pu_net/test/stairs/stairs_0133.npy,"(1024, 3)",False,False,PASS
datasets/lineB_downsampled_x4_up/strict_N/pu_net/test/stairs/stairs_0134.npy,"(1024, 3)",False,False,PASS
datasets/lineB_downsampled_x4_up/strict_N/pu_net/test/stairs/stairs_0135.npy,"(1024, 3)",False,False,PASS
datasets/lineB_downsampled_x4_up/strict_N/pu_net/test/stairs/stairs_0136.npy,"(1024, 3)",False,False,PASS
datasets/lineB_downsampled_x4_up/strict_N/pu_net/test/stairs/stairs_0137.npy,"(1024, 3)",False,False,PASS
datasets/lineB_downsampled_x4_up/strict_N/pu_net/test/stairs/stairs_0138.npy,"(1024, 3)",False,False,PASS
datasets/lineB_downsampled_x4_up/strict_N/pu_net/test/stairs/stairs_0139.npy,"(1024, 3)",False,False,PASS
datasets/lineB_downsampled_x4_up/strict_N/pu_net/test/stairs/stairs_0140.npy,"(1024, 3)",False,False,PASS
datasets/lineB_downsampled_x4_up/strict_N/pu_net/test/stairs/stairs_0141.npy,"(1024, 3)",False,False,PASS
datasets/lineB_downsampled_x4_up/strict_N/pu_net/test/stairs/stairs_0142.npy,"(1024, 3)",False,False,PASS
datasets/lineB_downsampled_x4_up/strict_N/pu_net/test/stairs/stairs_0143.npy,"(1024, 3)",False,False,PASS
datasets/lineB_downsampled_x4_up/strict_N/pu_net/test/stairs/stairs_0144.npy,"(1024, 3)",False,False,PASS
datasets/lineB_downsampled_x4_up/strict_N/pu_net/test/stool/stool_0091.npy,"(1024, 3)",False,False,PASS
datasets/lineB_downsampled_x4_up/strict_N/pu_net/test/stool/stool_0092.npy,"(1024, 3)",False,False,PASS
datasets/lineB_downsampled_x4_up/strict_N/pu_net/test/stool/stool_0093.npy,"(1024, 3)",False,False,PASS
datasets/lineB_downsampled_x4_up/strict_N/pu_net/test/stool/stool_0094.npy,"(1024, 3)",False,False,PASS
datasets/lineB_downsampled_x4_up/strict_N/pu_net/test/stool/stool_0095.npy,"(1024, 3)",False,False,PASS
datasets/lineB_downsampled_x4_up/strict_N/pu_net/test/stool/stool_0096.npy,"(1024, 3)",False,False,PASS
datasets/lineB_downsampled_x4_up/strict_N/pu_net/test/stool/stool_0097.npy,"(1024, 3)",False,False,PASS
datasets/lineB_downsampled_x4_up/strict_N/pu_net/test/stool/stool_0098.npy,"(1024, 3)",False,False,PASS
datasets/lineB_downsampled_x4_up/strict_N/pu_net/test/stool/stool_0099.npy,"(1024, 3)",False,False,PASS
datasets/lineB_downsampled_x4_up/strict_N/pu_net/test/stool/stool_0100.npy,"(1024, 3)",False,False,PASS
datasets/lineB_downsampled_x4_up/strict_N/pu_net/test/stool/stool_0101.npy,"(1024, 3)",False,False,PASS
datasets/lineB_downsampled_x4_up/strict_N/pu_net/test/stool/stool_0102.npy,"(1024, 3)",False,False,PASS
datasets/lineB_downsampled_x4_up/strict_N/pu_net/test/stool/stool_0103.npy,"(1024, 3)",False,False,PASS
datasets/lineB_downsampled_x4_up/strict_N/pu_net/test/stool/stool_0104.npy,"(1024, 3)",False,False,PASS
datasets/lineB_downsampled_x4_up/strict_N/pu_net/test/stool/stool_0105.npy,"(1024, 3)",False,False,PASS
datasets/lineB_downsampled_x4_up/strict_N/pu_net/test/stool/stool_0106.npy,"(1024, 3)",False,False,PASS
datasets/lineB_downsampled_x4_up/strict_N/pu_net/test/stool/stool_0107.npy,"(1024, 3)",False,False,PASS
datasets/lineB_downsampled_x4_up/strict_N/pu_net/test/stool/stool_0108.npy,"(1024, 3)",False,False,PASS
datasets/lineB_downsampled_x4_up/strict_N/pu_net/test/stool/stool_0109.npy,"(1024, 3)",False,False,PASS
datasets/lineB_downsampled_x4_up/strict_N/pu_net/test/stool/stool_0110.npy,"(1024, 3)",False,False,PASS
datasets/lineB_downsampled_x4_up/strict_N/pu_net/test/table/table_0393.npy,"(1024, 3)",False,False,PASS
datasets/lineB_downsampled_x4_up/strict_N/pu_net/test/table/table_0394.npy,"(1024, 3)",False,False,PASS
datasets/lineB_downsampled_x4_up/strict_N/pu_net/test/table/table_0395.npy,"(1024, 3)",False,False,PASS
datasets/lineB_downsampled_x4_up/strict_N/pu_net/test/table/table_0396.npy,"(1024, 3)",False,False,PASS
datasets/lineB_downsampled_x4_up/strict_N/pu_net/test/table/table_0397.npy,"(1024, 3)",False,False,PASS
datasets/lineB_downsampled_x4_up/strict_N/pu_net/test/table/table_0398.npy,"(1024, 3)",False,False,PASS
datasets/lineB_downsampled_x4_up/strict_N/pu_net/test/table/table_0399.npy,"(1024, 3)",False,False,PASS
datasets/lineB_downsampled_x4_up/strict_N/pu_net/test/table/table_0400.npy,"(1024, 3)",False,False,PASS
datasets/lineB_downsampled_x4_up/strict_N/pu_net/test/table/table_0401.npy,"(1024, 3)",False,False,PASS
datasets/lineB_downsampled_x4_up/strict_N/pu_net/test/table/table_0402.npy,"(1024, 3)",False,False,PASS
datasets/lineB_downsampled_x4_up/strict_N/pu_net/test/table/table_0403.npy,"(1024, 3)",False,False,PASS
datasets/lineB_downsampled_x4_up/strict_N/pu_net/test/table/table_0404.npy,"(1024, 3)",False,False,PASS
datasets/lineB_downsampled_x4_up/strict_N/pu_net/test/table/table_0405.npy,"(1024, 3)",False,False,PASS
datasets/lineB_downsampled_x4_up/strict_N/pu_net/test/table/table_0406.npy,"(1024, 3)",False,False,PASS
datasets/lineB_downsampled_x4_up/strict_N/pu_net/test/table/table_0407.npy,"(1024, 3)",False,False,PASS
datasets/lineB_downsampled_x4_up/strict_N/pu_net/test/table/table_0408.npy,"(1024, 3)",False,False,PASS
datasets/lineB_downsampled_x4_up/strict_N/pu_net/test/tv_stand/tv_stand_0350.npy,"(1024, 3)",False,False,PASS
datasets/lineB_downsampled_x4_up/strict_N/pu_net/test/tv_stand/tv_stand_0351.npy,"(1024, 3)",False,False,PASS
datasets/lineB_downsampled_x4_up/strict_N/pu_net/test/tv_stand/tv_stand_0352.npy,"(1024, 3)",False,False,PASS
datasets/lineB_downsampled_x4_up/strict_N/pu_net/test/tv_stand/tv_stand_0353.npy,"(1024, 3)",False,False,PASS
datasets/lineB_downsampled_x4_up/strict_N/pu_net/test/tv_stand/tv_stand_0354.npy,"(1024, 3)",False,False,PASS
datasets/lineB_downsampled_x4_up/strict_N/pu_net/test/tv_stand/tv_stand_0355.npy,"(1024, 3)",False,False,PASS
datasets/lineB_downsampled_x4_up/strict_N/pu_net/test/tv_stand/tv_stand_0356.npy,"(1024, 3)",False,False,PASS
datasets/lineB_downsampled_x4_up/strict_N/pu_net/test/tv_stand/tv_stand_0357.npy,"(1024, 3)",False,False,PASS
datasets/lineB_downsampled_x4_up/strict_N/pu_net/test/tv_stand/tv_stand_0358.npy,"(1024, 3)",False,False,PASS
datasets/lineB_downsampled_x4_up/strict_N/pu_net/test/tv_stand/tv_stand_0359.npy,"(1024, 3)",False,False,PASS
datasets/lineB_downsampled_x4_up/strict_N/pu_net/test/tv_stand/tv_stand_0360.npy,"(1024, 3)",False,False,PASS
datasets/lineB_downsampled_x4_up/strict_N/pu_net/test/tv_stand/tv_stand_0361.npy,"(1024, 3)",False,False,PASS
datasets/lineB_downsampled_x4_up/strict_N/pu_net/test/tv_stand/tv_stand_0362.npy,"(1024, 3)",False,False,PASS
datasets/lineB_downsampled_x4_up/strict_N/pu_net/test/tv_stand/tv_stand_0363.npy,"(1024, 3)",False,False,PASS
datasets/lineB_downsampled_x4_up/strict_N/pu_net/test/tv_stand/tv_stand_0364.npy,"(1024, 3)",False,False,PASS
datasets/lineB_downsampled_x4_up/strict_N/pu_net/test/tv_stand/tv_stand_0365.npy,"(1024, 3)",False,False,PASS
datasets/lineB_downsampled_x4_up/strict_N/pu_net/test/tv_stand/tv_stand_0366.npy,"(1024, 3)",False,False,PASS
datasets/lineB_downsampled_x4_up/strict_N/pu_net/test/tv_stand/tv_stand_0367.npy,"(1024, 3)",False,False,PASS
datasets/lineB_downsampled_x4_up/strict_N/pu_net/test/vase/vase_0476.npy,"(1024, 3)",False,False,PASS
datasets/lineB_downsampled_x4_up/strict_N/pu_net/test/vase/vase_0477.npy,"(1024, 3)",False,False,PASS
datasets/lineB_downsampled_x4_up/strict_N/pu_net/test/vase/vase_0478.npy,"(1024, 3)",False,False,PASS
datasets/lineB_downsampled_x4_up/strict_N/pu_net/test/vase/vase_0479.npy,"(1024, 3)",False,False,PASS
datasets/lineB_downsampled_x4_up/strict_N/pu_net/test/vase/vase_0480.npy,"(1024, 3)",False,False,PASS
datasets/lineB_downsampled_x4_up/strict_N/pu_net/test/vase/vase_0481.npy,"(1024, 3)",False,False,PASS
datasets/lineB_downsampled_x4_up/strict_N/pu_net/test/vase/vase_0482.npy,"(1024, 3)",False,False,PASS
datasets/lineB_downsampled_x4_up/strict_N/pu_net/test/vase/vase_0483.npy,"(1024, 3)",False,False,PASS
datasets/lineB_downsampled_x4_up/strict_N/pu_net/test/vase/vase_0484.npy,"(1024, 3)",False,False,PASS
datasets/lineB_downsampled_x4_up/strict_N/pu_net/test/vase/vase_0485.npy,"(1024, 3)",False,False,PASS
datasets/lineB_downsampled_x4_up/strict_N/pu_net/test/vase/vase_0486.npy,"(1024, 3)",False,False,PASS
datasets/lineB_downsampled_x4_up/strict_N/pu_net/test/vase/vase_0487.npy,"(1024, 3)",False,False,PASS
datasets/lineB_downsampled_x4_up/strict_N/pu_net/test/vase/vase_0488.npy,"(1024, 3)",False,False,PASS
datasets/lineB_downsampled_x4_up/strict_N/pu_net/test/vase/vase_0489.npy,"(1024, 3)",False,False,PASS
datasets/lineB_downsampled_x4_up/strict_N/pu_net/test/vase/vase_0490.npy,"(1024, 3)",False,False,PASS
datasets/lineB_downsampled_x4_up/strict_N/pu_net/test/vase/vase_0491.npy,"(1024, 3)",False,False,PASS
datasets/lineB_downsampled_x4_up/strict_N/pu_net/test/vase/vase_0492.npy,"(1024, 3)",False,False,PASS
datasets/lineB_downsampled_x4_up/strict_N/pu_net/test/vase/vase_0493.npy,"(1024, 3)",False,False,PASS
datasets/lineB_downsampled_x4_up/strict_N/pu_net/test/vase/vase_0494.npy,"(1024, 3)",False,False,PASS
datasets/lineB_downsampled_x4_up/strict_N/pu_net/test/vase/vase_0495.npy,"(1024, 3)",False,False,PASS
datasets/lineB_downsampled_x4_up/strict_N/pu_net/test/vase/vase_0496.npy,"(1024, 3)",False,False,PASS
datasets/lineB_downsampled_x4_up/strict_N/pu_net/test/vase/vase_0497.npy,"(1024, 3)",False,False,PASS
datasets/lineB_downsampled_x4_up/strict_N/pu_net/test/vase/vase_0498.npy,"(1024, 3)",False,False,PASS
datasets/lineB_downsampled_x4_up/strict_N/pu_net/test/vase/vase_0499.npy,"(1024, 3)",False,False,PASS
datasets/lineB_downsampled_x4_up/strict_N/pu_net/test/vase/vase_0500.npy,"(1024, 3)",False,False,PASS
datasets/lineB_downsampled_x4_up/strict_N/pu_net/test/vase/vase_0501.npy,"(1024, 3)",False,False,PASS
datasets/lineB_downsampled_x4_up/strict_N/pu_net/test/vase/vase_0502.npy,"(1024, 3)",False,False,PASS
datasets/lineB_downsampled_x4_up/strict_N/pu_net/test/vase/vase_0503.npy,"(1024, 3)",False,False,PASS
datasets/lineB_downsampled_x4_up/strict_N/pu_net/test/vase/vase_0504.npy,"(1024, 3)",False,False,PASS
datasets/lineB_downsampled_x4_up/strict_N/pu_net/test/vase/vase_0505.npy,"(1024, 3)",False,False,PASS
datasets/lineB_downsampled_x4_up/strict_N/pu_net/test/vase/vase_0506.npy,"(1024, 3)",False,False,PASS
datasets/lineB_downsampled_x4_up/strict_N/pu_net/test/vase/vase_0507.npy,"(1024, 3)",False,False,PASS
datasets/lineB_downsampled_x4_up/strict_N/pu_net/test/vase/vase_0508.npy,"(1024, 3)",False,False,PASS
datasets/lineB_downsampled_x4_up/strict_N/pu_net/test/vase/vase_0509.npy,"(1024, 3)",False,False,PASS
datasets/lineB_downsampled_x4_up/strict_N/pu_net/test/vase/vase_0510.npy,"(1024, 3)",False,False,PASS
datasets/lineB_downsampled_x4_up/strict_N/pu_net/test/vase/vase_0511.npy,"(1024, 3)",False,False,PASS
datasets/lineB_downsampled_x4_up/strict_N/pu_net/test/vase/vase_0512.npy,"(1024, 3)",False,False,PASS
datasets/lineB_downsampled_x4_up/strict_N/pu_net/test/vase/vase_0513.npy,"(1024, 3)",False,False,PASS
datasets/lineB_downsampled_x4_up/strict_N/pu_net/test/vase/vase_0514.npy,"(1024, 3)",False,False,PASS
datasets/lineB_downsampled_x4_up/strict_N/pu_net/test/vase/vase_0515.npy,"(1024, 3)",False,False,PASS
datasets/lineB_downsampled_x4_up/strict_N/pu_net/test/vase/vase_0516.npy,"(1024, 3)",False,False,PASS
datasets/lineB_downsampled_x4_up/strict_N/pu_net/test/vase/vase_0517.npy,"(1024, 3)",False,False,PASS
datasets/lineB_downsampled_x4_up/strict_N/pu_net/test/vase/vase_0518.npy,"(1024, 3)",False,False,PASS
datasets/lineB_downsampled_x4_up/strict_N/pu_net/test/vase/vase_0519.npy,"(1024, 3)",False,False,PASS
datasets/lineB_downsampled_x4_up/strict_N/pu_net/test/vase/vase_0520.npy,"(1024, 3)",False,False,PASS
datasets/lineB_downsampled_x4_up/strict_N/pu_net/test/vase/vase_0521.npy,"(1024, 3)",False,False,PASS
datasets/lineB_downsampled_x4_up/strict_N/pu_net/test/vase/vase_0522.npy,"(1024, 3)",False,False,PASS
datasets/lineB_downsampled_x4_up/strict_N/pu_net/test/vase/vase_0523.npy,"(1024, 3)",False,False,PASS
datasets/lineB_downsampled_x4_up/strict_N/pu_net/test/vase/vase_0524.npy,"(1024, 3)",False,False,PASS
datasets/lineB_downsampled_x4_up/strict_N/pu_net/test/vase/vase_0525.npy,"(1024, 3)",False,False,PASS
datasets/lineB_downsampled_x4_up/strict_N/pu_net/test/vase/vase_0526.npy,"(1024, 3)",False,False,PASS
datasets/lineB_downsampled_x4_up/strict_N/pu_net/test/vase/vase_0527.npy,"(1024, 3)",False,False,PASS
datasets/lineB_downsampled_x4_up/strict_N/pu_net/test/vase/vase_0528.npy,"(1024, 3)",False,False,PASS
datasets/lineB_downsampled_x4_up/strict_N/pu_net/test/vase/vase_0529.npy,"(1024, 3)",False,False,PASS
datasets/lineB_downsampled_x4_up/strict_N/pu_net/test/vase/vase_0530.npy,"(1024, 3)",False,False,PASS
datasets/lineB_downsampled_x4_up/strict_N/pu_net/test/vase/vase_0531.npy,"(1024, 3)",False,False,PASS
datasets/lineB_downsampled_x4_up/strict_N/pu_net/test/vase/vase_0532.npy,"(1024, 3)",False,False,PASS
datasets/lineB_downsampled_x4_up/strict_N/pu_net/test/vase/vase_0533.npy,"(1024, 3)",False,False,PASS
datasets/lineB_downsampled_x4_up/strict_N/pu_net/test/vase/vase_0534.npy,"(1024, 3)",False,False,PASS
datasets/lineB_downsampled_x4_up/strict_N/pu_net/test/vase/vase_0535.npy,"(1024, 3)",False,False,PASS
datasets/lineB_downsampled_x4_up/strict_N/pu_net/test/vase/vase_0536.npy,"(1024, 3)",False,False,PASS
datasets/lineB_downsampled_x4_up/strict_N/pu_net/test/vase/vase_0537.npy,"(1024, 3)",False,False,PASS
datasets/lineB_downsampled_x4_up/strict_N/pu_net/test/vase/vase_0538.npy,"(1024, 3)",False,False,PASS
datasets/lineB_downsampled_x4_up/strict_N/pu_net/test/vase/vase_0539.npy,"(1024, 3)",False,False,PASS
datasets/lineB_downsampled_x4_up/strict_N/pu_net/test/vase/vase_0540.npy,"(1024, 3)",False,False,PASS
datasets/lineB_downsampled_x4_up/strict_N/pu_net/test/vase/vase_0541.npy,"(1024, 3)",False,False,PASS
datasets/lineB_downsampled_x4_up/strict_N/pu_net/test/vase/vase_0542.npy,"(1024, 3)",False,False,PASS
datasets/lineB_downsampled_x4_up/strict_N/pu_net/test/vase/vase_0543.npy,"(1024, 3)",False,False,PASS
datasets/lineB_downsampled_x4_up/strict_N/pu_net/test/vase/vase_0544.npy,"(1024, 3)",False,False,PASS
datasets/lineB_downsampled_x4_up/strict_N/pu_net/test/vase/vase_0545.npy,"(1024, 3)",False,False,PASS
datasets/lineB_downsampled_x4_up/strict_N/pu_net/test/vase/vase_0546.npy,"(1024, 3)",False,False,PASS
datasets/lineB_downsampled_x4_up/strict_N/pu_net/test/vase/vase_0547.npy,"(1024, 3)",False,False,PASS
datasets/lineB_downsampled_x4_up/strict_N/pu_net/test/vase/vase_0548.npy,"(1024, 3)",False,False,PASS
datasets/lineB_downsampled_x4_up/strict_N/pu_net/test/vase/vase_0549.npy,"(1024, 3)",False,False,PASS
datasets/lineB_downsampled_x4_up/strict_N/pu_net/test/vase/vase_0550.npy,"(1024, 3)",False,False,PASS
datasets/lineB_downsampled_x4_up/strict_N/pu_net/test/vase/vase_0551.npy,"(1024, 3)",False,False,PASS
datasets/lineB_downsampled_x4_up/strict_N/pu_net/test/vase/vase_0552.npy,"(1024, 3)",False,False,PASS
datasets/lineB_downsampled_x4_up/strict_N/pu_net/test/vase/vase_0553.npy,"(1024, 3)",False,False,PASS
datasets/lineB_downsampled_x4_up/strict_N/pu_net/test/vase/vase_0554.npy,"(1024, 3)",False,False,PASS
datasets/lineB_downsampled_x4_up/strict_N/pu_net/test/vase/vase_0555.npy,"(1024, 3)",False,False,PASS
datasets/lineB_downsampled_x4_up/strict_N/pu_net/test/vase/vase_0556.npy,"(1024, 3)",False,False,PASS
datasets/lineB_downsampled_x4_up/strict_N/pu_net/test/vase/vase_0557.npy,"(1024, 3)",False,False,PASS
datasets/lineB_downsampled_x4_up/strict_N/pu_net/test/vase/vase_0558.npy,"(1024, 3)",False,False,PASS
datasets/lineB_downsampled_x4_up/strict_N/pu_net/test/vase/vase_0559.npy,"(1024, 3)",False,False,PASS
datasets/lineB_downsampled_x4_up/strict_N/pu_net/test/vase/vase_0560.npy,"(1024, 3)",False,False,PASS
datasets/lineB_downsampled_x4_up/strict_N/pu_net/test/vase/vase_0561.npy,"(1024, 3)",False,False,PASS
datasets/lineB_downsampled_x4_up/strict_N/pu_net/test/vase/vase_0562.npy,"(1024, 3)",False,False,PASS
datasets/lineB_downsampled_x4_up/strict_N/pu_net/test/vase/vase_0563.npy,"(1024, 3)",False,False,PASS
datasets/lineB_downsampled_x4_up/strict_N/pu_net/test/vase/vase_0564.npy,"(1024, 3)",False,False,PASS
datasets/lineB_downsampled_x4_up/strict_N/pu_net/test/vase/vase_0565.npy,"(1024, 3)",False,False,PASS
datasets/lineB_downsampled_x4_up/strict_N/pu_net/test/vase/vase_0566.npy,"(1024, 3)",False,False,PASS
datasets/lineB_downsampled_x4_up/strict_N/pu_net/test/vase/vase_0567.npy,"(1024, 3)",False,False,PASS
datasets/lineB_downsampled_x4_up/strict_N/pu_net/test/vase/vase_0568.npy,"(1024, 3)",False,False,PASS
datasets/lineB_downsampled_x4_up/strict_N/pu_net/test/vase/vase_0569.npy,"(1024, 3)",False,False,PASS
datasets/lineB_downsampled_x4_up/strict_N/pu_net/test/vase/vase_0570.npy,"(1024, 3)",False,False,PASS
datasets/lineB_downsampled_x4_up/strict_N/pu_net/test/vase/vase_0571.npy,"(1024, 3)",False,False,PASS
datasets/lineB_downsampled_x4_up/strict_N/pu_net/test/vase/vase_0572.npy,"(1024, 3)",False,False,PASS
datasets/lineB_downsampled_x4_up/strict_N/pu_net/test/vase/vase_0573.npy,"(1024, 3)",False,False,PASS
datasets/lineB_downsampled_x4_up/strict_N/pu_net/test/vase/vase_0574.npy,"(1024, 3)",False,False,PASS
datasets/lineB_downsampled_x4_up/strict_N/pu_net/test/vase/vase_0575.npy,"(1024, 3)",False,False,PASS
datasets/lineB_downsampled_x4_up/strict_N/pu_net/test/wardrobe/wardrobe_0088.npy,"(1024, 3)",False,False,PASS
datasets/lineB_downsampled_x4_up/strict_N/pu_net/test/wardrobe/wardrobe_0089.npy,"(1024, 3)",False,False,PASS
datasets/lineB_downsampled_x4_up/strict_N/pu_net/test/wardrobe/wardrobe_0090.npy,"(1024, 3)",False,False,PASS
datasets/lineB_downsampled_x4_up/strict_N/pu_net/test/wardrobe/wardrobe_0091.npy,"(1024, 3)",False,False,PASS
datasets/lineB_downsampled_x4_up/strict_N/pu_net/test/wardrobe/wardrobe_0092.npy,"(1024, 3)",False,False,PASS
datasets/lineB_downsampled_x4_up/strict_N/pu_net/test/wardrobe/wardrobe_0093.npy,"(1024, 3)",False,False,PASS
datasets/lineB_downsampled_x4_up/strict_N/pu_net/test/wardrobe/wardrobe_0094.npy,"(1024, 3)",False,False,PASS
datasets/lineB_downsampled_x4_up/strict_N/pu_net/test/wardrobe/wardrobe_0095.npy,"(1024, 3)",False,False,PASS
datasets/lineB_downsampled_x4_up/strict_N/pu_net/test/wardrobe/wardrobe_0096.npy,"(1024, 3)",False,False,PASS
datasets/lineB_downsampled_x4_up/strict_N/pu_net/test/wardrobe/wardrobe_0097.npy,"(1024, 3)",False,False,PASS
datasets/lineB_downsampled_x4_up/strict_N/pu_net/test/wardrobe/wardrobe_0098.npy,"(1024, 3)",False,False,PASS
datasets/lineB_downsampled_x4_up/strict_N/pu_net/test/wardrobe/wardrobe_0099.npy,"(1024, 3)",False,False,PASS
datasets/lineB_downsampled_x4_up/strict_N/pu_net/test/wardrobe/wardrobe_0100.npy,"(1024, 3)",False,False,PASS
datasets/lineB_downsampled_x4_up/strict_N/pu_net/test/wardrobe/wardrobe_0101.npy,"(1024, 3)",False,False,PASS
datasets/lineB_downsampled_x4_up/strict_N/pu_net/test/wardrobe/wardrobe_0102.npy,"(1024, 3)",False,False,PASS
datasets/lineB_downsampled_x4_up/strict_N/pu_net/test/wardrobe/wardrobe_0103.npy,"(1024, 3)",False,False,PASS
datasets/lineB_downsampled_x4_up/strict_N/pu_net/test/wardrobe/wardrobe_0104.npy,"(1024, 3)",False,False,PASS
datasets/lineB_downsampled_x4_up/strict_N/pu_net/test/wardrobe/wardrobe_0105.npy,"(1024, 3)",False,False,PASS
datasets/lineB_downsampled_x4_up/strict_N/pu_net/test/wardrobe/wardrobe_0106.npy,"(1024, 3)",False,False,PASS
datasets/lineB_downsampled_x4_up/strict_N/pu_net/test/wardrobe/wardrobe_0107.npy,"(1024, 3)",False,False,PASS
datasets/lineB_downsampled_x4_up/strict_N/pu_net/test/xbox/xbox_0104.npy,"(1024, 3)",False,False,PASS
datasets/lineB_downsampled_x4_up/strict_N/pu_net/test/xbox/xbox_0105.npy,"(1024, 3)",False,False,PASS
datasets/lineB_downsampled_x4_up/strict_N/pu_net/test/xbox/xbox_0106.npy,"(1024, 3)",False,False,PASS
datasets/lineB_downsampled_x4_up/strict_N/pu_net/test/xbox/xbox_0107.npy,"(1024, 3)",False,False,PASS
datasets/lineB_downsampled_x4_up/strict_N/pu_net/test/xbox/xbox_0108.npy,"(1024, 3)",False,False,PASS
datasets/lineB_downsampled_x4_up/strict_N/pu_net/test/xbox/xbox_0109.npy,"(1024, 3)",False,False,PASS
datasets/lineB_downsampled_x4_up/strict_N/pu_net/test/xbox/xbox_0110.npy,"(1024, 3)",False,False,PASS
datasets/lineB_downsampled_x4_up/strict_N/pu_net/test/xbox/xbox_0111.npy,"(1024, 3)",False,False,PASS
datasets/lineB_downsampled_x4_up/strict_N/pu_net/test/xbox/xbox_0112.npy,"(1024, 3)",False,False,PASS
datasets/lineB_downsampled_x4_up/strict_N/pu_net/test/xbox/xbox_0113.npy,"(1024, 3)",False,False,PASS
datasets/lineB_downsampled_x4_up/strict_N/pu_net/test/xbox/xbox_0114.npy,"(1024, 3)",False,False,PASS
datasets/lineB_downsampled_x4_up/strict_N/pu_net/test/xbox/xbox_0115.npy,"(1024, 3)",False,False,PASS
datasets/lineB_downsampled_x4_up/strict_N/pu_net/test/xbox/xbox_0116.npy,"(1024, 3)",False,False,PASS
datasets/lineB_downsampled_x4_up/strict_N/pu_net/test/xbox/xbox_0117.npy,"(1024, 3)",False,False,PASS
datasets/lineB_downsampled_x4_up/strict_N/pu_net/test/xbox/xbox_0118.npy,"(1024, 3)",False,False,PASS
datasets/lineB_downsampled_x4_up/strict_N/pu_net/test/xbox/xbox_0119.npy,"(1024, 3)",False,False,PASS
datasets/lineB_downsampled_x4_up/strict_N/pu_net/test/xbox/xbox_0120.npy,"(1024, 3)",False,False,PASS
datasets/lineB_downsampled_x4_up/strict_N/pu_net/test/xbox/xbox_0121.npy,"(1024, 3)",False,False,PASS
datasets/lineB_downsampled_x4_up/strict_N/pu_net/test/xbox/xbox_0122.npy,"(1024, 3)",False,False,PASS
datasets/lineB_downsampled_x4_up/strict_N/pu_net/test/xbox/xbox_0123.npy,"(1024, 3)",False,False,PASS
datasets/lineB_downsampled_x4_up/strict_N/pu_net/train/airplane/airplane_0001.npy,"(1024, 3)",False,False,PASS
datasets/lineB_downsampled_x4_up/strict_N/pu_net/train/airplane/airplane_0002.npy,"(1024, 3)",False,False,PASS
datasets/lineB_downsampled_x4_up/strict_N/pu_net/train/airplane/airplane_0003.npy,"(1024, 3)",False,False,PASS
datasets/lineB_downsampled_x4_up/strict_N/pu_net/train/airplane/airplane_0004.npy,"(1024, 3)",False,False,PASS
datasets/lineB_downsampled_x4_up/strict_N/pu_net/train/airplane/airplane_0005.npy,"(1024, 3)",False,False,PASS
datasets/lineB_downsampled_x4_up/strict_N/pu_net/train/airplane/airplane_0006.npy,"(1024, 3)",False,False,PASS
datasets/lineB_downsampled_x4_up/strict_N/pu_net/train/airplane/airplane_0007.npy,"(1024, 3)",False,False,PASS
datasets/lineB_downsampled_x4_up/strict_N/pu_net/train/airplane/airplane_0008.npy,"(1024, 3)",False,False,PASS
datasets/lineB_downsampled_x4_up/strict_N/pu_net/train/airplane/airplane_0009.npy,"(1024, 3)",False,False,PASS
datasets/lineB_downsampled_x4_up/strict_N/pu_net/train/airplane/airplane_0010.npy,"(1024, 3)",False,False,PASS
datasets/lineB_downsampled_x4_up/strict_N/pu_net/train/airplane/airplane_0011.npy,"(1024, 3)",False,False,PASS
datasets/lineB_downsampled_x4_up/strict_N/pu_net/train/airplane/airplane_0012.npy,"(1024, 3)",False,False,PASS
datasets/lineB_downsampled_x4_up/strict_N/pu_net/train/airplane/airplane_0013.npy,"(1024, 3)",False,False,PASS
datasets/lineB_downsampled_x4_up/strict_N/pu_net/train/airplane/airplane_0014.npy,"(1024, 3)",False,False,PASS
datasets/lineB_downsampled_x4_up/strict_N/pu_net/train/airplane/airplane_0015.npy,"(1024, 3)",False,False,PASS
datasets/lineB_downsampled_x4_up/strict_N/pu_net/train/airplane/airplane_0016.npy,"(1024, 3)",False,False,PASS
datasets/lineB_downsampled_x4_up/strict_N/pu_net/train/airplane/airplane_0017.npy,"(1024, 3)",False,False,PASS
datasets/lineB_downsampled_x4_up/strict_N/pu_net/train/airplane/airplane_0018.npy,"(1024, 3)",False,False,PASS
datasets/lineB_downsampled_x4_up/strict_N/pu_net/train/airplane/airplane_0019.npy,"(1024, 3)",False,False,PASS
datasets/lineB_downsampled_x4_up/strict_N/pu_net/train/airplane/airplane_0020.npy,"(1024, 3)",False,False,PASS
datasets/lineB_downsampled_x4_up/strict_N/pu_net/train/airplane/airplane_0021.npy,"(1024, 3)",False,False,PASS
datasets/lineB_downsampled_x4_up/strict_N/pu_net/train/airplane/airplane_0022.npy,"(1024, 3)",False,False,PASS
datasets/lineB_downsampled_x4_up/strict_N/pu_net/train/airplane/airplane_0023.npy,"(1024, 3)",False,False,PASS
datasets/lineB_downsampled_x4_up/strict_N/pu_net/train/airplane/airplane_0024.npy,"(1024, 3)",False,False,PASS
datasets/lineB_downsampled_x4_up/strict_N/pu_net/train/airplane/airplane_0025.npy,"(1024, 3)",False,False,PASS
datasets/lineB_downsampled_x4_up/strict_N/pu_net/train/airplane/airplane_0026.npy,"(1024, 3)",False,False,PASS
datasets/lineB_downsampled_x4_up/strict_N/pu_net/train/airplane/airplane_0027.npy,"(1024, 3)",False,False,PASS
datasets/lineB_downsampled_x4_up/strict_N/pu_net/train/airplane/airplane_0028.npy,"(1024, 3)",False,False,PASS
datasets/lineB_downsampled_x4_up/strict_N/pu_net/train/airplane/airplane_0029.npy,"(1024, 3)",False,False,PASS
datasets/lineB_downsampled_x4_up/strict_N/pu_net/train/airplane/airplane_0030.npy,"(1024, 3)",False,False,PASS
datasets/lineB_downsampled_x4_up/strict_N/pu_net/train/airplane/airplane_0031.npy,"(1024, 3)",False,False,PASS
datasets/lineB_downsampled_x4_up/strict_N/pu_net/train/airplane/airplane_0032.npy,"(1024, 3)",False,False,PASS
datasets/lineB_downsampled_x4_up/strict_N/pu_net/train/airplane/airplane_0033.npy,"(1024, 3)",False,False,PASS
datasets/lineB_downsampled_x4_up/strict_N/pu_net/train/airplane/airplane_0034.npy,"(1024, 3)",False,False,PASS
datasets/lineB_downsampled_x4_up/strict_N/pu_net/train/airplane/airplane_0035.npy,"(1024, 3)",False,False,PASS
datasets/lineB_downsampled_x4_up/strict_N/pu_net/train/airplane/airplane_0036.npy,"(1024, 3)",False,False,PASS
datasets/lineB_downsampled_x4_up/strict_N/pu_net/train/airplane/airplane_0037.npy,"(1024, 3)",False,False,PASS
datasets/lineB_downsampled_x4_up/strict_N/pu_net/train/airplane/airplane_0038.npy,"(1024, 3)",False,False,PASS
datasets/lineB_downsampled_x4_up/strict_N/pu_net/train/airplane/airplane_0039.npy,"(1024, 3)",False,False,PASS
datasets/lineB_downsampled_x4_up/strict_N/pu_net/train/airplane/airplane_0040.npy,"(1024, 3)",False,False,PASS
datasets/lineB_downsampled_x4_up/strict_N/pu_net/train/airplane/airplane_0041.npy,"(1024, 3)",False,False,PASS
datasets/lineB_downsampled_x4_up/strict_N/pu_net/train/airplane/airplane_0042.npy,"(1024, 3)",False,False,PASS
datasets/lineB_downsampled_x4_up/strict_N/pu_net/train/airplane/airplane_0043.npy,"(1024, 3)",False,False,PASS
datasets/lineB_downsampled_x4_up/strict_N/pu_net/train/airplane/airplane_0044.npy,"(1024, 3)",False,False,PASS
datasets/lineB_downsampled_x4_up/strict_N/pu_net/train/airplane/airplane_0045.npy,"(1024, 3)",False,False,PASS
datasets/lineB_downsampled_x4_up/strict_N/pu_net/train/airplane/airplane_0046.npy,"(1024, 3)",False,False,PASS
datasets/lineB_downsampled_x4_up/strict_N/pu_net/train/airplane/airplane_0047.npy,"(1024, 3)",False,False,PASS
datasets/lineB_downsampled_x4_up/strict_N/pu_net/train/airplane/airplane_0048.npy,"(1024, 3)",False,False,PASS
datasets/lineB_downsampled_x4_up/strict_N/pu_net/train/airplane/airplane_0049.npy,"(1024, 3)",False,False,PASS
datasets/lineB_downsampled_x4_up/strict_N/pu_net/train/airplane/airplane_0050.npy,"(1024, 3)",False,False,PASS
datasets/lineB_downsampled_x4_up/strict_N/pu_net/train/airplane/airplane_0051.npy,"(1024, 3)",False,False,PASS
datasets/lineB_downsampled_x4_up/strict_N/pu_net/train/airplane/airplane_0052.npy,"(1024, 3)",False,False,PASS
datasets/lineB_downsampled_x4_up/strict_N/pu_net/train/airplane/airplane_0053.npy,"(1024, 3)",False,False,PASS
datasets/lineB_downsampled_x4_up/strict_N/pu_net/train/airplane/airplane_0054.npy,"(1024, 3)",False,False,PASS
datasets/lineB_downsampled_x4_up/strict_N/pu_net/train/airplane/airplane_0055.npy,"(1024, 3)",False,False,PASS
datasets/lineB_downsampled_x4_up/strict_N/pu_net/train/airplane/airplane_0056.npy,"(1024, 3)",False,False,PASS
datasets/lineB_downsampled_x4_up/strict_N/pu_net/train/airplane/airplane_0057.npy,"(1024, 3)",False,False,PASS
datasets/lineB_downsampled_x4_up/strict_N/pu_net/train/airplane/airplane_0058.npy,"(1024, 3)",False,False,PASS
datasets/lineB_downsampled_x4_up/strict_N/pu_net/train/airplane/airplane_0059.npy,"(1024, 3)",False,False,PASS
datasets/lineB_downsampled_x4_up/strict_N/pu_net/train/airplane/airplane_0060.npy,"(1024, 3)",False,False,PASS
datasets/lineB_downsampled_x4_up/strict_N/pu_net/train/airplane/airplane_0061.npy,"(1024, 3)",False,False,PASS
datasets/lineB_downsampled_x4_up/strict_N/pu_net/train/airplane/airplane_0062.npy,"(1024, 3)",False,False,PASS
datasets/lineB_downsampled_x4_up/strict_N/pu_net/train/airplane/airplane_0063.npy,"(1024, 3)",False,False,PASS
datasets/lineB_downsampled_x4_up/strict_N/pu_net/train/airplane/airplane_0064.npy,"(1024, 3)",False,False,PASS
datasets/lineB_downsampled_x4_up/strict_N/pu_net/train/airplane/airplane_0065.npy,"(1024, 3)",False,False,PASS
datasets/lineB_downsampled_x4_up/strict_N/pu_net/train/airplane/airplane_0066.npy,"(1024, 3)",False,False,PASS
datasets/lineB_downsampled_x4_up/strict_N/pu_net/train/airplane/airplane_0067.npy,"(1024, 3)",False,False,PASS
datasets/lineB_downsampled_x4_up/strict_N/pu_net/train/airplane/airplane_0068.npy,"(1024, 3)",False,False,PASS
datasets/lineB_downsampled_x4_up/strict_N/pu_net/train/airplane/airplane_0069.npy,"(1024, 3)",False,False,PASS
datasets/lineB_downsampled_x4_up/strict_N/pu_net/train/airplane/airplane_0070.npy,"(1024, 3)",False,False,PASS
datasets/lineB_downsampled_x4_up/strict_N/pu_net/train/airplane/airplane_0071.npy,"(1024, 3)",False,False,PASS
datasets/lineB_downsampled_x4_up/strict_N/pu_net/train/airplane/airplane_0072.npy,"(1024, 3)",False,False,PASS
datasets/lineB_downsampled_x4_up/strict_N/pu_net/train/airplane/airplane_0073.npy,"(1024, 3)",False,False,PASS
datasets/lineB_downsampled_x4_up/strict_N/pu_net/train/airplane/airplane_0074.npy,"(1024, 3)",False,False,PASS
datasets/lineB_downsampled_x4_up/strict_N/pu_net/train/airplane/airplane_0075.npy,"(1024, 3)",False,False,PASS
datasets/lineB_downsampled_x4_up/strict_N/pu_net/train/airplane/airplane_0076.npy,"(1024, 3)",False,False,PASS
datasets/lineB_downsampled_x4_up/strict_N/pu_net/train/airplane/airplane_0077.npy,"(1024, 3)",False,False,PASS
datasets/lineB_downsampled_x4_up/strict_N/pu_net/train/airplane/airplane_0078.npy,"(1024, 3)",False,False,PASS
datasets/lineB_downsampled_x4_up/strict_N/pu_net/train/airplane/airplane_0079.npy,"(1024, 3)",False,False,PASS
datasets/lineB_downsampled_x4_up/strict_N/pu_net/train/airplane/airplane_0080.npy,"(1024, 3)",False,False,PASS
datasets/lineB_downsampled_x4_up/strict_N/pu_net/train/airplane/airplane_0081.npy,"(1024, 3)",False,False,PASS
datasets/lineB_downsampled_x4_up/strict_N/pu_net/train/airplane/airplane_0082.npy,"(1024, 3)",False,False,PASS
datasets/lineB_downsampled_x4_up/strict_N/pu_net/train/airplane/airplane_0083.npy,"(1024, 3)",False,False,PASS
datasets/lineB_downsampled_x4_up/strict_N/pu_net/train/airplane/airplane_0084.npy,"(1024, 3)",False,False,PASS
datasets/lineB_downsampled_x4_up/strict_N/pu_net/train/airplane/airplane_0085.npy,"(1024, 3)",False,False,PASS
datasets/lineB_downsampled_x4_up/strict_N/pu_net/train/airplane/airplane_0086.npy,"(1024, 3)",False,False,PASS
datasets/lineB_downsampled_x4_up/strict_N/pu_net/train/airplane/airplane_0087.npy,"(1024, 3)",False,False,PASS
datasets/lineB_downsampled_x4_up/strict_N/pu_net/train/airplane/airplane_0088.npy,"(1024, 3)",False,False,PASS
datasets/lineB_downsampled_x4_up/strict_N/pu_net/train/airplane/airplane_0089.npy,"(1024, 3)",False,False,PASS
datasets/lineB_downsampled_x4_up/strict_N/pu_net/train/airplane/airplane_0090.npy,"(1024, 3)",False,False,PASS
datasets/lineB_downsampled_x4_up/strict_N/pu_net/train/airplane/airplane_0091.npy,"(1024, 3)",False,False,PASS
datasets/lineB_downsampled_x4_up/strict_N/pu_net/train/airplane/airplane_0092.npy,"(1024, 3)",False,False,PASS
datasets/lineB_downsampled_x4_up/strict_N/pu_net/train/airplane/airplane_0093.npy,"(1024, 3)",False,False,PASS
datasets/lineB_downsampled_x4_up/strict_N/pu_net/train/airplane/airplane_0094.npy,"(1024, 3)",False,False,PASS
datasets/lineB_downsampled_x4_up/strict_N/pu_net/train/airplane/airplane_0095.npy,"(1024, 3)",False,False,PASS
datasets/lineB_downsampled_x4_up/strict_N/pu_net/train/airplane/airplane_0096.npy,"(1024, 3)",False,False,PASS
datasets/lineB_downsampled_x4_up/strict_N/pu_net/train/airplane/airplane_0097.npy,"(1024, 3)",False,False,PASS
datasets/lineB_downsampled_x4_up/strict_N/pu_net/train/airplane/airplane_0098.npy,"(1024, 3)",False,False,PASS
datasets/lineB_downsampled_x4_up/strict_N/pu_net/train/airplane/airplane_0099.npy,"(1024, 3)",False,False,PASS
datasets/lineB_downsampled_x4_up/strict_N/pu_net/train/airplane/airplane_0100.npy,"(1024, 3)",False,False,PASS
datasets/lineB_downsampled_x4_up/strict_N/pu_net/train/airplane/airplane_0101.npy,"(1024, 3)",False,False,PASS
datasets/lineB_downsampled_x4_up/strict_N/pu_net/train/airplane/airplane_0102.npy,"(1024, 3)",False,False,PASS
datasets/lineB_downsampled_x4_up/strict_N/pu_net/train/airplane/airplane_0103.npy,"(1024, 3)",False,False,PASS
datasets/lineB_downsampled_x4_up/strict_N/pu_net/train/airplane/airplane_0104.npy,"(1024, 3)",False,False,PASS
datasets/lineB_downsampled_x4_up/strict_N/pu_net/train/airplane/airplane_0105.npy,"(1024, 3)",False,False,PASS
datasets/lineB_downsampled_x4_up/strict_N/pu_net/train/airplane/airplane_0106.npy,"(1024, 3)",False,False,PASS
datasets/lineB_downsampled_x4_up/strict_N/pu_net/train/airplane/airplane_0107.npy,"(1024, 3)",False,False,PASS
datasets/lineB_downsampled_x4_up/strict_N/pu_net/train/airplane/airplane_0108.npy,"(1024, 3)",False,False,PASS
datasets/lineB_downsampled_x4_up/strict_N/pu_net/train/airplane/airplane_0109.npy,"(1024, 3)",False,False,PASS
datasets/lineB_downsampled_x4_up/strict_N/pu_net/train/airplane/airplane_0110.npy,"(1024, 3)",False,False,PASS
datasets/lineB_downsampled_x4_up/strict_N/pu_net/train/airplane/airplane_0111.npy,"(1024, 3)",False,False,PASS
datasets/lineB_downsampled_x4_up/strict_N/pu_net/train/airplane/airplane_0112.npy,"(1024, 3)",False,False,PASS
datasets/lineB_downsampled_x4_up/strict_N/pu_net/train/airplane/airplane_0113.npy,"(1024, 3)",False,False,PASS
datasets/lineB_downsampled_x4_up/strict_N/pu_net/train/airplane/airplane_0114.npy,"(1024, 3)",False,False,PASS
datasets/lineB_downsampled_x4_up/strict_N/pu_net/train/airplane/airplane_0115.npy,"(1024, 3)",False,False,PASS
datasets/lineB_downsampled_x4_up/strict_N/pu_net/train/airplane/airplane_0116.npy,"(1024, 3)",False,False,PASS
datasets/lineB_downsampled_x4_up/strict_N/pu_net/train/airplane/airplane_0117.npy,"(1024, 3)",False,False,PASS
datasets/lineB_downsampled_x4_up/strict_N/pu_net/train/airplane/airplane_0118.npy,"(1024, 3)",False,False,PASS
datasets/lineB_downsampled_x4_up/strict_N/pu_net/train/airplane/airplane_0119.npy,"(1024, 3)",False,False,PASS
datasets/lineB_downsampled_x4_up/strict_N/pu_net/train/airplane/airplane_0120.npy,"(1024, 3)",False,False,PASS
datasets/lineB_downsampled_x4_up/strict_N/pu_net/train/airplane/airplane_0121.npy,"(1024, 3)",False,False,PASS
datasets/lineB_downsampled_x4_up/strict_N/pu_net/train/airplane/airplane_0122.npy,"(1024, 3)",False,False,PASS
datasets/lineB_downsampled_x4_up/strict_N/pu_net/train/airplane/airplane_0123.npy,"(1024, 3)",False,False,PASS
datasets/lineB_downsampled_x4_up/strict_N/pu_net/train/airplane/airplane_0124.npy,"(1024, 3)",False,False,PASS
datasets/lineB_downsampled_x4_up/strict_N/pu_net/train/airplane/airplane_0125.npy,"(1024, 3)",False,False,PASS
datasets/lineB_downsampled_x4_up/strict_N/pu_net/train/airplane/airplane_0126.npy,"(1024, 3)",False,False,PASS
datasets/lineB_downsampled_x4_up/strict_N/pu_net/train/airplane/airplane_0127.npy,"(1024, 3)",False,False,PASS
datasets/lineB_downsampled_x4_up/strict_N/pu_net/train/airplane/airplane_0128.npy,"(1024, 3)",False,False,PASS
datasets/lineB_downsampled_x4_up/strict_N/pu_net/train/airplane/airplane_0129.npy,"(1024, 3)",False,False,PASS
datasets/lineB_downsampled_x4_up/strict_N/pu_net/train/airplane/airplane_0130.npy,"(1024, 3)",False,False,PASS
datasets/lineB_downsampled_x4_up/strict_N/pu_net/train/airplane/airplane_0131.npy,"(1024, 3)",False,False,PASS
datasets/lineB_downsampled_x4_up/strict_N/pu_net/train/airplane/airplane_0132.npy,"(1024, 3)",False,False,PASS
datasets/lineB_downsampled_x4_up/strict_N/pu_net/train/airplane/airplane_0133.npy,"(1024, 3)",False,False,PASS
datasets/lineB_downsampled_x4_up/strict_N/pu_net/train/airplane/airplane_0134.npy,"(1024, 3)",False,False,PASS
datasets/lineB_downsampled_x4_up/strict_N/pu_net/train/airplane/airplane_0135.npy,"(1024, 3)",False,False,PASS
datasets/lineB_downsampled_x4_up/strict_N/pu_net/train/airplane/airplane_0136.npy,"(1024, 3)",False,False,PASS
datasets/lineB_downsampled_x4_up/strict_N/pu_net/train/airplane/airplane_0137.npy,"(1024, 3)",False,False,PASS
datasets/lineB_downsampled_x4_up/strict_N/pu_net/train/airplane/airplane_0138.npy,"(1024, 3)",False,False,PASS
datasets/lineB_downsampled_x4_up/strict_N/pu_net/train/airplane/airplane_0139.npy,"(1024, 3)",False,False,PASS
datasets/lineB_downsampled_x4_up/strict_N/pu_net/train/airplane/airplane_0140.npy,"(1024, 3)",False,False,PASS
datasets/lineB_downsampled_x4_up/strict_N/pu_net/train/airplane/airplane_0141.npy,"(1024, 3)",False,False,PASS
datasets/lineB_downsampled_x4_up/strict_N/pu_net/train/airplane/airplane_0142.npy,"(1024, 3)",False,False,PASS
datasets/lineB_downsampled_x4_up/strict_N/pu_net/train/airplane/airplane_0143.npy,"(1024, 3)",False,False,PASS
datasets/lineB_downsampled_x4_up/strict_N/pu_net/train/airplane/airplane_0144.npy,"(1024, 3)",False,False,PASS
datasets/lineB_downsampled_x4_up/strict_N/pu_net/train/airplane/airplane_0145.npy,"(1024, 3)",False,False,PASS
datasets/lineB_downsampled_x4_up/strict_N/pu_net/train/airplane/airplane_0146.npy,"(1024, 3)",False,False,PASS
datasets/lineB_downsampled_x4_up/strict_N/pu_net/train/airplane/airplane_0147.npy,"(1024, 3)",False,False,PASS
datasets/lineB_downsampled_x4_up/strict_N/pu_net/train/airplane/airplane_0148.npy,"(1024, 3)",False,False,PASS
datasets/lineB_downsampled_x4_up/strict_N/pu_net/train/airplane/airplane_0149.npy,"(1024, 3)",False,False,PASS
datasets/lineB_downsampled_x4_up/strict_N/pu_net/train/airplane/airplane_0150.npy,"(1024, 3)",False,False,PASS
datasets/lineB_downsampled_x4_up/strict_N/pu_net/train/airplane/airplane_0151.npy,"(1024, 3)",False,False,PASS
datasets/lineB_downsampled_x4_up/strict_N/pu_net/train/airplane/airplane_0152.npy,"(1024, 3)",False,False,PASS
datasets/lineB_downsampled_x4_up/strict_N/pu_net/train/airplane/airplane_0153.npy,"(1024, 3)",False,False,PASS
datasets/lineB_downsampled_x4_up/strict_N/pu_net/train/airplane/airplane_0154.npy,"(1024, 3)",False,False,PASS
datasets/lineB_downsampled_x4_up/strict_N/pu_net/train/airplane/airplane_0155.npy,"(1024, 3)",False,False,PASS
datasets/lineB_downsampled_x4_up/strict_N/pu_net/train/airplane/airplane_0156.npy,"(1024, 3)",False,False,PASS
datasets/lineB_downsampled_x4_up/strict_N/pu_net/train/airplane/airplane_0157.npy,"(1024, 3)",False,False,PASS
datasets/lineB_downsampled_x4_up/strict_N/pu_net/train/airplane/airplane_0158.npy,"(1024, 3)",False,False,PASS
datasets/lineB_downsampled_x4_up/strict_N/pu_net/train/airplane/airplane_0159.npy,"(1024, 3)",False,False,PASS
datasets/lineB_downsampled_x4_up/strict_N/pu_net/train/airplane/airplane_0160.npy,"(1024, 3)",False,False,PASS
datasets/lineB_downsampled_x4_up/strict_N/pu_net/train/airplane/airplane_0161.npy,"(1024, 3)",False,False,PASS
datasets/lineB_downsampled_x4_up/strict_N/pu_net/train/airplane/airplane_0162.npy,"(1024, 3)",False,False,PASS
datasets/lineB_downsampled_x4_up/strict_N/pu_net/train/airplane/airplane_0163.npy,"(1024, 3)",False,False,PASS
datasets/lineB_downsampled_x4_up/strict_N/pu_net/train/airplane/airplane_0164.npy,"(1024, 3)",False,False,PASS
datasets/lineB_downsampled_x4_up/strict_N/pu_net/train/airplane/airplane_0165.npy,"(1024, 3)",False,False,PASS
datasets/lineB_downsampled_x4_up/strict_N/pu_net/train/airplane/airplane_0166.npy,"(1024, 3)",False,False,PASS
datasets/lineB_downsampled_x4_up/strict_N/pu_net/train/airplane/airplane_0167.npy,"(1024, 3)",False,False,PASS
datasets/lineB_downsampled_x4_up/strict_N/pu_net/train/airplane/airplane_0168.npy,"(1024, 3)",False,False,PASS
datasets/lineB_downsampled_x4_up/strict_N/pu_net/train/airplane/airplane_0169.npy,"(1024, 3)",False,False,PASS
datasets/lineB_downsampled_x4_up/strict_N/pu_net/train/airplane/airplane_0170.npy,"(1024, 3)",False,False,PASS
datasets/lineB_downsampled_x4_up/strict_N/pu_net/train/airplane/airplane_0171.npy,"(1024, 3)",False,False,PASS
datasets/lineB_downsampled_x4_up/strict_N/pu_net/train/airplane/airplane_0172.npy,"(1024, 3)",False,False,PASS
datasets/lineB_downsampled_x4_up/strict_N/pu_net/train/airplane/airplane_0173.npy,"(1024, 3)",False,False,PASS
datasets/lineB_downsampled_x4_up/strict_N/pu_net/train/airplane/airplane_0174.npy,"(1024, 3)",False,False,PASS
datasets/lineB_downsampled_x4_up/strict_N/pu_net/train/airplane/airplane_0175.npy,"(1024, 3)",False,False,PASS
datasets/lineB_downsampled_x4_up/strict_N/pu_net/train/airplane/airplane_0176.npy,"(1024, 3)",False,False,PASS
datasets/lineB_downsampled_x4_up/strict_N/pu_net/train/airplane/airplane_0177.npy,"(1024, 3)",False,False,PASS
datasets/lineB_downsampled_x4_up/strict_N/pu_net/train/airplane/airplane_0178.npy,"(1024, 3)",False,False,PASS
datasets/lineB_downsampled_x4_up/strict_N/pu_net/train/airplane/airplane_0179.npy,"(1024, 3)",False,False,PASS
datasets/lineB_downsampled_x4_up/strict_N/pu_net/train/airplane/airplane_0180.npy,"(1024, 3)",False,False,PASS
datasets/lineB_downsampled_x4_up/strict_N/pu_net/train/airplane/airplane_0181.npy,"(1024, 3)",False,False,PASS
datasets/lineB_downsampled_x4_up/strict_N/pu_net/train/airplane/airplane_0182.npy,"(1024, 3)",False,False,PASS
datasets/lineB_downsampled_x4_up/strict_N/pu_net/train/airplane/airplane_0183.npy,"(1024, 3)",False,False,PASS
datasets/lineB_downsampled_x4_up/strict_N/pu_net/train/airplane/airplane_0184.npy,"(1024, 3)",False,False,PASS
datasets/lineB_downsampled_x4_up/strict_N/pu_net/train/airplane/airplane_0185.npy,"(1024, 3)",False,False,PASS
datasets/lineB_downsampled_x4_up/strict_N/pu_net/train/airplane/airplane_0186.npy,"(1024, 3)",False,False,PASS
datasets/lineB_downsampled_x4_up/strict_N/pu_net/train/airplane/airplane_0187.npy,"(1024, 3)",False,False,PASS
datasets/lineB_downsampled_x4_up/strict_N/pu_net/train/airplane/airplane_0188.npy,"(1024, 3)",False,False,PASS
datasets/lineB_downsampled_x4_up/strict_N/pu_net/train/airplane/airplane_0189.npy,"(1024, 3)",False,False,PASS
datasets/lineB_downsampled_x4_up/strict_N/pu_net/train/airplane/airplane_0190.npy,"(1024, 3)",False,False,PASS
datasets/lineB_downsampled_x4_up/strict_N/pu_net/train/airplane/airplane_0191.npy,"(1024, 3)",False,False,PASS
datasets/lineB_downsampled_x4_up/strict_N/pu_net/train/airplane/airplane_0192.npy,"(1024, 3)",False,False,PASS
datasets/lineB_downsampled_x4_up/strict_N/pu_net/train/airplane/airplane_0193.npy,"(1024, 3)",False,False,PASS
datasets/lineB_downsampled_x4_up/strict_N/pu_net/train/airplane/airplane_0194.npy,"(1024, 3)",False,False,PASS
datasets/lineB_downsampled_x4_up/strict_N/pu_net/train/airplane/airplane_0195.npy,"(1024, 3)",False,False,PASS
datasets/lineB_downsampled_x4_up/strict_N/pu_net/train/airplane/airplane_0196.npy,"(1024, 3)",False,False,PASS
datasets/lineB_downsampled_x4_up/strict_N/pu_net/train/airplane/airplane_0197.npy,"(1024, 3)",False,False,PASS
datasets/lineB_downsampled_x4_up/strict_N/pu_net/train/airplane/airplane_0198.npy,"(1024, 3)",False,False,PASS
datasets/lineB_downsampled_x4_up/strict_N/pu_net/train/airplane/airplane_0199.npy,"(1024, 3)",False,False,PASS
datasets/lineB_downsampled_x4_up/strict_N/pu_net/train/airplane/airplane_0200.npy,"(1024, 3)",False,False,PASS
datasets/lineB_downsampled_x4_up/strict_N/pu_net/train/airplane/airplane_0201.npy,"(1024, 3)",False,False,PASS
datasets/lineB_downsampled_x4_up/strict_N/pu_net/train/airplane/airplane_0202.npy,"(1024, 3)",False,False,PASS
datasets/lineB_downsampled_x4_up/strict_N/pu_net/train/airplane/airplane_0203.npy,"(1024, 3)",False,False,PASS
datasets/lineB_downsampled_x4_up/strict_N/pu_net/train/airplane/airplane_0204.npy,"(1024, 3)",False,False,PASS
datasets/lineB_downsampled_x4_up/strict_N/pu_net/train/airplane/airplane_0205.npy,"(1024, 3)",False,False,PASS
datasets/lineB_downsampled_x4_up/strict_N/pu_net/train/airplane/airplane_0206.npy,"(1024, 3)",False,False,PASS
datasets/lineB_downsampled_x4_up/strict_N/pu_net/train/airplane/airplane_0207.npy,"(1024, 3)",False,False,PASS
datasets/lineB_downsampled_x4_up/strict_N/pu_net/train/airplane/airplane_0208.npy,"(1024, 3)",False,False,PASS
datasets/lineB_downsampled_x4_up/strict_N/pu_net/train/airplane/airplane_0209.npy,"(1024, 3)",False,False,PASS
datasets/lineB_downsampled_x4_up/strict_N/pu_net/train/airplane/airplane_0210.npy,"(1024, 3)",False,False,PASS
datasets/lineB_downsampled_x4_up/strict_N/pu_net/train/airplane/airplane_0211.npy,"(1024, 3)",False,False,PASS
datasets/lineB_downsampled_x4_up/strict_N/pu_net/train/airplane/airplane_0212.npy,"(1024, 3)",False,False,PASS
datasets/lineB_downsampled_x4_up/strict_N/pu_net/train/airplane/airplane_0213.npy,"(1024, 3)",False,False,PASS
datasets/lineB_downsampled_x4_up/strict_N/pu_net/train/airplane/airplane_0214.npy,"(1024, 3)",False,False,PASS
datasets/lineB_downsampled_x4_up/strict_N/pu_net/train/airplane/airplane_0215.npy,"(1024, 3)",False,False,PASS
datasets/lineB_downsampled_x4_up/strict_N/pu_net/train/airplane/airplane_0216.npy,"(1024, 3)",False,False,PASS
datasets/lineB_downsampled_x4_up/strict_N/pu_net/train/airplane/airplane_0217.npy,"(1024, 3)",False,False,PASS
datasets/lineB_downsampled_x4_up/strict_N/pu_net/train/airplane/airplane_0218.npy,"(1024, 3)",False,False,PASS
datasets/lineB_downsampled_x4_up/strict_N/pu_net/train/airplane/airplane_0219.npy,"(1024, 3)",False,False,PASS
datasets/lineB_downsampled_x4_up/strict_N/pu_net/train/airplane/airplane_0220.npy,"(1024, 3)",False,False,PASS
datasets/lineB_downsampled_x4_up/strict_N/pu_net/train/airplane/airplane_0221.npy,"(1024, 3)",False,False,PASS
datasets/lineB_downsampled_x4_up/strict_N/pu_net/train/airplane/airplane_0222.npy,"(1024, 3)",False,False,PASS
datasets/lineB_downsampled_x4_up/strict_N/pu_net/train/airplane/airplane_0223.npy,"(1024, 3)",False,False,PASS
datasets/lineB_downsampled_x4_up/strict_N/pu_net/train/airplane/airplane_0224.npy,"(1024, 3)",False,False,PASS
datasets/lineB_downsampled_x4_up/strict_N/pu_net/train/airplane/airplane_0225.npy,"(1024, 3)",False,False,PASS
datasets/lineB_downsampled_x4_up/strict_N/pu_net/train/airplane/airplane_0226.npy,"(1024, 3)",False,False,PASS
datasets/lineB_downsampled_x4_up/strict_N/pu_net/train/airplane/airplane_0227.npy,"(1024, 3)",False,False,PASS
datasets/lineB_downsampled_x4_up/strict_N/pu_net/train/airplane/airplane_0228.npy,"(1024, 3)",False,False,PASS
datasets/lineB_downsampled_x4_up/strict_N/pu_net/train/airplane/airplane_0229.npy,"(1024, 3)",False,False,PASS
datasets/lineB_downsampled_x4_up/strict_N/pu_net/train/airplane/airplane_0230.npy,"(1024, 3)",False,False,PASS
datasets/lineB_downsampled_x4_up/strict_N/pu_net/train/airplane/airplane_0231.npy,"(1024, 3)",False,False,PASS
datasets/lineB_downsampled_x4_up/strict_N/pu_net/train/airplane/airplane_0232.npy,"(1024, 3)",False,False,PASS
datasets/lineB_downsampled_x4_up/strict_N/pu_net/train/airplane/airplane_0233.npy,"(1024, 3)",False,False,PASS
datasets/lineB_downsampled_x4_up/strict_N/pu_net/train/airplane/airplane_0234.npy,"(1024, 3)",False,False,PASS
datasets/lineB_downsampled_x4_up/strict_N/pu_net/train/airplane/airplane_0235.npy,"(1024, 3)",False,False,PASS
datasets/lineB_downsampled_x4_up/strict_N/pu_net/train/airplane/airplane_0236.npy,"(1024, 3)",False,False,PASS
datasets/lineB_downsampled_x4_up/strict_N/pu_net/train/airplane/airplane_0237.npy,"(1024, 3)",False,False,PASS
datasets/lineB_downsampled_x4_up/strict_N/pu_net/train/airplane/airplane_0238.npy,"(1024, 3)",False,False,PASS
datasets/lineB_downsampled_x4_up/strict_N/pu_net/train/airplane/airplane_0239.npy,"(1024, 3)",False,False,PASS
datasets/lineB_downsampled_x4_up/strict_N/pu_net/train/airplane/airplane_0240.npy,"(1024, 3)",False,False,PASS
datasets/lineB_downsampled_x4_up/strict_N/pu_net/train/airplane/airplane_0241.npy,"(1024, 3)",False,False,PASS
datasets/lineB_downsampled_x4_up/strict_N/pu_net/train/airplane/airplane_0242.npy,"(1024, 3)",False,False,PASS
datasets/lineB_downsampled_x4_up/strict_N/pu_net/train/airplane/airplane_0243.npy,"(1024, 3)",False,False,PASS
datasets/lineB_downsampled_x4_up/strict_N/pu_net/train/airplane/airplane_0244.npy,"(1024, 3)",False,False,PASS
datasets/lineB_downsampled_x4_up/strict_N/pu_net/train/airplane/airplane_0245.npy,"(1024, 3)",False,False,PASS
datasets/lineB_downsampled_x4_up/strict_N/pu_net/train/airplane/airplane_0246.npy,"(1024, 3)",False,False,PASS
datasets/lineB_downsampled_x4_up/strict_N/pu_net/train/airplane/airplane_0247.npy,"(1024, 3)",False,False,PASS
datasets/lineB_downsampled_x4_up/strict_N/pu_net/train/airplane/airplane_0248.npy,"(1024, 3)",False,False,PASS
datasets/lineB_downsampled_x4_up/strict_N/pu_net/train/airplane/airplane_0249.npy,"(1024, 3)",False,False,PASS
datasets/lineB_downsampled_x4_up/strict_N/pu_net/train/airplane/airplane_0250.npy,"(1024, 3)",False,False,PASS
datasets/lineB_downsampled_x4_up/strict_N/pu_net/train/airplane/airplane_0251.npy,"(1024, 3)",False,False,PASS
datasets/lineB_downsampled_x4_up/strict_N/pu_net/train/airplane/airplane_0252.npy,"(1024, 3)",False,False,PASS
datasets/lineB_downsampled_x4_up/strict_N/pu_net/train/airplane/airplane_0253.npy,"(1024, 3)",False,False,PASS
datasets/lineB_downsampled_x4_up/strict_N/pu_net/train/airplane/airplane_0254.npy,"(1024, 3)",False,False,PASS
datasets/lineB_downsampled_x4_up/strict_N/pu_net/train/airplane/airplane_0255.npy,"(1024, 3)",False,False,PASS
datasets/lineB_downsampled_x4_up/strict_N/pu_net/train/airplane/airplane_0256.npy,"(1024, 3)",False,False,PASS
datasets/lineB_downsampled_x4_up/strict_N/pu_net/train/airplane/airplane_0257.npy,"(1024, 3)",False,False,PASS
datasets/lineB_downsampled_x4_up/strict_N/pu_net/train/airplane/airplane_0258.npy,"(1024, 3)",False,False,PASS
datasets/lineB_downsampled_x4_up/strict_N/pu_net/train/airplane/airplane_0259.npy,"(1024, 3)",False,False,PASS
datasets/lineB_downsampled_x4_up/strict_N/pu_net/train/airplane/airplane_0260.npy,"(1024, 3)",False,False,PASS
datasets/lineB_downsampled_x4_up/strict_N/pu_net/train/airplane/airplane_0261.npy,"(1024, 3)",False,False,PASS
datasets/lineB_downsampled_x4_up/strict_N/pu_net/train/airplane/airplane_0262.npy,"(1024, 3)",False,False,PASS
datasets/lineB_downsampled_x4_up/strict_N/pu_net/train/airplane/airplane_0263.npy,"(1024, 3)",False,False,PASS
datasets/lineB_downsampled_x4_up/strict_N/pu_net/train/airplane/airplane_0264.npy,"(1024, 3)",False,False,PASS
datasets/lineB_downsampled_x4_up/strict_N/pu_net/train/airplane/airplane_0265.npy,"(1024, 3)",False,False,PASS
datasets/lineB_downsampled_x4_up/strict_N/pu_net/train/airplane/airplane_0266.npy,"(1024, 3)",False,False,PASS
datasets/lineB_downsampled_x4_up/strict_N/pu_net/train/airplane/airplane_0267.npy,"(1024, 3)",False,False,PASS
datasets/lineB_downsampled_x4_up/strict_N/pu_net/train/airplane/airplane_0268.npy,"(1024, 3)",False,False,PASS
datasets/lineB_downsampled_x4_up/strict_N/pu_net/train/airplane/airplane_0269.npy,"(1024, 3)",False,False,PASS
datasets/lineB_downsampled_x4_up/strict_N/pu_net/train/airplane/airplane_0270.npy,"(1024, 3)",False,False,PASS
datasets/lineB_downsampled_x4_up/strict_N/pu_net/train/airplane/airplane_0271.npy,"(1024, 3)",False,False,PASS
datasets/lineB_downsampled_x4_up/strict_N/pu_net/train/airplane/airplane_0272.npy,"(1024, 3)",False,False,PASS
datasets/lineB_downsampled_x4_up/strict_N/pu_net/train/airplane/airplane_0273.npy,"(1024, 3)",False,False,PASS
datasets/lineB_downsampled_x4_up/strict_N/pu_net/train/airplane/airplane_0274.npy,"(1024, 3)",False,False,PASS
datasets/lineB_downsampled_x4_up/strict_N/pu_net/train/airplane/airplane_0275.npy,"(1024, 3)",False,False,PASS
datasets/lineB_downsampled_x4_up/strict_N/pu_net/train/airplane/airplane_0276.npy,"(1024, 3)",False,False,PASS
datasets/lineB_downsampled_x4_up/strict_N/pu_net/train/airplane/airplane_0277.npy,"(1024, 3)",False,False,PASS
datasets/lineB_downsampled_x4_up/strict_N/pu_net/train/airplane/airplane_0278.npy,"(1024, 3)",False,False,PASS
datasets/lineB_downsampled_x4_up/strict_N/pu_net/train/airplane/airplane_0279.npy,"(1024, 3)",False,False,PASS
datasets/lineB_downsampled_x4_up/strict_N/pu_net/train/airplane/airplane_0280.npy,"(1024, 3)",False,False,PASS
datasets/lineB_downsampled_x4_up/strict_N/pu_net/train/airplane/airplane_0281.npy,"(1024, 3)",False,False,PASS
datasets/lineB_downsampled_x4_up/strict_N/pu_net/train/airplane/airplane_0282.npy,"(1024, 3)",False,False,PASS
datasets/lineB_downsampled_x4_up/strict_N/pu_net/train/airplane/airplane_0283.npy,"(1024, 3)",False,False,PASS
datasets/lineB_downsampled_x4_up/strict_N/pu_net/train/airplane/airplane_0284.npy,"(1024, 3)",False,False,PASS
datasets/lineB_downsampled_x4_up/strict_N/pu_net/train/airplane/airplane_0285.npy,"(1024, 3)",False,False,PASS
datasets/lineB_downsampled_x4_up/strict_N/pu_net/train/airplane/airplane_0286.npy,"(1024, 3)",False,False,PASS
datasets/lineB_downsampled_x4_up/strict_N/pu_net/train/airplane/airplane_0287.npy,"(1024, 3)",False,False,PASS
datasets/lineB_downsampled_x4_up/strict_N/pu_net/train/airplane/airplane_0288.npy,"(1024, 3)",False,False,PASS
datasets/lineB_downsampled_x4_up/strict_N/pu_net/train/airplane/airplane_0289.npy,"(1024, 3)",False,False,PASS
datasets/lineB_downsampled_x4_up/strict_N/pu_net/train/airplane/airplane_0290.npy,"(1024, 3)",False,False,PASS
datasets/lineB_downsampled_x4_up/strict_N/pu_net/train/airplane/airplane_0291.npy,"(1024, 3)",False,False,PASS
datasets/lineB_downsampled_x4_up/strict_N/pu_net/train/airplane/airplane_0292.npy,"(1024, 3)",False,False,PASS
datasets/lineB_downsampled_x4_up/strict_N/pu_net/train/airplane/airplane_0293.npy,"(1024, 3)",False,False,PASS
datasets/lineB_downsampled_x4_up/strict_N/pu_net/train/airplane/airplane_0294.npy,"(1024, 3)",False,False,PASS
datasets/lineB_downsampled_x4_up/strict_N/pu_net/train/airplane/airplane_0295.npy,"(1024, 3)",False,False,PASS
datasets/lineB_downsampled_x4_up/strict_N/pu_net/train/airplane/airplane_0296.npy,"(1024, 3)",False,False,PASS
datasets/lineB_downsampled_x4_up/strict_N/pu_net/train/airplane/airplane_0297.npy,"(1024, 3)",False,False,PASS
datasets/lineB_downsampled_x4_up/strict_N/pu_net/train/airplane/airplane_0298.npy,"(1024, 3)",False,False,PASS
datasets/lineB_downsampled_x4_up/strict_N/pu_net/train/airplane/airplane_0299.npy,"(1024, 3)",False,False,PASS
datasets/lineB_downsampled_x4_up/strict_N/pu_net/train/airplane/airplane_0300.npy,"(1024, 3)",False,False,PASS
datasets/lineB_downsampled_x4_up/strict_N/pu_net/train/airplane/airplane_0301.npy,"(1024, 3)",False,False,PASS
datasets/lineB_downsampled_x4_up/strict_N/pu_net/train/airplane/airplane_0302.npy,"(1024, 3)",False,False,PASS
datasets/lineB_downsampled_x4_up/strict_N/pu_net/train/airplane/airplane_0303.npy,"(1024, 3)",False,False,PASS
datasets/lineB_downsampled_x4_up/strict_N/pu_net/train/airplane/airplane_0304.npy,"(1024, 3)",False,False,PASS
datasets/lineB_downsampled_x4_up/strict_N/pu_net/train/airplane/airplane_0305.npy,"(1024, 3)",False,False,PASS
datasets/lineB_downsampled_x4_up/strict_N/pu_net/train/airplane/airplane_0306.npy,"(1024, 3)",False,False,PASS
datasets/lineB_downsampled_x4_up/strict_N/pu_net/train/airplane/airplane_0307.npy,"(1024, 3)",False,False,PASS
datasets/lineB_downsampled_x4_up/strict_N/pu_net/train/airplane/airplane_0308.npy,"(1024, 3)",False,False,PASS
datasets/lineB_downsampled_x4_up/strict_N/pu_net/train/airplane/airplane_0309.npy,"(1024, 3)",False,False,PASS
datasets/lineB_downsampled_x4_up/strict_N/pu_net/train/airplane/airplane_0310.npy,"(1024, 3)",False,False,PASS
datasets/lineB_downsampled_x4_up/strict_N/pu_net/train/airplane/airplane_0311.npy,"(1024, 3)",False,False,PASS
datasets/lineB_downsampled_x4_up/strict_N/pu_net/train/airplane/airplane_0312.npy,"(1024, 3)",False,False,PASS
datasets/lineB_downsampled_x4_up/strict_N/pu_net/train/airplane/airplane_0313.npy,"(1024, 3)",False,False,PASS
datasets/lineB_downsampled_x4_up/strict_N/pu_net/train/airplane/airplane_0314.npy,"(1024, 3)",False,False,PASS
datasets/lineB_downsampled_x4_up/strict_N/pu_net/train/airplane/airplane_0315.npy,"(1024, 3)",False,False,PASS
datasets/lineB_downsampled_x4_up/strict_N/pu_net/train/airplane/airplane_0316.npy,"(1024, 3)",False,False,PASS
datasets/lineB_downsampled_x4_up/strict_N/pu_net/train/airplane/airplane_0317.npy,"(1024, 3)",False,False,PASS
datasets/lineB_downsampled_x4_up/strict_N/pu_net/train/airplane/airplane_0318.npy,"(1024, 3)",False,False,PASS
datasets/lineB_downsampled_x4_up/strict_N/pu_net/train/airplane/airplane_0319.npy,"(1024, 3)",False,False,PASS
datasets/lineB_downsampled_x4_up/strict_N/pu_net/train/airplane/airplane_0320.npy,"(1024, 3)",False,False,PASS
datasets/lineB_downsampled_x4_up/strict_N/pu_net/train/airplane/airplane_0321.npy,"(1024, 3)",False,False,PASS
datasets/lineB_downsampled_x4_up/strict_N/pu_net/train/airplane/airplane_0322.npy,"(1024, 3)",False,False,PASS
datasets/lineB_downsampled_x4_up/strict_N/pu_net/train/airplane/airplane_0323.npy,"(1024, 3)",False,False,PASS
datasets/lineB_downsampled_x4_up/strict_N/pu_net/train/airplane/airplane_0324.npy,"(1024, 3)",False,False,PASS
datasets/lineB_downsampled_x4_up/strict_N/pu_net/train/airplane/airplane_0325.npy,"(1024, 3)",False,False,PASS
datasets/lineB_downsampled_x4_up/strict_N/pu_net/train/airplane/airplane_0326.npy,"(1024, 3)",False,False,PASS
datasets/lineB_downsampled_x4_up/strict_N/pu_net/train/airplane/airplane_0327.npy,"(1024, 3)",False,False,PASS
datasets/lineB_downsampled_x4_up/strict_N/pu_net/train/airplane/airplane_0328.npy,"(1024, 3)",False,False,PASS
datasets/lineB_downsampled_x4_up/strict_N/pu_net/train/airplane/airplane_0329.npy,"(1024, 3)",False,False,PASS
datasets/lineB_downsampled_x4_up/strict_N/pu_net/train/airplane/airplane_0613.npy,"(1024, 3)",False,False,PASS
datasets/lineB_downsampled_x4_up/strict_N/pu_net/train/airplane/airplane_0614.npy,"(1024, 3)",False,False,PASS
datasets/lineB_downsampled_x4_up/strict_N/pu_net/train/airplane/airplane_0615.npy,"(1024, 3)",False,False,PASS
datasets/lineB_downsampled_x4_up/strict_N/pu_net/train/airplane/airplane_0616.npy,"(1024, 3)",False,False,PASS
datasets/lineB_downsampled_x4_up/strict_N/pu_net/train/airplane/airplane_0617.npy,"(1024, 3)",False,False,PASS
datasets/lineB_downsampled_x4_up/strict_N/pu_net/train/airplane/airplane_0618.npy,"(1024, 3)",False,False,PASS
datasets/lineB_downsampled_x4_up/strict_N/pu_net/train/airplane/airplane_0619.npy,"(1024, 3)",False,False,PASS
datasets/lineB_downsampled_x4_up/strict_N/pu_net/train/airplane/airplane_0620.npy,"(1024, 3)",False,False,PASS
datasets/lineB_downsampled_x4_up/strict_N/pu_net/train/airplane/airplane_0621.npy,"(1024, 3)",False,False,PASS
datasets/lineB_downsampled_x4_up/strict_N/pu_net/train/airplane/airplane_0622.npy,"(1024, 3)",False,False,PASS
datasets/lineB_downsampled_x4_up/strict_N/pu_net/train/airplane/airplane_0623.npy,"(1024, 3)",False,False,PASS
datasets/lineB_downsampled_x4_up/strict_N/pu_net/train/airplane/airplane_0624.npy,"(1024, 3)",False,False,PASS
datasets/lineB_downsampled_x4_up/strict_N/pu_net/train/airplane/airplane_0625.npy,"(1024, 3)",False,False,PASS
datasets/lineB_downsampled_x4_up/strict_N/pu_net/train/airplane/airplane_0626.npy,"(1024, 3)",False,False,PASS
datasets/lineB_downsampled_x4_up/strict_N/pu_net/train/bathtub/bathtub_0001.npy,"(1024, 3)",False,False,PASS
datasets/lineB_downsampled_x4_up/strict_N/pu_net/train/bathtub/bathtub_0002.npy,"(1024, 3)",False,False,PASS
datasets/lineB_downsampled_x4_up/strict_N/pu_net/train/bathtub/bathtub_0003.npy,"(1024, 3)",False,False,PASS
datasets/lineB_downsampled_x4_up/strict_N/pu_net/train/bathtub/bathtub_0004.npy,"(1024, 3)",False,False,PASS
datasets/lineB_downsampled_x4_up/strict_N/pu_net/train/bathtub/bathtub_0005.npy,"(1024, 3)",False,False,PASS
datasets/lineB_downsampled_x4_up/strict_N/pu_net/train/bathtub/bathtub_0006.npy,"(1024, 3)",False,False,PASS
datasets/lineB_downsampled_x4_up/strict_N/pu_net/train/bathtub/bathtub_0007.npy,"(1024, 3)",False,False,PASS
datasets/lineB_downsampled_x4_up/strict_N/pu_net/train/bathtub/bathtub_0008.npy,"(1024, 3)",False,False,PASS
datasets/lineB_downsampled_x4_up/strict_N/pu_net/train/bathtub/bathtub_0009.npy,"(1024, 3)",False,False,PASS
datasets/lineB_downsampled_x4_up/strict_N/pu_net/train/bathtub/bathtub_0010.npy,"(1024, 3)",False,False,PASS
datasets/lineB_downsampled_x4_up/strict_N/pu_net/train/bathtub/bathtub_0011.npy,"(1024, 3)",False,False,PASS
datasets/lineB_downsampled_x4_up/strict_N/pu_net/train/bathtub/bathtub_0012.npy,"(1024, 3)",False,False,PASS
datasets/lineB_downsampled_x4_up/strict_N/pu_net/train/bathtub/bathtub_0013.npy,"(1024, 3)",False,False,PASS
datasets/lineB_downsampled_x4_up/strict_N/pu_net/train/bathtub/bathtub_0014.npy,"(1024, 3)",False,False,PASS
datasets/lineB_downsampled_x4_up/strict_N/pu_net/train/bathtub/bathtub_0015.npy,"(1024, 3)",False,False,PASS
datasets/lineB_downsampled_x4_up/strict_N/pu_net/train/bathtub/bathtub_0016.npy,"(1024, 3)",False,False,PASS
datasets/lineB_downsampled_x4_up/strict_N/pu_net/train/bathtub/bathtub_0017.npy,"(1024, 3)",False,False,PASS
datasets/lineB_downsampled_x4_up/strict_N/pu_net/train/bathtub/bathtub_0018.npy,"(1024, 3)",False,False,PASS
datasets/lineB_downsampled_x4_up/strict_N/pu_net/train/bathtub/bathtub_0019.npy,"(1024, 3)",False,False,PASS
datasets/lineB_downsampled_x4_up/strict_N/pu_net/train/bathtub/bathtub_0020.npy,"(1024, 3)",False,False,PASS
datasets/lineB_downsampled_x4_up/strict_N/pu_net/train/bathtub/bathtub_0021.npy,"(1024, 3)",False,False,PASS
datasets/lineB_downsampled_x4_up/strict_N/pu_net/train/bathtub/bathtub_0022.npy,"(1024, 3)",False,False,PASS
datasets/lineB_downsampled_x4_up/strict_N/pu_net/train/bathtub/bathtub_0023.npy,"(1024, 3)",False,False,PASS
datasets/lineB_downsampled_x4_up/strict_N/pu_net/train/bathtub/bathtub_0024.npy,"(1024, 3)",False,False,PASS
datasets/lineB_downsampled_x4_up/strict_N/pu_net/train/bathtub/bathtub_0025.npy,"(1024, 3)",False,False,PASS
datasets/lineB_downsampled_x4_up/strict_N/pu_net/train/bathtub/bathtub_0026.npy,"(1024, 3)",False,False,PASS
datasets/lineB_downsampled_x4_up/strict_N/pu_net/train/bathtub/bathtub_0027.npy,"(1024, 3)",False,False,PASS
datasets/lineB_downsampled_x4_up/strict_N/pu_net/train/bathtub/bathtub_0028.npy,"(1024, 3)",False,False,PASS
datasets/lineB_downsampled_x4_up/strict_N/pu_net/train/bathtub/bathtub_0029.npy,"(1024, 3)",False,False,PASS
datasets/lineB_downsampled_x4_up/strict_N/pu_net/train/bathtub/bathtub_0030.npy,"(1024, 3)",False,False,PASS
datasets/lineB_downsampled_x4_up/strict_N/pu_net/train/bathtub/bathtub_0031.npy,"(1024, 3)",False,False,PASS
datasets/lineB_downsampled_x4_up/strict_N/pu_net/train/bathtub/bathtub_0032.npy,"(1024, 3)",False,False,PASS
datasets/lineB_downsampled_x4_up/strict_N/pu_net/train/bathtub/bathtub_0033.npy,"(1024, 3)",False,False,PASS
datasets/lineB_downsampled_x4_up/strict_N/pu_net/train/bathtub/bathtub_0034.npy,"(1024, 3)",False,False,PASS
datasets/lineB_downsampled_x4_up/strict_N/pu_net/train/bathtub/bathtub_0035.npy,"(1024, 3)",False,False,PASS
datasets/lineB_downsampled_x4_up/strict_N/pu_net/train/bathtub/bathtub_0036.npy,"(1024, 3)",False,False,PASS
datasets/lineB_downsampled_x4_up/strict_N/pu_net/train/bathtub/bathtub_0037.npy,"(1024, 3)",False,False,PASS
datasets/lineB_downsampled_x4_up/strict_N/pu_net/train/bathtub/bathtub_0038.npy,"(1024, 3)",False,False,PASS
datasets/lineB_downsampled_x4_up/strict_N/pu_net/train/bathtub/bathtub_0039.npy,"(1024, 3)",False,False,PASS
datasets/lineB_downsampled_x4_up/strict_N/pu_net/train/bathtub/bathtub_0040.npy,"(1024, 3)",False,False,PASS
datasets/lineB_downsampled_x4_up/strict_N/pu_net/train/bathtub/bathtub_0041.npy,"(1024, 3)",False,False,PASS
datasets/lineB_downsampled_x4_up/strict_N/pu_net/train/bathtub/bathtub_0042.npy,"(1024, 3)",False,False,PASS
datasets/lineB_downsampled_x4_up/strict_N/pu_net/train/bathtub/bathtub_0043.npy,"(1024, 3)",False,False,PASS
datasets/lineB_downsampled_x4_up/strict_N/pu_net/train/bathtub/bathtub_0044.npy,"(1024, 3)",False,False,PASS
datasets/lineB_downsampled_x4_up/strict_N/pu_net/train/bathtub/bathtub_0045.npy,"(1024, 3)",False,False,PASS
datasets/lineB_downsampled_x4_up/strict_N/pu_net/train/bathtub/bathtub_0046.npy,"(1024, 3)",False,False,PASS
datasets/lineB_downsampled_x4_up/strict_N/pu_net/train/bathtub/bathtub_0047.npy,"(1024, 3)",False,False,PASS
datasets/lineB_downsampled_x4_up/strict_N/pu_net/train/bathtub/bathtub_0048.npy,"(1024, 3)",False,False,PASS
datasets/lineB_downsampled_x4_up/strict_N/pu_net/train/bathtub/bathtub_0049.npy,"(1024, 3)",False,False,PASS
datasets/lineB_downsampled_x4_up/strict_N/pu_net/train/bathtub/bathtub_0050.npy,"(1024, 3)",False,False,PASS
datasets/lineB_downsampled_x4_up/strict_N/pu_net/train/bathtub/bathtub_0051.npy,"(1024, 3)",False,False,PASS
datasets/lineB_downsampled_x4_up/strict_N/pu_net/train/bathtub/bathtub_0052.npy,"(1024, 3)",False,False,PASS
datasets/lineB_downsampled_x4_up/strict_N/pu_net/train/bathtub/bathtub_0053.npy,"(1024, 3)",False,False,PASS
datasets/lineB_downsampled_x4_up/strict_N/pu_net/train/bathtub/bathtub_0054.npy,"(1024, 3)",False,False,PASS
datasets/lineB_downsampled_x4_up/strict_N/pu_net/train/bathtub/bathtub_0055.npy,"(1024, 3)",False,False,PASS
datasets/lineB_downsampled_x4_up/strict_N/pu_net/train/bathtub/bathtub_0056.npy,"(1024, 3)",False,False,PASS
datasets/lineB_downsampled_x4_up/strict_N/pu_net/train/bathtub/bathtub_0057.npy,"(1024, 3)",False,False,PASS
datasets/lineB_downsampled_x4_up/strict_N/pu_net/train/bathtub/bathtub_0058.npy,"(1024, 3)",False,False,PASS
datasets/lineB_downsampled_x4_up/strict_N/pu_net/train/bathtub/bathtub_0059.npy,"(1024, 3)",False,False,PASS
datasets/lineB_downsampled_x4_up/strict_N/pu_net/train/bathtub/bathtub_0060.npy,"(1024, 3)",False,False,PASS
datasets/lineB_downsampled_x4_up/strict_N/pu_net/train/bathtub/bathtub_0061.npy,"(1024, 3)",False,False,PASS
datasets/lineB_downsampled_x4_up/strict_N/pu_net/train/bathtub/bathtub_0062.npy,"(1024, 3)",False,False,PASS
datasets/lineB_downsampled_x4_up/strict_N/pu_net/train/bathtub/bathtub_0063.npy,"(1024, 3)",False,False,PASS
datasets/lineB_downsampled_x4_up/strict_N/pu_net/train/bathtub/bathtub_0064.npy,"(1024, 3)",False,False,PASS
datasets/lineB_downsampled_x4_up/strict_N/pu_net/train/bathtub/bathtub_0065.npy,"(1024, 3)",False,False,PASS
datasets/lineB_downsampled_x4_up/strict_N/pu_net/train/bathtub/bathtub_0066.npy,"(1024, 3)",False,False,PASS
datasets/lineB_downsampled_x4_up/strict_N/pu_net/train/bathtub/bathtub_0067.npy,"(1024, 3)",False,False,PASS
datasets/lineB_downsampled_x4_up/strict_N/pu_net/train/bathtub/bathtub_0068.npy,"(1024, 3)",False,False,PASS
datasets/lineB_downsampled_x4_up/strict_N/pu_net/train/bathtub/bathtub_0069.npy,"(1024, 3)",False,False,PASS
datasets/lineB_downsampled_x4_up/strict_N/pu_net/train/bathtub/bathtub_0070.npy,"(1024, 3)",False,False,PASS
datasets/lineB_downsampled_x4_up/strict_N/pu_net/train/bathtub/bathtub_0071.npy,"(1024, 3)",False,False,PASS
datasets/lineB_downsampled_x4_up/strict_N/pu_net/train/bathtub/bathtub_0072.npy,"(1024, 3)",False,False,PASS
datasets/lineB_downsampled_x4_up/strict_N/pu_net/train/bathtub/bathtub_0073.npy,"(1024, 3)",False,False,PASS
datasets/lineB_downsampled_x4_up/strict_N/pu_net/train/bathtub/bathtub_0074.npy,"(1024, 3)",False,False,PASS
datasets/lineB_downsampled_x4_up/strict_N/pu_net/train/bathtub/bathtub_0075.npy,"(1024, 3)",False,False,PASS
datasets/lineB_downsampled_x4_up/strict_N/pu_net/train/bathtub/bathtub_0076.npy,"(1024, 3)",False,False,PASS
datasets/lineB_downsampled_x4_up/strict_N/pu_net/train/bathtub/bathtub_0077.npy,"(1024, 3)",False,False,PASS
datasets/lineB_downsampled_x4_up/strict_N/pu_net/train/bathtub/bathtub_0078.npy,"(1024, 3)",False,False,PASS
datasets/lineB_downsampled_x4_up/strict_N/pu_net/train/bathtub/bathtub_0079.npy,"(1024, 3)",False,False,PASS
datasets/lineB_downsampled_x4_up/strict_N/pu_net/train/bathtub/bathtub_0080.npy,"(1024, 3)",False,False,PASS
datasets/lineB_downsampled_x4_up/strict_N/pu_net/train/bathtub/bathtub_0081.npy,"(1024, 3)",False,False,PASS
datasets/lineB_downsampled_x4_up/strict_N/pu_net/train/bathtub/bathtub_0082.npy,"(1024, 3)",False,False,PASS
datasets/lineB_downsampled_x4_up/strict_N/pu_net/train/bathtub/bathtub_0083.npy,"(1024, 3)",False,False,PASS
datasets/lineB_downsampled_x4_up/strict_N/pu_net/train/bathtub/bathtub_0084.npy,"(1024, 3)",False,False,PASS
datasets/lineB_downsampled_x4_up/strict_N/pu_net/train/bathtub/bathtub_0085.npy,"(1024, 3)",False,False,PASS
datasets/lineB_downsampled_x4_up/strict_N/pu_net/train/bathtub/bathtub_0086.npy,"(1024, 3)",False,False,PASS
datasets/lineB_downsampled_x4_up/strict_N/pu_net/train/bathtub/bathtub_0087.npy,"(1024, 3)",False,False,PASS
datasets/lineB_downsampled_x4_up/strict_N/pu_net/train/bathtub/bathtub_0088.npy,"(1024, 3)",False,False,PASS
datasets/lineB_downsampled_x4_up/strict_N/pu_net/train/bathtub/bathtub_0089.npy,"(1024, 3)",False,False,PASS
datasets/lineB_downsampled_x4_up/strict_N/pu_net/train/bathtub/bathtub_0090.npy,"(1024, 3)",False,False,PASS
datasets/lineB_downsampled_x4_up/strict_N/pu_net/train/bathtub/bathtub_0091.npy,"(1024, 3)",False,False,PASS
datasets/lineB_downsampled_x4_up/strict_N/pu_net/train/bathtub/bathtub_0092.npy,"(1024, 3)",False,False,PASS
datasets/lineB_downsampled_x4_up/strict_N/pu_net/train/bathtub/bathtub_0093.npy,"(1024, 3)",False,False,PASS
datasets/lineB_downsampled_x4_up/strict_N/pu_net/train/bathtub/bathtub_0094.npy,"(1024, 3)",False,False,PASS
datasets/lineB_downsampled_x4_up/strict_N/pu_net/train/bathtub/bathtub_0095.npy,"(1024, 3)",False,False,PASS
datasets/lineB_downsampled_x4_up/strict_N/pu_net/train/bathtub/bathtub_0096.npy,"(1024, 3)",False,False,PASS
datasets/lineB_downsampled_x4_up/strict_N/pu_net/train/bathtub/bathtub_0097.npy,"(1024, 3)",False,False,PASS
datasets/lineB_downsampled_x4_up/strict_N/pu_net/train/bathtub/bathtub_0098.npy,"(1024, 3)",False,False,PASS
datasets/lineB_downsampled_x4_up/strict_N/pu_net/train/bathtub/bathtub_0099.npy,"(1024, 3)",False,False,PASS
datasets/lineB_downsampled_x4_up/strict_N/pu_net/train/bathtub/bathtub_0100.npy,"(1024, 3)",False,False,PASS
datasets/lineB_downsampled_x4_up/strict_N/pu_net/train/bathtub/bathtub_0101.npy,"(1024, 3)",False,False,PASS
datasets/lineB_downsampled_x4_up/strict_N/pu_net/train/bathtub/bathtub_0102.npy,"(1024, 3)",False,False,PASS
datasets/lineB_downsampled_x4_up/strict_N/pu_net/train/bathtub/bathtub_0103.npy,"(1024, 3)",False,False,PASS
datasets/lineB_downsampled_x4_up/strict_N/pu_net/train/bathtub/bathtub_0104.npy,"(1024, 3)",False,False,PASS
datasets/lineB_downsampled_x4_up/strict_N/pu_net/train/bathtub/bathtub_0105.npy,"(1024, 3)",False,False,PASS
datasets/lineB_downsampled_x4_up/strict_N/pu_net/train/bathtub/bathtub_0106.npy,"(1024, 3)",False,False,PASS
datasets/lineB_downsampled_x4_up/strict_N/pu_net/train/bed/bed_0001.npy,"(1024, 3)",False,False,PASS
datasets/lineB_downsampled_x4_up/strict_N/pu_net/train/bed/bed_0002.npy,"(1024, 3)",False,False,PASS
datasets/lineB_downsampled_x4_up/strict_N/pu_net/train/bed/bed_0003.npy,"(1024, 3)",False,False,PASS
datasets/lineB_downsampled_x4_up/strict_N/pu_net/train/bed/bed_0004.npy,"(1024, 3)",False,False,PASS
datasets/lineB_downsampled_x4_up/strict_N/pu_net/train/bed/bed_0005.npy,"(1024, 3)",False,False,PASS
datasets/lineB_downsampled_x4_up/strict_N/pu_net/train/bed/bed_0006.npy,"(1024, 3)",False,False,PASS
datasets/lineB_downsampled_x4_up/strict_N/pu_net/train/bed/bed_0007.npy,"(1024, 3)",False,False,PASS
datasets/lineB_downsampled_x4_up/strict_N/pu_net/train/bed/bed_0008.npy,"(1024, 3)",False,False,PASS
datasets/lineB_downsampled_x4_up/strict_N/pu_net/train/bed/bed_0009.npy,"(1024, 3)",False,False,PASS
datasets/lineB_downsampled_x4_up/strict_N/pu_net/train/bed/bed_0010.npy,"(1024, 3)",False,False,PASS
datasets/lineB_downsampled_x4_up/strict_N/pu_net/train/bed/bed_0011.npy,"(1024, 3)",False,False,PASS
datasets/lineB_downsampled_x4_up/strict_N/pu_net/train/bed/bed_0012.npy,"(1024, 3)",False,False,PASS
datasets/lineB_downsampled_x4_up/strict_N/pu_net/train/bed/bed_0013.npy,"(1024, 3)",False,False,PASS
datasets/lineB_downsampled_x4_up/strict_N/pu_net/train/bed/bed_0014.npy,"(1024, 3)",False,False,PASS
datasets/lineB_downsampled_x4_up/strict_N/pu_net/train/bed/bed_0015.npy,"(1024, 3)",False,False,PASS
datasets/lineB_downsampled_x4_up/strict_N/pu_net/train/bed/bed_0016.npy,"(1024, 3)",False,False,PASS
datasets/lineB_downsampled_x4_up/strict_N/pu_net/train/bed/bed_0017.npy,"(1024, 3)",False,False,PASS
datasets/lineB_downsampled_x4_up/strict_N/pu_net/train/bed/bed_0018.npy,"(1024, 3)",False,False,PASS
datasets/lineB_downsampled_x4_up/strict_N/pu_net/train/bed/bed_0019.npy,"(1024, 3)",False,False,PASS
datasets/lineB_downsampled_x4_up/strict_N/pu_net/train/bed/bed_0020.npy,"(1024, 3)",False,False,PASS
datasets/lineB_downsampled_x4_up/strict_N/pu_net/train/bed/bed_0021.npy,"(1024, 3)",False,False,PASS
datasets/lineB_downsampled_x4_up/strict_N/pu_net/train/bed/bed_0022.npy,"(1024, 3)",False,False,PASS
datasets/lineB_downsampled_x4_up/strict_N/pu_net/train/bed/bed_0023.npy,"(1024, 3)",False,False,PASS
datasets/lineB_downsampled_x4_up/strict_N/pu_net/train/bed/bed_0024.npy,"(1024, 3)",False,False,PASS
datasets/lineB_downsampled_x4_up/strict_N/pu_net/train/bed/bed_0025.npy,"(1024, 3)",False,False,PASS
datasets/lineB_downsampled_x4_up/strict_N/pu_net/train/bed/bed_0026.npy,"(1024, 3)",False,False,PASS
datasets/lineB_downsampled_x4_up/strict_N/pu_net/train/bed/bed_0027.npy,"(1024, 3)",False,False,PASS
datasets/lineB_downsampled_x4_up/strict_N/pu_net/train/bed/bed_0028.npy,"(1024, 3)",False,False,PASS
datasets/lineB_downsampled_x4_up/strict_N/pu_net/train/bed/bed_0029.npy,"(1024, 3)",False,False,PASS
datasets/lineB_downsampled_x4_up/strict_N/pu_net/train/bed/bed_0030.npy,"(1024, 3)",False,False,PASS
datasets/lineB_downsampled_x4_up/strict_N/pu_net/train/bed/bed_0031.npy,"(1024, 3)",False,False,PASS
datasets/lineB_downsampled_x4_up/strict_N/pu_net/train/bed/bed_0032.npy,"(1024, 3)",False,False,PASS
datasets/lineB_downsampled_x4_up/strict_N/pu_net/train/bed/bed_0033.npy,"(1024, 3)",False,False,PASS
datasets/lineB_downsampled_x4_up/strict_N/pu_net/train/bed/bed_0034.npy,"(1024, 3)",False,False,PASS
datasets/lineB_downsampled_x4_up/strict_N/pu_net/train/bed/bed_0035.npy,"(1024, 3)",False,False,PASS
datasets/lineB_downsampled_x4_up/strict_N/pu_net/train/bed/bed_0036.npy,"(1024, 3)",False,False,PASS
datasets/lineB_downsampled_x4_up/strict_N/pu_net/train/bed/bed_0037.npy,"(1024, 3)",False,False,PASS
datasets/lineB_downsampled_x4_up/strict_N/pu_net/train/bed/bed_0038.npy,"(1024, 3)",False,False,PASS
datasets/lineB_downsampled_x4_up/strict_N/pu_net/train/bed/bed_0039.npy,"(1024, 3)",False,False,PASS
datasets/lineB_downsampled_x4_up/strict_N/pu_net/train/bed/bed_0040.npy,"(1024, 3)",False,False,PASS
datasets/lineB_downsampled_x4_up/strict_N/pu_net/train/bed/bed_0041.npy,"(1024, 3)",False,False,PASS
datasets/lineB_downsampled_x4_up/strict_N/pu_net/train/bed/bed_0042.npy,"(1024, 3)",False,False,PASS
datasets/lineB_downsampled_x4_up/strict_N/pu_net/train/bed/bed_0043.npy,"(1024, 3)",False,False,PASS
datasets/lineB_downsampled_x4_up/strict_N/pu_net/train/bed/bed_0044.npy,"(1024, 3)",False,False,PASS
datasets/lineB_downsampled_x4_up/strict_N/pu_net/train/bed/bed_0045.npy,"(1024, 3)",False,False,PASS
datasets/lineB_downsampled_x4_up/strict_N/pu_net/train/bed/bed_0046.npy,"(1024, 3)",False,False,PASS
datasets/lineB_downsampled_x4_up/strict_N/pu_net/train/bed/bed_0047.npy,"(1024, 3)",False,False,PASS
datasets/lineB_downsampled_x4_up/strict_N/pu_net/train/bed/bed_0048.npy,"(1024, 3)",False,False,PASS
datasets/lineB_downsampled_x4_up/strict_N/pu_net/train/bed/bed_0049.npy,"(1024, 3)",False,False,PASS
datasets/lineB_downsampled_x4_up/strict_N/pu_net/train/bed/bed_0050.npy,"(1024, 3)",False,False,PASS
datasets/lineB_downsampled_x4_up/strict_N/pu_net/train/bed/bed_0051.npy,"(1024, 3)",False,False,PASS
datasets/lineB_downsampled_x4_up/strict_N/pu_net/train/bed/bed_0052.npy,"(1024, 3)",False,False,PASS
datasets/lineB_downsampled_x4_up/strict_N/pu_net/train/bed/bed_0053.npy,"(1024, 3)",False,False,PASS
datasets/lineB_downsampled_x4_up/strict_N/pu_net/train/bed/bed_0054.npy,"(1024, 3)",False,False,PASS
datasets/lineB_downsampled_x4_up/strict_N/pu_net/train/bed/bed_0055.npy,"(1024, 3)",False,False,PASS
datasets/lineB_downsampled_x4_up/strict_N/pu_net/train/bed/bed_0056.npy,"(1024, 3)",False,False,PASS
datasets/lineB_downsampled_x4_up/strict_N/pu_net/train/bed/bed_0057.npy,"(1024, 3)",False,False,PASS
datasets/lineB_downsampled_x4_up/strict_N/pu_net/train/bed/bed_0058.npy,"(1024, 3)",False,False,PASS
datasets/lineB_downsampled_x4_up/strict_N/pu_net/train/bed/bed_0059.npy,"(1024, 3)",False,False,PASS
datasets/lineB_downsampled_x4_up/strict_N/pu_net/train/bed/bed_0060.npy,"(1024, 3)",False,False,PASS
datasets/lineB_downsampled_x4_up/strict_N/pu_net/train/bed/bed_0061.npy,"(1024, 3)",False,False,PASS
datasets/lineB_downsampled_x4_up/strict_N/pu_net/train/bed/bed_0062.npy,"(1024, 3)",False,False,PASS
datasets/lineB_downsampled_x4_up/strict_N/pu_net/train/bed/bed_0063.npy,"(1024, 3)",False,False,PASS
datasets/lineB_downsampled_x4_up/strict_N/pu_net/train/bed/bed_0064.npy,"(1024, 3)",False,False,PASS
datasets/lineB_downsampled_x4_up/strict_N/pu_net/train/bed/bed_0065.npy,"(1024, 3)",False,False,PASS
datasets/lineB_downsampled_x4_up/strict_N/pu_net/train/bed/bed_0066.npy,"(1024, 3)",False,False,PASS
datasets/lineB_downsampled_x4_up/strict_N/pu_net/train/bed/bed_0067.npy,"(1024, 3)",False,False,PASS
datasets/lineB_downsampled_x4_up/strict_N/pu_net/train/bed/bed_0068.npy,"(1024, 3)",False,False,PASS
datasets/lineB_downsampled_x4_up/strict_N/pu_net/train/bed/bed_0069.npy,"(1024, 3)",False,False,PASS
datasets/lineB_downsampled_x4_up/strict_N/pu_net/train/bed/bed_0070.npy,"(1024, 3)",False,False,PASS
datasets/lineB_downsampled_x4_up/strict_N/pu_net/train/bed/bed_0071.npy,"(1024, 3)",False,False,PASS
datasets/lineB_downsampled_x4_up/strict_N/pu_net/train/bed/bed_0072.npy,"(1024, 3)",False,False,PASS
datasets/lineB_downsampled_x4_up/strict_N/pu_net/train/bed/bed_0073.npy,"(1024, 3)",False,False,PASS
datasets/lineB_downsampled_x4_up/strict_N/pu_net/train/bed/bed_0074.npy,"(1024, 3)",False,False,PASS
datasets/lineB_downsampled_x4_up/strict_N/pu_net/train/bed/bed_0075.npy,"(1024, 3)",False,False,PASS
datasets/lineB_downsampled_x4_up/strict_N/pu_net/train/bed/bed_0076.npy,"(1024, 3)",False,False,PASS
datasets/lineB_downsampled_x4_up/strict_N/pu_net/train/bed/bed_0077.npy,"(1024, 3)",False,False,PASS
datasets/lineB_downsampled_x4_up/strict_N/pu_net/train/bed/bed_0078.npy,"(1024, 3)",False,False,PASS
datasets/lineB_downsampled_x4_up/strict_N/pu_net/train/bed/bed_0079.npy,"(1024, 3)",False,False,PASS
datasets/lineB_downsampled_x4_up/strict_N/pu_net/train/bed/bed_0080.npy,"(1024, 3)",False,False,PASS
datasets/lineB_downsampled_x4_up/strict_N/pu_net/train/bed/bed_0081.npy,"(1024, 3)",False,False,PASS
datasets/lineB_downsampled_x4_up/strict_N/pu_net/train/bed/bed_0082.npy,"(1024, 3)",False,False,PASS
datasets/lineB_downsampled_x4_up/strict_N/pu_net/train/bed/bed_0083.npy,"(1024, 3)",False,False,PASS
datasets/lineB_downsampled_x4_up/strict_N/pu_net/train/bed/bed_0084.npy,"(1024, 3)",False,False,PASS
datasets/lineB_downsampled_x4_up/strict_N/pu_net/train/bed/bed_0085.npy,"(1024, 3)",False,False,PASS
datasets/lineB_downsampled_x4_up/strict_N/pu_net/train/bed/bed_0086.npy,"(1024, 3)",False,False,PASS
datasets/lineB_downsampled_x4_up/strict_N/pu_net/train/bed/bed_0087.npy,"(1024, 3)",False,False,PASS
datasets/lineB_downsampled_x4_up/strict_N/pu_net/train/bed/bed_0088.npy,"(1024, 3)",False,False,PASS
datasets/lineB_downsampled_x4_up/strict_N/pu_net/train/bed/bed_0089.npy,"(1024, 3)",False,False,PASS
datasets/lineB_downsampled_x4_up/strict_N/pu_net/train/bed/bed_0090.npy,"(1024, 3)",False,False,PASS
datasets/lineB_downsampled_x4_up/strict_N/pu_net/train/bed/bed_0091.npy,"(1024, 3)",False,False,PASS
datasets/lineB_downsampled_x4_up/strict_N/pu_net/train/bed/bed_0092.npy,"(1024, 3)",False,False,PASS
datasets/lineB_downsampled_x4_up/strict_N/pu_net/train/bed/bed_0093.npy,"(1024, 3)",False,False,PASS
datasets/lineB_downsampled_x4_up/strict_N/pu_net/train/bed/bed_0094.npy,"(1024, 3)",False,False,PASS
datasets/lineB_downsampled_x4_up/strict_N/pu_net/train/bed/bed_0095.npy,"(1024, 3)",False,False,PASS
datasets/lineB_downsampled_x4_up/strict_N/pu_net/train/bed/bed_0096.npy,"(1024, 3)",False,False,PASS
datasets/lineB_downsampled_x4_up/strict_N/pu_net/train/bed/bed_0097.npy,"(1024, 3)",False,False,PASS
datasets/lineB_downsampled_x4_up/strict_N/pu_net/train/bed/bed_0098.npy,"(1024, 3)",False,False,PASS
datasets/lineB_downsampled_x4_up/strict_N/pu_net/train/bed/bed_0099.npy,"(1024, 3)",False,False,PASS
datasets/lineB_downsampled_x4_up/strict_N/pu_net/train/bed/bed_0100.npy,"(1024, 3)",False,False,PASS
datasets/lineB_downsampled_x4_up/strict_N/pu_net/train/bed/bed_0101.npy,"(1024, 3)",False,False,PASS
datasets/lineB_downsampled_x4_up/strict_N/pu_net/train/bed/bed_0102.npy,"(1024, 3)",False,False,PASS
datasets/lineB_downsampled_x4_up/strict_N/pu_net/train/bed/bed_0103.npy,"(1024, 3)",False,False,PASS
datasets/lineB_downsampled_x4_up/strict_N/pu_net/train/bed/bed_0104.npy,"(1024, 3)",False,False,PASS
datasets/lineB_downsampled_x4_up/strict_N/pu_net/train/bed/bed_0105.npy,"(1024, 3)",False,False,PASS
datasets/lineB_downsampled_x4_up/strict_N/pu_net/train/bed/bed_0106.npy,"(1024, 3)",False,False,PASS
datasets/lineB_downsampled_x4_up/strict_N/pu_net/train/bed/bed_0107.npy,"(1024, 3)",False,False,PASS
datasets/lineB_downsampled_x4_up/strict_N/pu_net/train/bed/bed_0108.npy,"(1024, 3)",False,False,PASS
datasets/lineB_downsampled_x4_up/strict_N/pu_net/train/bed/bed_0109.npy,"(1024, 3)",False,False,PASS
datasets/lineB_downsampled_x4_up/strict_N/pu_net/train/bed/bed_0110.npy,"(1024, 3)",False,False,PASS
datasets/lineB_downsampled_x4_up/strict_N/pu_net/train/bed/bed_0111.npy,"(1024, 3)",False,False,PASS
datasets/lineB_downsampled_x4_up/strict_N/pu_net/train/bed/bed_0112.npy,"(1024, 3)",False,False,PASS
datasets/lineB_downsampled_x4_up/strict_N/pu_net/train/bed/bed_0113.npy,"(1024, 3)",False,False,PASS
datasets/lineB_downsampled_x4_up/strict_N/pu_net/train/bed/bed_0114.npy,"(1024, 3)",False,False,PASS
datasets/lineB_downsampled_x4_up/strict_N/pu_net/train/bed/bed_0115.npy,"(1024, 3)",False,False,PASS
datasets/lineB_downsampled_x4_up/strict_N/pu_net/train/bed/bed_0116.npy,"(1024, 3)",False,False,PASS
datasets/lineB_downsampled_x4_up/strict_N/pu_net/train/bed/bed_0117.npy,"(1024, 3)",False,False,PASS
datasets/lineB_downsampled_x4_up/strict_N/pu_net/train/bed/bed_0118.npy,"(1024, 3)",False,False,PASS
datasets/lineB_downsampled_x4_up/strict_N/pu_net/train/bed/bed_0119.npy,"(1024, 3)",False,False,PASS
datasets/lineB_downsampled_x4_up/strict_N/pu_net/train/bed/bed_0120.npy,"(1024, 3)",False,False,PASS
datasets/lineB_downsampled_x4_up/strict_N/pu_net/train/bed/bed_0121.npy,"(1024, 3)",False,False,PASS
datasets/lineB_downsampled_x4_up/strict_N/pu_net/train/bed/bed_0122.npy,"(1024, 3)",False,False,PASS
datasets/lineB_downsampled_x4_up/strict_N/pu_net/train/bed/bed_0123.npy,"(1024, 3)",False,False,PASS
datasets/lineB_downsampled_x4_up/strict_N/pu_net/train/bed/bed_0124.npy,"(1024, 3)",False,False,PASS
datasets/lineB_downsampled_x4_up/strict_N/pu_net/train/bed/bed_0125.npy,"(1024, 3)",False,False,PASS
datasets/lineB_downsampled_x4_up/strict_N/pu_net/train/bed/bed_0126.npy,"(1024, 3)",False,False,PASS
datasets/lineB_downsampled_x4_up/strict_N/pu_net/train/bed/bed_0127.npy,"(1024, 3)",False,False,PASS
datasets/lineB_downsampled_x4_up/strict_N/pu_net/train/bed/bed_0128.npy,"(1024, 3)",False,False,PASS
datasets/lineB_downsampled_x4_up/strict_N/pu_net/train/bed/bed_0129.npy,"(1024, 3)",False,False,PASS
datasets/lineB_downsampled_x4_up/strict_N/pu_net/train/bed/bed_0130.npy,"(1024, 3)",False,False,PASS
datasets/lineB_downsampled_x4_up/strict_N/pu_net/train/bed/bed_0131.npy,"(1024, 3)",False,False,PASS
datasets/lineB_downsampled_x4_up/strict_N/pu_net/train/bed/bed_0132.npy,"(1024, 3)",False,False,PASS
datasets/lineB_downsampled_x4_up/strict_N/pu_net/train/bed/bed_0133.npy,"(1024, 3)",False,False,PASS
datasets/lineB_downsampled_x4_up/strict_N/pu_net/train/bed/bed_0134.npy,"(1024, 3)",False,False,PASS
datasets/lineB_downsampled_x4_up/strict_N/pu_net/train/bed/bed_0135.npy,"(1024, 3)",False,False,PASS
datasets/lineB_downsampled_x4_up/strict_N/pu_net/train/bed/bed_0136.npy,"(1024, 3)",False,False,PASS
datasets/lineB_downsampled_x4_up/strict_N/pu_net/train/bed/bed_0137.npy,"(1024, 3)",False,False,PASS
datasets/lineB_downsampled_x4_up/strict_N/pu_net/train/bed/bed_0138.npy,"(1024, 3)",False,False,PASS
datasets/lineB_downsampled_x4_up/strict_N/pu_net/train/bed/bed_0139.npy,"(1024, 3)",False,False,PASS
datasets/lineB_downsampled_x4_up/strict_N/pu_net/train/bed/bed_0140.npy,"(1024, 3)",False,False,PASS
datasets/lineB_downsampled_x4_up/strict_N/pu_net/train/bed/bed_0141.npy,"(1024, 3)",False,False,PASS
datasets/lineB_downsampled_x4_up/strict_N/pu_net/train/bed/bed_0142.npy,"(1024, 3)",False,False,PASS
datasets/lineB_downsampled_x4_up/strict_N/pu_net/train/bed/bed_0143.npy,"(1024, 3)",False,False,PASS
datasets/lineB_downsampled_x4_up/strict_N/pu_net/train/bed/bed_0144.npy,"(1024, 3)",False,False,PASS
datasets/lineB_downsampled_x4_up/strict_N/pu_net/train/bed/bed_0145.npy,"(1024, 3)",False,False,PASS
datasets/lineB_downsampled_x4_up/strict_N/pu_net/train/bed/bed_0146.npy,"(1024, 3)",False,False,PASS
datasets/lineB_downsampled_x4_up/strict_N/pu_net/train/bed/bed_0147.npy,"(1024, 3)",False,False,PASS
datasets/lineB_downsampled_x4_up/strict_N/pu_net/train/bed/bed_0148.npy,"(1024, 3)",False,False,PASS
datasets/lineB_downsampled_x4_up/strict_N/pu_net/train/bed/bed_0149.npy,"(1024, 3)",False,False,PASS
datasets/lineB_downsampled_x4_up/strict_N/pu_net/train/bed/bed_0150.npy,"(1024, 3)",False,False,PASS
datasets/lineB_downsampled_x4_up/strict_N/pu_net/train/bed/bed_0151.npy,"(1024, 3)",False,False,PASS
datasets/lineB_downsampled_x4_up/strict_N/pu_net/train/bed/bed_0152.npy,"(1024, 3)",False,False,PASS
datasets/lineB_downsampled_x4_up/strict_N/pu_net/train/bed/bed_0153.npy,"(1024, 3)",False,False,PASS
datasets/lineB_downsampled_x4_up/strict_N/pu_net/train/bed/bed_0154.npy,"(1024, 3)",False,False,PASS
datasets/lineB_downsampled_x4_up/strict_N/pu_net/train/bed/bed_0155.npy,"(1024, 3)",False,False,PASS
datasets/lineB_downsampled_x4_up/strict_N/pu_net/train/bed/bed_0156.npy,"(1024, 3)",False,False,PASS
datasets/lineB_downsampled_x4_up/strict_N/pu_net/train/bed/bed_0157.npy,"(1024, 3)",False,False,PASS
datasets/lineB_downsampled_x4_up/strict_N/pu_net/train/bed/bed_0158.npy,"(1024, 3)",False,False,PASS
datasets/lineB_downsampled_x4_up/strict_N/pu_net/train/bed/bed_0159.npy,"(1024, 3)",False,False,PASS
datasets/lineB_downsampled_x4_up/strict_N/pu_net/train/bed/bed_0160.npy,"(1024, 3)",False,False,PASS
datasets/lineB_downsampled_x4_up/strict_N/pu_net/train/bed/bed_0161.npy,"(1024, 3)",False,False,PASS
datasets/lineB_downsampled_x4_up/strict_N/pu_net/train/bed/bed_0162.npy,"(1024, 3)",False,False,PASS
datasets/lineB_downsampled_x4_up/strict_N/pu_net/train/bed/bed_0163.npy,"(1024, 3)",False,False,PASS
datasets/lineB_downsampled_x4_up/strict_N/pu_net/train/bed/bed_0164.npy,"(1024, 3)",False,False,PASS
datasets/lineB_downsampled_x4_up/strict_N/pu_net/train/bed/bed_0165.npy,"(1024, 3)",False,False,PASS
datasets/lineB_downsampled_x4_up/strict_N/pu_net/train/bed/bed_0166.npy,"(1024, 3)",False,False,PASS
datasets/lineB_downsampled_x4_up/strict_N/pu_net/train/bed/bed_0167.npy,"(1024, 3)",False,False,PASS
datasets/lineB_downsampled_x4_up/strict_N/pu_net/train/bed/bed_0168.npy,"(1024, 3)",False,False,PASS
datasets/lineB_downsampled_x4_up/strict_N/pu_net/train/bed/bed_0169.npy,"(1024, 3)",False,False,PASS
datasets/lineB_downsampled_x4_up/strict_N/pu_net/train/bed/bed_0170.npy,"(1024, 3)",False,False,PASS
datasets/lineB_downsampled_x4_up/strict_N/pu_net/train/bed/bed_0171.npy,"(1024, 3)",False,False,PASS
datasets/lineB_downsampled_x4_up/strict_N/pu_net/train/bed/bed_0172.npy,"(1024, 3)",False,False,PASS
datasets/lineB_downsampled_x4_up/strict_N/pu_net/train/bed/bed_0173.npy,"(1024, 3)",False,False,PASS
datasets/lineB_downsampled_x4_up/strict_N/pu_net/train/bed/bed_0174.npy,"(1024, 3)",False,False,PASS
datasets/lineB_downsampled_x4_up/strict_N/pu_net/train/bed/bed_0175.npy,"(1024, 3)",False,False,PASS
datasets/lineB_downsampled_x4_up/strict_N/pu_net/train/bed/bed_0176.npy,"(1024, 3)",False,False,PASS
datasets/lineB_downsampled_x4_up/strict_N/pu_net/train/bed/bed_0177.npy,"(1024, 3)",False,False,PASS
datasets/lineB_downsampled_x4_up/strict_N/pu_net/train/bed/bed_0178.npy,"(1024, 3)",False,False,PASS
datasets/lineB_downsampled_x4_up/strict_N/pu_net/train/bed/bed_0179.npy,"(1024, 3)",False,False,PASS
datasets/lineB_downsampled_x4_up/strict_N/pu_net/train/bed/bed_0180.npy,"(1024, 3)",False,False,PASS
datasets/lineB_downsampled_x4_up/strict_N/pu_net/train/bed/bed_0181.npy,"(1024, 3)",False,False,PASS
datasets/lineB_downsampled_x4_up/strict_N/pu_net/train/bed/bed_0182.npy,"(1024, 3)",False,False,PASS
datasets/lineB_downsampled_x4_up/strict_N/pu_net/train/bed/bed_0183.npy,"(1024, 3)",False,False,PASS
datasets/lineB_downsampled_x4_up/strict_N/pu_net/train/bed/bed_0184.npy,"(1024, 3)",False,False,PASS
datasets/lineB_downsampled_x4_up/strict_N/pu_net/train/bed/bed_0185.npy,"(1024, 3)",False,False,PASS
datasets/lineB_downsampled_x4_up/strict_N/pu_net/train/bed/bed_0186.npy,"(1024, 3)",False,False,PASS
datasets/lineB_downsampled_x4_up/strict_N/pu_net/train/bed/bed_0187.npy,"(1024, 3)",False,False,PASS
datasets/lineB_downsampled_x4_up/strict_N/pu_net/train/bed/bed_0188.npy,"(1024, 3)",False,False,PASS
datasets/lineB_downsampled_x4_up/strict_N/pu_net/train/bed/bed_0189.npy,"(1024, 3)",False,False,PASS
datasets/lineB_downsampled_x4_up/strict_N/pu_net/train/bed/bed_0190.npy,"(1024, 3)",False,False,PASS
datasets/lineB_downsampled_x4_up/strict_N/pu_net/train/bed/bed_0191.npy,"(1024, 3)",False,False,PASS
datasets/lineB_downsampled_x4_up/strict_N/pu_net/train/bed/bed_0192.npy,"(1024, 3)",False,False,PASS
datasets/lineB_downsampled_x4_up/strict_N/pu_net/train/bed/bed_0193.npy,"(1024, 3)",False,False,PASS
datasets/lineB_downsampled_x4_up/strict_N/pu_net/train/bed/bed_0194.npy,"(1024, 3)",False,False,PASS
datasets/lineB_downsampled_x4_up/strict_N/pu_net/train/bed/bed_0195.npy,"(1024, 3)",False,False,PASS
datasets/lineB_downsampled_x4_up/strict_N/pu_net/train/bed/bed_0196.npy,"(1024, 3)",False,False,PASS
datasets/lineB_downsampled_x4_up/strict_N/pu_net/train/bed/bed_0197.npy,"(1024, 3)",False,False,PASS
datasets/lineB_downsampled_x4_up/strict_N/pu_net/train/bed/bed_0198.npy,"(1024, 3)",False,False,PASS
datasets/lineB_downsampled_x4_up/strict_N/pu_net/train/bed/bed_0199.npy,"(1024, 3)",False,False,PASS
datasets/lineB_downsampled_x4_up/strict_N/pu_net/train/bed/bed_0200.npy,"(1024, 3)",False,False,PASS
datasets/lineB_downsampled_x4_up/strict_N/pu_net/train/bed/bed_0201.npy,"(1024, 3)",False,False,PASS
datasets/lineB_downsampled_x4_up/strict_N/pu_net/train/bed/bed_0202.npy,"(1024, 3)",False,False,PASS
datasets/lineB_downsampled_x4_up/strict_N/pu_net/train/bed/bed_0203.npy,"(1024, 3)",False,False,PASS
datasets/lineB_downsampled_x4_up/strict_N/pu_net/train/bed/bed_0204.npy,"(1024, 3)",False,False,PASS
datasets/lineB_downsampled_x4_up/strict_N/pu_net/train/bed/bed_0205.npy,"(1024, 3)",False,False,PASS
datasets/lineB_downsampled_x4_up/strict_N/pu_net/train/bed/bed_0206.npy,"(1024, 3)",False,False,PASS
datasets/lineB_downsampled_x4_up/strict_N/pu_net/train/bed/bed_0207.npy,"(1024, 3)",False,False,PASS
datasets/lineB_downsampled_x4_up/strict_N/pu_net/train/bed/bed_0208.npy,"(1024, 3)",False,False,PASS
datasets/lineB_downsampled_x4_up/strict_N/pu_net/train/bed/bed_0209.npy,"(1024, 3)",False,False,PASS
datasets/lineB_downsampled_x4_up/strict_N/pu_net/train/bed/bed_0210.npy,"(1024, 3)",False,False,PASS
datasets/lineB_downsampled_x4_up/strict_N/pu_net/train/bed/bed_0211.npy,"(1024, 3)",False,False,PASS
datasets/lineB_downsampled_x4_up/strict_N/pu_net/train/bed/bed_0212.npy,"(1024, 3)",False,False,PASS
datasets/lineB_downsampled_x4_up/strict_N/pu_net/train/bed/bed_0213.npy,"(1024, 3)",False,False,PASS
datasets/lineB_downsampled_x4_up/strict_N/pu_net/train/bed/bed_0214.npy,"(1024, 3)",False,False,PASS
datasets/lineB_downsampled_x4_up/strict_N/pu_net/train/bed/bed_0215.npy,"(1024, 3)",False,False,PASS
datasets/lineB_downsampled_x4_up/strict_N/pu_net/train/bed/bed_0216.npy,"(1024, 3)",False,False,PASS
datasets/lineB_downsampled_x4_up/strict_N/pu_net/train/bed/bed_0217.npy,"(1024, 3)",False,False,PASS
datasets/lineB_downsampled_x4_up/strict_N/pu_net/train/bed/bed_0218.npy,"(1024, 3)",False,False,PASS
datasets/lineB_downsampled_x4_up/strict_N/pu_net/train/bed/bed_0219.npy,"(1024, 3)",False,False,PASS
datasets/lineB_downsampled_x4_up/strict_N/pu_net/train/bed/bed_0220.npy,"(1024, 3)",False,False,PASS
datasets/lineB_downsampled_x4_up/strict_N/pu_net/train/bed/bed_0221.npy,"(1024, 3)",False,False,PASS
datasets/lineB_downsampled_x4_up/strict_N/pu_net/train/bed/bed_0222.npy,"(1024, 3)",False,False,PASS
datasets/lineB_downsampled_x4_up/strict_N/pu_net/train/bed/bed_0223.npy,"(1024, 3)",False,False,PASS
datasets/lineB_downsampled_x4_up/strict_N/pu_net/train/bed/bed_0224.npy,"(1024, 3)",False,False,PASS
datasets/lineB_downsampled_x4_up/strict_N/pu_net/train/bed/bed_0225.npy,"(1024, 3)",False,False,PASS
datasets/lineB_downsampled_x4_up/strict_N/pu_net/train/bed/bed_0226.npy,"(1024, 3)",False,False,PASS
datasets/lineB_downsampled_x4_up/strict_N/pu_net/train/bed/bed_0227.npy,"(1024, 3)",False,False,PASS
datasets/lineB_downsampled_x4_up/strict_N/pu_net/train/bed/bed_0228.npy,"(1024, 3)",False,False,PASS
datasets/lineB_downsampled_x4_up/strict_N/pu_net/train/bed/bed_0229.npy,"(1024, 3)",False,False,PASS
datasets/lineB_downsampled_x4_up/strict_N/pu_net/train/bed/bed_0230.npy,"(1024, 3)",False,False,PASS
datasets/lineB_downsampled_x4_up/strict_N/pu_net/train/bed/bed_0231.npy,"(1024, 3)",False,False,PASS
datasets/lineB_downsampled_x4_up/strict_N/pu_net/train/bed/bed_0232.npy,"(1024, 3)",False,False,PASS
datasets/lineB_downsampled_x4_up/strict_N/pu_net/train/bed/bed_0233.npy,"(1024, 3)",False,False,PASS
datasets/lineB_downsampled_x4_up/strict_N/pu_net/train/bed/bed_0234.npy,"(1024, 3)",False,False,PASS
datasets/lineB_downsampled_x4_up/strict_N/pu_net/train/bed/bed_0235.npy,"(1024, 3)",False,False,PASS
datasets/lineB_downsampled_x4_up/strict_N/pu_net/train/bed/bed_0236.npy,"(1024, 3)",False,False,PASS
datasets/lineB_downsampled_x4_up/strict_N/pu_net/train/bed/bed_0237.npy,"(1024, 3)",False,False,PASS
datasets/lineB_downsampled_x4_up/strict_N/pu_net/train/bed/bed_0238.npy,"(1024, 3)",False,False,PASS
datasets/lineB_downsampled_x4_up/strict_N/pu_net/train/bed/bed_0239.npy,"(1024, 3)",False,False,PASS
datasets/lineB_downsampled_x4_up/strict_N/pu_net/train/bed/bed_0240.npy,"(1024, 3)",False,False,PASS
datasets/lineB_downsampled_x4_up/strict_N/pu_net/train/bed/bed_0241.npy,"(1024, 3)",False,False,PASS
datasets/lineB_downsampled_x4_up/strict_N/pu_net/train/bed/bed_0242.npy,"(1024, 3)",False,False,PASS
datasets/lineB_downsampled_x4_up/strict_N/pu_net/train/bed/bed_0243.npy,"(1024, 3)",False,False,PASS
datasets/lineB_downsampled_x4_up/strict_N/pu_net/train/bed/bed_0244.npy,"(1024, 3)",False,False,PASS
datasets/lineB_downsampled_x4_up/strict_N/pu_net/train/bed/bed_0245.npy,"(1024, 3)",False,False,PASS
datasets/lineB_downsampled_x4_up/strict_N/pu_net/train/bed/bed_0246.npy,"(1024, 3)",False,False,PASS
datasets/lineB_downsampled_x4_up/strict_N/pu_net/train/bed/bed_0247.npy,"(1024, 3)",False,False,PASS
datasets/lineB_downsampled_x4_up/strict_N/pu_net/train/bed/bed_0248.npy,"(1024, 3)",False,False,PASS
datasets/lineB_downsampled_x4_up/strict_N/pu_net/train/bed/bed_0249.npy,"(1024, 3)",False,False,PASS
datasets/lineB_downsampled_x4_up/strict_N/pu_net/train/bed/bed_0250.npy,"(1024, 3)",False,False,PASS
datasets/lineB_downsampled_x4_up/strict_N/pu_net/train/bed/bed_0251.npy,"(1024, 3)",False,False,PASS
datasets/lineB_downsampled_x4_up/strict_N/pu_net/train/bed/bed_0252.npy,"(1024, 3)",False,False,PASS
datasets/lineB_downsampled_x4_up/strict_N/pu_net/train/bed/bed_0253.npy,"(1024, 3)",False,False,PASS
datasets/lineB_downsampled_x4_up/strict_N/pu_net/train/bed/bed_0254.npy,"(1024, 3)",False,False,PASS
datasets/lineB_downsampled_x4_up/strict_N/pu_net/train/bed/bed_0255.npy,"(1024, 3)",False,False,PASS
datasets/lineB_downsampled_x4_up/strict_N/pu_net/train/bed/bed_0256.npy,"(1024, 3)",False,False,PASS
datasets/lineB_downsampled_x4_up/strict_N/pu_net/train/bed/bed_0257.npy,"(1024, 3)",False,False,PASS
datasets/lineB_downsampled_x4_up/strict_N/pu_net/train/bed/bed_0258.npy,"(1024, 3)",False,False,PASS
datasets/lineB_downsampled_x4_up/strict_N/pu_net/train/bed/bed_0259.npy,"(1024, 3)",False,False,PASS
datasets/lineB_downsampled_x4_up/strict_N/pu_net/train/bed/bed_0260.npy,"(1024, 3)",False,False,PASS
datasets/lineB_downsampled_x4_up/strict_N/pu_net/train/bed/bed_0261.npy,"(1024, 3)",False,False,PASS
datasets/lineB_downsampled_x4_up/strict_N/pu_net/train/bed/bed_0262.npy,"(1024, 3)",False,False,PASS
datasets/lineB_downsampled_x4_up/strict_N/pu_net/train/bed/bed_0263.npy,"(1024, 3)",False,False,PASS
datasets/lineB_downsampled_x4_up/strict_N/pu_net/train/bed/bed_0264.npy,"(1024, 3)",False,False,PASS
datasets/lineB_downsampled_x4_up/strict_N/pu_net/train/bed/bed_0265.npy,"(1024, 3)",False,False,PASS
datasets/lineB_downsampled_x4_up/strict_N/pu_net/train/bed/bed_0266.npy,"(1024, 3)",False,False,PASS
datasets/lineB_downsampled_x4_up/strict_N/pu_net/train/bed/bed_0267.npy,"(1024, 3)",False,False,PASS
datasets/lineB_downsampled_x4_up/strict_N/pu_net/train/bed/bed_0268.npy,"(1024, 3)",False,False,PASS
datasets/lineB_downsampled_x4_up/strict_N/pu_net/train/bed/bed_0269.npy,"(1024, 3)",False,False,PASS
datasets/lineB_downsampled_x4_up/strict_N/pu_net/train/bed/bed_0270.npy,"(1024, 3)",False,False,PASS
datasets/lineB_downsampled_x4_up/strict_N/pu_net/train/bed/bed_0271.npy,"(1024, 3)",False,False,PASS
datasets/lineB_downsampled_x4_up/strict_N/pu_net/train/bed/bed_0272.npy,"(1024, 3)",False,False,PASS
datasets/lineB_downsampled_x4_up/strict_N/pu_net/train/bed/bed_0273.npy,"(1024, 3)",False,False,PASS
datasets/lineB_downsampled_x4_up/strict_N/pu_net/train/bed/bed_0274.npy,"(1024, 3)",False,False,PASS
datasets/lineB_downsampled_x4_up/strict_N/pu_net/train/bed/bed_0275.npy,"(1024, 3)",False,False,PASS
datasets/lineB_downsampled_x4_up/strict_N/pu_net/train/bed/bed_0276.npy,"(1024, 3)",False,False,PASS
datasets/lineB_downsampled_x4_up/strict_N/pu_net/train/bed/bed_0277.npy,"(1024, 3)",False,False,PASS
datasets/lineB_downsampled_x4_up/strict_N/pu_net/train/bed/bed_0278.npy,"(1024, 3)",False,False,PASS
datasets/lineB_downsampled_x4_up/strict_N/pu_net/train/bed/bed_0279.npy,"(1024, 3)",False,False,PASS
datasets/lineB_downsampled_x4_up/strict_N/pu_net/train/bed/bed_0280.npy,"(1024, 3)",False,False,PASS
datasets/lineB_downsampled_x4_up/strict_N/pu_net/train/bed/bed_0281.npy,"(1024, 3)",False,False,PASS
datasets/lineB_downsampled_x4_up/strict_N/pu_net/train/bed/bed_0282.npy,"(1024, 3)",False,False,PASS
datasets/lineB_downsampled_x4_up/strict_N/pu_net/train/bed/bed_0283.npy,"(1024, 3)",False,False,PASS
datasets/lineB_downsampled_x4_up/strict_N/pu_net/train/bed/bed_0284.npy,"(1024, 3)",False,False,PASS
datasets/lineB_downsampled_x4_up/strict_N/pu_net/train/bed/bed_0285.npy,"(1024, 3)",False,False,PASS
datasets/lineB_downsampled_x4_up/strict_N/pu_net/train/bed/bed_0286.npy,"(1024, 3)",False,False,PASS
datasets/lineB_downsampled_x4_up/strict_N/pu_net/train/bed/bed_0287.npy,"(1024, 3)",False,False,PASS
datasets/lineB_downsampled_x4_up/strict_N/pu_net/train/bed/bed_0288.npy,"(1024, 3)",False,False,PASS
datasets/lineB_downsampled_x4_up/strict_N/pu_net/train/bed/bed_0289.npy,"(1024, 3)",False,False,PASS
datasets/lineB_downsampled_x4_up/strict_N/pu_net/train/bed/bed_0290.npy,"(1024, 3)",False,False,PASS
datasets/lineB_downsampled_x4_up/strict_N/pu_net/train/bed/bed_0291.npy,"(1024, 3)",False,False,PASS
datasets/lineB_downsampled_x4_up/strict_N/pu_net/train/bed/bed_0292.npy,"(1024, 3)",False,False,PASS
datasets/lineB_downsampled_x4_up/strict_N/pu_net/train/bed/bed_0293.npy,"(1024, 3)",False,False,PASS
datasets/lineB_downsampled_x4_up/strict_N/pu_net/train/bed/bed_0294.npy,"(1024, 3)",False,False,PASS
datasets/lineB_downsampled_x4_up/strict_N/pu_net/train/bed/bed_0295.npy,"(1024, 3)",False,False,PASS
datasets/lineB_downsampled_x4_up/strict_N/pu_net/train/bed/bed_0296.npy,"(1024, 3)",False,False,PASS
datasets/lineB_downsampled_x4_up/strict_N/pu_net/train/bed/bed_0297.npy,"(1024, 3)",False,False,PASS
datasets/lineB_downsampled_x4_up/strict_N/pu_net/train/bed/bed_0298.npy,"(1024, 3)",False,False,PASS
datasets/lineB_downsampled_x4_up/strict_N/pu_net/train/bed/bed_0299.npy,"(1024, 3)",False,False,PASS
datasets/lineB_downsampled_x4_up/strict_N/pu_net/train/bed/bed_0300.npy,"(1024, 3)",False,False,PASS
datasets/lineB_downsampled_x4_up/strict_N/pu_net/train/bed/bed_0301.npy,"(1024, 3)",False,False,PASS
datasets/lineB_downsampled_x4_up/strict_N/pu_net/train/bed/bed_0302.npy,"(1024, 3)",False,False,PASS
datasets/lineB_downsampled_x4_up/strict_N/pu_net/train/bed/bed_0303.npy,"(1024, 3)",False,False,PASS
datasets/lineB_downsampled_x4_up/strict_N/pu_net/train/bed/bed_0304.npy,"(1024, 3)",False,False,PASS
datasets/lineB_downsampled_x4_up/strict_N/pu_net/train/bed/bed_0305.npy,"(1024, 3)",False,False,PASS
datasets/lineB_downsampled_x4_up/strict_N/pu_net/train/bed/bed_0306.npy,"(1024, 3)",False,False,PASS
datasets/lineB_downsampled_x4_up/strict_N/pu_net/train/bed/bed_0307.npy,"(1024, 3)",False,False,PASS
datasets/lineB_downsampled_x4_up/strict_N/pu_net/train/bed/bed_0308.npy,"(1024, 3)",False,False,PASS
datasets/lineB_downsampled_x4_up/strict_N/pu_net/train/bed/bed_0309.npy,"(1024, 3)",False,False,PASS
datasets/lineB_downsampled_x4_up/strict_N/pu_net/train/bed/bed_0310.npy,"(1024, 3)",False,False,PASS
datasets/lineB_downsampled_x4_up/strict_N/pu_net/train/bed/bed_0311.npy,"(1024, 3)",False,False,PASS
datasets/lineB_downsampled_x4_up/strict_N/pu_net/train/bed/bed_0312.npy,"(1024, 3)",False,False,PASS
datasets/lineB_downsampled_x4_up/strict_N/pu_net/train/bed/bed_0313.npy,"(1024, 3)",False,False,PASS
datasets/lineB_downsampled_x4_up/strict_N/pu_net/train/bed/bed_0314.npy,"(1024, 3)",False,False,PASS
datasets/lineB_downsampled_x4_up/strict_N/pu_net/train/bed/bed_0315.npy,"(1024, 3)",False,False,PASS
datasets/lineB_downsampled_x4_up/strict_N/pu_net/train/bed/bed_0316.npy,"(1024, 3)",False,False,PASS
datasets/lineB_downsampled_x4_up/strict_N/pu_net/train/bed/bed_0317.npy,"(1024, 3)",False,False,PASS
datasets/lineB_downsampled_x4_up/strict_N/pu_net/train/bed/bed_0318.npy,"(1024, 3)",False,False,PASS
datasets/lineB_downsampled_x4_up/strict_N/pu_net/train/bed/bed_0319.npy,"(1024, 3)",False,False,PASS
datasets/lineB_downsampled_x4_up/strict_N/pu_net/train/bed/bed_0320.npy,"(1024, 3)",False,False,PASS
datasets/lineB_downsampled_x4_up/strict_N/pu_net/train/bed/bed_0321.npy,"(1024, 3)",False,False,PASS
datasets/lineB_downsampled_x4_up/strict_N/pu_net/train/bed/bed_0322.npy,"(1024, 3)",False,False,PASS
datasets/lineB_downsampled_x4_up/strict_N/pu_net/train/bed/bed_0323.npy,"(1024, 3)",False,False,PASS
datasets/lineB_downsampled_x4_up/strict_N/pu_net/train/bed/bed_0324.npy,"(1024, 3)",False,False,PASS
datasets/lineB_downsampled_x4_up/strict_N/pu_net/train/bed/bed_0325.npy,"(1024, 3)",False,False,PASS
datasets/lineB_downsampled_x4_up/strict_N/pu_net/train/bed/bed_0326.npy,"(1024, 3)",False,False,PASS
datasets/lineB_downsampled_x4_up/strict_N/pu_net/train/bed/bed_0327.npy,"(1024, 3)",False,False,PASS
datasets/lineB_downsampled_x4_up/strict_N/pu_net/train/bed/bed_0328.npy,"(1024, 3)",False,False,PASS
datasets/lineB_downsampled_x4_up/strict_N/pu_net/train/bed/bed_0329.npy,"(1024, 3)",False,False,PASS
datasets/lineB_downsampled_x4_up/strict_N/pu_net/train/bed/bed_0330.npy,"(1024, 3)",False,False,PASS
datasets/lineB_downsampled_x4_up/strict_N/pu_net/train/bed/bed_0331.npy,"(1024, 3)",False,False,PASS
datasets/lineB_downsampled_x4_up/strict_N/pu_net/train/bed/bed_0332.npy,"(1024, 3)",False,False,PASS
datasets/lineB_downsampled_x4_up/strict_N/pu_net/train/bed/bed_0333.npy,"(1024, 3)",False,False,PASS
datasets/lineB_downsampled_x4_up/strict_N/pu_net/train/bed/bed_0334.npy,"(1024, 3)",False,False,PASS
datasets/lineB_downsampled_x4_up/strict_N/pu_net/train/bed/bed_0335.npy,"(1024, 3)",False,False,PASS
datasets/lineB_downsampled_x4_up/strict_N/pu_net/train/bed/bed_0336.npy,"(1024, 3)",False,False,PASS
datasets/lineB_downsampled_x4_up/strict_N/pu_net/train/bed/bed_0337.npy,"(1024, 3)",False,False,PASS
datasets/lineB_downsampled_x4_up/strict_N/pu_net/train/bed/bed_0338.npy,"(1024, 3)",False,False,PASS
datasets/lineB_downsampled_x4_up/strict_N/pu_net/train/bed/bed_0339.npy,"(1024, 3)",False,False,PASS
datasets/lineB_downsampled_x4_up/strict_N/pu_net/train/bed/bed_0340.npy,"(1024, 3)",False,False,PASS
datasets/lineB_downsampled_x4_up/strict_N/pu_net/train/bed/bed_0341.npy,"(1024, 3)",False,False,PASS
datasets/lineB_downsampled_x4_up/strict_N/pu_net/train/bed/bed_0342.npy,"(1024, 3)",False,False,PASS
datasets/lineB_downsampled_x4_up/strict_N/pu_net/train/bed/bed_0343.npy,"(1024, 3)",False,False,PASS
datasets/lineB_downsampled_x4_up/strict_N/pu_net/train/bed/bed_0344.npy,"(1024, 3)",False,False,PASS
datasets/lineB_downsampled_x4_up/strict_N/pu_net/train/bed/bed_0345.npy,"(1024, 3)",False,False,PASS
datasets/lineB_downsampled_x4_up/strict_N/pu_net/train/bed/bed_0346.npy,"(1024, 3)",False,False,PASS
datasets/lineB_downsampled_x4_up/strict_N/pu_net/train/bed/bed_0347.npy,"(1024, 3)",False,False,PASS
datasets/lineB_downsampled_x4_up/strict_N/pu_net/train/bed/bed_0348.npy,"(1024, 3)",False,False,PASS
datasets/lineB_downsampled_x4_up/strict_N/pu_net/train/bed/bed_0349.npy,"(1024, 3)",False,False,PASS
datasets/lineB_downsampled_x4_up/strict_N/pu_net/train/bed/bed_0350.npy,"(1024, 3)",False,False,PASS
datasets/lineB_downsampled_x4_up/strict_N/pu_net/train/bed/bed_0351.npy,"(1024, 3)",False,False,PASS
datasets/lineB_downsampled_x4_up/strict_N/pu_net/train/bed/bed_0352.npy,"(1024, 3)",False,False,PASS
datasets/lineB_downsampled_x4_up/strict_N/pu_net/train/bed/bed_0353.npy,"(1024, 3)",False,False,PASS
datasets/lineB_downsampled_x4_up/strict_N/pu_net/train/bed/bed_0354.npy,"(1024, 3)",False,False,PASS
datasets/lineB_downsampled_x4_up/strict_N/pu_net/train/bed/bed_0355.npy,"(1024, 3)",False,False,PASS
datasets/lineB_downsampled_x4_up/strict_N/pu_net/train/bed/bed_0356.npy,"(1024, 3)",False,False,PASS
datasets/lineB_downsampled_x4_up/strict_N/pu_net/train/bed/bed_0357.npy,"(1024, 3)",False,False,PASS
datasets/lineB_downsampled_x4_up/strict_N/pu_net/train/bed/bed_0358.npy,"(1024, 3)",False,False,PASS
datasets/lineB_downsampled_x4_up/strict_N/pu_net/train/bed/bed_0359.npy,"(1024, 3)",False,False,PASS
datasets/lineB_downsampled_x4_up/strict_N/pu_net/train/bed/bed_0360.npy,"(1024, 3)",False,False,PASS
datasets/lineB_downsampled_x4_up/strict_N/pu_net/train/bed/bed_0361.npy,"(1024, 3)",False,False,PASS
datasets/lineB_downsampled_x4_up/strict_N/pu_net/train/bed/bed_0362.npy,"(1024, 3)",False,False,PASS
datasets/lineB_downsampled_x4_up/strict_N/pu_net/train/bed/bed_0363.npy,"(1024, 3)",False,False,PASS
datasets/lineB_downsampled_x4_up/strict_N/pu_net/train/bed/bed_0364.npy,"(1024, 3)",False,False,PASS
datasets/lineB_downsampled_x4_up/strict_N/pu_net/train/bed/bed_0365.npy,"(1024, 3)",False,False,PASS
datasets/lineB_downsampled_x4_up/strict_N/pu_net/train/bed/bed_0366.npy,"(1024, 3)",False,False,PASS
datasets/lineB_downsampled_x4_up/strict_N/pu_net/train/bed/bed_0367.npy,"(1024, 3)",False,False,PASS
datasets/lineB_downsampled_x4_up/strict_N/pu_net/train/bed/bed_0368.npy,"(1024, 3)",False,False,PASS
datasets/lineB_downsampled_x4_up/strict_N/pu_net/train/bed/bed_0369.npy,"(1024, 3)",False,False,PASS
datasets/lineB_downsampled_x4_up/strict_N/pu_net/train/bed/bed_0370.npy,"(1024, 3)",False,False,PASS
datasets/lineB_downsampled_x4_up/strict_N/pu_net/train/bed/bed_0371.npy,"(1024, 3)",False,False,PASS
datasets/lineB_downsampled_x4_up/strict_N/pu_net/train/bed/bed_0372.npy,"(1024, 3)",False,False,PASS
datasets/lineB_downsampled_x4_up/strict_N/pu_net/train/bed/bed_0373.npy,"(1024, 3)",False,False,PASS
datasets/lineB_downsampled_x4_up/strict_N/pu_net/train/bed/bed_0374.npy,"(1024, 3)",False,False,PASS
datasets/lineB_downsampled_x4_up/strict_N/pu_net/train/bed/bed_0375.npy,"(1024, 3)",False,False,PASS
datasets/lineB_downsampled_x4_up/strict_N/pu_net/train/bed/bed_0376.npy,"(1024, 3)",False,False,PASS
datasets/lineB_downsampled_x4_up/strict_N/pu_net/train/bed/bed_0377.npy,"(1024, 3)",False,False,PASS
datasets/lineB_downsampled_x4_up/strict_N/pu_net/train/bed/bed_0378.npy,"(1024, 3)",False,False,PASS
datasets/lineB_downsampled_x4_up/strict_N/pu_net/train/bed/bed_0379.npy,"(1024, 3)",False,False,PASS
datasets/lineB_downsampled_x4_up/strict_N/pu_net/train/bed/bed_0380.npy,"(1024, 3)",False,False,PASS
datasets/lineB_downsampled_x4_up/strict_N/pu_net/train/bed/bed_0381.npy,"(1024, 3)",False,False,PASS
datasets/lineB_downsampled_x4_up/strict_N/pu_net/train/bed/bed_0382.npy,"(1024, 3)",False,False,PASS
datasets/lineB_downsampled_x4_up/strict_N/pu_net/train/bed/bed_0383.npy,"(1024, 3)",False,False,PASS
datasets/lineB_downsampled_x4_up/strict_N/pu_net/train/bed/bed_0384.npy,"(1024, 3)",False,False,PASS
datasets/lineB_downsampled_x4_up/strict_N/pu_net/train/bed/bed_0385.npy,"(1024, 3)",False,False,PASS
datasets/lineB_downsampled_x4_up/strict_N/pu_net/train/bed/bed_0386.npy,"(1024, 3)",False,False,PASS
datasets/lineB_downsampled_x4_up/strict_N/pu_net/train/bed/bed_0387.npy,"(1024, 3)",False,False,PASS
datasets/lineB_downsampled_x4_up/strict_N/pu_net/train/bed/bed_0388.npy,"(1024, 3)",False,False,PASS
datasets/lineB_downsampled_x4_up/strict_N/pu_net/train/bed/bed_0389.npy,"(1024, 3)",False,False,PASS
datasets/lineB_downsampled_x4_up/strict_N/pu_net/train/bed/bed_0390.npy,"(1024, 3)",False,False,PASS
datasets/lineB_downsampled_x4_up/strict_N/pu_net/train/bed/bed_0391.npy,"(1024, 3)",False,False,PASS
datasets/lineB_downsampled_x4_up/strict_N/pu_net/train/bed/bed_0392.npy,"(1024, 3)",False,False,PASS
datasets/lineB_downsampled_x4_up/strict_N/pu_net/train/bed/bed_0393.npy,"(1024, 3)",False,False,PASS
datasets/lineB_downsampled_x4_up/strict_N/pu_net/train/bed/bed_0394.npy,"(1024, 3)",False,False,PASS
datasets/lineB_downsampled_x4_up/strict_N/pu_net/train/bed/bed_0395.npy,"(1024, 3)",False,False,PASS
datasets/lineB_downsampled_x4_up/strict_N/pu_net/train/bed/bed_0396.npy,"(1024, 3)",False,False,PASS
datasets/lineB_downsampled_x4_up/strict_N/pu_net/train/bed/bed_0397.npy,"(1024, 3)",False,False,PASS
datasets/lineB_downsampled_x4_up/strict_N/pu_net/train/bed/bed_0398.npy,"(1024, 3)",False,False,PASS
datasets/lineB_downsampled_x4_up/strict_N/pu_net/train/bed/bed_0399.npy,"(1024, 3)",False,False,PASS
datasets/lineB_downsampled_x4_up/strict_N/pu_net/train/bed/bed_0400.npy,"(1024, 3)",False,False,PASS
datasets/lineB_downsampled_x4_up/strict_N/pu_net/train/bed/bed_0401.npy,"(1024, 3)",False,False,PASS
datasets/lineB_downsampled_x4_up/strict_N/pu_net/train/bed/bed_0402.npy,"(1024, 3)",False,False,PASS
datasets/lineB_downsampled_x4_up/strict_N/pu_net/train/bed/bed_0403.npy,"(1024, 3)",False,False,PASS
datasets/lineB_downsampled_x4_up/strict_N/pu_net/train/bed/bed_0404.npy,"(1024, 3)",False,False,PASS
datasets/lineB_downsampled_x4_up/strict_N/pu_net/train/bed/bed_0405.npy,"(1024, 3)",False,False,PASS
datasets/lineB_downsampled_x4_up/strict_N/pu_net/train/bed/bed_0406.npy,"(1024, 3)",False,False,PASS
datasets/lineB_downsampled_x4_up/strict_N/pu_net/train/bed/bed_0407.npy,"(1024, 3)",False,False,PASS
datasets/lineB_downsampled_x4_up/strict_N/pu_net/train/bed/bed_0408.npy,"(1024, 3)",False,False,PASS
datasets/lineB_downsampled_x4_up/strict_N/pu_net/train/bed/bed_0409.npy,"(1024, 3)",False,False,PASS
datasets/lineB_downsampled_x4_up/strict_N/pu_net/train/bed/bed_0410.npy,"(1024, 3)",False,False,PASS
datasets/lineB_downsampled_x4_up/strict_N/pu_net/train/bed/bed_0411.npy,"(1024, 3)",False,False,PASS
datasets/lineB_downsampled_x4_up/strict_N/pu_net/train/bed/bed_0412.npy,"(1024, 3)",False,False,PASS
datasets/lineB_downsampled_x4_up/strict_N/pu_net/train/bed/bed_0413.npy,"(1024, 3)",False,False,PASS
datasets/lineB_downsampled_x4_up/strict_N/pu_net/train/bed/bed_0414.npy,"(1024, 3)",False,False,PASS
datasets/lineB_downsampled_x4_up/strict_N/pu_net/train/bed/bed_0415.npy,"(1024, 3)",False,False,PASS
datasets/lineB_downsampled_x4_up/strict_N/pu_net/train/bed/bed_0416.npy,"(1024, 3)",False,False,PASS
datasets/lineB_downsampled_x4_up/strict_N/pu_net/train/bed/bed_0417.npy,"(1024, 3)",False,False,PASS
datasets/lineB_downsampled_x4_up/strict_N/pu_net/train/bed/bed_0418.npy,"(1024, 3)",False,False,PASS
datasets/lineB_downsampled_x4_up/strict_N/pu_net/train/bed/bed_0419.npy,"(1024, 3)",False,False,PASS
datasets/lineB_downsampled_x4_up/strict_N/pu_net/train/bed/bed_0420.npy,"(1024, 3)",False,False,PASS
datasets/lineB_downsampled_x4_up/strict_N/pu_net/train/bed/bed_0421.npy,"(1024, 3)",False,False,PASS
datasets/lineB_downsampled_x4_up/strict_N/pu_net/train/bed/bed_0422.npy,"(1024, 3)",False,False,PASS
datasets/lineB_downsampled_x4_up/strict_N/pu_net/train/bed/bed_0423.npy,"(1024, 3)",False,False,PASS
datasets/lineB_downsampled_x4_up/strict_N/pu_net/train/bed/bed_0424.npy,"(1024, 3)",False,False,PASS
datasets/lineB_downsampled_x4_up/strict_N/pu_net/train/bed/bed_0425.npy,"(1024, 3)",False,False,PASS
datasets/lineB_downsampled_x4_up/strict_N/pu_net/train/bed/bed_0426.npy,"(1024, 3)",False,False,PASS
datasets/lineB_downsampled_x4_up/strict_N/pu_net/train/bed/bed_0427.npy,"(1024, 3)",False,False,PASS
datasets/lineB_downsampled_x4_up/strict_N/pu_net/train/bed/bed_0428.npy,"(1024, 3)",False,False,PASS
datasets/lineB_downsampled_x4_up/strict_N/pu_net/train/bed/bed_0429.npy,"(1024, 3)",False,False,PASS
datasets/lineB_downsampled_x4_up/strict_N/pu_net/train/bed/bed_0430.npy,"(1024, 3)",False,False,PASS
datasets/lineB_downsampled_x4_up/strict_N/pu_net/train/bed/bed_0431.npy,"(1024, 3)",False,False,PASS
datasets/lineB_downsampled_x4_up/strict_N/pu_net/train/bed/bed_0432.npy,"(1024, 3)",False,False,PASS
datasets/lineB_downsampled_x4_up/strict_N/pu_net/train/bed/bed_0433.npy,"(1024, 3)",False,False,PASS
datasets/lineB_downsampled_x4_up/strict_N/pu_net/train/bed/bed_0434.npy,"(1024, 3)",False,False,PASS
datasets/lineB_downsampled_x4_up/strict_N/pu_net/train/bed/bed_0435.npy,"(1024, 3)",False,False,PASS
datasets/lineB_downsampled_x4_up/strict_N/pu_net/train/bed/bed_0436.npy,"(1024, 3)",False,False,PASS
datasets/lineB_downsampled_x4_up/strict_N/pu_net/train/bed/bed_0437.npy,"(1024, 3)",False,False,PASS
datasets/lineB_downsampled_x4_up/strict_N/pu_net/train/bed/bed_0438.npy,"(1024, 3)",False,False,PASS
datasets/lineB_downsampled_x4_up/strict_N/pu_net/train/bed/bed_0439.npy,"(1024, 3)",False,False,PASS
datasets/lineB_downsampled_x4_up/strict_N/pu_net/train/bed/bed_0440.npy,"(1024, 3)",False,False,PASS
datasets/lineB_downsampled_x4_up/strict_N/pu_net/train/bed/bed_0441.npy,"(1024, 3)",False,False,PASS
datasets/lineB_downsampled_x4_up/strict_N/pu_net/train/bed/bed_0442.npy,"(1024, 3)",False,False,PASS
datasets/lineB_downsampled_x4_up/strict_N/pu_net/train/bed/bed_0443.npy,"(1024, 3)",False,False,PASS
datasets/lineB_downsampled_x4_up/strict_N/pu_net/train/bed/bed_0444.npy,"(1024, 3)",False,False,PASS
datasets/lineB_downsampled_x4_up/strict_N/pu_net/train/bed/bed_0445.npy,"(1024, 3)",False,False,PASS
datasets/lineB_downsampled_x4_up/strict_N/pu_net/train/bed/bed_0446.npy,"(1024, 3)",False,False,PASS
datasets/lineB_downsampled_x4_up/strict_N/pu_net/train/bed/bed_0447.npy,"(1024, 3)",False,False,PASS
datasets/lineB_downsampled_x4_up/strict_N/pu_net/train/bed/bed_0448.npy,"(1024, 3)",False,False,PASS
datasets/lineB_downsampled_x4_up/strict_N/pu_net/train/bed/bed_0449.npy,"(1024, 3)",False,False,PASS
datasets/lineB_downsampled_x4_up/strict_N/pu_net/train/bed/bed_0450.npy,"(1024, 3)",False,False,PASS
datasets/lineB_downsampled_x4_up/strict_N/pu_net/train/bed/bed_0451.npy,"(1024, 3)",False,False,PASS
datasets/lineB_downsampled_x4_up/strict_N/pu_net/train/bed/bed_0452.npy,"(1024, 3)",False,False,PASS
datasets/lineB_downsampled_x4_up/strict_N/pu_net/train/bed/bed_0453.npy,"(1024, 3)",False,False,PASS
datasets/lineB_downsampled_x4_up/strict_N/pu_net/train/bed/bed_0454.npy,"(1024, 3)",False,False,PASS
datasets/lineB_downsampled_x4_up/strict_N/pu_net/train/bed/bed_0455.npy,"(1024, 3)",False,False,PASS
datasets/lineB_downsampled_x4_up/strict_N/pu_net/train/bed/bed_0456.npy,"(1024, 3)",False,False,PASS
datasets/lineB_downsampled_x4_up/strict_N/pu_net/train/bed/bed_0457.npy,"(1024, 3)",False,False,PASS
datasets/lineB_downsampled_x4_up/strict_N/pu_net/train/bed/bed_0458.npy,"(1024, 3)",False,False,PASS
datasets/lineB_downsampled_x4_up/strict_N/pu_net/train/bed/bed_0459.npy,"(1024, 3)",False,False,PASS
datasets/lineB_downsampled_x4_up/strict_N/pu_net/train/bed/bed_0460.npy,"(1024, 3)",False,False,PASS
datasets/lineB_downsampled_x4_up/strict_N/pu_net/train/bed/bed_0461.npy,"(1024, 3)",False,False,PASS
datasets/lineB_downsampled_x4_up/strict_N/pu_net/train/bed/bed_0462.npy,"(1024, 3)",False,False,PASS
datasets/lineB_downsampled_x4_up/strict_N/pu_net/train/bed/bed_0463.npy,"(1024, 3)",False,False,PASS
datasets/lineB_downsampled_x4_up/strict_N/pu_net/train/bed/bed_0464.npy,"(1024, 3)",False,False,PASS
datasets/lineB_downsampled_x4_up/strict_N/pu_net/train/bed/bed_0465.npy,"(1024, 3)",False,False,PASS
datasets/lineB_downsampled_x4_up/strict_N/pu_net/train/bed/bed_0466.npy,"(1024, 3)",False,False,PASS
datasets/lineB_downsampled_x4_up/strict_N/pu_net/train/bed/bed_0467.npy,"(1024, 3)",False,False,PASS
datasets/lineB_downsampled_x4_up/strict_N/pu_net/train/bed/bed_0468.npy,"(1024, 3)",False,False,PASS
datasets/lineB_downsampled_x4_up/strict_N/pu_net/train/bed/bed_0469.npy,"(1024, 3)",False,False,PASS
datasets/lineB_downsampled_x4_up/strict_N/pu_net/train/bed/bed_0470.npy,"(1024, 3)",False,False,PASS
datasets/lineB_downsampled_x4_up/strict_N/pu_net/train/bed/bed_0471.npy,"(1024, 3)",False,False,PASS
datasets/lineB_downsampled_x4_up/strict_N/pu_net/train/bed/bed_0472.npy,"(1024, 3)",False,False,PASS
datasets/lineB_downsampled_x4_up/strict_N/pu_net/train/bed/bed_0473.npy,"(1024, 3)",False,False,PASS
datasets/lineB_downsampled_x4_up/strict_N/pu_net/train/bed/bed_0474.npy,"(1024, 3)",False,False,PASS
datasets/lineB_downsampled_x4_up/strict_N/pu_net/train/bed/bed_0475.npy,"(1024, 3)",False,False,PASS
datasets/lineB_downsampled_x4_up/strict_N/pu_net/train/bed/bed_0476.npy,"(1024, 3)",False,False,PASS
datasets/lineB_downsampled_x4_up/strict_N/pu_net/train/bed/bed_0477.npy,"(1024, 3)",False,False,PASS
datasets/lineB_downsampled_x4_up/strict_N/pu_net/train/bed/bed_0478.npy,"(1024, 3)",False,False,PASS
datasets/lineB_downsampled_x4_up/strict_N/pu_net/train/bed/bed_0479.npy,"(1024, 3)",False,False,PASS
datasets/lineB_downsampled_x4_up/strict_N/pu_net/train/bed/bed_0480.npy,"(1024, 3)",False,False,PASS
datasets/lineB_downsampled_x4_up/strict_N/pu_net/train/bed/bed_0481.npy,"(1024, 3)",False,False,PASS
datasets/lineB_downsampled_x4_up/strict_N/pu_net/train/bed/bed_0482.npy,"(1024, 3)",False,False,PASS
datasets/lineB_downsampled_x4_up/strict_N/pu_net/train/bed/bed_0483.npy,"(1024, 3)",False,False,PASS
datasets/lineB_downsampled_x4_up/strict_N/pu_net/train/bed/bed_0484.npy,"(1024, 3)",False,False,PASS
datasets/lineB_downsampled_x4_up/strict_N/pu_net/train/bed/bed_0485.npy,"(1024, 3)",False,False,PASS
datasets/lineB_downsampled_x4_up/strict_N/pu_net/train/bed/bed_0486.npy,"(1024, 3)",False,False,PASS
datasets/lineB_downsampled_x4_up/strict_N/pu_net/train/bed/bed_0487.npy,"(1024, 3)",False,False,PASS
datasets/lineB_downsampled_x4_up/strict_N/pu_net/train/bed/bed_0488.npy,"(1024, 3)",False,False,PASS
datasets/lineB_downsampled_x4_up/strict_N/pu_net/train/bed/bed_0489.npy,"(1024, 3)",False,False,PASS
datasets/lineB_downsampled_x4_up/strict_N/pu_net/train/bed/bed_0490.npy,"(1024, 3)",False,False,PASS
datasets/lineB_downsampled_x4_up/strict_N/pu_net/train/bed/bed_0491.npy,"(1024, 3)",False,False,PASS
datasets/lineB_downsampled_x4_up/strict_N/pu_net/train/bed/bed_0492.npy,"(1024, 3)",False,False,PASS
datasets/lineB_downsampled_x4_up/strict_N/pu_net/train/bed/bed_0493.npy,"(1024, 3)",False,False,PASS
datasets/lineB_downsampled_x4_up/strict_N/pu_net/train/bed/bed_0494.npy,"(1024, 3)",False,False,PASS
datasets/lineB_downsampled_x4_up/strict_N/pu_net/train/bed/bed_0495.npy,"(1024, 3)",False,False,PASS
datasets/lineB_downsampled_x4_up/strict_N/pu_net/train/bed/bed_0496.npy,"(1024, 3)",False,False,PASS
datasets/lineB_downsampled_x4_up/strict_N/pu_net/train/bed/bed_0497.npy,"(1024, 3)",False,False,PASS
datasets/lineB_downsampled_x4_up/strict_N/pu_net/train/bed/bed_0498.npy,"(1024, 3)",False,False,PASS
datasets/lineB_downsampled_x4_up/strict_N/pu_net/train/bed/bed_0499.npy,"(1024, 3)",False,False,PASS
datasets/lineB_downsampled_x4_up/strict_N/pu_net/train/bed/bed_0500.npy,"(1024, 3)",False,False,PASS
datasets/lineB_downsampled_x4_up/strict_N/pu_net/train/bed/bed_0501.npy,"(1024, 3)",False,False,PASS
datasets/lineB_downsampled_x4_up/strict_N/pu_net/train/bed/bed_0502.npy,"(1024, 3)",False,False,PASS
datasets/lineB_downsampled_x4_up/strict_N/pu_net/train/bed/bed_0503.npy,"(1024, 3)",False,False,PASS
datasets/lineB_downsampled_x4_up/strict_N/pu_net/train/bed/bed_0504.npy,"(1024, 3)",False,False,PASS
datasets/lineB_downsampled_x4_up/strict_N/pu_net/train/bed/bed_0505.npy,"(1024, 3)",False,False,PASS
datasets/lineB_downsampled_x4_up/strict_N/pu_net/train/bed/bed_0506.npy,"(1024, 3)",False,False,PASS
datasets/lineB_downsampled_x4_up/strict_N/pu_net/train/bed/bed_0507.npy,"(1024, 3)",False,False,PASS
datasets/lineB_downsampled_x4_up/strict_N/pu_net/train/bed/bed_0508.npy,"(1024, 3)",False,False,PASS
datasets/lineB_downsampled_x4_up/strict_N/pu_net/train/bed/bed_0509.npy,"(1024, 3)",False,False,PASS
datasets/lineB_downsampled_x4_up/strict_N/pu_net/train/bed/bed_0510.npy,"(1024, 3)",False,False,PASS
datasets/lineB_downsampled_x4_up/strict_N/pu_net/train/bed/bed_0511.npy,"(1024, 3)",False,False,PASS
datasets/lineB_downsampled_x4_up/strict_N/pu_net/train/bed/bed_0512.npy,"(1024, 3)",False,False,PASS
datasets/lineB_downsampled_x4_up/strict_N/pu_net/train/bed/bed_0513.npy,"(1024, 3)",False,False,PASS
datasets/lineB_downsampled_x4_up/strict_N/pu_net/train/bed/bed_0514.npy,"(1024, 3)",False,False,PASS
datasets/lineB_downsampled_x4_up/strict_N/pu_net/train/bed/bed_0515.npy,"(1024, 3)",False,False,PASS
datasets/lineB_downsampled_x4_up/strict_N/pu_net/train/bench/bench_0001.npy,"(1024, 3)",False,False,PASS
datasets/lineB_downsampled_x4_up/strict_N/pu_net/train/bench/bench_0002.npy,"(1024, 3)",False,False,PASS
datasets/lineB_downsampled_x4_up/strict_N/pu_net/train/bench/bench_0003.npy,"(1024, 3)",False,False,PASS
datasets/lineB_downsampled_x4_up/strict_N/pu_net/train/bench/bench_0004.npy,"(1024, 3)",False,False,PASS
datasets/lineB_downsampled_x4_up/strict_N/pu_net/train/bench/bench_0005.npy,"(1024, 3)",False,False,PASS
datasets/lineB_downsampled_x4_up/strict_N/pu_net/train/bench/bench_0006.npy,"(1024, 3)",False,False,PASS
datasets/lineB_downsampled_x4_up/strict_N/pu_net/train/bench/bench_0007.npy,"(1024, 3)",False,False,PASS
datasets/lineB_downsampled_x4_up/strict_N/pu_net/train/bench/bench_0008.npy,"(1024, 3)",False,False,PASS
datasets/lineB_downsampled_x4_up/strict_N/pu_net/train/bench/bench_0009.npy,"(1024, 3)",False,False,PASS
datasets/lineB_downsampled_x4_up/strict_N/pu_net/train/bench/bench_0010.npy,"(1024, 3)",False,False,PASS
datasets/lineB_downsampled_x4_up/strict_N/pu_net/train/bench/bench_0011.npy,"(1024, 3)",False,False,PASS
datasets/lineB_downsampled_x4_up/strict_N/pu_net/train/bench/bench_0012.npy,"(1024, 3)",False,False,PASS
datasets/lineB_downsampled_x4_up/strict_N/pu_net/train/bench/bench_0013.npy,"(1024, 3)",False,False,PASS
datasets/lineB_downsampled_x4_up/strict_N/pu_net/train/bench/bench_0014.npy,"(1024, 3)",False,False,PASS
datasets/lineB_downsampled_x4_up/strict_N/pu_net/train/bench/bench_0015.npy,"(1024, 3)",False,False,PASS
datasets/lineB_downsampled_x4_up/strict_N/pu_net/train/bench/bench_0016.npy,"(1024, 3)",False,False,PASS
datasets/lineB_downsampled_x4_up/strict_N/pu_net/train/bench/bench_0017.npy,"(1024, 3)",False,False,PASS
datasets/lineB_downsampled_x4_up/strict_N/pu_net/train/bench/bench_0018.npy,"(1024, 3)",False,False,PASS
datasets/lineB_downsampled_x4_up/strict_N/pu_net/train/bench/bench_0019.npy,"(1024, 3)",False,False,PASS
datasets/lineB_downsampled_x4_up/strict_N/pu_net/train/bench/bench_0020.npy,"(1024, 3)",False,False,PASS
datasets/lineB_downsampled_x4_up/strict_N/pu_net/train/bench/bench_0021.npy,"(1024, 3)",False,False,PASS
datasets/lineB_downsampled_x4_up/strict_N/pu_net/train/bench/bench_0022.npy,"(1024, 3)",False,False,PASS
datasets/lineB_downsampled_x4_up/strict_N/pu_net/train/bench/bench_0023.npy,"(1024, 3)",False,False,PASS
datasets/lineB_downsampled_x4_up/strict_N/pu_net/train/bench/bench_0024.npy,"(1024, 3)",False,False,PASS
datasets/lineB_downsampled_x4_up/strict_N/pu_net/train/bench/bench_0025.npy,"(1024, 3)",False,False,PASS
datasets/lineB_downsampled_x4_up/strict_N/pu_net/train/bench/bench_0026.npy,"(1024, 3)",False,False,PASS
datasets/lineB_downsampled_x4_up/strict_N/pu_net/train/bench/bench_0027.npy,"(1024, 3)",False,False,PASS
datasets/lineB_downsampled_x4_up/strict_N/pu_net/train/bench/bench_0028.npy,"(1024, 3)",False,False,PASS
datasets/lineB_downsampled_x4_up/strict_N/pu_net/train/bench/bench_0029.npy,"(1024, 3)",False,False,PASS
datasets/lineB_downsampled_x4_up/strict_N/pu_net/train/bench/bench_0030.npy,"(1024, 3)",False,False,PASS
datasets/lineB_downsampled_x4_up/strict_N/pu_net/train/bench/bench_0031.npy,"(1024, 3)",False,False,PASS
datasets/lineB_downsampled_x4_up/strict_N/pu_net/train/bench/bench_0032.npy,"(1024, 3)",False,False,PASS
datasets/lineB_downsampled_x4_up/strict_N/pu_net/train/bench/bench_0033.npy,"(1024, 3)",False,False,PASS
datasets/lineB_downsampled_x4_up/strict_N/pu_net/train/bench/bench_0034.npy,"(1024, 3)",False,False,PASS
datasets/lineB_downsampled_x4_up/strict_N/pu_net/train/bench/bench_0035.npy,"(1024, 3)",False,False,PASS
datasets/lineB_downsampled_x4_up/strict_N/pu_net/train/bench/bench_0036.npy,"(1024, 3)",False,False,PASS
datasets/lineB_downsampled_x4_up/strict_N/pu_net/train/bench/bench_0037.npy,"(1024, 3)",False,False,PASS
datasets/lineB_downsampled_x4_up/strict_N/pu_net/train/bench/bench_0038.npy,"(1024, 3)",False,False,PASS
datasets/lineB_downsampled_x4_up/strict_N/pu_net/train/bench/bench_0039.npy,"(1024, 3)",False,False,PASS
datasets/lineB_downsampled_x4_up/strict_N/pu_net/train/bench/bench_0040.npy,"(1024, 3)",False,False,PASS
datasets/lineB_downsampled_x4_up/strict_N/pu_net/train/bench/bench_0041.npy,"(1024, 3)",False,False,PASS
datasets/lineB_downsampled_x4_up/strict_N/pu_net/train/bench/bench_0042.npy,"(1024, 3)",False,False,PASS
datasets/lineB_downsampled_x4_up/strict_N/pu_net/train/bench/bench_0043.npy,"(1024, 3)",False,False,PASS
datasets/lineB_downsampled_x4_up/strict_N/pu_net/train/bench/bench_0044.npy,"(1024, 3)",False,False,PASS
datasets/lineB_downsampled_x4_up/strict_N/pu_net/train/bench/bench_0045.npy,"(1024, 3)",False,False,PASS
datasets/lineB_downsampled_x4_up/strict_N/pu_net/train/bench/bench_0046.npy,"(1024, 3)",False,False,PASS
datasets/lineB_downsampled_x4_up/strict_N/pu_net/train/bench/bench_0047.npy,"(1024, 3)",False,False,PASS
datasets/lineB_downsampled_x4_up/strict_N/pu_net/train/bench/bench_0048.npy,"(1024, 3)",False,False,PASS
datasets/lineB_downsampled_x4_up/strict_N/pu_net/train/bench/bench_0049.npy,"(1024, 3)",False,False,PASS
datasets/lineB_downsampled_x4_up/strict_N/pu_net/train/bench/bench_0050.npy,"(1024, 3)",False,False,PASS
datasets/lineB_downsampled_x4_up/strict_N/pu_net/train/bench/bench_0051.npy,"(1024, 3)",False,False,PASS
datasets/lineB_downsampled_x4_up/strict_N/pu_net/train/bench/bench_0052.npy,"(1024, 3)",False,False,PASS
datasets/lineB_downsampled_x4_up/strict_N/pu_net/train/bench/bench_0053.npy,"(1024, 3)",False,False,PASS
datasets/lineB_downsampled_x4_up/strict_N/pu_net/train/bench/bench_0054.npy,"(1024, 3)",False,False,PASS
datasets/lineB_downsampled_x4_up/strict_N/pu_net/train/bench/bench_0055.npy,"(1024, 3)",False,False,PASS
datasets/lineB_downsampled_x4_up/strict_N/pu_net/train/bench/bench_0056.npy,"(1024, 3)",False,False,PASS
datasets/lineB_downsampled_x4_up/strict_N/pu_net/train/bench/bench_0057.npy,"(1024, 3)",False,False,PASS
datasets/lineB_downsampled_x4_up/strict_N/pu_net/train/bench/bench_0058.npy,"(1024, 3)",False,False,PASS
datasets/lineB_downsampled_x4_up/strict_N/pu_net/train/bench/bench_0059.npy,"(1024, 3)",False,False,PASS
datasets/lineB_downsampled_x4_up/strict_N/pu_net/train/bench/bench_0060.npy,"(1024, 3)",False,False,PASS
datasets/lineB_downsampled_x4_up/strict_N/pu_net/train/bench/bench_0061.npy,"(1024, 3)",False,False,PASS
datasets/lineB_downsampled_x4_up/strict_N/pu_net/train/bench/bench_0062.npy,"(1024, 3)",False,False,PASS
datasets/lineB_downsampled_x4_up/strict_N/pu_net/train/bench/bench_0063.npy,"(1024, 3)",False,False,PASS
datasets/lineB_downsampled_x4_up/strict_N/pu_net/train/bench/bench_0064.npy,"(1024, 3)",False,False,PASS
datasets/lineB_downsampled_x4_up/strict_N/pu_net/train/bench/bench_0065.npy,"(1024, 3)",False,False,PASS
datasets/lineB_downsampled_x4_up/strict_N/pu_net/train/bench/bench_0066.npy,"(1024, 3)",False,False,PASS
datasets/lineB_downsampled_x4_up/strict_N/pu_net/train/bench/bench_0067.npy,"(1024, 3)",False,False,PASS
datasets/lineB_downsampled_x4_up/strict_N/pu_net/train/bench/bench_0068.npy,"(1024, 3)",False,False,PASS
datasets/lineB_downsampled_x4_up/strict_N/pu_net/train/bench/bench_0069.npy,"(1024, 3)",False,False,PASS
datasets/lineB_downsampled_x4_up/strict_N/pu_net/train/bench/bench_0070.npy,"(1024, 3)",False,False,PASS
datasets/lineB_downsampled_x4_up/strict_N/pu_net/train/bench/bench_0071.npy,"(1024, 3)",False,False,PASS
datasets/lineB_downsampled_x4_up/strict_N/pu_net/train/bench/bench_0072.npy,"(1024, 3)",False,False,PASS
datasets/lineB_downsampled_x4_up/strict_N/pu_net/train/bench/bench_0073.npy,"(1024, 3)",False,False,PASS
datasets/lineB_downsampled_x4_up/strict_N/pu_net/train/bench/bench_0074.npy,"(1024, 3)",False,False,PASS
datasets/lineB_downsampled_x4_up/strict_N/pu_net/train/bench/bench_0075.npy,"(1024, 3)",False,False,PASS
datasets/lineB_downsampled_x4_up/strict_N/pu_net/train/bench/bench_0076.npy,"(1024, 3)",False,False,PASS
datasets/lineB_downsampled_x4_up/strict_N/pu_net/train/bench/bench_0077.npy,"(1024, 3)",False,False,PASS
datasets/lineB_downsampled_x4_up/strict_N/pu_net/train/bench/bench_0078.npy,"(1024, 3)",False,False,PASS
datasets/lineB_downsampled_x4_up/strict_N/pu_net/train/bench/bench_0079.npy,"(1024, 3)",False,False,PASS
datasets/lineB_downsampled_x4_up/strict_N/pu_net/train/bench/bench_0080.npy,"(1024, 3)",False,False,PASS
datasets/lineB_downsampled_x4_up/strict_N/pu_net/train/bench/bench_0081.npy,"(1024, 3)",False,False,PASS
datasets/lineB_downsampled_x4_up/strict_N/pu_net/train/bench/bench_0082.npy,"(1024, 3)",False,False,PASS
datasets/lineB_downsampled_x4_up/strict_N/pu_net/train/bench/bench_0083.npy,"(1024, 3)",False,False,PASS
datasets/lineB_downsampled_x4_up/strict_N/pu_net/train/bench/bench_0084.npy,"(1024, 3)",False,False,PASS
datasets/lineB_downsampled_x4_up/strict_N/pu_net/train/bench/bench_0085.npy,"(1024, 3)",False,False,PASS
datasets/lineB_downsampled_x4_up/strict_N/pu_net/train/bench/bench_0086.npy,"(1024, 3)",False,False,PASS
datasets/lineB_downsampled_x4_up/strict_N/pu_net/train/bench/bench_0087.npy,"(1024, 3)",False,False,PASS
datasets/lineB_downsampled_x4_up/strict_N/pu_net/train/bench/bench_0088.npy,"(1024, 3)",False,False,PASS
datasets/lineB_downsampled_x4_up/strict_N/pu_net/train/bench/bench_0089.npy,"(1024, 3)",False,False,PASS
datasets/lineB_downsampled_x4_up/strict_N/pu_net/train/bench/bench_0090.npy,"(1024, 3)",False,False,PASS
datasets/lineB_downsampled_x4_up/strict_N/pu_net/train/bench/bench_0091.npy,"(1024, 3)",False,False,PASS
datasets/lineB_downsampled_x4_up/strict_N/pu_net/train/bench/bench_0092.npy,"(1024, 3)",False,False,PASS
datasets/lineB_downsampled_x4_up/strict_N/pu_net/train/bench/bench_0093.npy,"(1024, 3)",False,False,PASS
datasets/lineB_downsampled_x4_up/strict_N/pu_net/train/bench/bench_0094.npy,"(1024, 3)",False,False,PASS
datasets/lineB_downsampled_x4_up/strict_N/pu_net/train/bench/bench_0095.npy,"(1024, 3)",False,False,PASS
datasets/lineB_downsampled_x4_up/strict_N/pu_net/train/bench/bench_0096.npy,"(1024, 3)",False,False,PASS
datasets/lineB_downsampled_x4_up/strict_N/pu_net/train/bench/bench_0097.npy,"(1024, 3)",False,False,PASS
datasets/lineB_downsampled_x4_up/strict_N/pu_net/train/bench/bench_0098.npy,"(1024, 3)",False,False,PASS
datasets/lineB_downsampled_x4_up/strict_N/pu_net/train/bench/bench_0099.npy,"(1024, 3)",False,False,PASS
datasets/lineB_downsampled_x4_up/strict_N/pu_net/train/bench/bench_0100.npy,"(1024, 3)",False,False,PASS
datasets/lineB_downsampled_x4_up/strict_N/pu_net/train/bench/bench_0101.npy,"(1024, 3)",False,False,PASS
datasets/lineB_downsampled_x4_up/strict_N/pu_net/train/bench/bench_0102.npy,"(1024, 3)",False,False,PASS
datasets/lineB_downsampled_x4_up/strict_N/pu_net/train/bench/bench_0103.npy,"(1024, 3)",False,False,PASS
datasets/lineB_downsampled_x4_up/strict_N/pu_net/train/bench/bench_0104.npy,"(1024, 3)",False,False,PASS
datasets/lineB_downsampled_x4_up/strict_N/pu_net/train/bench/bench_0105.npy,"(1024, 3)",False,False,PASS
datasets/lineB_downsampled_x4_up/strict_N/pu_net/train/bench/bench_0106.npy,"(1024, 3)",False,False,PASS
datasets/lineB_downsampled_x4_up/strict_N/pu_net/train/bench/bench_0107.npy,"(1024, 3)",False,False,PASS
datasets/lineB_downsampled_x4_up/strict_N/pu_net/train/bench/bench_0108.npy,"(1024, 3)",False,False,PASS
datasets/lineB_downsampled_x4_up/strict_N/pu_net/train/bench/bench_0109.npy,"(1024, 3)",False,False,PASS
datasets/lineB_downsampled_x4_up/strict_N/pu_net/train/bench/bench_0110.npy,"(1024, 3)",False,False,PASS
datasets/lineB_downsampled_x4_up/strict_N/pu_net/train/bench/bench_0111.npy,"(1024, 3)",False,False,PASS
datasets/lineB_downsampled_x4_up/strict_N/pu_net/train/bench/bench_0112.npy,"(1024, 3)",False,False,PASS
datasets/lineB_downsampled_x4_up/strict_N/pu_net/train/bench/bench_0113.npy,"(1024, 3)",False,False,PASS
datasets/lineB_downsampled_x4_up/strict_N/pu_net/train/bench/bench_0114.npy,"(1024, 3)",False,False,PASS
datasets/lineB_downsampled_x4_up/strict_N/pu_net/train/bench/bench_0115.npy,"(1024, 3)",False,False,PASS
datasets/lineB_downsampled_x4_up/strict_N/pu_net/train/bench/bench_0116.npy,"(1024, 3)",False,False,PASS
datasets/lineB_downsampled_x4_up/strict_N/pu_net/train/bench/bench_0117.npy,"(1024, 3)",False,False,PASS
datasets/lineB_downsampled_x4_up/strict_N/pu_net/train/bench/bench_0118.npy,"(1024, 3)",False,False,PASS
datasets/lineB_downsampled_x4_up/strict_N/pu_net/train/bench/bench_0119.npy,"(1024, 3)",False,False,PASS
datasets/lineB_downsampled_x4_up/strict_N/pu_net/train/bench/bench_0120.npy,"(1024, 3)",False,False,PASS
datasets/lineB_downsampled_x4_up/strict_N/pu_net/train/bench/bench_0121.npy,"(1024, 3)",False,False,PASS
datasets/lineB_downsampled_x4_up/strict_N/pu_net/train/bench/bench_0122.npy,"(1024, 3)",False,False,PASS
datasets/lineB_downsampled_x4_up/strict_N/pu_net/train/bench/bench_0123.npy,"(1024, 3)",False,False,PASS
datasets/lineB_downsampled_x4_up/strict_N/pu_net/train/bench/bench_0124.npy,"(1024, 3)",False,False,PASS
datasets/lineB_downsampled_x4_up/strict_N/pu_net/train/bench/bench_0125.npy,"(1024, 3)",False,False,PASS
datasets/lineB_downsampled_x4_up/strict_N/pu_net/train/bench/bench_0126.npy,"(1024, 3)",False,False,PASS
datasets/lineB_downsampled_x4_up/strict_N/pu_net/train/bench/bench_0127.npy,"(1024, 3)",False,False,PASS
datasets/lineB_downsampled_x4_up/strict_N/pu_net/train/bench/bench_0128.npy,"(1024, 3)",False,False,PASS
datasets/lineB_downsampled_x4_up/strict_N/pu_net/train/bench/bench_0129.npy,"(1024, 3)",False,False,PASS
datasets/lineB_downsampled_x4_up/strict_N/pu_net/train/bench/bench_0130.npy,"(1024, 3)",False,False,PASS
datasets/lineB_downsampled_x4_up/strict_N/pu_net/train/bench/bench_0131.npy,"(1024, 3)",False,False,PASS
datasets/lineB_downsampled_x4_up/strict_N/pu_net/train/bench/bench_0132.npy,"(1024, 3)",False,False,PASS
datasets/lineB_downsampled_x4_up/strict_N/pu_net/train/bench/bench_0133.npy,"(1024, 3)",False,False,PASS
datasets/lineB_downsampled_x4_up/strict_N/pu_net/train/bench/bench_0134.npy,"(1024, 3)",False,False,PASS
datasets/lineB_downsampled_x4_up/strict_N/pu_net/train/bench/bench_0135.npy,"(1024, 3)",False,False,PASS
datasets/lineB_downsampled_x4_up/strict_N/pu_net/train/bench/bench_0136.npy,"(1024, 3)",False,False,PASS
datasets/lineB_downsampled_x4_up/strict_N/pu_net/train/bench/bench_0137.npy,"(1024, 3)",False,False,PASS
datasets/lineB_downsampled_x4_up/strict_N/pu_net/train/bench/bench_0138.npy,"(1024, 3)",False,False,PASS
datasets/lineB_downsampled_x4_up/strict_N/pu_net/train/bench/bench_0139.npy,"(1024, 3)",False,False,PASS
datasets/lineB_downsampled_x4_up/strict_N/pu_net/train/bench/bench_0140.npy,"(1024, 3)",False,False,PASS
datasets/lineB_downsampled_x4_up/strict_N/pu_net/train/bench/bench_0141.npy,"(1024, 3)",False,False,PASS
datasets/lineB_downsampled_x4_up/strict_N/pu_net/train/bench/bench_0142.npy,"(1024, 3)",False,False,PASS
datasets/lineB_downsampled_x4_up/strict_N/pu_net/train/bench/bench_0143.npy,"(1024, 3)",False,False,PASS
datasets/lineB_downsampled_x4_up/strict_N/pu_net/train/bench/bench_0144.npy,"(1024, 3)",False,False,PASS
datasets/lineB_downsampled_x4_up/strict_N/pu_net/train/bench/bench_0145.npy,"(1024, 3)",False,False,PASS
datasets/lineB_downsampled_x4_up/strict_N/pu_net/train/bench/bench_0146.npy,"(1024, 3)",False,False,PASS
datasets/lineB_downsampled_x4_up/strict_N/pu_net/train/bench/bench_0147.npy,"(1024, 3)",False,False,PASS
datasets/lineB_downsampled_x4_up/strict_N/pu_net/train/bench/bench_0148.npy,"(1024, 3)",False,False,PASS
datasets/lineB_downsampled_x4_up/strict_N/pu_net/train/bench/bench_0149.npy,"(1024, 3)",False,False,PASS
datasets/lineB_downsampled_x4_up/strict_N/pu_net/train/bench/bench_0150.npy,"(1024, 3)",False,False,PASS
datasets/lineB_downsampled_x4_up/strict_N/pu_net/train/bench/bench_0151.npy,"(1024, 3)",False,False,PASS
datasets/lineB_downsampled_x4_up/strict_N/pu_net/train/bench/bench_0152.npy,"(1024, 3)",False,False,PASS
datasets/lineB_downsampled_x4_up/strict_N/pu_net/train/bench/bench_0153.npy,"(1024, 3)",False,False,PASS
datasets/lineB_downsampled_x4_up/strict_N/pu_net/train/bench/bench_0154.npy,"(1024, 3)",False,False,PASS
datasets/lineB_downsampled_x4_up/strict_N/pu_net/train/bench/bench_0155.npy,"(1024, 3)",False,False,PASS
datasets/lineB_downsampled_x4_up/strict_N/pu_net/train/bench/bench_0156.npy,"(1024, 3)",False,False,PASS
datasets/lineB_downsampled_x4_up/strict_N/pu_net/train/bench/bench_0157.npy,"(1024, 3)",False,False,PASS
datasets/lineB_downsampled_x4_up/strict_N/pu_net/train/bench/bench_0158.npy,"(1024, 3)",False,False,PASS
datasets/lineB_downsampled_x4_up/strict_N/pu_net/train/bench/bench_0159.npy,"(1024, 3)",False,False,PASS
datasets/lineB_downsampled_x4_up/strict_N/pu_net/train/bench/bench_0160.npy,"(1024, 3)",False,False,PASS
datasets/lineB_downsampled_x4_up/strict_N/pu_net/train/bench/bench_0161.npy,"(1024, 3)",False,False,PASS
datasets/lineB_downsampled_x4_up/strict_N/pu_net/train/bench/bench_0162.npy,"(1024, 3)",False,False,PASS
datasets/lineB_downsampled_x4_up/strict_N/pu_net/train/bench/bench_0163.npy,"(1024, 3)",False,False,PASS
datasets/lineB_downsampled_x4_up/strict_N/pu_net/train/bench/bench_0164.npy,"(1024, 3)",False,False,PASS
datasets/lineB_downsampled_x4_up/strict_N/pu_net/train/bench/bench_0165.npy,"(1024, 3)",False,False,PASS
datasets/lineB_downsampled_x4_up/strict_N/pu_net/train/bench/bench_0166.npy,"(1024, 3)",False,False,PASS
datasets/lineB_downsampled_x4_up/strict_N/pu_net/train/bench/bench_0167.npy,"(1024, 3)",False,False,PASS
datasets/lineB_downsampled_x4_up/strict_N/pu_net/train/bench/bench_0168.npy,"(1024, 3)",False,False,PASS
datasets/lineB_downsampled_x4_up/strict_N/pu_net/train/bench/bench_0169.npy,"(1024, 3)",False,False,PASS
datasets/lineB_downsampled_x4_up/strict_N/pu_net/train/bench/bench_0170.npy,"(1024, 3)",False,False,PASS
datasets/lineB_downsampled_x4_up/strict_N/pu_net/train/bench/bench_0171.npy,"(1024, 3)",False,False,PASS
datasets/lineB_downsampled_x4_up/strict_N/pu_net/train/bench/bench_0172.npy,"(1024, 3)",False,False,PASS
datasets/lineB_downsampled_x4_up/strict_N/pu_net/train/bench/bench_0173.npy,"(1024, 3)",False,False,PASS
datasets/lineB_downsampled_x4_up/strict_N/pu_net/train/bookshelf/bookshelf_0001.npy,"(1024, 3)",False,False,PASS
datasets/lineB_downsampled_x4_up/strict_N/pu_net/train/bookshelf/bookshelf_0002.npy,"(1024, 3)",False,False,PASS
datasets/lineB_downsampled_x4_up/strict_N/pu_net/train/bookshelf/bookshelf_0003.npy,"(1024, 3)",False,False,PASS
datasets/lineB_downsampled_x4_up/strict_N/pu_net/train/bookshelf/bookshelf_0004.npy,"(1024, 3)",False,False,PASS
datasets/lineB_downsampled_x4_up/strict_N/pu_net/train/bookshelf/bookshelf_0005.npy,"(1024, 3)",False,False,PASS
datasets/lineB_downsampled_x4_up/strict_N/pu_net/train/bookshelf/bookshelf_0006.npy,"(1024, 3)",False,False,PASS
datasets/lineB_downsampled_x4_up/strict_N/pu_net/train/bookshelf/bookshelf_0007.npy,"(1024, 3)",False,False,PASS
datasets/lineB_downsampled_x4_up/strict_N/pu_net/train/bookshelf/bookshelf_0008.npy,"(1024, 3)",False,False,PASS
datasets/lineB_downsampled_x4_up/strict_N/pu_net/train/bookshelf/bookshelf_0009.npy,"(1024, 3)",False,False,PASS
datasets/lineB_downsampled_x4_up/strict_N/pu_net/train/bookshelf/bookshelf_0010.npy,"(1024, 3)",False,False,PASS
datasets/lineB_downsampled_x4_up/strict_N/pu_net/train/bookshelf/bookshelf_0011.npy,"(1024, 3)",False,False,PASS
datasets/lineB_downsampled_x4_up/strict_N/pu_net/train/bookshelf/bookshelf_0012.npy,"(1024, 3)",False,False,PASS
datasets/lineB_downsampled_x4_up/strict_N/pu_net/train/bookshelf/bookshelf_0013.npy,"(1024, 3)",False,False,PASS
datasets/lineB_downsampled_x4_up/strict_N/pu_net/train/bookshelf/bookshelf_0014.npy,"(1024, 3)",False,False,PASS
datasets/lineB_downsampled_x4_up/strict_N/pu_net/train/bookshelf/bookshelf_0015.npy,"(1024, 3)",False,False,PASS
datasets/lineB_downsampled_x4_up/strict_N/pu_net/train/bookshelf/bookshelf_0016.npy,"(1024, 3)",False,False,PASS
datasets/lineB_downsampled_x4_up/strict_N/pu_net/train/bookshelf/bookshelf_0017.npy,"(1024, 3)",False,False,PASS
datasets/lineB_downsampled_x4_up/strict_N/pu_net/train/bookshelf/bookshelf_0018.npy,"(1024, 3)",False,False,PASS
datasets/lineB_downsampled_x4_up/strict_N/pu_net/train/bookshelf/bookshelf_0019.npy,"(1024, 3)",False,False,PASS
datasets/lineB_downsampled_x4_up/strict_N/pu_net/train/bookshelf/bookshelf_0020.npy,"(1024, 3)",False,False,PASS
datasets/lineB_downsampled_x4_up/strict_N/pu_net/train/bookshelf/bookshelf_0021.npy,"(1024, 3)",False,False,PASS
datasets/lineB_downsampled_x4_up/strict_N/pu_net/train/bookshelf/bookshelf_0022.npy,"(1024, 3)",False,False,PASS
datasets/lineB_downsampled_x4_up/strict_N/pu_net/train/bookshelf/bookshelf_0023.npy,"(1024, 3)",False,False,PASS
datasets/lineB_downsampled_x4_up/strict_N/pu_net/train/bookshelf/bookshelf_0024.npy,"(1024, 3)",False,False,PASS
datasets/lineB_downsampled_x4_up/strict_N/pu_net/train/bookshelf/bookshelf_0025.npy,"(1024, 3)",False,False,PASS
datasets/lineB_downsampled_x4_up/strict_N/pu_net/train/bookshelf/bookshelf_0026.npy,"(1024, 3)",False,False,PASS
datasets/lineB_downsampled_x4_up/strict_N/pu_net/train/bookshelf/bookshelf_0027.npy,"(1024, 3)",False,False,PASS
datasets/lineB_downsampled_x4_up/strict_N/pu_net/train/bookshelf/bookshelf_0028.npy,"(1024, 3)",False,False,PASS
datasets/lineB_downsampled_x4_up/strict_N/pu_net/train/bookshelf/bookshelf_0029.npy,"(1024, 3)",False,False,PASS
datasets/lineB_downsampled_x4_up/strict_N/pu_net/train/bookshelf/bookshelf_0030.npy,"(1024, 3)",False,False,PASS
datasets/lineB_downsampled_x4_up/strict_N/pu_net/train/bookshelf/bookshelf_0031.npy,"(1024, 3)",False,False,PASS
datasets/lineB_downsampled_x4_up/strict_N/pu_net/train/bookshelf/bookshelf_0032.npy,"(1024, 3)",False,False,PASS
datasets/lineB_downsampled_x4_up/strict_N/pu_net/train/bookshelf/bookshelf_0033.npy,"(1024, 3)",False,False,PASS
datasets/lineB_downsampled_x4_up/strict_N/pu_net/train/bookshelf/bookshelf_0034.npy,"(1024, 3)",False,False,PASS
datasets/lineB_downsampled_x4_up/strict_N/pu_net/train/bookshelf/bookshelf_0035.npy,"(1024, 3)",False,False,PASS
datasets/lineB_downsampled_x4_up/strict_N/pu_net/train/bookshelf/bookshelf_0036.npy,"(1024, 3)",False,False,PASS
datasets/lineB_downsampled_x4_up/strict_N/pu_net/train/bookshelf/bookshelf_0037.npy,"(1024, 3)",False,False,PASS
datasets/lineB_downsampled_x4_up/strict_N/pu_net/train/bookshelf/bookshelf_0038.npy,"(1024, 3)",False,False,PASS
datasets/lineB_downsampled_x4_up/strict_N/pu_net/train/bookshelf/bookshelf_0039.npy,"(1024, 3)",False,False,PASS
datasets/lineB_downsampled_x4_up/strict_N/pu_net/train/bookshelf/bookshelf_0040.npy,"(1024, 3)",False,False,PASS
datasets/lineB_downsampled_x4_up/strict_N/pu_net/train/bookshelf/bookshelf_0041.npy,"(1024, 3)",False,False,PASS
datasets/lineB_downsampled_x4_up/strict_N/pu_net/train/bookshelf/bookshelf_0042.npy,"(1024, 3)",False,False,PASS
datasets/lineB_downsampled_x4_up/strict_N/pu_net/train/bookshelf/bookshelf_0043.npy,"(1024, 3)",False,False,PASS
datasets/lineB_downsampled_x4_up/strict_N/pu_net/train/bookshelf/bookshelf_0044.npy,"(1024, 3)",False,False,PASS
datasets/lineB_downsampled_x4_up/strict_N/pu_net/train/bookshelf/bookshelf_0045.npy,"(1024, 3)",False,False,PASS
datasets/lineB_downsampled_x4_up/strict_N/pu_net/train/bookshelf/bookshelf_0046.npy,"(1024, 3)",False,False,PASS
datasets/lineB_downsampled_x4_up/strict_N/pu_net/train/bookshelf/bookshelf_0047.npy,"(1024, 3)",False,False,PASS
datasets/lineB_downsampled_x4_up/strict_N/pu_net/train/bookshelf/bookshelf_0048.npy,"(1024, 3)",False,False,PASS
datasets/lineB_downsampled_x4_up/strict_N/pu_net/train/bookshelf/bookshelf_0049.npy,"(1024, 3)",False,False,PASS
datasets/lineB_downsampled_x4_up/strict_N/pu_net/train/bookshelf/bookshelf_0050.npy,"(1024, 3)",False,False,PASS
datasets/lineB_downsampled_x4_up/strict_N/pu_net/train/bookshelf/bookshelf_0051.npy,"(1024, 3)",False,False,PASS
datasets/lineB_downsampled_x4_up/strict_N/pu_net/train/bookshelf/bookshelf_0052.npy,"(1024, 3)",False,False,PASS
datasets/lineB_downsampled_x4_up/strict_N/pu_net/train/bookshelf/bookshelf_0053.npy,"(1024, 3)",False,False,PASS
datasets/lineB_downsampled_x4_up/strict_N/pu_net/train/bookshelf/bookshelf_0054.npy,"(1024, 3)",False,False,PASS
datasets/lineB_downsampled_x4_up/strict_N/pu_net/train/bookshelf/bookshelf_0055.npy,"(1024, 3)",False,False,PASS
datasets/lineB_downsampled_x4_up/strict_N/pu_net/train/bookshelf/bookshelf_0056.npy,"(1024, 3)",False,False,PASS
datasets/lineB_downsampled_x4_up/strict_N/pu_net/train/bookshelf/bookshelf_0057.npy,"(1024, 3)",False,False,PASS
datasets/lineB_downsampled_x4_up/strict_N/pu_net/train/bookshelf/bookshelf_0058.npy,"(1024, 3)",False,False,PASS
datasets/lineB_downsampled_x4_up/strict_N/pu_net/train/bookshelf/bookshelf_0059.npy,"(1024, 3)",False,False,PASS
datasets/lineB_downsampled_x4_up/strict_N/pu_net/train/bookshelf/bookshelf_0060.npy,"(1024, 3)",False,False,PASS
datasets/lineB_downsampled_x4_up/strict_N/pu_net/train/bookshelf/bookshelf_0061.npy,"(1024, 3)",False,False,PASS
datasets/lineB_downsampled_x4_up/strict_N/pu_net/train/bookshelf/bookshelf_0062.npy,"(1024, 3)",False,False,PASS
datasets/lineB_downsampled_x4_up/strict_N/pu_net/train/bookshelf/bookshelf_0063.npy,"(1024, 3)",False,False,PASS
datasets/lineB_downsampled_x4_up/strict_N/pu_net/train/bookshelf/bookshelf_0064.npy,"(1024, 3)",False,False,PASS
datasets/lineB_downsampled_x4_up/strict_N/pu_net/train/bookshelf/bookshelf_0065.npy,"(1024, 3)",False,False,PASS
datasets/lineB_downsampled_x4_up/strict_N/pu_net/train/bookshelf/bookshelf_0066.npy,"(1024, 3)",False,False,PASS
datasets/lineB_downsampled_x4_up/strict_N/pu_net/train/bookshelf/bookshelf_0067.npy,"(1024, 3)",False,False,PASS
datasets/lineB_downsampled_x4_up/strict_N/pu_net/train/bookshelf/bookshelf_0068.npy,"(1024, 3)",False,False,PASS
datasets/lineB_downsampled_x4_up/strict_N/pu_net/train/bookshelf/bookshelf_0069.npy,"(1024, 3)",False,False,PASS
datasets/lineB_downsampled_x4_up/strict_N/pu_net/train/bookshelf/bookshelf_0070.npy,"(1024, 3)",False,False,PASS
datasets/lineB_downsampled_x4_up/strict_N/pu_net/train/bookshelf/bookshelf_0071.npy,"(1024, 3)",False,False,PASS
datasets/lineB_downsampled_x4_up/strict_N/pu_net/train/bookshelf/bookshelf_0072.npy,"(1024, 3)",False,False,PASS
datasets/lineB_downsampled_x4_up/strict_N/pu_net/train/bookshelf/bookshelf_0073.npy,"(1024, 3)",False,False,PASS
datasets/lineB_downsampled_x4_up/strict_N/pu_net/train/bookshelf/bookshelf_0074.npy,"(1024, 3)",False,False,PASS
datasets/lineB_downsampled_x4_up/strict_N/pu_net/train/bookshelf/bookshelf_0075.npy,"(1024, 3)",False,False,PASS
datasets/lineB_downsampled_x4_up/strict_N/pu_net/train/bookshelf/bookshelf_0076.npy,"(1024, 3)",False,False,PASS
datasets/lineB_downsampled_x4_up/strict_N/pu_net/train/bookshelf/bookshelf_0077.npy,"(1024, 3)",False,False,PASS
datasets/lineB_downsampled_x4_up/strict_N/pu_net/train/bookshelf/bookshelf_0078.npy,"(1024, 3)",False,False,PASS
datasets/lineB_downsampled_x4_up/strict_N/pu_net/train/bookshelf/bookshelf_0079.npy,"(1024, 3)",False,False,PASS
datasets/lineB_downsampled_x4_up/strict_N/pu_net/train/bookshelf/bookshelf_0080.npy,"(1024, 3)",False,False,PASS
datasets/lineB_downsampled_x4_up/strict_N/pu_net/train/bookshelf/bookshelf_0081.npy,"(1024, 3)",False,False,PASS
datasets/lineB_downsampled_x4_up/strict_N/pu_net/train/bookshelf/bookshelf_0082.npy,"(1024, 3)",False,False,PASS
datasets/lineB_downsampled_x4_up/strict_N/pu_net/train/bookshelf/bookshelf_0083.npy,"(1024, 3)",False,False,PASS
datasets/lineB_downsampled_x4_up/strict_N/pu_net/train/bookshelf/bookshelf_0084.npy,"(1024, 3)",False,False,PASS
datasets/lineB_downsampled_x4_up/strict_N/pu_net/train/bookshelf/bookshelf_0085.npy,"(1024, 3)",False,False,PASS
datasets/lineB_downsampled_x4_up/strict_N/pu_net/train/bookshelf/bookshelf_0086.npy,"(1024, 3)",False,False,PASS
datasets/lineB_downsampled_x4_up/strict_N/pu_net/train/bookshelf/bookshelf_0087.npy,"(1024, 3)",False,False,PASS
datasets/lineB_downsampled_x4_up/strict_N/pu_net/train/bookshelf/bookshelf_0088.npy,"(1024, 3)",False,False,PASS
datasets/lineB_downsampled_x4_up/strict_N/pu_net/train/bookshelf/bookshelf_0089.npy,"(1024, 3)",False,False,PASS
datasets/lineB_downsampled_x4_up/strict_N/pu_net/train/bookshelf/bookshelf_0090.npy,"(1024, 3)",False,False,PASS
datasets/lineB_downsampled_x4_up/strict_N/pu_net/train/bookshelf/bookshelf_0091.npy,"(1024, 3)",False,False,PASS
datasets/lineB_downsampled_x4_up/strict_N/pu_net/train/bookshelf/bookshelf_0092.npy,"(1024, 3)",False,False,PASS
datasets/lineB_downsampled_x4_up/strict_N/pu_net/train/bookshelf/bookshelf_0093.npy,"(1024, 3)",False,False,PASS
datasets/lineB_downsampled_x4_up/strict_N/pu_net/train/bookshelf/bookshelf_0094.npy,"(1024, 3)",False,False,PASS
datasets/lineB_downsampled_x4_up/strict_N/pu_net/train/bookshelf/bookshelf_0095.npy,"(1024, 3)",False,False,PASS
datasets/lineB_downsampled_x4_up/strict_N/pu_net/train/bookshelf/bookshelf_0096.npy,"(1024, 3)",False,False,PASS
datasets/lineB_downsampled_x4_up/strict_N/pu_net/train/bookshelf/bookshelf_0097.npy,"(1024, 3)",False,False,PASS
datasets/lineB_downsampled_x4_up/strict_N/pu_net/train/bookshelf/bookshelf_0098.npy,"(1024, 3)",False,False,PASS
datasets/lineB_downsampled_x4_up/strict_N/pu_net/train/bookshelf/bookshelf_0099.npy,"(1024, 3)",False,False,PASS
datasets/lineB_downsampled_x4_up/strict_N/pu_net/train/bookshelf/bookshelf_0100.npy,"(1024, 3)",False,False,PASS
datasets/lineB_downsampled_x4_up/strict_N/pu_net/train/bookshelf/bookshelf_0101.npy,"(1024, 3)",False,False,PASS
datasets/lineB_downsampled_x4_up/strict_N/pu_net/train/bookshelf/bookshelf_0102.npy,"(1024, 3)",False,False,PASS
datasets/lineB_downsampled_x4_up/strict_N/pu_net/train/bookshelf/bookshelf_0103.npy,"(1024, 3)",False,False,PASS
datasets/lineB_downsampled_x4_up/strict_N/pu_net/train/bookshelf/bookshelf_0104.npy,"(1024, 3)",False,False,PASS
datasets/lineB_downsampled_x4_up/strict_N/pu_net/train/bookshelf/bookshelf_0105.npy,"(1024, 3)",False,False,PASS
datasets/lineB_downsampled_x4_up/strict_N/pu_net/train/bookshelf/bookshelf_0106.npy,"(1024, 3)",False,False,PASS
datasets/lineB_downsampled_x4_up/strict_N/pu_net/train/bookshelf/bookshelf_0107.npy,"(1024, 3)",False,False,PASS
datasets/lineB_downsampled_x4_up/strict_N/pu_net/train/bookshelf/bookshelf_0108.npy,"(1024, 3)",False,False,PASS
datasets/lineB_downsampled_x4_up/strict_N/pu_net/train/bookshelf/bookshelf_0109.npy,"(1024, 3)",False,False,PASS
datasets/lineB_downsampled_x4_up/strict_N/pu_net/train/bookshelf/bookshelf_0110.npy,"(1024, 3)",False,False,PASS
datasets/lineB_downsampled_x4_up/strict_N/pu_net/train/bookshelf/bookshelf_0111.npy,"(1024, 3)",False,False,PASS
datasets/lineB_downsampled_x4_up/strict_N/pu_net/train/bookshelf/bookshelf_0112.npy,"(1024, 3)",False,False,PASS
datasets/lineB_downsampled_x4_up/strict_N/pu_net/train/bookshelf/bookshelf_0113.npy,"(1024, 3)",False,False,PASS
datasets/lineB_downsampled_x4_up/strict_N/pu_net/train/bookshelf/bookshelf_0114.npy,"(1024, 3)",False,False,PASS
datasets/lineB_downsampled_x4_up/strict_N/pu_net/train/bookshelf/bookshelf_0115.npy,"(1024, 3)",False,False,PASS
datasets/lineB_downsampled_x4_up/strict_N/pu_net/train/bookshelf/bookshelf_0116.npy,"(1024, 3)",False,False,PASS
datasets/lineB_downsampled_x4_up/strict_N/pu_net/train/bookshelf/bookshelf_0117.npy,"(1024, 3)",False,False,PASS
datasets/lineB_downsampled_x4_up/strict_N/pu_net/train/bookshelf/bookshelf_0118.npy,"(1024, 3)",False,False,PASS
datasets/lineB_downsampled_x4_up/strict_N/pu_net/train/bookshelf/bookshelf_0119.npy,"(1024, 3)",False,False,PASS
datasets/lineB_downsampled_x4_up/strict_N/pu_net/train/bookshelf/bookshelf_0120.npy,"(1024, 3)",False,False,PASS
datasets/lineB_downsampled_x4_up/strict_N/pu_net/train/bookshelf/bookshelf_0121.npy,"(1024, 3)",False,False,PASS
datasets/lineB_downsampled_x4_up/strict_N/pu_net/train/bookshelf/bookshelf_0122.npy,"(1024, 3)",False,False,PASS
datasets/lineB_downsampled_x4_up/strict_N/pu_net/train/bookshelf/bookshelf_0123.npy,"(1024, 3)",False,False,PASS
datasets/lineB_downsampled_x4_up/strict_N/pu_net/train/bookshelf/bookshelf_0124.npy,"(1024, 3)",False,False,PASS
datasets/lineB_downsampled_x4_up/strict_N/pu_net/train/bookshelf/bookshelf_0125.npy,"(1024, 3)",False,False,PASS
datasets/lineB_downsampled_x4_up/strict_N/pu_net/train/bookshelf/bookshelf_0126.npy,"(1024, 3)",False,False,PASS
datasets/lineB_downsampled_x4_up/strict_N/pu_net/train/bookshelf/bookshelf_0127.npy,"(1024, 3)",False,False,PASS
datasets/lineB_downsampled_x4_up/strict_N/pu_net/train/bookshelf/bookshelf_0128.npy,"(1024, 3)",False,False,PASS
datasets/lineB_downsampled_x4_up/strict_N/pu_net/train/bookshelf/bookshelf_0129.npy,"(1024, 3)",False,False,PASS
datasets/lineB_downsampled_x4_up/strict_N/pu_net/train/bookshelf/bookshelf_0130.npy,"(1024, 3)",False,False,PASS
datasets/lineB_downsampled_x4_up/strict_N/pu_net/train/bookshelf/bookshelf_0131.npy,"(1024, 3)",False,False,PASS
datasets/lineB_downsampled_x4_up/strict_N/pu_net/train/bookshelf/bookshelf_0132.npy,"(1024, 3)",False,False,PASS
datasets/lineB_downsampled_x4_up/strict_N/pu_net/train/bookshelf/bookshelf_0133.npy,"(1024, 3)",False,False,PASS
datasets/lineB_downsampled_x4_up/strict_N/pu_net/train/bookshelf/bookshelf_0134.npy,"(1024, 3)",False,False,PASS
datasets/lineB_downsampled_x4_up/strict_N/pu_net/train/bookshelf/bookshelf_0135.npy,"(1024, 3)",False,False,PASS
datasets/lineB_downsampled_x4_up/strict_N/pu_net/train/bookshelf/bookshelf_0136.npy,"(1024, 3)",False,False,PASS
datasets/lineB_downsampled_x4_up/strict_N/pu_net/train/bookshelf/bookshelf_0137.npy,"(1024, 3)",False,False,PASS
datasets/lineB_downsampled_x4_up/strict_N/pu_net/train/bookshelf/bookshelf_0138.npy,"(1024, 3)",False,False,PASS
datasets/lineB_downsampled_x4_up/strict_N/pu_net/train/bookshelf/bookshelf_0139.npy,"(1024, 3)",False,False,PASS
datasets/lineB_downsampled_x4_up/strict_N/pu_net/train/bookshelf/bookshelf_0140.npy,"(1024, 3)",False,False,PASS
datasets/lineB_downsampled_x4_up/strict_N/pu_net/train/bookshelf/bookshelf_0141.npy,"(1024, 3)",False,False,PASS
datasets/lineB_downsampled_x4_up/strict_N/pu_net/train/bookshelf/bookshelf_0142.npy,"(1024, 3)",False,False,PASS
datasets/lineB_downsampled_x4_up/strict_N/pu_net/train/bookshelf/bookshelf_0143.npy,"(1024, 3)",False,False,PASS
datasets/lineB_downsampled_x4_up/strict_N/pu_net/train/bookshelf/bookshelf_0144.npy,"(1024, 3)",False,False,PASS
datasets/lineB_downsampled_x4_up/strict_N/pu_net/train/bookshelf/bookshelf_0145.npy,"(1024, 3)",False,False,PASS
datasets/lineB_downsampled_x4_up/strict_N/pu_net/train/bookshelf/bookshelf_0146.npy,"(1024, 3)",False,False,PASS
datasets/lineB_downsampled_x4_up/strict_N/pu_net/train/bookshelf/bookshelf_0147.npy,"(1024, 3)",False,False,PASS
datasets/lineB_downsampled_x4_up/strict_N/pu_net/train/bookshelf/bookshelf_0148.npy,"(1024, 3)",False,False,PASS
datasets/lineB_downsampled_x4_up/strict_N/pu_net/train/bookshelf/bookshelf_0149.npy,"(1024, 3)",False,False,PASS
datasets/lineB_downsampled_x4_up/strict_N/pu_net/train/bookshelf/bookshelf_0150.npy,"(1024, 3)",False,False,PASS
datasets/lineB_downsampled_x4_up/strict_N/pu_net/train/bookshelf/bookshelf_0151.npy,"(1024, 3)",False,False,PASS
datasets/lineB_downsampled_x4_up/strict_N/pu_net/train/bookshelf/bookshelf_0152.npy,"(1024, 3)",False,False,PASS
datasets/lineB_downsampled_x4_up/strict_N/pu_net/train/bookshelf/bookshelf_0153.npy,"(1024, 3)",False,False,PASS
datasets/lineB_downsampled_x4_up/strict_N/pu_net/train/bookshelf/bookshelf_0154.npy,"(1024, 3)",False,False,PASS
datasets/lineB_downsampled_x4_up/strict_N/pu_net/train/bookshelf/bookshelf_0155.npy,"(1024, 3)",False,False,PASS
datasets/lineB_downsampled_x4_up/strict_N/pu_net/train/bookshelf/bookshelf_0156.npy,"(1024, 3)",False,False,PASS
datasets/lineB_downsampled_x4_up/strict_N/pu_net/train/bookshelf/bookshelf_0157.npy,"(1024, 3)",False,False,PASS
datasets/lineB_downsampled_x4_up/strict_N/pu_net/train/bookshelf/bookshelf_0158.npy,"(1024, 3)",False,False,PASS
datasets/lineB_downsampled_x4_up/strict_N/pu_net/train/bookshelf/bookshelf_0159.npy,"(1024, 3)",False,False,PASS
datasets/lineB_downsampled_x4_up/strict_N/pu_net/train/bookshelf/bookshelf_0160.npy,"(1024, 3)",False,False,PASS
datasets/lineB_downsampled_x4_up/strict_N/pu_net/train/bookshelf/bookshelf_0161.npy,"(1024, 3)",False,False,PASS
datasets/lineB_downsampled_x4_up/strict_N/pu_net/train/bookshelf/bookshelf_0162.npy,"(1024, 3)",False,False,PASS
datasets/lineB_downsampled_x4_up/strict_N/pu_net/train/bookshelf/bookshelf_0163.npy,"(1024, 3)",False,False,PASS
datasets/lineB_downsampled_x4_up/strict_N/pu_net/train/bookshelf/bookshelf_0164.npy,"(1024, 3)",False,False,PASS
datasets/lineB_downsampled_x4_up/strict_N/pu_net/train/bookshelf/bookshelf_0165.npy,"(1024, 3)",False,False,PASS
datasets/lineB_downsampled_x4_up/strict_N/pu_net/train/bookshelf/bookshelf_0166.npy,"(1024, 3)",False,False,PASS
datasets/lineB_downsampled_x4_up/strict_N/pu_net/train/bookshelf/bookshelf_0167.npy,"(1024, 3)",False,False,PASS
datasets/lineB_downsampled_x4_up/strict_N/pu_net/train/bookshelf/bookshelf_0168.npy,"(1024, 3)",False,False,PASS
datasets/lineB_downsampled_x4_up/strict_N/pu_net/train/bookshelf/bookshelf_0169.npy,"(1024, 3)",False,False,PASS
datasets/lineB_downsampled_x4_up/strict_N/pu_net/train/bookshelf/bookshelf_0170.npy,"(1024, 3)",False,False,PASS
datasets/lineB_downsampled_x4_up/strict_N/pu_net/train/bookshelf/bookshelf_0171.npy,"(1024, 3)",False,False,PASS
datasets/lineB_downsampled_x4_up/strict_N/pu_net/train/bookshelf/bookshelf_0172.npy,"(1024, 3)",False,False,PASS
datasets/lineB_downsampled_x4_up/strict_N/pu_net/train/bookshelf/bookshelf_0173.npy,"(1024, 3)",False,False,PASS
datasets/lineB_downsampled_x4_up/strict_N/pu_net/train/bookshelf/bookshelf_0174.npy,"(1024, 3)",False,False,PASS
datasets/lineB_downsampled_x4_up/strict_N/pu_net/train/bookshelf/bookshelf_0175.npy,"(1024, 3)",False,False,PASS
datasets/lineB_downsampled_x4_up/strict_N/pu_net/train/bookshelf/bookshelf_0176.npy,"(1024, 3)",False,False,PASS
datasets/lineB_downsampled_x4_up/strict_N/pu_net/train/bookshelf/bookshelf_0177.npy,"(1024, 3)",False,False,PASS
datasets/lineB_downsampled_x4_up/strict_N/pu_net/train/bookshelf/bookshelf_0178.npy,"(1024, 3)",False,False,PASS
datasets/lineB_downsampled_x4_up/strict_N/pu_net/train/bookshelf/bookshelf_0179.npy,"(1024, 3)",False,False,PASS
datasets/lineB_downsampled_x4_up/strict_N/pu_net/train/bookshelf/bookshelf_0180.npy,"(1024, 3)",False,False,PASS
datasets/lineB_downsampled_x4_up/strict_N/pu_net/train/bookshelf/bookshelf_0181.npy,"(1024, 3)",False,False,PASS
datasets/lineB_downsampled_x4_up/strict_N/pu_net/train/bookshelf/bookshelf_0182.npy,"(1024, 3)",False,False,PASS
datasets/lineB_downsampled_x4_up/strict_N/pu_net/train/bookshelf/bookshelf_0183.npy,"(1024, 3)",False,False,PASS
datasets/lineB_downsampled_x4_up/strict_N/pu_net/train/bookshelf/bookshelf_0184.npy,"(1024, 3)",False,False,PASS
datasets/lineB_downsampled_x4_up/strict_N/pu_net/train/bookshelf/bookshelf_0185.npy,"(1024, 3)",False,False,PASS
datasets/lineB_downsampled_x4_up/strict_N/pu_net/train/bookshelf/bookshelf_0186.npy,"(1024, 3)",False,False,PASS
datasets/lineB_downsampled_x4_up/strict_N/pu_net/train/bookshelf/bookshelf_0187.npy,"(1024, 3)",False,False,PASS
datasets/lineB_downsampled_x4_up/strict_N/pu_net/train/bookshelf/bookshelf_0188.npy,"(1024, 3)",False,False,PASS
datasets/lineB_downsampled_x4_up/strict_N/pu_net/train/bookshelf/bookshelf_0189.npy,"(1024, 3)",False,False,PASS
datasets/lineB_downsampled_x4_up/strict_N/pu_net/train/bookshelf/bookshelf_0190.npy,"(1024, 3)",False,False,PASS
datasets/lineB_downsampled_x4_up/strict_N/pu_net/train/bookshelf/bookshelf_0191.npy,"(1024, 3)",False,False,PASS
datasets/lineB_downsampled_x4_up/strict_N/pu_net/train/bookshelf/bookshelf_0192.npy,"(1024, 3)",False,False,PASS
datasets/lineB_downsampled_x4_up/strict_N/pu_net/train/bookshelf/bookshelf_0193.npy,"(1024, 3)",False,False,PASS
datasets/lineB_downsampled_x4_up/strict_N/pu_net/train/bookshelf/bookshelf_0194.npy,"(1024, 3)",False,False,PASS
datasets/lineB_downsampled_x4_up/strict_N/pu_net/train/bookshelf/bookshelf_0195.npy,"(1024, 3)",False,False,PASS
datasets/lineB_downsampled_x4_up/strict_N/pu_net/train/bookshelf/bookshelf_0196.npy,"(1024, 3)",False,False,PASS
datasets/lineB_downsampled_x4_up/strict_N/pu_net/train/bookshelf/bookshelf_0197.npy,"(1024, 3)",False,False,PASS
datasets/lineB_downsampled_x4_up/strict_N/pu_net/train/bookshelf/bookshelf_0198.npy,"(1024, 3)",False,False,PASS
datasets/lineB_downsampled_x4_up/strict_N/pu_net/train/bookshelf/bookshelf_0199.npy,"(1024, 3)",False,False,PASS
datasets/lineB_downsampled_x4_up/strict_N/pu_net/train/bookshelf/bookshelf_0200.npy,"(1024, 3)",False,False,PASS
datasets/lineB_downsampled_x4_up/strict_N/pu_net/train/bookshelf/bookshelf_0201.npy,"(1024, 3)",False,False,PASS
datasets/lineB_downsampled_x4_up/strict_N/pu_net/train/bookshelf/bookshelf_0202.npy,"(1024, 3)",False,False,PASS
datasets/lineB_downsampled_x4_up/strict_N/pu_net/train/bookshelf/bookshelf_0203.npy,"(1024, 3)",False,False,PASS
datasets/lineB_downsampled_x4_up/strict_N/pu_net/train/bookshelf/bookshelf_0204.npy,"(1024, 3)",False,False,PASS
datasets/lineB_downsampled_x4_up/strict_N/pu_net/train/bookshelf/bookshelf_0205.npy,"(1024, 3)",False,False,PASS
datasets/lineB_downsampled_x4_up/strict_N/pu_net/train/bookshelf/bookshelf_0206.npy,"(1024, 3)",False,False,PASS
datasets/lineB_downsampled_x4_up/strict_N/pu_net/train/bookshelf/bookshelf_0207.npy,"(1024, 3)",False,False,PASS
datasets/lineB_downsampled_x4_up/strict_N/pu_net/train/bookshelf/bookshelf_0208.npy,"(1024, 3)",False,False,PASS
datasets/lineB_downsampled_x4_up/strict_N/pu_net/train/bookshelf/bookshelf_0209.npy,"(1024, 3)",False,False,PASS
datasets/lineB_downsampled_x4_up/strict_N/pu_net/train/bookshelf/bookshelf_0210.npy,"(1024, 3)",False,False,PASS
datasets/lineB_downsampled_x4_up/strict_N/pu_net/train/bookshelf/bookshelf_0211.npy,"(1024, 3)",False,False,PASS
datasets/lineB_downsampled_x4_up/strict_N/pu_net/train/bookshelf/bookshelf_0212.npy,"(1024, 3)",False,False,PASS
datasets/lineB_downsampled_x4_up/strict_N/pu_net/train/bookshelf/bookshelf_0213.npy,"(1024, 3)",False,False,PASS
datasets/lineB_downsampled_x4_up/strict_N/pu_net/train/bookshelf/bookshelf_0214.npy,"(1024, 3)",False,False,PASS
datasets/lineB_downsampled_x4_up/strict_N/pu_net/train/bookshelf/bookshelf_0215.npy,"(1024, 3)",False,False,PASS
datasets/lineB_downsampled_x4_up/strict_N/pu_net/train/bookshelf/bookshelf_0216.npy,"(1024, 3)",False,False,PASS
datasets/lineB_downsampled_x4_up/strict_N/pu_net/train/bookshelf/bookshelf_0217.npy,"(1024, 3)",False,False,PASS
datasets/lineB_downsampled_x4_up/strict_N/pu_net/train/bookshelf/bookshelf_0218.npy,"(1024, 3)",False,False,PASS
datasets/lineB_downsampled_x4_up/strict_N/pu_net/train/bookshelf/bookshelf_0219.npy,"(1024, 3)",False,False,PASS
datasets/lineB_downsampled_x4_up/strict_N/pu_net/train/bookshelf/bookshelf_0220.npy,"(1024, 3)",False,False,PASS
datasets/lineB_downsampled_x4_up/strict_N/pu_net/train/bookshelf/bookshelf_0221.npy,"(1024, 3)",False,False,PASS
datasets/lineB_downsampled_x4_up/strict_N/pu_net/train/bookshelf/bookshelf_0222.npy,"(1024, 3)",False,False,PASS
datasets/lineB_downsampled_x4_up/strict_N/pu_net/train/bookshelf/bookshelf_0223.npy,"(1024, 3)",False,False,PASS
datasets/lineB_downsampled_x4_up/strict_N/pu_net/train/bookshelf/bookshelf_0224.npy,"(1024, 3)",False,False,PASS
datasets/lineB_downsampled_x4_up/strict_N/pu_net/train/bookshelf/bookshelf_0225.npy,"(1024, 3)",False,False,PASS
datasets/lineB_downsampled_x4_up/strict_N/pu_net/train/bookshelf/bookshelf_0226.npy,"(1024, 3)",False,False,PASS
datasets/lineB_downsampled_x4_up/strict_N/pu_net/train/bookshelf/bookshelf_0227.npy,"(1024, 3)",False,False,PASS
datasets/lineB_downsampled_x4_up/strict_N/pu_net/train/bookshelf/bookshelf_0228.npy,"(1024, 3)",False,False,PASS
datasets/lineB_downsampled_x4_up/strict_N/pu_net/train/bookshelf/bookshelf_0229.npy,"(1024, 3)",False,False,PASS
datasets/lineB_downsampled_x4_up/strict_N/pu_net/train/bookshelf/bookshelf_0230.npy,"(1024, 3)",False,False,PASS
datasets/lineB_downsampled_x4_up/strict_N/pu_net/train/bookshelf/bookshelf_0231.npy,"(1024, 3)",False,False,PASS
datasets/lineB_downsampled_x4_up/strict_N/pu_net/train/bookshelf/bookshelf_0232.npy,"(1024, 3)",False,False,PASS
datasets/lineB_downsampled_x4_up/strict_N/pu_net/train/bookshelf/bookshelf_0233.npy,"(1024, 3)",False,False,PASS
datasets/lineB_downsampled_x4_up/strict_N/pu_net/train/bookshelf/bookshelf_0234.npy,"(1024, 3)",False,False,PASS
datasets/lineB_downsampled_x4_up/strict_N/pu_net/train/bookshelf/bookshelf_0235.npy,"(1024, 3)",False,False,PASS
datasets/lineB_downsampled_x4_up/strict_N/pu_net/train/bookshelf/bookshelf_0236.npy,"(1024, 3)",False,False,PASS
datasets/lineB_downsampled_x4_up/strict_N/pu_net/train/bookshelf/bookshelf_0237.npy,"(1024, 3)",False,False,PASS
datasets/lineB_downsampled_x4_up/strict_N/pu_net/train/bookshelf/bookshelf_0238.npy,"(1024, 3)",False,False,PASS
datasets/lineB_downsampled_x4_up/strict_N/pu_net/train/bookshelf/bookshelf_0239.npy,"(1024, 3)",False,False,PASS
datasets/lineB_downsampled_x4_up/strict_N/pu_net/train/bookshelf/bookshelf_0240.npy,"(1024, 3)",False,False,PASS
datasets/lineB_downsampled_x4_up/strict_N/pu_net/train/bookshelf/bookshelf_0241.npy,"(1024, 3)",False,False,PASS
datasets/lineB_downsampled_x4_up/strict_N/pu_net/train/bookshelf/bookshelf_0242.npy,"(1024, 3)",False,False,PASS
datasets/lineB_downsampled_x4_up/strict_N/pu_net/train/bookshelf/bookshelf_0243.npy,"(1024, 3)",False,False,PASS
datasets/lineB_downsampled_x4_up/strict_N/pu_net/train/bookshelf/bookshelf_0244.npy,"(1024, 3)",False,False,PASS
datasets/lineB_downsampled_x4_up/strict_N/pu_net/train/bookshelf/bookshelf_0245.npy,"(1024, 3)",False,False,PASS
datasets/lineB_downsampled_x4_up/strict_N/pu_net/train/bookshelf/bookshelf_0246.npy,"(1024, 3)",False,False,PASS
datasets/lineB_downsampled_x4_up/strict_N/pu_net/train/bookshelf/bookshelf_0247.npy,"(1024, 3)",False,False,PASS
datasets/lineB_downsampled_x4_up/strict_N/pu_net/train/bookshelf/bookshelf_0248.npy,"(1024, 3)",False,False,PASS
datasets/lineB_downsampled_x4_up/strict_N/pu_net/train/bookshelf/bookshelf_0249.npy,"(1024, 3)",False,False,PASS
datasets/lineB_downsampled_x4_up/strict_N/pu_net/train/bookshelf/bookshelf_0250.npy,"(1024, 3)",False,False,PASS
datasets/lineB_downsampled_x4_up/strict_N/pu_net/train/bookshelf/bookshelf_0251.npy,"(1024, 3)",False,False,PASS
datasets/lineB_downsampled_x4_up/strict_N/pu_net/train/bookshelf/bookshelf_0252.npy,"(1024, 3)",False,False,PASS
datasets/lineB_downsampled_x4_up/strict_N/pu_net/train/bookshelf/bookshelf_0253.npy,"(1024, 3)",False,False,PASS
datasets/lineB_downsampled_x4_up/strict_N/pu_net/train/bookshelf/bookshelf_0254.npy,"(1024, 3)",False,False,PASS
datasets/lineB_downsampled_x4_up/strict_N/pu_net/train/bookshelf/bookshelf_0255.npy,"(1024, 3)",False,False,PASS
datasets/lineB_downsampled_x4_up/strict_N/pu_net/train/bookshelf/bookshelf_0256.npy,"(1024, 3)",False,False,PASS
datasets/lineB_downsampled_x4_up/strict_N/pu_net/train/bookshelf/bookshelf_0257.npy,"(1024, 3)",False,False,PASS
datasets/lineB_downsampled_x4_up/strict_N/pu_net/train/bookshelf/bookshelf_0258.npy,"(1024, 3)",False,False,PASS
datasets/lineB_downsampled_x4_up/strict_N/pu_net/train/bookshelf/bookshelf_0259.npy,"(1024, 3)",False,False,PASS
datasets/lineB_downsampled_x4_up/strict_N/pu_net/train/bookshelf/bookshelf_0260.npy,"(1024, 3)",False,False,PASS
datasets/lineB_downsampled_x4_up/strict_N/pu_net/train/bookshelf/bookshelf_0261.npy,"(1024, 3)",False,False,PASS
datasets/lineB_downsampled_x4_up/strict_N/pu_net/train/bookshelf/bookshelf_0262.npy,"(1024, 3)",False,False,PASS
datasets/lineB_downsampled_x4_up/strict_N/pu_net/train/bookshelf/bookshelf_0263.npy,"(1024, 3)",False,False,PASS
datasets/lineB_downsampled_x4_up/strict_N/pu_net/train/bookshelf/bookshelf_0264.npy,"(1024, 3)",False,False,PASS
datasets/lineB_downsampled_x4_up/strict_N/pu_net/train/bookshelf/bookshelf_0265.npy,"(1024, 3)",False,False,PASS
datasets/lineB_downsampled_x4_up/strict_N/pu_net/train/bookshelf/bookshelf_0266.npy,"(1024, 3)",False,False,PASS
datasets/lineB_downsampled_x4_up/strict_N/pu_net/train/bookshelf/bookshelf_0267.npy,"(1024, 3)",False,False,PASS
datasets/lineB_downsampled_x4_up/strict_N/pu_net/train/bookshelf/bookshelf_0268.npy,"(1024, 3)",False,False,PASS
datasets/lineB_downsampled_x4_up/strict_N/pu_net/train/bookshelf/bookshelf_0269.npy,"(1024, 3)",False,False,PASS
datasets/lineB_downsampled_x4_up/strict_N/pu_net/train/bookshelf/bookshelf_0270.npy,"(1024, 3)",False,False,PASS
datasets/lineB_downsampled_x4_up/strict_N/pu_net/train/bookshelf/bookshelf_0271.npy,"(1024, 3)",False,False,PASS
datasets/lineB_downsampled_x4_up/strict_N/pu_net/train/bookshelf/bookshelf_0272.npy,"(1024, 3)",False,False,PASS
datasets/lineB_downsampled_x4_up/strict_N/pu_net/train/bookshelf/bookshelf_0273.npy,"(1024, 3)",False,False,PASS
datasets/lineB_downsampled_x4_up/strict_N/pu_net/train/bookshelf/bookshelf_0274.npy,"(1024, 3)",False,False,PASS
datasets/lineB_downsampled_x4_up/strict_N/pu_net/train/bookshelf/bookshelf_0275.npy,"(1024, 3)",False,False,PASS
datasets/lineB_downsampled_x4_up/strict_N/pu_net/train/bookshelf/bookshelf_0276.npy,"(1024, 3)",False,False,PASS
datasets/lineB_downsampled_x4_up/strict_N/pu_net/train/bookshelf/bookshelf_0277.npy,"(1024, 3)",False,False,PASS
datasets/lineB_downsampled_x4_up/strict_N/pu_net/train/bookshelf/bookshelf_0278.npy,"(1024, 3)",False,False,PASS
datasets/lineB_downsampled_x4_up/strict_N/pu_net/train/bookshelf/bookshelf_0279.npy,"(1024, 3)",False,False,PASS
datasets/lineB_downsampled_x4_up/strict_N/pu_net/train/bookshelf/bookshelf_0280.npy,"(1024, 3)",False,False,PASS
datasets/lineB_downsampled_x4_up/strict_N/pu_net/train/bookshelf/bookshelf_0281.npy,"(1024, 3)",False,False,PASS
datasets/lineB_downsampled_x4_up/strict_N/pu_net/train/bookshelf/bookshelf_0282.npy,"(1024, 3)",False,False,PASS
datasets/lineB_downsampled_x4_up/strict_N/pu_net/train/bookshelf/bookshelf_0283.npy,"(1024, 3)",False,False,PASS
datasets/lineB_downsampled_x4_up/strict_N/pu_net/train/bookshelf/bookshelf_0284.npy,"(1024, 3)",False,False,PASS
datasets/lineB_downsampled_x4_up/strict_N/pu_net/train/bookshelf/bookshelf_0285.npy,"(1024, 3)",False,False,PASS
datasets/lineB_downsampled_x4_up/strict_N/pu_net/train/bookshelf/bookshelf_0286.npy,"(1024, 3)",False,False,PASS
datasets/lineB_downsampled_x4_up/strict_N/pu_net/train/bookshelf/bookshelf_0287.npy,"(1024, 3)",False,False,PASS
datasets/lineB_downsampled_x4_up/strict_N/pu_net/train/bookshelf/bookshelf_0288.npy,"(1024, 3)",False,False,PASS
datasets/lineB_downsampled_x4_up/strict_N/pu_net/train/bookshelf/bookshelf_0289.npy,"(1024, 3)",False,False,PASS
datasets/lineB_downsampled_x4_up/strict_N/pu_net/train/bookshelf/bookshelf_0290.npy,"(1024, 3)",False,False,PASS
datasets/lineB_downsampled_x4_up/strict_N/pu_net/train/bookshelf/bookshelf_0291.npy,"(1024, 3)",False,False,PASS
datasets/lineB_downsampled_x4_up/strict_N/pu_net/train/bookshelf/bookshelf_0292.npy,"(1024, 3)",False,False,PASS
datasets/lineB_downsampled_x4_up/strict_N/pu_net/train/bookshelf/bookshelf_0293.npy,"(1024, 3)",False,False,PASS
datasets/lineB_downsampled_x4_up/strict_N/pu_net/train/bookshelf/bookshelf_0294.npy,"(1024, 3)",False,False,PASS
datasets/lineB_downsampled_x4_up/strict_N/pu_net/train/bookshelf/bookshelf_0295.npy,"(1024, 3)",False,False,PASS
datasets/lineB_downsampled_x4_up/strict_N/pu_net/train/bookshelf/bookshelf_0296.npy,"(1024, 3)",False,False,PASS
datasets/lineB_downsampled_x4_up/strict_N/pu_net/train/bookshelf/bookshelf_0297.npy,"(1024, 3)",False,False,PASS
datasets/lineB_downsampled_x4_up/strict_N/pu_net/train/bookshelf/bookshelf_0298.npy,"(1024, 3)",False,False,PASS
datasets/lineB_downsampled_x4_up/strict_N/pu_net/train/bookshelf/bookshelf_0299.npy,"(1024, 3)",False,False,PASS
datasets/lineB_downsampled_x4_up/strict_N/pu_net/train/bookshelf/bookshelf_0300.npy,"(1024, 3)",False,False,PASS
datasets/lineB_downsampled_x4_up/strict_N/pu_net/train/bookshelf/bookshelf_0301.npy,"(1024, 3)",False,False,PASS
datasets/lineB_downsampled_x4_up/strict_N/pu_net/train/bookshelf/bookshelf_0302.npy,"(1024, 3)",False,False,PASS
datasets/lineB_downsampled_x4_up/strict_N/pu_net/train/bookshelf/bookshelf_0303.npy,"(1024, 3)",False,False,PASS
datasets/lineB_downsampled_x4_up/strict_N/pu_net/train/bookshelf/bookshelf_0304.npy,"(1024, 3)",False,False,PASS
datasets/lineB_downsampled_x4_up/strict_N/pu_net/train/bookshelf/bookshelf_0305.npy,"(1024, 3)",False,False,PASS
datasets/lineB_downsampled_x4_up/strict_N/pu_net/train/bookshelf/bookshelf_0306.npy,"(1024, 3)",False,False,PASS
datasets/lineB_downsampled_x4_up/strict_N/pu_net/train/bookshelf/bookshelf_0307.npy,"(1024, 3)",False,False,PASS
datasets/lineB_downsampled_x4_up/strict_N/pu_net/train/bookshelf/bookshelf_0308.npy,"(1024, 3)",False,False,PASS
datasets/lineB_downsampled_x4_up/strict_N/pu_net/train/bookshelf/bookshelf_0309.npy,"(1024, 3)",False,False,PASS
datasets/lineB_downsampled_x4_up/strict_N/pu_net/train/bookshelf/bookshelf_0310.npy,"(1024, 3)",False,False,PASS
datasets/lineB_downsampled_x4_up/strict_N/pu_net/train/bookshelf/bookshelf_0311.npy,"(1024, 3)",False,False,PASS
datasets/lineB_downsampled_x4_up/strict_N/pu_net/train/bookshelf/bookshelf_0312.npy,"(1024, 3)",False,False,PASS
datasets/lineB_downsampled_x4_up/strict_N/pu_net/train/bookshelf/bookshelf_0313.npy,"(1024, 3)",False,False,PASS
datasets/lineB_downsampled_x4_up/strict_N/pu_net/train/bookshelf/bookshelf_0314.npy,"(1024, 3)",False,False,PASS
datasets/lineB_downsampled_x4_up/strict_N/pu_net/train/bookshelf/bookshelf_0315.npy,"(1024, 3)",False,False,PASS
datasets/lineB_downsampled_x4_up/strict_N/pu_net/train/bookshelf/bookshelf_0316.npy,"(1024, 3)",False,False,PASS
datasets/lineB_downsampled_x4_up/strict_N/pu_net/train/bookshelf/bookshelf_0317.npy,"(1024, 3)",False,False,PASS
datasets/lineB_downsampled_x4_up/strict_N/pu_net/train/bookshelf/bookshelf_0318.npy,"(1024, 3)",False,False,PASS
datasets/lineB_downsampled_x4_up/strict_N/pu_net/train/bookshelf/bookshelf_0319.npy,"(1024, 3)",False,False,PASS
datasets/lineB_downsampled_x4_up/strict_N/pu_net/train/bookshelf/bookshelf_0320.npy,"(1024, 3)",False,False,PASS
datasets/lineB_downsampled_x4_up/strict_N/pu_net/train/bookshelf/bookshelf_0321.npy,"(1024, 3)",False,False,PASS
datasets/lineB_downsampled_x4_up/strict_N/pu_net/train/bookshelf/bookshelf_0322.npy,"(1024, 3)",False,False,PASS
datasets/lineB_downsampled_x4_up/strict_N/pu_net/train/bookshelf/bookshelf_0323.npy,"(1024, 3)",False,False,PASS
datasets/lineB_downsampled_x4_up/strict_N/pu_net/train/bookshelf/bookshelf_0324.npy,"(1024, 3)",False,False,PASS
datasets/lineB_downsampled_x4_up/strict_N/pu_net/train/bookshelf/bookshelf_0325.npy,"(1024, 3)",False,False,PASS
datasets/lineB_downsampled_x4_up/strict_N/pu_net/train/bookshelf/bookshelf_0326.npy,"(1024, 3)",False,False,PASS
datasets/lineB_downsampled_x4_up/strict_N/pu_net/train/bookshelf/bookshelf_0327.npy,"(1024, 3)",False,False,PASS
datasets/lineB_downsampled_x4_up/strict_N/pu_net/train/bookshelf/bookshelf_0328.npy,"(1024, 3)",False,False,PASS
datasets/lineB_downsampled_x4_up/strict_N/pu_net/train/bookshelf/bookshelf_0329.npy,"(1024, 3)",False,False,PASS
datasets/lineB_downsampled_x4_up/strict_N/pu_net/train/bookshelf/bookshelf_0330.npy,"(1024, 3)",False,False,PASS
datasets/lineB_downsampled_x4_up/strict_N/pu_net/train/bookshelf/bookshelf_0331.npy,"(1024, 3)",False,False,PASS
datasets/lineB_downsampled_x4_up/strict_N/pu_net/train/bookshelf/bookshelf_0332.npy,"(1024, 3)",False,False,PASS
datasets/lineB_downsampled_x4_up/strict_N/pu_net/train/bookshelf/bookshelf_0333.npy,"(1024, 3)",False,False,PASS
datasets/lineB_downsampled_x4_up/strict_N/pu_net/train/bookshelf/bookshelf_0334.npy,"(1024, 3)",False,False,PASS
datasets/lineB_downsampled_x4_up/strict_N/pu_net/train/bookshelf/bookshelf_0335.npy,"(1024, 3)",False,False,PASS
datasets/lineB_downsampled_x4_up/strict_N/pu_net/train/bookshelf/bookshelf_0336.npy,"(1024, 3)",False,False,PASS
datasets/lineB_downsampled_x4_up/strict_N/pu_net/train/bookshelf/bookshelf_0337.npy,"(1024, 3)",False,False,PASS
datasets/lineB_downsampled_x4_up/strict_N/pu_net/train/bookshelf/bookshelf_0338.npy,"(1024, 3)",False,False,PASS
datasets/lineB_downsampled_x4_up/strict_N/pu_net/train/bookshelf/bookshelf_0339.npy,"(1024, 3)",False,False,PASS
datasets/lineB_downsampled_x4_up/strict_N/pu_net/train/bookshelf/bookshelf_0340.npy,"(1024, 3)",False,False,PASS
datasets/lineB_downsampled_x4_up/strict_N/pu_net/train/bookshelf/bookshelf_0341.npy,"(1024, 3)",False,False,PASS
datasets/lineB_downsampled_x4_up/strict_N/pu_net/train/bookshelf/bookshelf_0342.npy,"(1024, 3)",False,False,PASS
datasets/lineB_downsampled_x4_up/strict_N/pu_net/train/bookshelf/bookshelf_0343.npy,"(1024, 3)",False,False,PASS
datasets/lineB_downsampled_x4_up/strict_N/pu_net/train/bookshelf/bookshelf_0344.npy,"(1024, 3)",False,False,PASS
datasets/lineB_downsampled_x4_up/strict_N/pu_net/train/bookshelf/bookshelf_0345.npy,"(1024, 3)",False,False,PASS
datasets/lineB_downsampled_x4_up/strict_N/pu_net/train/bookshelf/bookshelf_0346.npy,"(1024, 3)",False,False,PASS
datasets/lineB_downsampled_x4_up/strict_N/pu_net/train/bookshelf/bookshelf_0347.npy,"(1024, 3)",False,False,PASS
datasets/lineB_downsampled_x4_up/strict_N/pu_net/train/bookshelf/bookshelf_0348.npy,"(1024, 3)",False,False,PASS
datasets/lineB_downsampled_x4_up/strict_N/pu_net/train/bookshelf/bookshelf_0349.npy,"(1024, 3)",False,False,PASS
datasets/lineB_downsampled_x4_up/strict_N/pu_net/train/bookshelf/bookshelf_0350.npy,"(1024, 3)",False,False,PASS
datasets/lineB_downsampled_x4_up/strict_N/pu_net/train/bookshelf/bookshelf_0351.npy,"(1024, 3)",False,False,PASS
datasets/lineB_downsampled_x4_up/strict_N/pu_net/train/bookshelf/bookshelf_0352.npy,"(1024, 3)",False,False,PASS
datasets/lineB_downsampled_x4_up/strict_N/pu_net/train/bookshelf/bookshelf_0353.npy,"(1024, 3)",False,False,PASS
datasets/lineB_downsampled_x4_up/strict_N/pu_net/train/bookshelf/bookshelf_0354.npy,"(1024, 3)",False,False,PASS
datasets/lineB_downsampled_x4_up/strict_N/pu_net/train/bookshelf/bookshelf_0355.npy,"(1024, 3)",False,False,PASS
datasets/lineB_downsampled_x4_up/strict_N/pu_net/train/bookshelf/bookshelf_0356.npy,"(1024, 3)",False,False,PASS
datasets/lineB_downsampled_x4_up/strict_N/pu_net/train/bookshelf/bookshelf_0357.npy,"(1024, 3)",False,False,PASS
datasets/lineB_downsampled_x4_up/strict_N/pu_net/train/bookshelf/bookshelf_0358.npy,"(1024, 3)",False,False,PASS
datasets/lineB_downsampled_x4_up/strict_N/pu_net/train/bookshelf/bookshelf_0359.npy,"(1024, 3)",False,False,PASS
datasets/lineB_downsampled_x4_up/strict_N/pu_net/train/bookshelf/bookshelf_0360.npy,"(1024, 3)",False,False,PASS
datasets/lineB_downsampled_x4_up/strict_N/pu_net/train/bookshelf/bookshelf_0361.npy,"(1024, 3)",False,False,PASS
datasets/lineB_downsampled_x4_up/strict_N/pu_net/train/bookshelf/bookshelf_0362.npy,"(1024, 3)",False,False,PASS
datasets/lineB_downsampled_x4_up/strict_N/pu_net/train/bookshelf/bookshelf_0363.npy,"(1024, 3)",False,False,PASS
datasets/lineB_downsampled_x4_up/strict_N/pu_net/train/bookshelf/bookshelf_0364.npy,"(1024, 3)",False,False,PASS
datasets/lineB_downsampled_x4_up/strict_N/pu_net/train/bookshelf/bookshelf_0365.npy,"(1024, 3)",False,False,PASS
datasets/lineB_downsampled_x4_up/strict_N/pu_net/train/bookshelf/bookshelf_0366.npy,"(1024, 3)",False,False,PASS
datasets/lineB_downsampled_x4_up/strict_N/pu_net/train/bookshelf/bookshelf_0367.npy,"(1024, 3)",False,False,PASS
datasets/lineB_downsampled_x4_up/strict_N/pu_net/train/bookshelf/bookshelf_0368.npy,"(1024, 3)",False,False,PASS
datasets/lineB_downsampled_x4_up/strict_N/pu_net/train/bookshelf/bookshelf_0369.npy,"(1024, 3)",False,False,PASS
datasets/lineB_downsampled_x4_up/strict_N/pu_net/train/bookshelf/bookshelf_0370.npy,"(1024, 3)",False,False,PASS
datasets/lineB_downsampled_x4_up/strict_N/pu_net/train/bookshelf/bookshelf_0371.npy,"(1024, 3)",False,False,PASS
datasets/lineB_downsampled_x4_up/strict_N/pu_net/train/bookshelf/bookshelf_0372.npy,"(1024, 3)",False,False,PASS
datasets/lineB_downsampled_x4_up/strict_N/pu_net/train/bookshelf/bookshelf_0373.npy,"(1024, 3)",False,False,PASS
datasets/lineB_downsampled_x4_up/strict_N/pu_net/train/bookshelf/bookshelf_0374.npy,"(1024, 3)",False,False,PASS
datasets/lineB_downsampled_x4_up/strict_N/pu_net/train/bookshelf/bookshelf_0375.npy,"(1024, 3)",False,False,PASS
datasets/lineB_downsampled_x4_up/strict_N/pu_net/train/bookshelf/bookshelf_0376.npy,"(1024, 3)",False,False,PASS
datasets/lineB_downsampled_x4_up/strict_N/pu_net/train/bookshelf/bookshelf_0377.npy,"(1024, 3)",False,False,PASS
datasets/lineB_downsampled_x4_up/strict_N/pu_net/train/bookshelf/bookshelf_0378.npy,"(1024, 3)",False,False,PASS
datasets/lineB_downsampled_x4_up/strict_N/pu_net/train/bookshelf/bookshelf_0379.npy,"(1024, 3)",False,False,PASS
datasets/lineB_downsampled_x4_up/strict_N/pu_net/train/bookshelf/bookshelf_0380.npy,"(1024, 3)",False,False,PASS
datasets/lineB_downsampled_x4_up/strict_N/pu_net/train/bookshelf/bookshelf_0381.npy,"(1024, 3)",False,False,PASS
datasets/lineB_downsampled_x4_up/strict_N/pu_net/train/bookshelf/bookshelf_0382.npy,"(1024, 3)",False,False,PASS
datasets/lineB_downsampled_x4_up/strict_N/pu_net/train/bookshelf/bookshelf_0383.npy,"(1024, 3)",False,False,PASS
datasets/lineB_downsampled_x4_up/strict_N/pu_net/train/bookshelf/bookshelf_0384.npy,"(1024, 3)",False,False,PASS
datasets/lineB_downsampled_x4_up/strict_N/pu_net/train/bookshelf/bookshelf_0385.npy,"(1024, 3)",False,False,PASS
datasets/lineB_downsampled_x4_up/strict_N/pu_net/train/bookshelf/bookshelf_0386.npy,"(1024, 3)",False,False,PASS
datasets/lineB_downsampled_x4_up/strict_N/pu_net/train/bookshelf/bookshelf_0387.npy,"(1024, 3)",False,False,PASS
datasets/lineB_downsampled_x4_up/strict_N/pu_net/train/bookshelf/bookshelf_0388.npy,"(1024, 3)",False,False,PASS
datasets/lineB_downsampled_x4_up/strict_N/pu_net/train/bookshelf/bookshelf_0389.npy,"(1024, 3)",False,False,PASS
datasets/lineB_downsampled_x4_up/strict_N/pu_net/train/bookshelf/bookshelf_0390.npy,"(1024, 3)",False,False,PASS
datasets/lineB_downsampled_x4_up/strict_N/pu_net/train/bookshelf/bookshelf_0391.npy,"(1024, 3)",False,False,PASS
datasets/lineB_downsampled_x4_up/strict_N/pu_net/train/bookshelf/bookshelf_0392.npy,"(1024, 3)",False,False,PASS
datasets/lineB_downsampled_x4_up/strict_N/pu_net/train/bookshelf/bookshelf_0393.npy,"(1024, 3)",False,False,PASS
datasets/lineB_downsampled_x4_up/strict_N/pu_net/train/bookshelf/bookshelf_0394.npy,"(1024, 3)",False,False,PASS
datasets/lineB_downsampled_x4_up/strict_N/pu_net/train/bookshelf/bookshelf_0395.npy,"(1024, 3)",False,False,PASS
datasets/lineB_downsampled_x4_up/strict_N/pu_net/train/bookshelf/bookshelf_0396.npy,"(1024, 3)",False,False,PASS
datasets/lineB_downsampled_x4_up/strict_N/pu_net/train/bookshelf/bookshelf_0397.npy,"(1024, 3)",False,False,PASS
datasets/lineB_downsampled_x4_up/strict_N/pu_net/train/bookshelf/bookshelf_0398.npy,"(1024, 3)",False,False,PASS
datasets/lineB_downsampled_x4_up/strict_N/pu_net/train/bookshelf/bookshelf_0399.npy,"(1024, 3)",False,False,PASS
datasets/lineB_downsampled_x4_up/strict_N/pu_net/train/bookshelf/bookshelf_0400.npy,"(1024, 3)",False,False,PASS
datasets/lineB_downsampled_x4_up/strict_N/pu_net/train/bookshelf/bookshelf_0401.npy,"(1024, 3)",False,False,PASS
datasets/lineB_downsampled_x4_up/strict_N/pu_net/train/bookshelf/bookshelf_0402.npy,"(1024, 3)",False,False,PASS
datasets/lineB_downsampled_x4_up/strict_N/pu_net/train/bookshelf/bookshelf_0403.npy,"(1024, 3)",False,False,PASS
datasets/lineB_downsampled_x4_up/strict_N/pu_net/train/bookshelf/bookshelf_0404.npy,"(1024, 3)",False,False,PASS
datasets/lineB_downsampled_x4_up/strict_N/pu_net/train/bookshelf/bookshelf_0405.npy,"(1024, 3)",False,False,PASS
datasets/lineB_downsampled_x4_up/strict_N/pu_net/train/bookshelf/bookshelf_0406.npy,"(1024, 3)",False,False,PASS
datasets/lineB_downsampled_x4_up/strict_N/pu_net/train/bookshelf/bookshelf_0407.npy,"(1024, 3)",False,False,PASS
datasets/lineB_downsampled_x4_up/strict_N/pu_net/train/bookshelf/bookshelf_0408.npy,"(1024, 3)",False,False,PASS
datasets/lineB_downsampled_x4_up/strict_N/pu_net/train/bookshelf/bookshelf_0409.npy,"(1024, 3)",False,False,PASS
datasets/lineB_downsampled_x4_up/strict_N/pu_net/train/bookshelf/bookshelf_0410.npy,"(1024, 3)",False,False,PASS
datasets/lineB_downsampled_x4_up/strict_N/pu_net/train/bookshelf/bookshelf_0411.npy,"(1024, 3)",False,False,PASS
datasets/lineB_downsampled_x4_up/strict_N/pu_net/train/bookshelf/bookshelf_0412.npy,"(1024, 3)",False,False,PASS
datasets/lineB_downsampled_x4_up/strict_N/pu_net/train/bookshelf/bookshelf_0413.npy,"(1024, 3)",False,False,PASS
datasets/lineB_downsampled_x4_up/strict_N/pu_net/train/bookshelf/bookshelf_0414.npy,"(1024, 3)",False,False,PASS
datasets/lineB_downsampled_x4_up/strict_N/pu_net/train/bookshelf/bookshelf_0415.npy,"(1024, 3)",False,False,PASS
datasets/lineB_downsampled_x4_up/strict_N/pu_net/train/bookshelf/bookshelf_0416.npy,"(1024, 3)",False,False,PASS
datasets/lineB_downsampled_x4_up/strict_N/pu_net/train/bookshelf/bookshelf_0417.npy,"(1024, 3)",False,False,PASS
datasets/lineB_downsampled_x4_up/strict_N/pu_net/train/bookshelf/bookshelf_0418.npy,"(1024, 3)",False,False,PASS
datasets/lineB_downsampled_x4_up/strict_N/pu_net/train/bookshelf/bookshelf_0419.npy,"(1024, 3)",False,False,PASS
datasets/lineB_downsampled_x4_up/strict_N/pu_net/train/bookshelf/bookshelf_0420.npy,"(1024, 3)",False,False,PASS
datasets/lineB_downsampled_x4_up/strict_N/pu_net/train/bookshelf/bookshelf_0421.npy,"(1024, 3)",False,False,PASS
datasets/lineB_downsampled_x4_up/strict_N/pu_net/train/bookshelf/bookshelf_0422.npy,"(1024, 3)",False,False,PASS
datasets/lineB_downsampled_x4_up/strict_N/pu_net/train/bookshelf/bookshelf_0423.npy,"(1024, 3)",False,False,PASS
datasets/lineB_downsampled_x4_up/strict_N/pu_net/train/bookshelf/bookshelf_0425.npy,"(1024, 3)",False,False,PASS
datasets/lineB_downsampled_x4_up/strict_N/pu_net/train/bookshelf/bookshelf_0426.npy,"(1024, 3)",False,False,PASS
datasets/lineB_downsampled_x4_up/strict_N/pu_net/train/bookshelf/bookshelf_0427.npy,"(1024, 3)",False,False,PASS
datasets/lineB_downsampled_x4_up/strict_N/pu_net/train/bookshelf/bookshelf_0428.npy,"(1024, 3)",False,False,PASS
datasets/lineB_downsampled_x4_up/strict_N/pu_net/train/bookshelf/bookshelf_0429.npy,"(1024, 3)",False,False,PASS
datasets/lineB_downsampled_x4_up/strict_N/pu_net/train/bookshelf/bookshelf_0430.npy,"(1024, 3)",False,False,PASS
datasets/lineB_downsampled_x4_up/strict_N/pu_net/train/bookshelf/bookshelf_0431.npy,"(1024, 3)",False,False,PASS
datasets/lineB_downsampled_x4_up/strict_N/pu_net/train/bookshelf/bookshelf_0432.npy,"(1024, 3)",False,False,PASS
datasets/lineB_downsampled_x4_up/strict_N/pu_net/train/bookshelf/bookshelf_0433.npy,"(1024, 3)",False,False,PASS
datasets/lineB_downsampled_x4_up/strict_N/pu_net/train/bookshelf/bookshelf_0434.npy,"(1024, 3)",False,False,PASS
datasets/lineB_downsampled_x4_up/strict_N/pu_net/train/bookshelf/bookshelf_0435.npy,"(1024, 3)",False,False,PASS
datasets/lineB_downsampled_x4_up/strict_N/pu_net/train/bookshelf/bookshelf_0436.npy,"(1024, 3)",False,False,PASS
datasets/lineB_downsampled_x4_up/strict_N/pu_net/train/bookshelf/bookshelf_0437.npy,"(1024, 3)",False,False,PASS
datasets/lineB_downsampled_x4_up/strict_N/pu_net/train/bookshelf/bookshelf_0438.npy,"(1024, 3)",False,False,PASS
datasets/lineB_downsampled_x4_up/strict_N/pu_net/train/bookshelf/bookshelf_0439.npy,"(1024, 3)",False,False,PASS
datasets/lineB_downsampled_x4_up/strict_N/pu_net/train/bookshelf/bookshelf_0440.npy,"(1024, 3)",False,False,PASS
datasets/lineB_downsampled_x4_up/strict_N/pu_net/train/bookshelf/bookshelf_0441.npy,"(1024, 3)",False,False,PASS
datasets/lineB_downsampled_x4_up/strict_N/pu_net/train/bookshelf/bookshelf_0442.npy,"(1024, 3)",False,False,PASS
datasets/lineB_downsampled_x4_up/strict_N/pu_net/train/bookshelf/bookshelf_0443.npy,"(1024, 3)",False,False,PASS
datasets/lineB_downsampled_x4_up/strict_N/pu_net/train/bookshelf/bookshelf_0444.npy,"(1024, 3)",False,False,PASS
datasets/lineB_downsampled_x4_up/strict_N/pu_net/train/bookshelf/bookshelf_0445.npy,"(1024, 3)",False,False,PASS
datasets/lineB_downsampled_x4_up/strict_N/pu_net/train/bookshelf/bookshelf_0446.npy,"(1024, 3)",False,False,PASS
datasets/lineB_downsampled_x4_up/strict_N/pu_net/train/bookshelf/bookshelf_0447.npy,"(1024, 3)",False,False,PASS
datasets/lineB_downsampled_x4_up/strict_N/pu_net/train/bookshelf/bookshelf_0448.npy,"(1024, 3)",False,False,PASS
datasets/lineB_downsampled_x4_up/strict_N/pu_net/train/bookshelf/bookshelf_0449.npy,"(1024, 3)",False,False,PASS
datasets/lineB_downsampled_x4_up/strict_N/pu_net/train/bookshelf/bookshelf_0450.npy,"(1024, 3)",False,False,PASS
datasets/lineB_downsampled_x4_up/strict_N/pu_net/train/bookshelf/bookshelf_0451.npy,"(1024, 3)",False,False,PASS
datasets/lineB_downsampled_x4_up/strict_N/pu_net/train/bookshelf/bookshelf_0452.npy,"(1024, 3)",False,False,PASS
datasets/lineB_downsampled_x4_up/strict_N/pu_net/train/bookshelf/bookshelf_0453.npy,"(1024, 3)",False,False,PASS
datasets/lineB_downsampled_x4_up/strict_N/pu_net/train/bookshelf/bookshelf_0454.npy,"(1024, 3)",False,False,PASS
datasets/lineB_downsampled_x4_up/strict_N/pu_net/train/bookshelf/bookshelf_0455.npy,"(1024, 3)",False,False,PASS
datasets/lineB_downsampled_x4_up/strict_N/pu_net/train/bookshelf/bookshelf_0456.npy,"(1024, 3)",False,False,PASS
datasets/lineB_downsampled_x4_up/strict_N/pu_net/train/bookshelf/bookshelf_0457.npy,"(1024, 3)",False,False,PASS
datasets/lineB_downsampled_x4_up/strict_N/pu_net/train/bookshelf/bookshelf_0458.npy,"(1024, 3)",False,False,PASS
datasets/lineB_downsampled_x4_up/strict_N/pu_net/train/bookshelf/bookshelf_0459.npy,"(1024, 3)",False,False,PASS
datasets/lineB_downsampled_x4_up/strict_N/pu_net/train/bookshelf/bookshelf_0460.npy,"(1024, 3)",False,False,PASS
datasets/lineB_downsampled_x4_up/strict_N/pu_net/train/bookshelf/bookshelf_0461.npy,"(1024, 3)",False,False,PASS
datasets/lineB_downsampled_x4_up/strict_N/pu_net/train/bookshelf/bookshelf_0462.npy,"(1024, 3)",False,False,PASS
datasets/lineB_downsampled_x4_up/strict_N/pu_net/train/bookshelf/bookshelf_0463.npy,"(1024, 3)",False,False,PASS
datasets/lineB_downsampled_x4_up/strict_N/pu_net/train/bookshelf/bookshelf_0464.npy,"(1024, 3)",False,False,PASS
datasets/lineB_downsampled_x4_up/strict_N/pu_net/train/bookshelf/bookshelf_0465.npy,"(1024, 3)",False,False,PASS
datasets/lineB_downsampled_x4_up/strict_N/pu_net/train/bookshelf/bookshelf_0466.npy,"(1024, 3)",False,False,PASS
datasets/lineB_downsampled_x4_up/strict_N/pu_net/train/bookshelf/bookshelf_0467.npy,"(1024, 3)",False,False,PASS
datasets/lineB_downsampled_x4_up/strict_N/pu_net/train/bookshelf/bookshelf_0468.npy,"(1024, 3)",False,False,PASS
datasets/lineB_downsampled_x4_up/strict_N/pu_net/train/bookshelf/bookshelf_0469.npy,"(1024, 3)",False,False,PASS
datasets/lineB_downsampled_x4_up/strict_N/pu_net/train/bookshelf/bookshelf_0470.npy,"(1024, 3)",False,False,PASS
datasets/lineB_downsampled_x4_up/strict_N/pu_net/train/bookshelf/bookshelf_0471.npy,"(1024, 3)",False,False,PASS
datasets/lineB_downsampled_x4_up/strict_N/pu_net/train/bookshelf/bookshelf_0472.npy,"(1024, 3)",False,False,PASS
datasets/lineB_downsampled_x4_up/strict_N/pu_net/train/bookshelf/bookshelf_0473.npy,"(1024, 3)",False,False,PASS
datasets/lineB_downsampled_x4_up/strict_N/pu_net/train/bookshelf/bookshelf_0474.npy,"(1024, 3)",False,False,PASS
datasets/lineB_downsampled_x4_up/strict_N/pu_net/train/bookshelf/bookshelf_0475.npy,"(1024, 3)",False,False,PASS
datasets/lineB_downsampled_x4_up/strict_N/pu_net/train/bookshelf/bookshelf_0476.npy,"(1024, 3)",False,False,PASS
datasets/lineB_downsampled_x4_up/strict_N/pu_net/train/bookshelf/bookshelf_0477.npy,"(1024, 3)",False,False,PASS
datasets/lineB_downsampled_x4_up/strict_N/pu_net/train/bookshelf/bookshelf_0478.npy,"(1024, 3)",False,False,PASS
datasets/lineB_downsampled_x4_up/strict_N/pu_net/train/bookshelf/bookshelf_0479.npy,"(1024, 3)",False,False,PASS
datasets/lineB_downsampled_x4_up/strict_N/pu_net/train/bookshelf/bookshelf_0480.npy,"(1024, 3)",False,False,PASS
datasets/lineB_downsampled_x4_up/strict_N/pu_net/train/bookshelf/bookshelf_0481.npy,"(1024, 3)",False,False,PASS
datasets/lineB_downsampled_x4_up/strict_N/pu_net/train/bookshelf/bookshelf_0482.npy,"(1024, 3)",False,False,PASS
datasets/lineB_downsampled_x4_up/strict_N/pu_net/train/bookshelf/bookshelf_0483.npy,"(1024, 3)",False,False,PASS
datasets/lineB_downsampled_x4_up/strict_N/pu_net/train/bookshelf/bookshelf_0484.npy,"(1024, 3)",False,False,PASS
datasets/lineB_downsampled_x4_up/strict_N/pu_net/train/bookshelf/bookshelf_0485.npy,"(1024, 3)",False,False,PASS
datasets/lineB_downsampled_x4_up/strict_N/pu_net/train/bookshelf/bookshelf_0486.npy,"(1024, 3)",False,False,PASS
datasets/lineB_downsampled_x4_up/strict_N/pu_net/train/bookshelf/bookshelf_0487.npy,"(1024, 3)",False,False,PASS
datasets/lineB_downsampled_x4_up/strict_N/pu_net/train/bookshelf/bookshelf_0488.npy,"(1024, 3)",False,False,PASS
datasets/lineB_downsampled_x4_up/strict_N/pu_net/train/bookshelf/bookshelf_0489.npy,"(1024, 3)",False,False,PASS
datasets/lineB_downsampled_x4_up/strict_N/pu_net/train/bookshelf/bookshelf_0490.npy,"(1024, 3)",False,False,PASS
datasets/lineB_downsampled_x4_up/strict_N/pu_net/train/bookshelf/bookshelf_0491.npy,"(1024, 3)",False,False,PASS
datasets/lineB_downsampled_x4_up/strict_N/pu_net/train/bookshelf/bookshelf_0492.npy,"(1024, 3)",False,False,PASS
datasets/lineB_downsampled_x4_up/strict_N/pu_net/train/bookshelf/bookshelf_0493.npy,"(1024, 3)",False,False,PASS
datasets/lineB_downsampled_x4_up/strict_N/pu_net/train/bookshelf/bookshelf_0494.npy,"(1024, 3)",False,False,PASS
datasets/lineB_downsampled_x4_up/strict_N/pu_net/train/bookshelf/bookshelf_0495.npy,"(1024, 3)",False,False,PASS
datasets/lineB_downsampled_x4_up/strict_N/pu_net/train/bookshelf/bookshelf_0496.npy,"(1024, 3)",False,False,PASS
datasets/lineB_downsampled_x4_up/strict_N/pu_net/train/bookshelf/bookshelf_0497.npy,"(1024, 3)",False,False,PASS
datasets/lineB_downsampled_x4_up/strict_N/pu_net/train/bookshelf/bookshelf_0498.npy,"(1024, 3)",False,False,PASS
datasets/lineB_downsampled_x4_up/strict_N/pu_net/train/bookshelf/bookshelf_0499.npy,"(1024, 3)",False,False,PASS
datasets/lineB_downsampled_x4_up/strict_N/pu_net/train/bookshelf/bookshelf_0500.npy,"(1024, 3)",False,False,PASS
datasets/lineB_downsampled_x4_up/strict_N/pu_net/train/bookshelf/bookshelf_0501.npy,"(1024, 3)",False,False,PASS
datasets/lineB_downsampled_x4_up/strict_N/pu_net/train/bookshelf/bookshelf_0502.npy,"(1024, 3)",False,False,PASS
datasets/lineB_downsampled_x4_up/strict_N/pu_net/train/bookshelf/bookshelf_0503.npy,"(1024, 3)",False,False,PASS
datasets/lineB_downsampled_x4_up/strict_N/pu_net/train/bookshelf/bookshelf_0504.npy,"(1024, 3)",False,False,PASS
datasets/lineB_downsampled_x4_up/strict_N/pu_net/train/bookshelf/bookshelf_0505.npy,"(1024, 3)",False,False,PASS
datasets/lineB_downsampled_x4_up/strict_N/pu_net/train/bookshelf/bookshelf_0506.npy,"(1024, 3)",False,False,PASS
datasets/lineB_downsampled_x4_up/strict_N/pu_net/train/bookshelf/bookshelf_0507.npy,"(1024, 3)",False,False,PASS
datasets/lineB_downsampled_x4_up/strict_N/pu_net/train/bookshelf/bookshelf_0508.npy,"(1024, 3)",False,False,PASS
datasets/lineB_downsampled_x4_up/strict_N/pu_net/train/bookshelf/bookshelf_0509.npy,"(1024, 3)",False,False,PASS
datasets/lineB_downsampled_x4_up/strict_N/pu_net/train/bookshelf/bookshelf_0510.npy,"(1024, 3)",False,False,PASS
datasets/lineB_downsampled_x4_up/strict_N/pu_net/train/bookshelf/bookshelf_0511.npy,"(1024, 3)",False,False,PASS
datasets/lineB_downsampled_x4_up/strict_N/pu_net/train/bookshelf/bookshelf_0512.npy,"(1024, 3)",False,False,PASS
datasets/lineB_downsampled_x4_up/strict_N/pu_net/train/bookshelf/bookshelf_0513.npy,"(1024, 3)",False,False,PASS
datasets/lineB_downsampled_x4_up/strict_N/pu_net/train/bookshelf/bookshelf_0514.npy,"(1024, 3)",False,False,PASS
datasets/lineB_downsampled_x4_up/strict_N/pu_net/train/bookshelf/bookshelf_0515.npy,"(1024, 3)",False,False,PASS
datasets/lineB_downsampled_x4_up/strict_N/pu_net/train/bookshelf/bookshelf_0516.npy,"(1024, 3)",False,False,PASS
datasets/lineB_downsampled_x4_up/strict_N/pu_net/train/bookshelf/bookshelf_0517.npy,"(1024, 3)",False,False,PASS
datasets/lineB_downsampled_x4_up/strict_N/pu_net/train/bookshelf/bookshelf_0518.npy,"(1024, 3)",False,False,PASS
datasets/lineB_downsampled_x4_up/strict_N/pu_net/train/bookshelf/bookshelf_0519.npy,"(1024, 3)",False,False,PASS
datasets/lineB_downsampled_x4_up/strict_N/pu_net/train/bookshelf/bookshelf_0520.npy,"(1024, 3)",False,False,PASS
datasets/lineB_downsampled_x4_up/strict_N/pu_net/train/bookshelf/bookshelf_0521.npy,"(1024, 3)",False,False,PASS
datasets/lineB_downsampled_x4_up/strict_N/pu_net/train/bookshelf/bookshelf_0522.npy,"(1024, 3)",False,False,PASS
datasets/lineB_downsampled_x4_up/strict_N/pu_net/train/bookshelf/bookshelf_0523.npy,"(1024, 3)",False,False,PASS
datasets/lineB_downsampled_x4_up/strict_N/pu_net/train/bookshelf/bookshelf_0524.npy,"(1024, 3)",False,False,PASS
datasets/lineB_downsampled_x4_up/strict_N/pu_net/train/bookshelf/bookshelf_0525.npy,"(1024, 3)",False,False,PASS
datasets/lineB_downsampled_x4_up/strict_N/pu_net/train/bookshelf/bookshelf_0526.npy,"(1024, 3)",False,False,PASS
datasets/lineB_downsampled_x4_up/strict_N/pu_net/train/bookshelf/bookshelf_0527.npy,"(1024, 3)",False,False,PASS
datasets/lineB_downsampled_x4_up/strict_N/pu_net/train/bookshelf/bookshelf_0528.npy,"(1024, 3)",False,False,PASS
datasets/lineB_downsampled_x4_up/strict_N/pu_net/train/bookshelf/bookshelf_0529.npy,"(1024, 3)",False,False,PASS
datasets/lineB_downsampled_x4_up/strict_N/pu_net/train/bookshelf/bookshelf_0530.npy,"(1024, 3)",False,False,PASS
datasets/lineB_downsampled_x4_up/strict_N/pu_net/train/bookshelf/bookshelf_0531.npy,"(1024, 3)",False,False,PASS
datasets/lineB_downsampled_x4_up/strict_N/pu_net/train/bookshelf/bookshelf_0532.npy,"(1024, 3)",False,False,PASS
datasets/lineB_downsampled_x4_up/strict_N/pu_net/train/bookshelf/bookshelf_0533.npy,"(1024, 3)",False,False,PASS
datasets/lineB_downsampled_x4_up/strict_N/pu_net/train/bookshelf/bookshelf_0534.npy,"(1024, 3)",False,False,PASS
datasets/lineB_downsampled_x4_up/strict_N/pu_net/train/bookshelf/bookshelf_0535.npy,"(1024, 3)",False,False,PASS
datasets/lineB_downsampled_x4_up/strict_N/pu_net/train/bookshelf/bookshelf_0536.npy,"(1024, 3)",False,False,PASS
datasets/lineB_downsampled_x4_up/strict_N/pu_net/train/bookshelf/bookshelf_0537.npy,"(1024, 3)",False,False,PASS
datasets/lineB_downsampled_x4_up/strict_N/pu_net/train/bookshelf/bookshelf_0538.npy,"(1024, 3)",False,False,PASS
datasets/lineB_downsampled_x4_up/strict_N/pu_net/train/bookshelf/bookshelf_0539.npy,"(1024, 3)",False,False,PASS
datasets/lineB_downsampled_x4_up/strict_N/pu_net/train/bookshelf/bookshelf_0540.npy,"(1024, 3)",False,False,PASS
datasets/lineB_downsampled_x4_up/strict_N/pu_net/train/bookshelf/bookshelf_0541.npy,"(1024, 3)",False,False,PASS
datasets/lineB_downsampled_x4_up/strict_N/pu_net/train/bookshelf/bookshelf_0542.npy,"(1024, 3)",False,False,PASS
datasets/lineB_downsampled_x4_up/strict_N/pu_net/train/bookshelf/bookshelf_0543.npy,"(1024, 3)",False,False,PASS
datasets/lineB_downsampled_x4_up/strict_N/pu_net/train/bookshelf/bookshelf_0544.npy,"(1024, 3)",False,False,PASS
datasets/lineB_downsampled_x4_up/strict_N/pu_net/train/bookshelf/bookshelf_0545.npy,"(1024, 3)",False,False,PASS
datasets/lineB_downsampled_x4_up/strict_N/pu_net/train/bookshelf/bookshelf_0546.npy,"(1024, 3)",False,False,PASS
datasets/lineB_downsampled_x4_up/strict_N/pu_net/train/bookshelf/bookshelf_0547.npy,"(1024, 3)",False,False,PASS
datasets/lineB_downsampled_x4_up/strict_N/pu_net/train/bookshelf/bookshelf_0548.npy,"(1024, 3)",False,False,PASS
datasets/lineB_downsampled_x4_up/strict_N/pu_net/train/bookshelf/bookshelf_0549.npy,"(1024, 3)",False,False,PASS
datasets/lineB_downsampled_x4_up/strict_N/pu_net/train/bookshelf/bookshelf_0550.npy,"(1024, 3)",False,False,PASS
datasets/lineB_downsampled_x4_up/strict_N/pu_net/train/bookshelf/bookshelf_0551.npy,"(1024, 3)",False,False,PASS
datasets/lineB_downsampled_x4_up/strict_N/pu_net/train/bookshelf/bookshelf_0552.npy,"(1024, 3)",False,False,PASS
datasets/lineB_downsampled_x4_up/strict_N/pu_net/train/bookshelf/bookshelf_0553.npy,"(1024, 3)",False,False,PASS
datasets/lineB_downsampled_x4_up/strict_N/pu_net/train/bookshelf/bookshelf_0554.npy,"(1024, 3)",False,False,PASS
datasets/lineB_downsampled_x4_up/strict_N/pu_net/train/bookshelf/bookshelf_0555.npy,"(1024, 3)",False,False,PASS
datasets/lineB_downsampled_x4_up/strict_N/pu_net/train/bookshelf/bookshelf_0556.npy,"(1024, 3)",False,False,PASS
datasets/lineB_downsampled_x4_up/strict_N/pu_net/train/bookshelf/bookshelf_0557.npy,"(1024, 3)",False,False,PASS
datasets/lineB_downsampled_x4_up/strict_N/pu_net/train/bookshelf/bookshelf_0558.npy,"(1024, 3)",False,False,PASS
datasets/lineB_downsampled_x4_up/strict_N/pu_net/train/bookshelf/bookshelf_0559.npy,"(1024, 3)",False,False,PASS
datasets/lineB_downsampled_x4_up/strict_N/pu_net/train/bookshelf/bookshelf_0560.npy,"(1024, 3)",False,False,PASS
datasets/lineB_downsampled_x4_up/strict_N/pu_net/train/bookshelf/bookshelf_0561.npy,"(1024, 3)",False,False,PASS
datasets/lineB_downsampled_x4_up/strict_N/pu_net/train/bookshelf/bookshelf_0562.npy,"(1024, 3)",False,False,PASS
datasets/lineB_downsampled_x4_up/strict_N/pu_net/train/bookshelf/bookshelf_0563.npy,"(1024, 3)",False,False,PASS
datasets/lineB_downsampled_x4_up/strict_N/pu_net/train/bookshelf/bookshelf_0564.npy,"(1024, 3)",False,False,PASS
datasets/lineB_downsampled_x4_up/strict_N/pu_net/train/bookshelf/bookshelf_0565.npy,"(1024, 3)",False,False,PASS
datasets/lineB_downsampled_x4_up/strict_N/pu_net/train/bookshelf/bookshelf_0566.npy,"(1024, 3)",False,False,PASS
datasets/lineB_downsampled_x4_up/strict_N/pu_net/train/bookshelf/bookshelf_0567.npy,"(1024, 3)",False,False,PASS
datasets/lineB_downsampled_x4_up/strict_N/pu_net/train/bookshelf/bookshelf_0568.npy,"(1024, 3)",False,False,PASS
datasets/lineB_downsampled_x4_up/strict_N/pu_net/train/bookshelf/bookshelf_0569.npy,"(1024, 3)",False,False,PASS
datasets/lineB_downsampled_x4_up/strict_N/pu_net/train/bookshelf/bookshelf_0570.npy,"(1024, 3)",False,False,PASS
datasets/lineB_downsampled_x4_up/strict_N/pu_net/train/bookshelf/bookshelf_0571.npy,"(1024, 3)",False,False,PASS
datasets/lineB_downsampled_x4_up/strict_N/pu_net/train/bookshelf/bookshelf_0572.npy,"(1024, 3)",False,False,PASS
datasets/lineB_downsampled_x4_up/strict_N/pu_net/train/bottle/bottle_0001.npy,"(1024, 3)",False,False,PASS
datasets/lineB_downsampled_x4_up/strict_N/pu_net/train/bottle/bottle_0002.npy,"(1024, 3)",False,False,PASS
datasets/lineB_downsampled_x4_up/strict_N/pu_net/train/bottle/bottle_0003.npy,"(1024, 3)",False,False,PASS
datasets/lineB_downsampled_x4_up/strict_N/pu_net/train/bottle/bottle_0004.npy,"(1024, 3)",False,False,PASS
datasets/lineB_downsampled_x4_up/strict_N/pu_net/train/bottle/bottle_0005.npy,"(1024, 3)",False,False,PASS
datasets/lineB_downsampled_x4_up/strict_N/pu_net/train/bottle/bottle_0006.npy,"(1024, 3)",False,False,PASS
datasets/lineB_downsampled_x4_up/strict_N/pu_net/train/bottle/bottle_0007.npy,"(1024, 3)",False,False,PASS
datasets/lineB_downsampled_x4_up/strict_N/pu_net/train/bottle/bottle_0008.npy,"(1024, 3)",False,False,PASS
datasets/lineB_downsampled_x4_up/strict_N/pu_net/train/bottle/bottle_0009.npy,"(1024, 3)",False,False,PASS
datasets/lineB_downsampled_x4_up/strict_N/pu_net/train/bottle/bottle_0010.npy,"(1024, 3)",False,False,PASS
datasets/lineB_downsampled_x4_up/strict_N/pu_net/train/bottle/bottle_0011.npy,"(1024, 3)",False,False,PASS
datasets/lineB_downsampled_x4_up/strict_N/pu_net/train/bottle/bottle_0012.npy,"(1024, 3)",False,False,PASS
datasets/lineB_downsampled_x4_up/strict_N/pu_net/train/bottle/bottle_0013.npy,"(1024, 3)",False,False,PASS
datasets/lineB_downsampled_x4_up/strict_N/pu_net/train/bottle/bottle_0014.npy,"(1024, 3)",False,False,PASS
datasets/lineB_downsampled_x4_up/strict_N/pu_net/train/bottle/bottle_0015.npy,"(1024, 3)",False,False,PASS
datasets/lineB_downsampled_x4_up/strict_N/pu_net/train/bottle/bottle_0016.npy,"(1024, 3)",False,False,PASS
datasets/lineB_downsampled_x4_up/strict_N/pu_net/train/bottle/bottle_0017.npy,"(1024, 3)",False,False,PASS
datasets/lineB_downsampled_x4_up/strict_N/pu_net/train/bottle/bottle_0018.npy,"(1024, 3)",False,False,PASS
datasets/lineB_downsampled_x4_up/strict_N/pu_net/train/bottle/bottle_0019.npy,"(1024, 3)",False,False,PASS
datasets/lineB_downsampled_x4_up/strict_N/pu_net/train/bottle/bottle_0020.npy,"(1024, 3)",False,False,PASS
datasets/lineB_downsampled_x4_up/strict_N/pu_net/train/bottle/bottle_0021.npy,"(1024, 3)",False,False,PASS
datasets/lineB_downsampled_x4_up/strict_N/pu_net/train/bottle/bottle_0022.npy,"(1024, 3)",False,False,PASS
datasets/lineB_downsampled_x4_up/strict_N/pu_net/train/bottle/bottle_0023.npy,"(1024, 3)",False,False,PASS
datasets/lineB_downsampled_x4_up/strict_N/pu_net/train/bottle/bottle_0024.npy,"(1024, 3)",False,False,PASS
datasets/lineB_downsampled_x4_up/strict_N/pu_net/train/bottle/bottle_0025.npy,"(1024, 3)",False,False,PASS
datasets/lineB_downsampled_x4_up/strict_N/pu_net/train/bottle/bottle_0026.npy,"(1024, 3)",False,False,PASS
datasets/lineB_downsampled_x4_up/strict_N/pu_net/train/bottle/bottle_0027.npy,"(1024, 3)",False,False,PASS
datasets/lineB_downsampled_x4_up/strict_N/pu_net/train/bottle/bottle_0028.npy,"(1024, 3)",False,False,PASS
datasets/lineB_downsampled_x4_up/strict_N/pu_net/train/bottle/bottle_0029.npy,"(1024, 3)",False,False,PASS
datasets/lineB_downsampled_x4_up/strict_N/pu_net/train/bottle/bottle_0030.npy,"(1024, 3)",False,False,PASS
datasets/lineB_downsampled_x4_up/strict_N/pu_net/train/bottle/bottle_0031.npy,"(1024, 3)",False,False,PASS
datasets/lineB_downsampled_x4_up/strict_N/pu_net/train/bottle/bottle_0032.npy,"(1024, 3)",False,False,PASS
datasets/lineB_downsampled_x4_up/strict_N/pu_net/train/bottle/bottle_0033.npy,"(1024, 3)",False,False,PASS
datasets/lineB_downsampled_x4_up/strict_N/pu_net/train/bottle/bottle_0034.npy,"(1024, 3)",False,False,PASS
datasets/lineB_downsampled_x4_up/strict_N/pu_net/train/bottle/bottle_0035.npy,"(1024, 3)",False,False,PASS
datasets/lineB_downsampled_x4_up/strict_N/pu_net/train/bottle/bottle_0036.npy,"(1024, 3)",False,False,PASS
datasets/lineB_downsampled_x4_up/strict_N/pu_net/train/bottle/bottle_0037.npy,"(1024, 3)",False,False,PASS
datasets/lineB_downsampled_x4_up/strict_N/pu_net/train/bottle/bottle_0038.npy,"(1024, 3)",False,False,PASS
datasets/lineB_downsampled_x4_up/strict_N/pu_net/train/bottle/bottle_0039.npy,"(1024, 3)",False,False,PASS
datasets/lineB_downsampled_x4_up/strict_N/pu_net/train/bottle/bottle_0040.npy,"(1024, 3)",False,False,PASS
datasets/lineB_downsampled_x4_up/strict_N/pu_net/train/bottle/bottle_0041.npy,"(1024, 3)",False,False,PASS
datasets/lineB_downsampled_x4_up/strict_N/pu_net/train/bottle/bottle_0042.npy,"(1024, 3)",False,False,PASS
datasets/lineB_downsampled_x4_up/strict_N/pu_net/train/bottle/bottle_0043.npy,"(1024, 3)",False,False,PASS
datasets/lineB_downsampled_x4_up/strict_N/pu_net/train/bottle/bottle_0044.npy,"(1024, 3)",False,False,PASS
datasets/lineB_downsampled_x4_up/strict_N/pu_net/train/bottle/bottle_0045.npy,"(1024, 3)",False,False,PASS
datasets/lineB_downsampled_x4_up/strict_N/pu_net/train/bottle/bottle_0046.npy,"(1024, 3)",False,False,PASS
datasets/lineB_downsampled_x4_up/strict_N/pu_net/train/bottle/bottle_0047.npy,"(1024, 3)",False,False,PASS
datasets/lineB_downsampled_x4_up/strict_N/pu_net/train/bottle/bottle_0048.npy,"(1024, 3)",False,False,PASS
datasets/lineB_downsampled_x4_up/strict_N/pu_net/train/bottle/bottle_0049.npy,"(1024, 3)",False,False,PASS
datasets/lineB_downsampled_x4_up/strict_N/pu_net/train/bottle/bottle_0050.npy,"(1024, 3)",False,False,PASS
datasets/lineB_downsampled_x4_up/strict_N/pu_net/train/bottle/bottle_0051.npy,"(1024, 3)",False,False,PASS
datasets/lineB_downsampled_x4_up/strict_N/pu_net/train/bottle/bottle_0052.npy,"(1024, 3)",False,False,PASS
datasets/lineB_downsampled_x4_up/strict_N/pu_net/train/bottle/bottle_0053.npy,"(1024, 3)",False,False,PASS
datasets/lineB_downsampled_x4_up/strict_N/pu_net/train/bottle/bottle_0054.npy,"(1024, 3)",False,False,PASS
datasets/lineB_downsampled_x4_up/strict_N/pu_net/train/bottle/bottle_0055.npy,"(1024, 3)",False,False,PASS
datasets/lineB_downsampled_x4_up/strict_N/pu_net/train/bottle/bottle_0056.npy,"(1024, 3)",False,False,PASS
datasets/lineB_downsampled_x4_up/strict_N/pu_net/train/bottle/bottle_0057.npy,"(1024, 3)",False,False,PASS
datasets/lineB_downsampled_x4_up/strict_N/pu_net/train/bottle/bottle_0058.npy,"(1024, 3)",False,False,PASS
datasets/lineB_downsampled_x4_up/strict_N/pu_net/train/bottle/bottle_0059.npy,"(1024, 3)",False,False,PASS
datasets/lineB_downsampled_x4_up/strict_N/pu_net/train/bottle/bottle_0060.npy,"(1024, 3)",False,False,PASS
datasets/lineB_downsampled_x4_up/strict_N/pu_net/train/bottle/bottle_0061.npy,"(1024, 3)",False,False,PASS
datasets/lineB_downsampled_x4_up/strict_N/pu_net/train/bottle/bottle_0062.npy,"(1024, 3)",False,False,PASS
datasets/lineB_downsampled_x4_up/strict_N/pu_net/train/bottle/bottle_0063.npy,"(1024, 3)",False,False,PASS
datasets/lineB_downsampled_x4_up/strict_N/pu_net/train/bottle/bottle_0064.npy,"(1024, 3)",False,False,PASS
datasets/lineB_downsampled_x4_up/strict_N/pu_net/train/bottle/bottle_0065.npy,"(1024, 3)",False,False,PASS
datasets/lineB_downsampled_x4_up/strict_N/pu_net/train/bottle/bottle_0066.npy,"(1024, 3)",False,False,PASS
datasets/lineB_downsampled_x4_up/strict_N/pu_net/train/bottle/bottle_0067.npy,"(1024, 3)",False,False,PASS
datasets/lineB_downsampled_x4_up/strict_N/pu_net/train/bottle/bottle_0068.npy,"(1024, 3)",False,False,PASS
datasets/lineB_downsampled_x4_up/strict_N/pu_net/train/bottle/bottle_0069.npy,"(1024, 3)",False,False,PASS
datasets/lineB_downsampled_x4_up/strict_N/pu_net/train/bottle/bottle_0070.npy,"(1024, 3)",False,False,PASS
datasets/lineB_downsampled_x4_up/strict_N/pu_net/train/bottle/bottle_0071.npy,"(1024, 3)",False,False,PASS
datasets/lineB_downsampled_x4_up/strict_N/pu_net/train/bottle/bottle_0072.npy,"(1024, 3)",False,False,PASS
datasets/lineB_downsampled_x4_up/strict_N/pu_net/train/bottle/bottle_0073.npy,"(1024, 3)",False,False,PASS
datasets/lineB_downsampled_x4_up/strict_N/pu_net/train/bottle/bottle_0074.npy,"(1024, 3)",False,False,PASS
datasets/lineB_downsampled_x4_up/strict_N/pu_net/train/bottle/bottle_0075.npy,"(1024, 3)",False,False,PASS
datasets/lineB_downsampled_x4_up/strict_N/pu_net/train/bottle/bottle_0076.npy,"(1024, 3)",False,False,PASS
datasets/lineB_downsampled_x4_up/strict_N/pu_net/train/bottle/bottle_0077.npy,"(1024, 3)",False,False,PASS
datasets/lineB_downsampled_x4_up/strict_N/pu_net/train/bottle/bottle_0078.npy,"(1024, 3)",False,False,PASS
datasets/lineB_downsampled_x4_up/strict_N/pu_net/train/bottle/bottle_0079.npy,"(1024, 3)",False,False,PASS
datasets/lineB_downsampled_x4_up/strict_N/pu_net/train/bottle/bottle_0080.npy,"(1024, 3)",False,False,PASS
datasets/lineB_downsampled_x4_up/strict_N/pu_net/train/bottle/bottle_0081.npy,"(1024, 3)",False,False,PASS
datasets/lineB_downsampled_x4_up/strict_N/pu_net/train/bottle/bottle_0082.npy,"(1024, 3)",False,False,PASS
datasets/lineB_downsampled_x4_up/strict_N/pu_net/train/bottle/bottle_0083.npy,"(1024, 3)",False,False,PASS
datasets/lineB_downsampled_x4_up/strict_N/pu_net/train/bottle/bottle_0084.npy,"(1024, 3)",False,False,PASS
datasets/lineB_downsampled_x4_up/strict_N/pu_net/train/bottle/bottle_0085.npy,"(1024, 3)",False,False,PASS
datasets/lineB_downsampled_x4_up/strict_N/pu_net/train/bottle/bottle_0086.npy,"(1024, 3)",False,False,PASS
datasets/lineB_downsampled_x4_up/strict_N/pu_net/train/bottle/bottle_0087.npy,"(1024, 3)",False,False,PASS
datasets/lineB_downsampled_x4_up/strict_N/pu_net/train/bottle/bottle_0088.npy,"(1024, 3)",False,False,PASS
datasets/lineB_downsampled_x4_up/strict_N/pu_net/train/bottle/bottle_0089.npy,"(1024, 3)",False,False,PASS
datasets/lineB_downsampled_x4_up/strict_N/pu_net/train/bottle/bottle_0090.npy,"(1024, 3)",False,False,PASS
datasets/lineB_downsampled_x4_up/strict_N/pu_net/train/bottle/bottle_0091.npy,"(1024, 3)",False,False,PASS
datasets/lineB_downsampled_x4_up/strict_N/pu_net/train/bottle/bottle_0092.npy,"(1024, 3)",False,False,PASS
datasets/lineB_downsampled_x4_up/strict_N/pu_net/train/bottle/bottle_0093.npy,"(1024, 3)",False,False,PASS
datasets/lineB_downsampled_x4_up/strict_N/pu_net/train/bottle/bottle_0094.npy,"(1024, 3)",False,False,PASS
datasets/lineB_downsampled_x4_up/strict_N/pu_net/train/bottle/bottle_0095.npy,"(1024, 3)",False,False,PASS
datasets/lineB_downsampled_x4_up/strict_N/pu_net/train/bottle/bottle_0096.npy,"(1024, 3)",False,False,PASS
datasets/lineB_downsampled_x4_up/strict_N/pu_net/train/bottle/bottle_0097.npy,"(1024, 3)",False,False,PASS
datasets/lineB_downsampled_x4_up/strict_N/pu_net/train/bottle/bottle_0098.npy,"(1024, 3)",False,False,PASS
datasets/lineB_downsampled_x4_up/strict_N/pu_net/train/bottle/bottle_0099.npy,"(1024, 3)",False,False,PASS
datasets/lineB_downsampled_x4_up/strict_N/pu_net/train/bottle/bottle_0100.npy,"(1024, 3)",False,False,PASS
datasets/lineB_downsampled_x4_up/strict_N/pu_net/train/bottle/bottle_0101.npy,"(1024, 3)",False,False,PASS
datasets/lineB_downsampled_x4_up/strict_N/pu_net/train/bottle/bottle_0102.npy,"(1024, 3)",False,False,PASS
datasets/lineB_downsampled_x4_up/strict_N/pu_net/train/bottle/bottle_0103.npy,"(1024, 3)",False,False,PASS
datasets/lineB_downsampled_x4_up/strict_N/pu_net/train/bottle/bottle_0104.npy,"(1024, 3)",False,False,PASS
datasets/lineB_downsampled_x4_up/strict_N/pu_net/train/bottle/bottle_0105.npy,"(1024, 3)",False,False,PASS
datasets/lineB_downsampled_x4_up/strict_N/pu_net/train/bottle/bottle_0106.npy,"(1024, 3)",False,False,PASS
datasets/lineB_downsampled_x4_up/strict_N/pu_net/train/bottle/bottle_0107.npy,"(1024, 3)",False,False,PASS
datasets/lineB_downsampled_x4_up/strict_N/pu_net/train/bottle/bottle_0108.npy,"(1024, 3)",False,False,PASS
datasets/lineB_downsampled_x4_up/strict_N/pu_net/train/bottle/bottle_0109.npy,"(1024, 3)",False,False,PASS
datasets/lineB_downsampled_x4_up/strict_N/pu_net/train/bottle/bottle_0110.npy,"(1024, 3)",False,False,PASS
datasets/lineB_downsampled_x4_up/strict_N/pu_net/train/bottle/bottle_0111.npy,"(1024, 3)",False,False,PASS
datasets/lineB_downsampled_x4_up/strict_N/pu_net/train/bottle/bottle_0112.npy,"(1024, 3)",False,False,PASS
datasets/lineB_downsampled_x4_up/strict_N/pu_net/train/bottle/bottle_0113.npy,"(1024, 3)",False,False,PASS
datasets/lineB_downsampled_x4_up/strict_N/pu_net/train/bottle/bottle_0114.npy,"(1024, 3)",False,False,PASS
datasets/lineB_downsampled_x4_up/strict_N/pu_net/train/bottle/bottle_0115.npy,"(1024, 3)",False,False,PASS
datasets/lineB_downsampled_x4_up/strict_N/pu_net/train/bottle/bottle_0116.npy,"(1024, 3)",False,False,PASS
datasets/lineB_downsampled_x4_up/strict_N/pu_net/train/bottle/bottle_0117.npy,"(1024, 3)",False,False,PASS
datasets/lineB_downsampled_x4_up/strict_N/pu_net/train/bottle/bottle_0118.npy,"(1024, 3)",False,False,PASS
datasets/lineB_downsampled_x4_up/strict_N/pu_net/train/bottle/bottle_0119.npy,"(1024, 3)",False,False,PASS
datasets/lineB_downsampled_x4_up/strict_N/pu_net/train/bottle/bottle_0120.npy,"(1024, 3)",False,False,PASS
datasets/lineB_downsampled_x4_up/strict_N/pu_net/train/bottle/bottle_0121.npy,"(1024, 3)",False,False,PASS
datasets/lineB_downsampled_x4_up/strict_N/pu_net/train/bottle/bottle_0122.npy,"(1024, 3)",False,False,PASS
datasets/lineB_downsampled_x4_up/strict_N/pu_net/train/bottle/bottle_0123.npy,"(1024, 3)",False,False,PASS
datasets/lineB_downsampled_x4_up/strict_N/pu_net/train/bottle/bottle_0124.npy,"(1024, 3)",False,False,PASS
datasets/lineB_downsampled_x4_up/strict_N/pu_net/train/bottle/bottle_0125.npy,"(1024, 3)",False,False,PASS
datasets/lineB_downsampled_x4_up/strict_N/pu_net/train/bottle/bottle_0126.npy,"(1024, 3)",False,False,PASS
datasets/lineB_downsampled_x4_up/strict_N/pu_net/train/bottle/bottle_0127.npy,"(1024, 3)",False,False,PASS
datasets/lineB_downsampled_x4_up/strict_N/pu_net/train/bottle/bottle_0128.npy,"(1024, 3)",False,False,PASS
datasets/lineB_downsampled_x4_up/strict_N/pu_net/train/bottle/bottle_0129.npy,"(1024, 3)",False,False,PASS
datasets/lineB_downsampled_x4_up/strict_N/pu_net/train/bottle/bottle_0130.npy,"(1024, 3)",False,False,PASS
datasets/lineB_downsampled_x4_up/strict_N/pu_net/train/bottle/bottle_0131.npy,"(1024, 3)",False,False,PASS
datasets/lineB_downsampled_x4_up/strict_N/pu_net/train/bottle/bottle_0132.npy,"(1024, 3)",False,False,PASS
datasets/lineB_downsampled_x4_up/strict_N/pu_net/train/bottle/bottle_0133.npy,"(1024, 3)",False,False,PASS
datasets/lineB_downsampled_x4_up/strict_N/pu_net/train/bottle/bottle_0134.npy,"(1024, 3)",False,False,PASS
datasets/lineB_downsampled_x4_up/strict_N/pu_net/train/bottle/bottle_0135.npy,"(1024, 3)",False,False,PASS
datasets/lineB_downsampled_x4_up/strict_N/pu_net/train/bottle/bottle_0136.npy,"(1024, 3)",False,False,PASS
datasets/lineB_downsampled_x4_up/strict_N/pu_net/train/bottle/bottle_0137.npy,"(1024, 3)",False,False,PASS
datasets/lineB_downsampled_x4_up/strict_N/pu_net/train/bottle/bottle_0138.npy,"(1024, 3)",False,False,PASS
datasets/lineB_downsampled_x4_up/strict_N/pu_net/train/bottle/bottle_0139.npy,"(1024, 3)",False,False,PASS
datasets/lineB_downsampled_x4_up/strict_N/pu_net/train/bottle/bottle_0140.npy,"(1024, 3)",False,False,PASS
datasets/lineB_downsampled_x4_up/strict_N/pu_net/train/bottle/bottle_0141.npy,"(1024, 3)",False,False,PASS
datasets/lineB_downsampled_x4_up/strict_N/pu_net/train/bottle/bottle_0142.npy,"(1024, 3)",False,False,PASS
datasets/lineB_downsampled_x4_up/strict_N/pu_net/train/bottle/bottle_0143.npy,"(1024, 3)",False,False,PASS
datasets/lineB_downsampled_x4_up/strict_N/pu_net/train/bottle/bottle_0144.npy,"(1024, 3)",False,False,PASS
datasets/lineB_downsampled_x4_up/strict_N/pu_net/train/bottle/bottle_0145.npy,"(1024, 3)",False,False,PASS
datasets/lineB_downsampled_x4_up/strict_N/pu_net/train/bottle/bottle_0146.npy,"(1024, 3)",False,False,PASS
datasets/lineB_downsampled_x4_up/strict_N/pu_net/train/bottle/bottle_0147.npy,"(1024, 3)",False,False,PASS
datasets/lineB_downsampled_x4_up/strict_N/pu_net/train/bottle/bottle_0148.npy,"(1024, 3)",False,False,PASS
datasets/lineB_downsampled_x4_up/strict_N/pu_net/train/bottle/bottle_0149.npy,"(1024, 3)",False,False,PASS
datasets/lineB_downsampled_x4_up/strict_N/pu_net/train/bottle/bottle_0150.npy,"(1024, 3)",False,False,PASS
datasets/lineB_downsampled_x4_up/strict_N/pu_net/train/bottle/bottle_0151.npy,"(1024, 3)",False,False,PASS
datasets/lineB_downsampled_x4_up/strict_N/pu_net/train/bottle/bottle_0152.npy,"(1024, 3)",False,False,PASS
datasets/lineB_downsampled_x4_up/strict_N/pu_net/train/bottle/bottle_0153.npy,"(1024, 3)",False,False,PASS
datasets/lineB_downsampled_x4_up/strict_N/pu_net/train/bottle/bottle_0154.npy,"(1024, 3)",False,False,PASS
datasets/lineB_downsampled_x4_up/strict_N/pu_net/train/bottle/bottle_0155.npy,"(1024, 3)",False,False,PASS
datasets/lineB_downsampled_x4_up/strict_N/pu_net/train/bottle/bottle_0156.npy,"(1024, 3)",False,False,PASS
datasets/lineB_downsampled_x4_up/strict_N/pu_net/train/bottle/bottle_0157.npy,"(1024, 3)",False,False,PASS
datasets/lineB_downsampled_x4_up/strict_N/pu_net/train/bottle/bottle_0158.npy,"(1024, 3)",False,False,PASS
datasets/lineB_downsampled_x4_up/strict_N/pu_net/train/bottle/bottle_0159.npy,"(1024, 3)",False,False,PASS
datasets/lineB_downsampled_x4_up/strict_N/pu_net/train/bottle/bottle_0160.npy,"(1024, 3)",False,False,PASS
datasets/lineB_downsampled_x4_up/strict_N/pu_net/train/bottle/bottle_0161.npy,"(1024, 3)",False,False,PASS
datasets/lineB_downsampled_x4_up/strict_N/pu_net/train/bottle/bottle_0162.npy,"(1024, 3)",False,False,PASS
datasets/lineB_downsampled_x4_up/strict_N/pu_net/train/bottle/bottle_0163.npy,"(1024, 3)",False,False,PASS
datasets/lineB_downsampled_x4_up/strict_N/pu_net/train/bottle/bottle_0164.npy,"(1024, 3)",False,False,PASS
datasets/lineB_downsampled_x4_up/strict_N/pu_net/train/bottle/bottle_0165.npy,"(1024, 3)",False,False,PASS
datasets/lineB_downsampled_x4_up/strict_N/pu_net/train/bottle/bottle_0166.npy,"(1024, 3)",False,False,PASS
datasets/lineB_downsampled_x4_up/strict_N/pu_net/train/bottle/bottle_0167.npy,"(1024, 3)",False,False,PASS
datasets/lineB_downsampled_x4_up/strict_N/pu_net/train/bottle/bottle_0168.npy,"(1024, 3)",False,False,PASS
datasets/lineB_downsampled_x4_up/strict_N/pu_net/train/bottle/bottle_0169.npy,"(1024, 3)",False,False,PASS
datasets/lineB_downsampled_x4_up/strict_N/pu_net/train/bottle/bottle_0170.npy,"(1024, 3)",False,False,PASS
datasets/lineB_downsampled_x4_up/strict_N/pu_net/train/bottle/bottle_0171.npy,"(1024, 3)",False,False,PASS
datasets/lineB_downsampled_x4_up/strict_N/pu_net/train/bottle/bottle_0172.npy,"(1024, 3)",False,False,PASS
datasets/lineB_downsampled_x4_up/strict_N/pu_net/train/bottle/bottle_0173.npy,"(1024, 3)",False,False,PASS
datasets/lineB_downsampled_x4_up/strict_N/pu_net/train/bottle/bottle_0174.npy,"(1024, 3)",False,False,PASS
datasets/lineB_downsampled_x4_up/strict_N/pu_net/train/bottle/bottle_0175.npy,"(1024, 3)",False,False,PASS
datasets/lineB_downsampled_x4_up/strict_N/pu_net/train/bottle/bottle_0176.npy,"(1024, 3)",False,False,PASS
datasets/lineB_downsampled_x4_up/strict_N/pu_net/train/bottle/bottle_0177.npy,"(1024, 3)",False,False,PASS
datasets/lineB_downsampled_x4_up/strict_N/pu_net/train/bottle/bottle_0178.npy,"(1024, 3)",False,False,PASS
datasets/lineB_downsampled_x4_up/strict_N/pu_net/train/bottle/bottle_0179.npy,"(1024, 3)",False,False,PASS
datasets/lineB_downsampled_x4_up/strict_N/pu_net/train/bottle/bottle_0180.npy,"(1024, 3)",False,False,PASS
datasets/lineB_downsampled_x4_up/strict_N/pu_net/train/bottle/bottle_0181.npy,"(1024, 3)",False,False,PASS
datasets/lineB_downsampled_x4_up/strict_N/pu_net/train/bottle/bottle_0182.npy,"(1024, 3)",False,False,PASS
datasets/lineB_downsampled_x4_up/strict_N/pu_net/train/bottle/bottle_0183.npy,"(1024, 3)",False,False,PASS
datasets/lineB_downsampled_x4_up/strict_N/pu_net/train/bottle/bottle_0184.npy,"(1024, 3)",False,False,PASS
datasets/lineB_downsampled_x4_up/strict_N/pu_net/train/bottle/bottle_0185.npy,"(1024, 3)",False,False,PASS
datasets/lineB_downsampled_x4_up/strict_N/pu_net/train/bottle/bottle_0186.npy,"(1024, 3)",False,False,PASS
datasets/lineB_downsampled_x4_up/strict_N/pu_net/train/bottle/bottle_0187.npy,"(1024, 3)",False,False,PASS
datasets/lineB_downsampled_x4_up/strict_N/pu_net/train/bottle/bottle_0188.npy,"(1024, 3)",False,False,PASS
datasets/lineB_downsampled_x4_up/strict_N/pu_net/train/bottle/bottle_0189.npy,"(1024, 3)",False,False,PASS
datasets/lineB_downsampled_x4_up/strict_N/pu_net/train/bottle/bottle_0190.npy,"(1024, 3)",False,False,PASS
datasets/lineB_downsampled_x4_up/strict_N/pu_net/train/bottle/bottle_0191.npy,"(1024, 3)",False,False,PASS
datasets/lineB_downsampled_x4_up/strict_N/pu_net/train/bottle/bottle_0192.npy,"(1024, 3)",False,False,PASS
datasets/lineB_downsampled_x4_up/strict_N/pu_net/train/bottle/bottle_0193.npy,"(1024, 3)",False,False,PASS
datasets/lineB_downsampled_x4_up/strict_N/pu_net/train/bottle/bottle_0194.npy,"(1024, 3)",False,False,PASS
datasets/lineB_downsampled_x4_up/strict_N/pu_net/train/bottle/bottle_0195.npy,"(1024, 3)",False,False,PASS
datasets/lineB_downsampled_x4_up/strict_N/pu_net/train/bottle/bottle_0196.npy,"(1024, 3)",False,False,PASS
datasets/lineB_downsampled_x4_up/strict_N/pu_net/train/bottle/bottle_0197.npy,"(1024, 3)",False,False,PASS
datasets/lineB_downsampled_x4_up/strict_N/pu_net/train/bottle/bottle_0198.npy,"(1024, 3)",False,False,PASS
datasets/lineB_downsampled_x4_up/strict_N/pu_net/train/bottle/bottle_0199.npy,"(1024, 3)",False,False,PASS
datasets/lineB_downsampled_x4_up/strict_N/pu_net/train/bottle/bottle_0200.npy,"(1024, 3)",False,False,PASS
datasets/lineB_downsampled_x4_up/strict_N/pu_net/train/bottle/bottle_0201.npy,"(1024, 3)",False,False,PASS
datasets/lineB_downsampled_x4_up/strict_N/pu_net/train/bottle/bottle_0202.npy,"(1024, 3)",False,False,PASS
datasets/lineB_downsampled_x4_up/strict_N/pu_net/train/bottle/bottle_0203.npy,"(1024, 3)",False,False,PASS
datasets/lineB_downsampled_x4_up/strict_N/pu_net/train/bottle/bottle_0204.npy,"(1024, 3)",False,False,PASS
datasets/lineB_downsampled_x4_up/strict_N/pu_net/train/bottle/bottle_0205.npy,"(1024, 3)",False,False,PASS
datasets/lineB_downsampled_x4_up/strict_N/pu_net/train/bottle/bottle_0206.npy,"(1024, 3)",False,False,PASS
datasets/lineB_downsampled_x4_up/strict_N/pu_net/train/bottle/bottle_0207.npy,"(1024, 3)",False,False,PASS
datasets/lineB_downsampled_x4_up/strict_N/pu_net/train/bottle/bottle_0208.npy,"(1024, 3)",False,False,PASS
datasets/lineB_downsampled_x4_up/strict_N/pu_net/train/bottle/bottle_0209.npy,"(1024, 3)",False,False,PASS
datasets/lineB_downsampled_x4_up/strict_N/pu_net/train/bottle/bottle_0210.npy,"(1024, 3)",False,False,PASS
datasets/lineB_downsampled_x4_up/strict_N/pu_net/train/bottle/bottle_0211.npy,"(1024, 3)",False,False,PASS
datasets/lineB_downsampled_x4_up/strict_N/pu_net/train/bottle/bottle_0212.npy,"(1024, 3)",False,False,PASS
datasets/lineB_downsampled_x4_up/strict_N/pu_net/train/bottle/bottle_0213.npy,"(1024, 3)",False,False,PASS
datasets/lineB_downsampled_x4_up/strict_N/pu_net/train/bottle/bottle_0214.npy,"(1024, 3)",False,False,PASS
datasets/lineB_downsampled_x4_up/strict_N/pu_net/train/bottle/bottle_0215.npy,"(1024, 3)",False,False,PASS
datasets/lineB_downsampled_x4_up/strict_N/pu_net/train/bottle/bottle_0216.npy,"(1024, 3)",False,False,PASS
datasets/lineB_downsampled_x4_up/strict_N/pu_net/train/bottle/bottle_0217.npy,"(1024, 3)",False,False,PASS
datasets/lineB_downsampled_x4_up/strict_N/pu_net/train/bottle/bottle_0218.npy,"(1024, 3)",False,False,PASS
datasets/lineB_downsampled_x4_up/strict_N/pu_net/train/bottle/bottle_0219.npy,"(1024, 3)",False,False,PASS
datasets/lineB_downsampled_x4_up/strict_N/pu_net/train/bottle/bottle_0220.npy,"(1024, 3)",False,False,PASS
datasets/lineB_downsampled_x4_up/strict_N/pu_net/train/bottle/bottle_0221.npy,"(1024, 3)",False,False,PASS
datasets/lineB_downsampled_x4_up/strict_N/pu_net/train/bottle/bottle_0222.npy,"(1024, 3)",False,False,PASS
datasets/lineB_downsampled_x4_up/strict_N/pu_net/train/bottle/bottle_0223.npy,"(1024, 3)",False,False,PASS
datasets/lineB_downsampled_x4_up/strict_N/pu_net/train/bottle/bottle_0224.npy,"(1024, 3)",False,False,PASS
datasets/lineB_downsampled_x4_up/strict_N/pu_net/train/bottle/bottle_0225.npy,"(1024, 3)",False,False,PASS
datasets/lineB_downsampled_x4_up/strict_N/pu_net/train/bottle/bottle_0226.npy,"(1024, 3)",False,False,PASS
datasets/lineB_downsampled_x4_up/strict_N/pu_net/train/bottle/bottle_0227.npy,"(1024, 3)",False,False,PASS
datasets/lineB_downsampled_x4_up/strict_N/pu_net/train/bottle/bottle_0228.npy,"(1024, 3)",False,False,PASS
datasets/lineB_downsampled_x4_up/strict_N/pu_net/train/bottle/bottle_0229.npy,"(1024, 3)",False,False,PASS
datasets/lineB_downsampled_x4_up/strict_N/pu_net/train/bottle/bottle_0230.npy,"(1024, 3)",False,False,PASS
datasets/lineB_downsampled_x4_up/strict_N/pu_net/train/bottle/bottle_0231.npy,"(1024, 3)",False,False,PASS
datasets/lineB_downsampled_x4_up/strict_N/pu_net/train/bottle/bottle_0232.npy,"(1024, 3)",False,False,PASS
datasets/lineB_downsampled_x4_up/strict_N/pu_net/train/bottle/bottle_0233.npy,"(1024, 3)",False,False,PASS
datasets/lineB_downsampled_x4_up/strict_N/pu_net/train/bottle/bottle_0234.npy,"(1024, 3)",False,False,PASS
datasets/lineB_downsampled_x4_up/strict_N/pu_net/train/bottle/bottle_0235.npy,"(1024, 3)",False,False,PASS
datasets/lineB_downsampled_x4_up/strict_N/pu_net/train/bottle/bottle_0236.npy,"(1024, 3)",False,False,PASS
datasets/lineB_downsampled_x4_up/strict_N/pu_net/train/bottle/bottle_0237.npy,"(1024, 3)",False,False,PASS
datasets/lineB_downsampled_x4_up/strict_N/pu_net/train/bottle/bottle_0238.npy,"(1024, 3)",False,False,PASS
datasets/lineB_downsampled_x4_up/strict_N/pu_net/train/bottle/bottle_0239.npy,"(1024, 3)",False,False,PASS
datasets/lineB_downsampled_x4_up/strict_N/pu_net/train/bottle/bottle_0240.npy,"(1024, 3)",False,False,PASS
datasets/lineB_downsampled_x4_up/strict_N/pu_net/train/bottle/bottle_0241.npy,"(1024, 3)",False,False,PASS
datasets/lineB_downsampled_x4_up/strict_N/pu_net/train/bottle/bottle_0242.npy,"(1024, 3)",False,False,PASS
datasets/lineB_downsampled_x4_up/strict_N/pu_net/train/bottle/bottle_0243.npy,"(1024, 3)",False,False,PASS
datasets/lineB_downsampled_x4_up/strict_N/pu_net/train/bottle/bottle_0244.npy,"(1024, 3)",False,False,PASS
datasets/lineB_downsampled_x4_up/strict_N/pu_net/train/bottle/bottle_0245.npy,"(1024, 3)",False,False,PASS
datasets/lineB_downsampled_x4_up/strict_N/pu_net/train/bottle/bottle_0246.npy,"(1024, 3)",False,False,PASS
datasets/lineB_downsampled_x4_up/strict_N/pu_net/train/bottle/bottle_0247.npy,"(1024, 3)",False,False,PASS
datasets/lineB_downsampled_x4_up/strict_N/pu_net/train/bottle/bottle_0248.npy,"(1024, 3)",False,False,PASS
datasets/lineB_downsampled_x4_up/strict_N/pu_net/train/bottle/bottle_0249.npy,"(1024, 3)",False,False,PASS
datasets/lineB_downsampled_x4_up/strict_N/pu_net/train/bottle/bottle_0250.npy,"(1024, 3)",False,False,PASS
datasets/lineB_downsampled_x4_up/strict_N/pu_net/train/bottle/bottle_0251.npy,"(1024, 3)",False,False,PASS
datasets/lineB_downsampled_x4_up/strict_N/pu_net/train/bottle/bottle_0252.npy,"(1024, 3)",False,False,PASS
datasets/lineB_downsampled_x4_up/strict_N/pu_net/train/bottle/bottle_0253.npy,"(1024, 3)",False,False,PASS
datasets/lineB_downsampled_x4_up/strict_N/pu_net/train/bottle/bottle_0254.npy,"(1024, 3)",False,False,PASS
datasets/lineB_downsampled_x4_up/strict_N/pu_net/train/bottle/bottle_0255.npy,"(1024, 3)",False,False,PASS
datasets/lineB_downsampled_x4_up/strict_N/pu_net/train/bottle/bottle_0256.npy,"(1024, 3)",False,False,PASS
datasets/lineB_downsampled_x4_up/strict_N/pu_net/train/bottle/bottle_0257.npy,"(1024, 3)",False,False,PASS
datasets/lineB_downsampled_x4_up/strict_N/pu_net/train/bottle/bottle_0258.npy,"(1024, 3)",False,False,PASS
datasets/lineB_downsampled_x4_up/strict_N/pu_net/train/bottle/bottle_0259.npy,"(1024, 3)",False,False,PASS
datasets/lineB_downsampled_x4_up/strict_N/pu_net/train/bottle/bottle_0260.npy,"(1024, 3)",False,False,PASS
datasets/lineB_downsampled_x4_up/strict_N/pu_net/train/bottle/bottle_0261.npy,"(1024, 3)",False,False,PASS
datasets/lineB_downsampled_x4_up/strict_N/pu_net/train/bottle/bottle_0262.npy,"(1024, 3)",False,False,PASS
datasets/lineB_downsampled_x4_up/strict_N/pu_net/train/bottle/bottle_0263.npy,"(1024, 3)",False,False,PASS
datasets/lineB_downsampled_x4_up/strict_N/pu_net/train/bottle/bottle_0264.npy,"(1024, 3)",False,False,PASS
datasets/lineB_downsampled_x4_up/strict_N/pu_net/train/bottle/bottle_0265.npy,"(1024, 3)",False,False,PASS
datasets/lineB_downsampled_x4_up/strict_N/pu_net/train/bottle/bottle_0266.npy,"(1024, 3)",False,False,PASS
datasets/lineB_downsampled_x4_up/strict_N/pu_net/train/bottle/bottle_0267.npy,"(1024, 3)",False,False,PASS
datasets/lineB_downsampled_x4_up/strict_N/pu_net/train/bottle/bottle_0268.npy,"(1024, 3)",False,False,PASS
datasets/lineB_downsampled_x4_up/strict_N/pu_net/train/bottle/bottle_0269.npy,"(1024, 3)",False,False,PASS
datasets/lineB_downsampled_x4_up/strict_N/pu_net/train/bottle/bottle_0270.npy,"(1024, 3)",False,False,PASS
datasets/lineB_downsampled_x4_up/strict_N/pu_net/train/bottle/bottle_0271.npy,"(1024, 3)",False,False,PASS
datasets/lineB_downsampled_x4_up/strict_N/pu_net/train/bottle/bottle_0272.npy,"(1024, 3)",False,False,PASS
datasets/lineB_downsampled_x4_up/strict_N/pu_net/train/bottle/bottle_0273.npy,"(1024, 3)",False,False,PASS
datasets/lineB_downsampled_x4_up/strict_N/pu_net/train/bottle/bottle_0274.npy,"(1024, 3)",False,False,PASS
datasets/lineB_downsampled_x4_up/strict_N/pu_net/train/bottle/bottle_0275.npy,"(1024, 3)",False,False,PASS
datasets/lineB_downsampled_x4_up/strict_N/pu_net/train/bottle/bottle_0276.npy,"(1024, 3)",False,False,PASS
datasets/lineB_downsampled_x4_up/strict_N/pu_net/train/bottle/bottle_0277.npy,"(1024, 3)",False,False,PASS
datasets/lineB_downsampled_x4_up/strict_N/pu_net/train/bottle/bottle_0278.npy,"(1024, 3)",False,False,PASS
datasets/lineB_downsampled_x4_up/strict_N/pu_net/train/bottle/bottle_0279.npy,"(1024, 3)",False,False,PASS
datasets/lineB_downsampled_x4_up/strict_N/pu_net/train/bottle/bottle_0280.npy,"(1024, 3)",False,False,PASS
datasets/lineB_downsampled_x4_up/strict_N/pu_net/train/bottle/bottle_0281.npy,"(1024, 3)",False,False,PASS
datasets/lineB_downsampled_x4_up/strict_N/pu_net/train/bottle/bottle_0282.npy,"(1024, 3)",False,False,PASS
datasets/lineB_downsampled_x4_up/strict_N/pu_net/train/bottle/bottle_0283.npy,"(1024, 3)",False,False,PASS
datasets/lineB_downsampled_x4_up/strict_N/pu_net/train/bottle/bottle_0284.npy,"(1024, 3)",False,False,PASS
datasets/lineB_downsampled_x4_up/strict_N/pu_net/train/bottle/bottle_0285.npy,"(1024, 3)",False,False,PASS
datasets/lineB_downsampled_x4_up/strict_N/pu_net/train/bottle/bottle_0286.npy,"(1024, 3)",False,False,PASS
datasets/lineB_downsampled_x4_up/strict_N/pu_net/train/bottle/bottle_0287.npy,"(1024, 3)",False,False,PASS
datasets/lineB_downsampled_x4_up/strict_N/pu_net/train/bottle/bottle_0288.npy,"(1024, 3)",False,False,PASS
datasets/lineB_downsampled_x4_up/strict_N/pu_net/train/bottle/bottle_0289.npy,"(1024, 3)",False,False,PASS
datasets/lineB_downsampled_x4_up/strict_N/pu_net/train/bottle/bottle_0290.npy,"(1024, 3)",False,False,PASS
datasets/lineB_downsampled_x4_up/strict_N/pu_net/train/bottle/bottle_0291.npy,"(1024, 3)",False,False,PASS
datasets/lineB_downsampled_x4_up/strict_N/pu_net/train/bottle/bottle_0292.npy,"(1024, 3)",False,False,PASS
datasets/lineB_downsampled_x4_up/strict_N/pu_net/train/bottle/bottle_0293.npy,"(1024, 3)",False,False,PASS
datasets/lineB_downsampled_x4_up/strict_N/pu_net/train/bottle/bottle_0294.npy,"(1024, 3)",False,False,PASS
datasets/lineB_downsampled_x4_up/strict_N/pu_net/train/bottle/bottle_0295.npy,"(1024, 3)",False,False,PASS
datasets/lineB_downsampled_x4_up/strict_N/pu_net/train/bottle/bottle_0296.npy,"(1024, 3)",False,False,PASS
datasets/lineB_downsampled_x4_up/strict_N/pu_net/train/bottle/bottle_0297.npy,"(1024, 3)",False,False,PASS
datasets/lineB_downsampled_x4_up/strict_N/pu_net/train/bottle/bottle_0298.npy,"(1024, 3)",False,False,PASS
datasets/lineB_downsampled_x4_up/strict_N/pu_net/train/bottle/bottle_0299.npy,"(1024, 3)",False,False,PASS
datasets/lineB_downsampled_x4_up/strict_N/pu_net/train/bottle/bottle_0300.npy,"(1024, 3)",False,False,PASS
datasets/lineB_downsampled_x4_up/strict_N/pu_net/train/bottle/bottle_0301.npy,"(1024, 3)",False,False,PASS
datasets/lineB_downsampled_x4_up/strict_N/pu_net/train/bottle/bottle_0302.npy,"(1024, 3)",False,False,PASS
datasets/lineB_downsampled_x4_up/strict_N/pu_net/train/bottle/bottle_0303.npy,"(1024, 3)",False,False,PASS
datasets/lineB_downsampled_x4_up/strict_N/pu_net/train/bottle/bottle_0304.npy,"(1024, 3)",False,False,PASS
datasets/lineB_downsampled_x4_up/strict_N/pu_net/train/bottle/bottle_0305.npy,"(1024, 3)",False,False,PASS
datasets/lineB_downsampled_x4_up/strict_N/pu_net/train/bottle/bottle_0306.npy,"(1024, 3)",False,False,PASS
datasets/lineB_downsampled_x4_up/strict_N/pu_net/train/bottle/bottle_0307.npy,"(1024, 3)",False,False,PASS
datasets/lineB_downsampled_x4_up/strict_N/pu_net/train/bottle/bottle_0308.npy,"(1024, 3)",False,False,PASS
datasets/lineB_downsampled_x4_up/strict_N/pu_net/train/bottle/bottle_0309.npy,"(1024, 3)",False,False,PASS
datasets/lineB_downsampled_x4_up/strict_N/pu_net/train/bottle/bottle_0310.npy,"(1024, 3)",False,False,PASS
datasets/lineB_downsampled_x4_up/strict_N/pu_net/train/bottle/bottle_0311.npy,"(1024, 3)",False,False,PASS
datasets/lineB_downsampled_x4_up/strict_N/pu_net/train/bottle/bottle_0312.npy,"(1024, 3)",False,False,PASS
datasets/lineB_downsampled_x4_up/strict_N/pu_net/train/bottle/bottle_0313.npy,"(1024, 3)",False,False,PASS
datasets/lineB_downsampled_x4_up/strict_N/pu_net/train/bottle/bottle_0314.npy,"(1024, 3)",False,False,PASS
datasets/lineB_downsampled_x4_up/strict_N/pu_net/train/bottle/bottle_0315.npy,"(1024, 3)",False,False,PASS
datasets/lineB_downsampled_x4_up/strict_N/pu_net/train/bottle/bottle_0316.npy,"(1024, 3)",False,False,PASS
datasets/lineB_downsampled_x4_up/strict_N/pu_net/train/bottle/bottle_0317.npy,"(1024, 3)",False,False,PASS
datasets/lineB_downsampled_x4_up/strict_N/pu_net/train/bottle/bottle_0318.npy,"(1024, 3)",False,False,PASS
datasets/lineB_downsampled_x4_up/strict_N/pu_net/train/bottle/bottle_0319.npy,"(1024, 3)",False,False,PASS
datasets/lineB_downsampled_x4_up/strict_N/pu_net/train/bottle/bottle_0320.npy,"(1024, 3)",False,False,PASS
datasets/lineB_downsampled_x4_up/strict_N/pu_net/train/bottle/bottle_0321.npy,"(1024, 3)",False,False,PASS
datasets/lineB_downsampled_x4_up/strict_N/pu_net/train/bottle/bottle_0322.npy,"(1024, 3)",False,False,PASS
datasets/lineB_downsampled_x4_up/strict_N/pu_net/train/bottle/bottle_0323.npy,"(1024, 3)",False,False,PASS
datasets/lineB_downsampled_x4_up/strict_N/pu_net/train/bottle/bottle_0324.npy,"(1024, 3)",False,False,PASS
datasets/lineB_downsampled_x4_up/strict_N/pu_net/train/bottle/bottle_0325.npy,"(1024, 3)",False,False,PASS
datasets/lineB_downsampled_x4_up/strict_N/pu_net/train/bottle/bottle_0326.npy,"(1024, 3)",False,False,PASS
datasets/lineB_downsampled_x4_up/strict_N/pu_net/train/bottle/bottle_0327.npy,"(1024, 3)",False,False,PASS
datasets/lineB_downsampled_x4_up/strict_N/pu_net/train/bottle/bottle_0328.npy,"(1024, 3)",False,False,PASS
datasets/lineB_downsampled_x4_up/strict_N/pu_net/train/bottle/bottle_0329.npy,"(1024, 3)",False,False,PASS
datasets/lineB_downsampled_x4_up/strict_N/pu_net/train/bottle/bottle_0330.npy,"(1024, 3)",False,False,PASS
datasets/lineB_downsampled_x4_up/strict_N/pu_net/train/bottle/bottle_0331.npy,"(1024, 3)",False,False,PASS
datasets/lineB_downsampled_x4_up/strict_N/pu_net/train/bottle/bottle_0332.npy,"(1024, 3)",False,False,PASS
datasets/lineB_downsampled_x4_up/strict_N/pu_net/train/bottle/bottle_0333.npy,"(1024, 3)",False,False,PASS
datasets/lineB_downsampled_x4_up/strict_N/pu_net/train/bottle/bottle_0334.npy,"(1024, 3)",False,False,PASS
datasets/lineB_downsampled_x4_up/strict_N/pu_net/train/bottle/bottle_0335.npy,"(1024, 3)",False,False,PASS
datasets/lineB_downsampled_x4_up/strict_N/pu_net/train/bowl/bowl_0001.npy,"(1024, 3)",False,False,PASS
datasets/lineB_downsampled_x4_up/strict_N/pu_net/train/bowl/bowl_0002.npy,"(1024, 3)",False,False,PASS
datasets/lineB_downsampled_x4_up/strict_N/pu_net/train/bowl/bowl_0003.npy,"(1024, 3)",False,False,PASS
datasets/lineB_downsampled_x4_up/strict_N/pu_net/train/bowl/bowl_0004.npy,"(1024, 3)",False,False,PASS
datasets/lineB_downsampled_x4_up/strict_N/pu_net/train/bowl/bowl_0005.npy,"(1024, 3)",False,False,PASS
datasets/lineB_downsampled_x4_up/strict_N/pu_net/train/bowl/bowl_0006.npy,"(1024, 3)",False,False,PASS
datasets/lineB_downsampled_x4_up/strict_N/pu_net/train/bowl/bowl_0007.npy,"(1024, 3)",False,False,PASS
datasets/lineB_downsampled_x4_up/strict_N/pu_net/train/bowl/bowl_0008.npy,"(1024, 3)",False,False,PASS
datasets/lineB_downsampled_x4_up/strict_N/pu_net/train/bowl/bowl_0009.npy,"(1024, 3)",False,False,PASS
datasets/lineB_downsampled_x4_up/strict_N/pu_net/train/bowl/bowl_0010.npy,"(1024, 3)",False,False,PASS
datasets/lineB_downsampled_x4_up/strict_N/pu_net/train/bowl/bowl_0011.npy,"(1024, 3)",False,False,PASS
datasets/lineB_downsampled_x4_up/strict_N/pu_net/train/bowl/bowl_0012.npy,"(1024, 3)",False,False,PASS
datasets/lineB_downsampled_x4_up/strict_N/pu_net/train/bowl/bowl_0013.npy,"(1024, 3)",False,False,PASS
datasets/lineB_downsampled_x4_up/strict_N/pu_net/train/bowl/bowl_0014.npy,"(1024, 3)",False,False,PASS
datasets/lineB_downsampled_x4_up/strict_N/pu_net/train/bowl/bowl_0015.npy,"(1024, 3)",False,False,PASS
datasets/lineB_downsampled_x4_up/strict_N/pu_net/train/bowl/bowl_0016.npy,"(1024, 3)",False,False,PASS
datasets/lineB_downsampled_x4_up/strict_N/pu_net/train/bowl/bowl_0017.npy,"(1024, 3)",False,False,PASS
datasets/lineB_downsampled_x4_up/strict_N/pu_net/train/bowl/bowl_0018.npy,"(1024, 3)",False,False,PASS
datasets/lineB_downsampled_x4_up/strict_N/pu_net/train/bowl/bowl_0019.npy,"(1024, 3)",False,False,PASS
datasets/lineB_downsampled_x4_up/strict_N/pu_net/train/bowl/bowl_0020.npy,"(1024, 3)",False,False,PASS
datasets/lineB_downsampled_x4_up/strict_N/pu_net/train/bowl/bowl_0021.npy,"(1024, 3)",False,False,PASS
datasets/lineB_downsampled_x4_up/strict_N/pu_net/train/bowl/bowl_0022.npy,"(1024, 3)",False,False,PASS
datasets/lineB_downsampled_x4_up/strict_N/pu_net/train/bowl/bowl_0023.npy,"(1024, 3)",False,False,PASS
datasets/lineB_downsampled_x4_up/strict_N/pu_net/train/bowl/bowl_0024.npy,"(1024, 3)",False,False,PASS
datasets/lineB_downsampled_x4_up/strict_N/pu_net/train/bowl/bowl_0025.npy,"(1024, 3)",False,False,PASS
datasets/lineB_downsampled_x4_up/strict_N/pu_net/train/bowl/bowl_0026.npy,"(1024, 3)",False,False,PASS
datasets/lineB_downsampled_x4_up/strict_N/pu_net/train/bowl/bowl_0027.npy,"(1024, 3)",False,False,PASS
datasets/lineB_downsampled_x4_up/strict_N/pu_net/train/bowl/bowl_0028.npy,"(1024, 3)",False,False,PASS
datasets/lineB_downsampled_x4_up/strict_N/pu_net/train/bowl/bowl_0029.npy,"(1024, 3)",False,False,PASS
datasets/lineB_downsampled_x4_up/strict_N/pu_net/train/bowl/bowl_0030.npy,"(1024, 3)",False,False,PASS
datasets/lineB_downsampled_x4_up/strict_N/pu_net/train/bowl/bowl_0031.npy,"(1024, 3)",False,False,PASS
datasets/lineB_downsampled_x4_up/strict_N/pu_net/train/bowl/bowl_0032.npy,"(1024, 3)",False,False,PASS
datasets/lineB_downsampled_x4_up/strict_N/pu_net/train/bowl/bowl_0033.npy,"(1024, 3)",False,False,PASS
datasets/lineB_downsampled_x4_up/strict_N/pu_net/train/bowl/bowl_0034.npy,"(1024, 3)",False,False,PASS
datasets/lineB_downsampled_x4_up/strict_N/pu_net/train/bowl/bowl_0035.npy,"(1024, 3)",False,False,PASS
datasets/lineB_downsampled_x4_up/strict_N/pu_net/train/bowl/bowl_0036.npy,"(1024, 3)",False,False,PASS
datasets/lineB_downsampled_x4_up/strict_N/pu_net/train/bowl/bowl_0037.npy,"(1024, 3)",False,False,PASS
datasets/lineB_downsampled_x4_up/strict_N/pu_net/train/bowl/bowl_0038.npy,"(1024, 3)",False,False,PASS
datasets/lineB_downsampled_x4_up/strict_N/pu_net/train/bowl/bowl_0039.npy,"(1024, 3)",False,False,PASS
datasets/lineB_downsampled_x4_up/strict_N/pu_net/train/bowl/bowl_0040.npy,"(1024, 3)",False,False,PASS
datasets/lineB_downsampled_x4_up/strict_N/pu_net/train/bowl/bowl_0041.npy,"(1024, 3)",False,False,PASS
datasets/lineB_downsampled_x4_up/strict_N/pu_net/train/bowl/bowl_0042.npy,"(1024, 3)",False,False,PASS
datasets/lineB_downsampled_x4_up/strict_N/pu_net/train/bowl/bowl_0043.npy,"(1024, 3)",False,False,PASS
datasets/lineB_downsampled_x4_up/strict_N/pu_net/train/bowl/bowl_0044.npy,"(1024, 3)",False,False,PASS
datasets/lineB_downsampled_x4_up/strict_N/pu_net/train/bowl/bowl_0045.npy,"(1024, 3)",False,False,PASS
datasets/lineB_downsampled_x4_up/strict_N/pu_net/train/bowl/bowl_0046.npy,"(1024, 3)",False,False,PASS
datasets/lineB_downsampled_x4_up/strict_N/pu_net/train/bowl/bowl_0047.npy,"(1024, 3)",False,False,PASS
datasets/lineB_downsampled_x4_up/strict_N/pu_net/train/bowl/bowl_0048.npy,"(1024, 3)",False,False,PASS
datasets/lineB_downsampled_x4_up/strict_N/pu_net/train/bowl/bowl_0049.npy,"(1024, 3)",False,False,PASS
datasets/lineB_downsampled_x4_up/strict_N/pu_net/train/bowl/bowl_0050.npy,"(1024, 3)",False,False,PASS
datasets/lineB_downsampled_x4_up/strict_N/pu_net/train/bowl/bowl_0051.npy,"(1024, 3)",False,False,PASS
datasets/lineB_downsampled_x4_up/strict_N/pu_net/train/bowl/bowl_0052.npy,"(1024, 3)",False,False,PASS
datasets/lineB_downsampled_x4_up/strict_N/pu_net/train/bowl/bowl_0053.npy,"(1024, 3)",False,False,PASS
datasets/lineB_downsampled_x4_up/strict_N/pu_net/train/bowl/bowl_0054.npy,"(1024, 3)",False,False,PASS
datasets/lineB_downsampled_x4_up/strict_N/pu_net/train/bowl/bowl_0055.npy,"(1024, 3)",False,False,PASS
datasets/lineB_downsampled_x4_up/strict_N/pu_net/train/bowl/bowl_0056.npy,"(1024, 3)",False,False,PASS
datasets/lineB_downsampled_x4_up/strict_N/pu_net/train/bowl/bowl_0057.npy,"(1024, 3)",False,False,PASS
datasets/lineB_downsampled_x4_up/strict_N/pu_net/train/bowl/bowl_0058.npy,"(1024, 3)",False,False,PASS
datasets/lineB_downsampled_x4_up/strict_N/pu_net/train/bowl/bowl_0059.npy,"(1024, 3)",False,False,PASS
datasets/lineB_downsampled_x4_up/strict_N/pu_net/train/bowl/bowl_0060.npy,"(1024, 3)",False,False,PASS
datasets/lineB_downsampled_x4_up/strict_N/pu_net/train/bowl/bowl_0061.npy,"(1024, 3)",False,False,PASS
datasets/lineB_downsampled_x4_up/strict_N/pu_net/train/bowl/bowl_0062.npy,"(1024, 3)",False,False,PASS
datasets/lineB_downsampled_x4_up/strict_N/pu_net/train/bowl/bowl_0063.npy,"(1024, 3)",False,False,PASS
datasets/lineB_downsampled_x4_up/strict_N/pu_net/train/bowl/bowl_0064.npy,"(1024, 3)",False,False,PASS
datasets/lineB_downsampled_x4_up/strict_N/pu_net/train/car/car_0001.npy,"(1024, 3)",False,False,PASS
datasets/lineB_downsampled_x4_up/strict_N/pu_net/train/car/car_0002.npy,"(1024, 3)",False,False,PASS
datasets/lineB_downsampled_x4_up/strict_N/pu_net/train/car/car_0003.npy,"(1024, 3)",False,False,PASS
datasets/lineB_downsampled_x4_up/strict_N/pu_net/train/car/car_0004.npy,"(1024, 3)",False,False,PASS
datasets/lineB_downsampled_x4_up/strict_N/pu_net/train/car/car_0005.npy,"(1024, 3)",False,False,PASS
datasets/lineB_downsampled_x4_up/strict_N/pu_net/train/car/car_0006.npy,"(1024, 3)",False,False,PASS
datasets/lineB_downsampled_x4_up/strict_N/pu_net/train/car/car_0007.npy,"(1024, 3)",False,False,PASS
datasets/lineB_downsampled_x4_up/strict_N/pu_net/train/car/car_0008.npy,"(1024, 3)",False,False,PASS
datasets/lineB_downsampled_x4_up/strict_N/pu_net/train/car/car_0009.npy,"(1024, 3)",False,False,PASS
datasets/lineB_downsampled_x4_up/strict_N/pu_net/train/car/car_0010.npy,"(1024, 3)",False,False,PASS
datasets/lineB_downsampled_x4_up/strict_N/pu_net/train/car/car_0011.npy,"(1024, 3)",False,False,PASS
datasets/lineB_downsampled_x4_up/strict_N/pu_net/train/car/car_0012.npy,"(1024, 3)",False,False,PASS
datasets/lineB_downsampled_x4_up/strict_N/pu_net/train/car/car_0013.npy,"(1024, 3)",False,False,PASS
datasets/lineB_downsampled_x4_up/strict_N/pu_net/train/car/car_0014.npy,"(1024, 3)",False,False,PASS
datasets/lineB_downsampled_x4_up/strict_N/pu_net/train/car/car_0015.npy,"(1024, 3)",False,False,PASS
datasets/lineB_downsampled_x4_up/strict_N/pu_net/train/car/car_0016.npy,"(1024, 3)",False,False,PASS
datasets/lineB_downsampled_x4_up/strict_N/pu_net/train/car/car_0017.npy,"(1024, 3)",False,False,PASS
datasets/lineB_downsampled_x4_up/strict_N/pu_net/train/car/car_0018.npy,"(1024, 3)",False,False,PASS
datasets/lineB_downsampled_x4_up/strict_N/pu_net/train/car/car_0019.npy,"(1024, 3)",False,False,PASS
datasets/lineB_downsampled_x4_up/strict_N/pu_net/train/car/car_0020.npy,"(1024, 3)",False,False,PASS
datasets/lineB_downsampled_x4_up/strict_N/pu_net/train/car/car_0021.npy,"(1024, 3)",False,False,PASS
datasets/lineB_downsampled_x4_up/strict_N/pu_net/train/car/car_0022.npy,"(1024, 3)",False,False,PASS
datasets/lineB_downsampled_x4_up/strict_N/pu_net/train/car/car_0023.npy,"(1024, 3)",False,False,PASS
datasets/lineB_downsampled_x4_up/strict_N/pu_net/train/car/car_0024.npy,"(1024, 3)",False,False,PASS
datasets/lineB_downsampled_x4_up/strict_N/pu_net/train/car/car_0025.npy,"(1024, 3)",False,False,PASS
datasets/lineB_downsampled_x4_up/strict_N/pu_net/train/car/car_0026.npy,"(1024, 3)",False,False,PASS
datasets/lineB_downsampled_x4_up/strict_N/pu_net/train/car/car_0027.npy,"(1024, 3)",False,False,PASS
datasets/lineB_downsampled_x4_up/strict_N/pu_net/train/car/car_0028.npy,"(1024, 3)",False,False,PASS
datasets/lineB_downsampled_x4_up/strict_N/pu_net/train/car/car_0029.npy,"(1024, 3)",False,False,PASS
datasets/lineB_downsampled_x4_up/strict_N/pu_net/train/car/car_0030.npy,"(1024, 3)",False,False,PASS
datasets/lineB_downsampled_x4_up/strict_N/pu_net/train/car/car_0031.npy,"(1024, 3)",False,False,PASS
datasets/lineB_downsampled_x4_up/strict_N/pu_net/train/car/car_0032.npy,"(1024, 3)",False,False,PASS
datasets/lineB_downsampled_x4_up/strict_N/pu_net/train/car/car_0033.npy,"(1024, 3)",False,False,PASS
datasets/lineB_downsampled_x4_up/strict_N/pu_net/train/car/car_0034.npy,"(1024, 3)",False,False,PASS
datasets/lineB_downsampled_x4_up/strict_N/pu_net/train/car/car_0035.npy,"(1024, 3)",False,False,PASS
datasets/lineB_downsampled_x4_up/strict_N/pu_net/train/car/car_0036.npy,"(1024, 3)",False,False,PASS
datasets/lineB_downsampled_x4_up/strict_N/pu_net/train/car/car_0037.npy,"(1024, 3)",False,False,PASS
datasets/lineB_downsampled_x4_up/strict_N/pu_net/train/car/car_0038.npy,"(1024, 3)",False,False,PASS
datasets/lineB_downsampled_x4_up/strict_N/pu_net/train/car/car_0039.npy,"(1024, 3)",False,False,PASS
datasets/lineB_downsampled_x4_up/strict_N/pu_net/train/car/car_0040.npy,"(1024, 3)",False,False,PASS
datasets/lineB_downsampled_x4_up/strict_N/pu_net/train/car/car_0041.npy,"(1024, 3)",False,False,PASS
datasets/lineB_downsampled_x4_up/strict_N/pu_net/train/car/car_0042.npy,"(1024, 3)",False,False,PASS
datasets/lineB_downsampled_x4_up/strict_N/pu_net/train/car/car_0043.npy,"(1024, 3)",False,False,PASS
datasets/lineB_downsampled_x4_up/strict_N/pu_net/train/car/car_0044.npy,"(1024, 3)",False,False,PASS
datasets/lineB_downsampled_x4_up/strict_N/pu_net/train/car/car_0045.npy,"(1024, 3)",False,False,PASS
datasets/lineB_downsampled_x4_up/strict_N/pu_net/train/car/car_0046.npy,"(1024, 3)",False,False,PASS
datasets/lineB_downsampled_x4_up/strict_N/pu_net/train/car/car_0047.npy,"(1024, 3)",False,False,PASS
datasets/lineB_downsampled_x4_up/strict_N/pu_net/train/car/car_0048.npy,"(1024, 3)",False,False,PASS
datasets/lineB_downsampled_x4_up/strict_N/pu_net/train/car/car_0049.npy,"(1024, 3)",False,False,PASS
datasets/lineB_downsampled_x4_up/strict_N/pu_net/train/car/car_0050.npy,"(1024, 3)",False,False,PASS
datasets/lineB_downsampled_x4_up/strict_N/pu_net/train/car/car_0051.npy,"(1024, 3)",False,False,PASS
datasets/lineB_downsampled_x4_up/strict_N/pu_net/train/car/car_0052.npy,"(1024, 3)",False,False,PASS
datasets/lineB_downsampled_x4_up/strict_N/pu_net/train/car/car_0053.npy,"(1024, 3)",False,False,PASS
datasets/lineB_downsampled_x4_up/strict_N/pu_net/train/car/car_0054.npy,"(1024, 3)",False,False,PASS
datasets/lineB_downsampled_x4_up/strict_N/pu_net/train/car/car_0055.npy,"(1024, 3)",False,False,PASS
datasets/lineB_downsampled_x4_up/strict_N/pu_net/train/car/car_0056.npy,"(1024, 3)",False,False,PASS
datasets/lineB_downsampled_x4_up/strict_N/pu_net/train/car/car_0057.npy,"(1024, 3)",False,False,PASS
datasets/lineB_downsampled_x4_up/strict_N/pu_net/train/car/car_0058.npy,"(1024, 3)",False,False,PASS
datasets/lineB_downsampled_x4_up/strict_N/pu_net/train/car/car_0059.npy,"(1024, 3)",False,False,PASS
datasets/lineB_downsampled_x4_up/strict_N/pu_net/train/car/car_0060.npy,"(1024, 3)",False,False,PASS
datasets/lineB_downsampled_x4_up/strict_N/pu_net/train/car/car_0061.npy,"(1024, 3)",False,False,PASS
datasets/lineB_downsampled_x4_up/strict_N/pu_net/train/car/car_0062.npy,"(1024, 3)",False,False,PASS
datasets/lineB_downsampled_x4_up/strict_N/pu_net/train/car/car_0063.npy,"(1024, 3)",False,False,PASS
datasets/lineB_downsampled_x4_up/strict_N/pu_net/train/car/car_0064.npy,"(1024, 3)",False,False,PASS
datasets/lineB_downsampled_x4_up/strict_N/pu_net/train/car/car_0065.npy,"(1024, 3)",False,False,PASS
datasets/lineB_downsampled_x4_up/strict_N/pu_net/train/car/car_0066.npy,"(1024, 3)",False,False,PASS
datasets/lineB_downsampled_x4_up/strict_N/pu_net/train/car/car_0067.npy,"(1024, 3)",False,False,PASS
datasets/lineB_downsampled_x4_up/strict_N/pu_net/train/car/car_0068.npy,"(1024, 3)",False,False,PASS
datasets/lineB_downsampled_x4_up/strict_N/pu_net/train/car/car_0069.npy,"(1024, 3)",False,False,PASS
datasets/lineB_downsampled_x4_up/strict_N/pu_net/train/car/car_0070.npy,"(1024, 3)",False,False,PASS
datasets/lineB_downsampled_x4_up/strict_N/pu_net/train/car/car_0071.npy,"(1024, 3)",False,False,PASS
datasets/lineB_downsampled_x4_up/strict_N/pu_net/train/car/car_0072.npy,"(1024, 3)",False,False,PASS
datasets/lineB_downsampled_x4_up/strict_N/pu_net/train/car/car_0073.npy,"(1024, 3)",False,False,PASS
datasets/lineB_downsampled_x4_up/strict_N/pu_net/train/car/car_0074.npy,"(1024, 3)",False,False,PASS
datasets/lineB_downsampled_x4_up/strict_N/pu_net/train/car/car_0075.npy,"(1024, 3)",False,False,PASS
datasets/lineB_downsampled_x4_up/strict_N/pu_net/train/car/car_0076.npy,"(1024, 3)",False,False,PASS
datasets/lineB_downsampled_x4_up/strict_N/pu_net/train/car/car_0077.npy,"(1024, 3)",False,False,PASS
datasets/lineB_downsampled_x4_up/strict_N/pu_net/train/car/car_0078.npy,"(1024, 3)",False,False,PASS
datasets/lineB_downsampled_x4_up/strict_N/pu_net/train/car/car_0079.npy,"(1024, 3)",False,False,PASS
datasets/lineB_downsampled_x4_up/strict_N/pu_net/train/car/car_0080.npy,"(1024, 3)",False,False,PASS
datasets/lineB_downsampled_x4_up/strict_N/pu_net/train/car/car_0081.npy,"(1024, 3)",False,False,PASS
datasets/lineB_downsampled_x4_up/strict_N/pu_net/train/car/car_0082.npy,"(1024, 3)",False,False,PASS
datasets/lineB_downsampled_x4_up/strict_N/pu_net/train/car/car_0083.npy,"(1024, 3)",False,False,PASS
datasets/lineB_downsampled_x4_up/strict_N/pu_net/train/car/car_0084.npy,"(1024, 3)",False,False,PASS
datasets/lineB_downsampled_x4_up/strict_N/pu_net/train/car/car_0085.npy,"(1024, 3)",False,False,PASS
datasets/lineB_downsampled_x4_up/strict_N/pu_net/train/car/car_0086.npy,"(1024, 3)",False,False,PASS
datasets/lineB_downsampled_x4_up/strict_N/pu_net/train/car/car_0087.npy,"(1024, 3)",False,False,PASS
datasets/lineB_downsampled_x4_up/strict_N/pu_net/train/car/car_0088.npy,"(1024, 3)",False,False,PASS
datasets/lineB_downsampled_x4_up/strict_N/pu_net/train/car/car_0089.npy,"(1024, 3)",False,False,PASS
datasets/lineB_downsampled_x4_up/strict_N/pu_net/train/car/car_0090.npy,"(1024, 3)",False,False,PASS
datasets/lineB_downsampled_x4_up/strict_N/pu_net/train/car/car_0091.npy,"(1024, 3)",False,False,PASS
datasets/lineB_downsampled_x4_up/strict_N/pu_net/train/car/car_0092.npy,"(1024, 3)",False,False,PASS
datasets/lineB_downsampled_x4_up/strict_N/pu_net/train/car/car_0093.npy,"(1024, 3)",False,False,PASS
datasets/lineB_downsampled_x4_up/strict_N/pu_net/train/car/car_0094.npy,"(1024, 3)",False,False,PASS
datasets/lineB_downsampled_x4_up/strict_N/pu_net/train/car/car_0095.npy,"(1024, 3)",False,False,PASS
datasets/lineB_downsampled_x4_up/strict_N/pu_net/train/car/car_0096.npy,"(1024, 3)",False,False,PASS
datasets/lineB_downsampled_x4_up/strict_N/pu_net/train/car/car_0097.npy,"(1024, 3)",False,False,PASS
datasets/lineB_downsampled_x4_up/strict_N/pu_net/train/car/car_0098.npy,"(1024, 3)",False,False,PASS
datasets/lineB_downsampled_x4_up/strict_N/pu_net/train/car/car_0099.npy,"(1024, 3)",False,False,PASS
datasets/lineB_downsampled_x4_up/strict_N/pu_net/train/car/car_0100.npy,"(1024, 3)",False,False,PASS
datasets/lineB_downsampled_x4_up/strict_N/pu_net/train/car/car_0101.npy,"(1024, 3)",False,False,PASS
datasets/lineB_downsampled_x4_up/strict_N/pu_net/train/car/car_0102.npy,"(1024, 3)",False,False,PASS
datasets/lineB_downsampled_x4_up/strict_N/pu_net/train/car/car_0103.npy,"(1024, 3)",False,False,PASS
datasets/lineB_downsampled_x4_up/strict_N/pu_net/train/car/car_0104.npy,"(1024, 3)",False,False,PASS
datasets/lineB_downsampled_x4_up/strict_N/pu_net/train/car/car_0105.npy,"(1024, 3)",False,False,PASS
datasets/lineB_downsampled_x4_up/strict_N/pu_net/train/car/car_0106.npy,"(1024, 3)",False,False,PASS
datasets/lineB_downsampled_x4_up/strict_N/pu_net/train/car/car_0107.npy,"(1024, 3)",False,False,PASS
datasets/lineB_downsampled_x4_up/strict_N/pu_net/train/car/car_0108.npy,"(1024, 3)",False,False,PASS
datasets/lineB_downsampled_x4_up/strict_N/pu_net/train/car/car_0109.npy,"(1024, 3)",False,False,PASS
datasets/lineB_downsampled_x4_up/strict_N/pu_net/train/car/car_0110.npy,"(1024, 3)",False,False,PASS
datasets/lineB_downsampled_x4_up/strict_N/pu_net/train/car/car_0111.npy,"(1024, 3)",False,False,PASS
datasets/lineB_downsampled_x4_up/strict_N/pu_net/train/car/car_0112.npy,"(1024, 3)",False,False,PASS
datasets/lineB_downsampled_x4_up/strict_N/pu_net/train/car/car_0113.npy,"(1024, 3)",False,False,PASS
datasets/lineB_downsampled_x4_up/strict_N/pu_net/train/car/car_0114.npy,"(1024, 3)",False,False,PASS
datasets/lineB_downsampled_x4_up/strict_N/pu_net/train/car/car_0115.npy,"(1024, 3)",False,False,PASS
datasets/lineB_downsampled_x4_up/strict_N/pu_net/train/car/car_0116.npy,"(1024, 3)",False,False,PASS
datasets/lineB_downsampled_x4_up/strict_N/pu_net/train/car/car_0117.npy,"(1024, 3)",False,False,PASS
datasets/lineB_downsampled_x4_up/strict_N/pu_net/train/car/car_0118.npy,"(1024, 3)",False,False,PASS
datasets/lineB_downsampled_x4_up/strict_N/pu_net/train/car/car_0119.npy,"(1024, 3)",False,False,PASS
datasets/lineB_downsampled_x4_up/strict_N/pu_net/train/car/car_0120.npy,"(1024, 3)",False,False,PASS
datasets/lineB_downsampled_x4_up/strict_N/pu_net/train/car/car_0121.npy,"(1024, 3)",False,False,PASS
datasets/lineB_downsampled_x4_up/strict_N/pu_net/train/car/car_0122.npy,"(1024, 3)",False,False,PASS
datasets/lineB_downsampled_x4_up/strict_N/pu_net/train/car/car_0123.npy,"(1024, 3)",False,False,PASS
datasets/lineB_downsampled_x4_up/strict_N/pu_net/train/car/car_0124.npy,"(1024, 3)",False,False,PASS
datasets/lineB_downsampled_x4_up/strict_N/pu_net/train/car/car_0125.npy,"(1024, 3)",False,False,PASS
datasets/lineB_downsampled_x4_up/strict_N/pu_net/train/car/car_0126.npy,"(1024, 3)",False,False,PASS
datasets/lineB_downsampled_x4_up/strict_N/pu_net/train/car/car_0127.npy,"(1024, 3)",False,False,PASS
datasets/lineB_downsampled_x4_up/strict_N/pu_net/train/car/car_0128.npy,"(1024, 3)",False,False,PASS
datasets/lineB_downsampled_x4_up/strict_N/pu_net/train/car/car_0129.npy,"(1024, 3)",False,False,PASS
datasets/lineB_downsampled_x4_up/strict_N/pu_net/train/car/car_0130.npy,"(1024, 3)",False,False,PASS
datasets/lineB_downsampled_x4_up/strict_N/pu_net/train/car/car_0131.npy,"(1024, 3)",False,False,PASS
datasets/lineB_downsampled_x4_up/strict_N/pu_net/train/car/car_0132.npy,"(1024, 3)",False,False,PASS
datasets/lineB_downsampled_x4_up/strict_N/pu_net/train/car/car_0133.npy,"(1024, 3)",False,False,PASS
datasets/lineB_downsampled_x4_up/strict_N/pu_net/train/car/car_0134.npy,"(1024, 3)",False,False,PASS
datasets/lineB_downsampled_x4_up/strict_N/pu_net/train/car/car_0135.npy,"(1024, 3)",False,False,PASS
datasets/lineB_downsampled_x4_up/strict_N/pu_net/train/car/car_0136.npy,"(1024, 3)",False,False,PASS
datasets/lineB_downsampled_x4_up/strict_N/pu_net/train/car/car_0137.npy,"(1024, 3)",False,False,PASS
datasets/lineB_downsampled_x4_up/strict_N/pu_net/train/car/car_0138.npy,"(1024, 3)",False,False,PASS
datasets/lineB_downsampled_x4_up/strict_N/pu_net/train/car/car_0139.npy,"(1024, 3)",False,False,PASS
datasets/lineB_downsampled_x4_up/strict_N/pu_net/train/car/car_0140.npy,"(1024, 3)",False,False,PASS
datasets/lineB_downsampled_x4_up/strict_N/pu_net/train/car/car_0141.npy,"(1024, 3)",False,False,PASS
datasets/lineB_downsampled_x4_up/strict_N/pu_net/train/car/car_0142.npy,"(1024, 3)",False,False,PASS
datasets/lineB_downsampled_x4_up/strict_N/pu_net/train/car/car_0143.npy,"(1024, 3)",False,False,PASS
datasets/lineB_downsampled_x4_up/strict_N/pu_net/train/car/car_0144.npy,"(1024, 3)",False,False,PASS
datasets/lineB_downsampled_x4_up/strict_N/pu_net/train/car/car_0145.npy,"(1024, 3)",False,False,PASS
datasets/lineB_downsampled_x4_up/strict_N/pu_net/train/car/car_0146.npy,"(1024, 3)",False,False,PASS
datasets/lineB_downsampled_x4_up/strict_N/pu_net/train/car/car_0147.npy,"(1024, 3)",False,False,PASS
datasets/lineB_downsampled_x4_up/strict_N/pu_net/train/car/car_0148.npy,"(1024, 3)",False,False,PASS
datasets/lineB_downsampled_x4_up/strict_N/pu_net/train/car/car_0149.npy,"(1024, 3)",False,False,PASS
datasets/lineB_downsampled_x4_up/strict_N/pu_net/train/car/car_0150.npy,"(1024, 3)",False,False,PASS
datasets/lineB_downsampled_x4_up/strict_N/pu_net/train/car/car_0151.npy,"(1024, 3)",False,False,PASS
datasets/lineB_downsampled_x4_up/strict_N/pu_net/train/car/car_0152.npy,"(1024, 3)",False,False,PASS
datasets/lineB_downsampled_x4_up/strict_N/pu_net/train/car/car_0153.npy,"(1024, 3)",False,False,PASS
datasets/lineB_downsampled_x4_up/strict_N/pu_net/train/car/car_0154.npy,"(1024, 3)",False,False,PASS
datasets/lineB_downsampled_x4_up/strict_N/pu_net/train/car/car_0155.npy,"(1024, 3)",False,False,PASS
datasets/lineB_downsampled_x4_up/strict_N/pu_net/train/car/car_0156.npy,"(1024, 3)",False,False,PASS
datasets/lineB_downsampled_x4_up/strict_N/pu_net/train/car/car_0157.npy,"(1024, 3)",False,False,PASS
datasets/lineB_downsampled_x4_up/strict_N/pu_net/train/car/car_0158.npy,"(1024, 3)",False,False,PASS
datasets/lineB_downsampled_x4_up/strict_N/pu_net/train/car/car_0159.npy,"(1024, 3)",False,False,PASS
datasets/lineB_downsampled_x4_up/strict_N/pu_net/train/car/car_0160.npy,"(1024, 3)",False,False,PASS
datasets/lineB_downsampled_x4_up/strict_N/pu_net/train/car/car_0161.npy,"(1024, 3)",False,False,PASS
datasets/lineB_downsampled_x4_up/strict_N/pu_net/train/car/car_0162.npy,"(1024, 3)",False,False,PASS
datasets/lineB_downsampled_x4_up/strict_N/pu_net/train/car/car_0163.npy,"(1024, 3)",False,False,PASS
datasets/lineB_downsampled_x4_up/strict_N/pu_net/train/car/car_0164.npy,"(1024, 3)",False,False,PASS
datasets/lineB_downsampled_x4_up/strict_N/pu_net/train/car/car_0165.npy,"(1024, 3)",False,False,PASS
datasets/lineB_downsampled_x4_up/strict_N/pu_net/train/car/car_0166.npy,"(1024, 3)",False,False,PASS
datasets/lineB_downsampled_x4_up/strict_N/pu_net/train/car/car_0167.npy,"(1024, 3)",False,False,PASS
datasets/lineB_downsampled_x4_up/strict_N/pu_net/train/car/car_0168.npy,"(1024, 3)",False,False,PASS
datasets/lineB_downsampled_x4_up/strict_N/pu_net/train/car/car_0169.npy,"(1024, 3)",False,False,PASS
datasets/lineB_downsampled_x4_up/strict_N/pu_net/train/car/car_0170.npy,"(1024, 3)",False,False,PASS
datasets/lineB_downsampled_x4_up/strict_N/pu_net/train/car/car_0171.npy,"(1024, 3)",False,False,PASS
datasets/lineB_downsampled_x4_up/strict_N/pu_net/train/car/car_0172.npy,"(1024, 3)",False,False,PASS
datasets/lineB_downsampled_x4_up/strict_N/pu_net/train/car/car_0173.npy,"(1024, 3)",False,False,PASS
datasets/lineB_downsampled_x4_up/strict_N/pu_net/train/car/car_0174.npy,"(1024, 3)",False,False,PASS
datasets/lineB_downsampled_x4_up/strict_N/pu_net/train/car/car_0175.npy,"(1024, 3)",False,False,PASS
datasets/lineB_downsampled_x4_up/strict_N/pu_net/train/car/car_0176.npy,"(1024, 3)",False,False,PASS
datasets/lineB_downsampled_x4_up/strict_N/pu_net/train/car/car_0177.npy,"(1024, 3)",False,False,PASS
datasets/lineB_downsampled_x4_up/strict_N/pu_net/train/car/car_0178.npy,"(1024, 3)",False,False,PASS
datasets/lineB_downsampled_x4_up/strict_N/pu_net/train/car/car_0179.npy,"(1024, 3)",False,False,PASS
datasets/lineB_downsampled_x4_up/strict_N/pu_net/train/car/car_0180.npy,"(1024, 3)",False,False,PASS
datasets/lineB_downsampled_x4_up/strict_N/pu_net/train/car/car_0181.npy,"(1024, 3)",False,False,PASS
datasets/lineB_downsampled_x4_up/strict_N/pu_net/train/car/car_0182.npy,"(1024, 3)",False,False,PASS
datasets/lineB_downsampled_x4_up/strict_N/pu_net/train/car/car_0183.npy,"(1024, 3)",False,False,PASS
datasets/lineB_downsampled_x4_up/strict_N/pu_net/train/car/car_0184.npy,"(1024, 3)",False,False,PASS
datasets/lineB_downsampled_x4_up/strict_N/pu_net/train/car/car_0185.npy,"(1024, 3)",False,False,PASS
datasets/lineB_downsampled_x4_up/strict_N/pu_net/train/car/car_0186.npy,"(1024, 3)",False,False,PASS
datasets/lineB_downsampled_x4_up/strict_N/pu_net/train/car/car_0187.npy,"(1024, 3)",False,False,PASS
datasets/lineB_downsampled_x4_up/strict_N/pu_net/train/car/car_0188.npy,"(1024, 3)",False,False,PASS
datasets/lineB_downsampled_x4_up/strict_N/pu_net/train/car/car_0189.npy,"(1024, 3)",False,False,PASS
datasets/lineB_downsampled_x4_up/strict_N/pu_net/train/car/car_0190.npy,"(1024, 3)",False,False,PASS
datasets/lineB_downsampled_x4_up/strict_N/pu_net/train/car/car_0191.npy,"(1024, 3)",False,False,PASS
datasets/lineB_downsampled_x4_up/strict_N/pu_net/train/car/car_0192.npy,"(1024, 3)",False,False,PASS
datasets/lineB_downsampled_x4_up/strict_N/pu_net/train/car/car_0193.npy,"(1024, 3)",False,False,PASS
datasets/lineB_downsampled_x4_up/strict_N/pu_net/train/car/car_0194.npy,"(1024, 3)",False,False,PASS
datasets/lineB_downsampled_x4_up/strict_N/pu_net/train/car/car_0195.npy,"(1024, 3)",False,False,PASS
datasets/lineB_downsampled_x4_up/strict_N/pu_net/train/car/car_0196.npy,"(1024, 3)",False,False,PASS
datasets/lineB_downsampled_x4_up/strict_N/pu_net/train/car/car_0197.npy,"(1024, 3)",False,False,PASS
datasets/lineB_downsampled_x4_up/strict_N/pu_net/train/chair/chair_0001.npy,"(1024, 3)",False,False,PASS
datasets/lineB_downsampled_x4_up/strict_N/pu_net/train/chair/chair_0002.npy,"(1024, 3)",False,False,PASS
datasets/lineB_downsampled_x4_up/strict_N/pu_net/train/chair/chair_0003.npy,"(1024, 3)",False,False,PASS
datasets/lineB_downsampled_x4_up/strict_N/pu_net/train/chair/chair_0004.npy,"(1024, 3)",False,False,PASS
datasets/lineB_downsampled_x4_up/strict_N/pu_net/train/chair/chair_0005.npy,"(1024, 3)",False,False,PASS
datasets/lineB_downsampled_x4_up/strict_N/pu_net/train/chair/chair_0006.npy,"(1024, 3)",False,False,PASS
datasets/lineB_downsampled_x4_up/strict_N/pu_net/train/chair/chair_0007.npy,"(1024, 3)",False,False,PASS
datasets/lineB_downsampled_x4_up/strict_N/pu_net/train/chair/chair_0008.npy,"(1024, 3)",False,False,PASS
datasets/lineB_downsampled_x4_up/strict_N/pu_net/train/chair/chair_0009.npy,"(1024, 3)",False,False,PASS
datasets/lineB_downsampled_x4_up/strict_N/pu_net/train/chair/chair_0010.npy,"(1024, 3)",False,False,PASS
datasets/lineB_downsampled_x4_up/strict_N/pu_net/train/chair/chair_0011.npy,"(1024, 3)",False,False,PASS
datasets/lineB_downsampled_x4_up/strict_N/pu_net/train/chair/chair_0012.npy,"(1024, 3)",False,False,PASS
datasets/lineB_downsampled_x4_up/strict_N/pu_net/train/chair/chair_0013.npy,"(1024, 3)",False,False,PASS
datasets/lineB_downsampled_x4_up/strict_N/pu_net/train/chair/chair_0014.npy,"(1024, 3)",False,False,PASS
datasets/lineB_downsampled_x4_up/strict_N/pu_net/train/chair/chair_0015.npy,"(1024, 3)",False,False,PASS
datasets/lineB_downsampled_x4_up/strict_N/pu_net/train/chair/chair_0016.npy,"(1024, 3)",False,False,PASS
datasets/lineB_downsampled_x4_up/strict_N/pu_net/train/chair/chair_0017.npy,"(1024, 3)",False,False,PASS
datasets/lineB_downsampled_x4_up/strict_N/pu_net/train/chair/chair_0018.npy,"(1024, 3)",False,False,PASS
datasets/lineB_downsampled_x4_up/strict_N/pu_net/train/chair/chair_0019.npy,"(1024, 3)",False,False,PASS
datasets/lineB_downsampled_x4_up/strict_N/pu_net/train/chair/chair_0020.npy,"(1024, 3)",False,False,PASS
datasets/lineB_downsampled_x4_up/strict_N/pu_net/train/chair/chair_0021.npy,"(1024, 3)",False,False,PASS
datasets/lineB_downsampled_x4_up/strict_N/pu_net/train/chair/chair_0022.npy,"(1024, 3)",False,False,PASS
datasets/lineB_downsampled_x4_up/strict_N/pu_net/train/chair/chair_0023.npy,"(1024, 3)",False,False,PASS
datasets/lineB_downsampled_x4_up/strict_N/pu_net/train/chair/chair_0335.npy,"(1024, 3)",False,False,PASS
datasets/lineB_downsampled_x4_up/strict_N/pu_net/train/chair/chair_0336.npy,"(1024, 3)",False,False,PASS
datasets/lineB_downsampled_x4_up/strict_N/pu_net/train/chair/chair_0337.npy,"(1024, 3)",False,False,PASS
datasets/lineB_downsampled_x4_up/strict_N/pu_net/train/chair/chair_0338.npy,"(1024, 3)",False,False,PASS
datasets/lineB_downsampled_x4_up/strict_N/pu_net/train/chair/chair_0339.npy,"(1024, 3)",False,False,PASS
datasets/lineB_downsampled_x4_up/strict_N/pu_net/train/chair/chair_0340.npy,"(1024, 3)",False,False,PASS
datasets/lineB_downsampled_x4_up/strict_N/pu_net/train/chair/chair_0341.npy,"(1024, 3)",False,False,PASS
datasets/lineB_downsampled_x4_up/strict_N/pu_net/train/chair/chair_0342.npy,"(1024, 3)",False,False,PASS
datasets/lineB_downsampled_x4_up/strict_N/pu_net/train/chair/chair_0343.npy,"(1024, 3)",False,False,PASS
datasets/lineB_downsampled_x4_up/strict_N/pu_net/train/chair/chair_0344.npy,"(1024, 3)",False,False,PASS
datasets/lineB_downsampled_x4_up/strict_N/pu_net/train/chair/chair_0345.npy,"(1024, 3)",False,False,PASS
datasets/lineB_downsampled_x4_up/strict_N/pu_net/train/chair/chair_0346.npy,"(1024, 3)",False,False,PASS
datasets/lineB_downsampled_x4_up/strict_N/pu_net/train/chair/chair_0347.npy,"(1024, 3)",False,False,PASS
datasets/lineB_downsampled_x4_up/strict_N/pu_net/train/chair/chair_0348.npy,"(1024, 3)",False,False,PASS
datasets/lineB_downsampled_x4_up/strict_N/pu_net/train/chair/chair_0349.npy,"(1024, 3)",False,False,PASS
datasets/lineB_downsampled_x4_up/strict_N/pu_net/train/chair/chair_0350.npy,"(1024, 3)",False,False,PASS
datasets/lineB_downsampled_x4_up/strict_N/pu_net/train/chair/chair_0351.npy,"(1024, 3)",False,False,PASS
datasets/lineB_downsampled_x4_up/strict_N/pu_net/train/chair/chair_0352.npy,"(1024, 3)",False,False,PASS
datasets/lineB_downsampled_x4_up/strict_N/pu_net/train/chair/chair_0353.npy,"(1024, 3)",False,False,PASS
datasets/lineB_downsampled_x4_up/strict_N/pu_net/train/chair/chair_0354.npy,"(1024, 3)",False,False,PASS
datasets/lineB_downsampled_x4_up/strict_N/pu_net/train/chair/chair_0355.npy,"(1024, 3)",False,False,PASS
datasets/lineB_downsampled_x4_up/strict_N/pu_net/train/chair/chair_0356.npy,"(1024, 3)",False,False,PASS
datasets/lineB_downsampled_x4_up/strict_N/pu_net/train/chair/chair_0357.npy,"(1024, 3)",False,False,PASS
datasets/lineB_downsampled_x4_up/strict_N/pu_net/train/chair/chair_0358.npy,"(1024, 3)",False,False,PASS
datasets/lineB_downsampled_x4_up/strict_N/pu_net/train/chair/chair_0359.npy,"(1024, 3)",False,False,PASS
datasets/lineB_downsampled_x4_up/strict_N/pu_net/train/chair/chair_0360.npy,"(1024, 3)",False,False,PASS
datasets/lineB_downsampled_x4_up/strict_N/pu_net/train/chair/chair_0361.npy,"(1024, 3)",False,False,PASS
datasets/lineB_downsampled_x4_up/strict_N/pu_net/train/chair/chair_0362.npy,"(1024, 3)",False,False,PASS
datasets/lineB_downsampled_x4_up/strict_N/pu_net/train/chair/chair_0363.npy,"(1024, 3)",False,False,PASS
datasets/lineB_downsampled_x4_up/strict_N/pu_net/train/chair/chair_0364.npy,"(1024, 3)",False,False,PASS
datasets/lineB_downsampled_x4_up/strict_N/pu_net/train/chair/chair_0365.npy,"(1024, 3)",False,False,PASS
datasets/lineB_downsampled_x4_up/strict_N/pu_net/train/chair/chair_0366.npy,"(1024, 3)",False,False,PASS
datasets/lineB_downsampled_x4_up/strict_N/pu_net/train/chair/chair_0367.npy,"(1024, 3)",False,False,PASS
datasets/lineB_downsampled_x4_up/strict_N/pu_net/train/chair/chair_0368.npy,"(1024, 3)",False,False,PASS
datasets/lineB_downsampled_x4_up/strict_N/pu_net/train/chair/chair_0369.npy,"(1024, 3)",False,False,PASS
datasets/lineB_downsampled_x4_up/strict_N/pu_net/train/chair/chair_0370.npy,"(1024, 3)",False,False,PASS
datasets/lineB_downsampled_x4_up/strict_N/pu_net/train/chair/chair_0371.npy,"(1024, 3)",False,False,PASS
datasets/lineB_downsampled_x4_up/strict_N/pu_net/train/chair/chair_0372.npy,"(1024, 3)",False,False,PASS
datasets/lineB_downsampled_x4_up/strict_N/pu_net/train/chair/chair_0373.npy,"(1024, 3)",False,False,PASS
datasets/lineB_downsampled_x4_up/strict_N/pu_net/train/chair/chair_0374.npy,"(1024, 3)",False,False,PASS
datasets/lineB_downsampled_x4_up/strict_N/pu_net/train/chair/chair_0375.npy,"(1024, 3)",False,False,PASS
datasets/lineB_downsampled_x4_up/strict_N/pu_net/train/chair/chair_0376.npy,"(1024, 3)",False,False,PASS
datasets/lineB_downsampled_x4_up/strict_N/pu_net/train/chair/chair_0377.npy,"(1024, 3)",False,False,PASS
datasets/lineB_downsampled_x4_up/strict_N/pu_net/train/chair/chair_0378.npy,"(1024, 3)",False,False,PASS
datasets/lineB_downsampled_x4_up/strict_N/pu_net/train/chair/chair_0379.npy,"(1024, 3)",False,False,PASS
datasets/lineB_downsampled_x4_up/strict_N/pu_net/train/chair/chair_0380.npy,"(1024, 3)",False,False,PASS
datasets/lineB_downsampled_x4_up/strict_N/pu_net/train/chair/chair_0381.npy,"(1024, 3)",False,False,PASS
datasets/lineB_downsampled_x4_up/strict_N/pu_net/train/chair/chair_0382.npy,"(1024, 3)",False,False,PASS
datasets/lineB_downsampled_x4_up/strict_N/pu_net/train/chair/chair_0383.npy,"(1024, 3)",False,False,PASS
datasets/lineB_downsampled_x4_up/strict_N/pu_net/train/chair/chair_0384.npy,"(1024, 3)",False,False,PASS
datasets/lineB_downsampled_x4_up/strict_N/pu_net/train/chair/chair_0385.npy,"(1024, 3)",False,False,PASS
datasets/lineB_downsampled_x4_up/strict_N/pu_net/train/chair/chair_0386.npy,"(1024, 3)",False,False,PASS
datasets/lineB_downsampled_x4_up/strict_N/pu_net/train/chair/chair_0387.npy,"(1024, 3)",False,False,PASS
datasets/lineB_downsampled_x4_up/strict_N/pu_net/train/chair/chair_0388.npy,"(1024, 3)",False,False,PASS
datasets/lineB_downsampled_x4_up/strict_N/pu_net/train/chair/chair_0389.npy,"(1024, 3)",False,False,PASS
datasets/lineB_downsampled_x4_up/strict_N/pu_net/train/chair/chair_0390.npy,"(1024, 3)",False,False,PASS
datasets/lineB_downsampled_x4_up/strict_N/pu_net/train/chair/chair_0391.npy,"(1024, 3)",False,False,PASS
datasets/lineB_downsampled_x4_up/strict_N/pu_net/train/chair/chair_0392.npy,"(1024, 3)",False,False,PASS
datasets/lineB_downsampled_x4_up/strict_N/pu_net/train/chair/chair_0393.npy,"(1024, 3)",False,False,PASS
datasets/lineB_downsampled_x4_up/strict_N/pu_net/train/chair/chair_0394.npy,"(1024, 3)",False,False,PASS
datasets/lineB_downsampled_x4_up/strict_N/pu_net/train/chair/chair_0395.npy,"(1024, 3)",False,False,PASS
datasets/lineB_downsampled_x4_up/strict_N/pu_net/train/chair/chair_0396.npy,"(1024, 3)",False,False,PASS
datasets/lineB_downsampled_x4_up/strict_N/pu_net/train/chair/chair_0397.npy,"(1024, 3)",False,False,PASS
datasets/lineB_downsampled_x4_up/strict_N/pu_net/train/chair/chair_0398.npy,"(1024, 3)",False,False,PASS
datasets/lineB_downsampled_x4_up/strict_N/pu_net/train/chair/chair_0399.npy,"(1024, 3)",False,False,PASS
datasets/lineB_downsampled_x4_up/strict_N/pu_net/train/chair/chair_0400.npy,"(1024, 3)",False,False,PASS
datasets/lineB_downsampled_x4_up/strict_N/pu_net/train/chair/chair_0401.npy,"(1024, 3)",False,False,PASS
datasets/lineB_downsampled_x4_up/strict_N/pu_net/train/chair/chair_0402.npy,"(1024, 3)",False,False,PASS
datasets/lineB_downsampled_x4_up/strict_N/pu_net/train/chair/chair_0403.npy,"(1024, 3)",False,False,PASS
datasets/lineB_downsampled_x4_up/strict_N/pu_net/train/chair/chair_0404.npy,"(1024, 3)",False,False,PASS
datasets/lineB_downsampled_x4_up/strict_N/pu_net/train/chair/chair_0405.npy,"(1024, 3)",False,False,PASS
datasets/lineB_downsampled_x4_up/strict_N/pu_net/train/chair/chair_0406.npy,"(1024, 3)",False,False,PASS
datasets/lineB_downsampled_x4_up/strict_N/pu_net/train/chair/chair_0407.npy,"(1024, 3)",False,False,PASS
datasets/lineB_downsampled_x4_up/strict_N/pu_net/train/chair/chair_0408.npy,"(1024, 3)",False,False,PASS
datasets/lineB_downsampled_x4_up/strict_N/pu_net/train/chair/chair_0409.npy,"(1024, 3)",False,False,PASS
datasets/lineB_downsampled_x4_up/strict_N/pu_net/train/chair/chair_0410.npy,"(1024, 3)",False,False,PASS
datasets/lineB_downsampled_x4_up/strict_N/pu_net/train/chair/chair_0411.npy,"(1024, 3)",False,False,PASS
datasets/lineB_downsampled_x4_up/strict_N/pu_net/train/chair/chair_0412.npy,"(1024, 3)",False,False,PASS
datasets/lineB_downsampled_x4_up/strict_N/pu_net/train/chair/chair_0413.npy,"(1024, 3)",False,False,PASS
datasets/lineB_downsampled_x4_up/strict_N/pu_net/train/chair/chair_0414.npy,"(1024, 3)",False,False,PASS
datasets/lineB_downsampled_x4_up/strict_N/pu_net/train/chair/chair_0415.npy,"(1024, 3)",False,False,PASS
datasets/lineB_downsampled_x4_up/strict_N/pu_net/train/chair/chair_0416.npy,"(1024, 3)",False,False,PASS
datasets/lineB_downsampled_x4_up/strict_N/pu_net/train/chair/chair_0417.npy,"(1024, 3)",False,False,PASS
datasets/lineB_downsampled_x4_up/strict_N/pu_net/train/chair/chair_0418.npy,"(1024, 3)",False,False,PASS
datasets/lineB_downsampled_x4_up/strict_N/pu_net/train/chair/chair_0419.npy,"(1024, 3)",False,False,PASS
datasets/lineB_downsampled_x4_up/strict_N/pu_net/train/chair/chair_0420.npy,"(1024, 3)",False,False,PASS
datasets/lineB_downsampled_x4_up/strict_N/pu_net/train/chair/chair_0421.npy,"(1024, 3)",False,False,PASS
datasets/lineB_downsampled_x4_up/strict_N/pu_net/train/chair/chair_0422.npy,"(1024, 3)",False,False,PASS
datasets/lineB_downsampled_x4_up/strict_N/pu_net/train/chair/chair_0423.npy,"(1024, 3)",False,False,PASS
datasets/lineB_downsampled_x4_up/strict_N/pu_net/train/chair/chair_0424.npy,"(1024, 3)",False,False,PASS
datasets/lineB_downsampled_x4_up/strict_N/pu_net/train/chair/chair_0425.npy,"(1024, 3)",False,False,PASS
datasets/lineB_downsampled_x4_up/strict_N/pu_net/train/chair/chair_0426.npy,"(1024, 3)",False,False,PASS
datasets/lineB_downsampled_x4_up/strict_N/pu_net/train/chair/chair_0427.npy,"(1024, 3)",False,False,PASS
datasets/lineB_downsampled_x4_up/strict_N/pu_net/train/chair/chair_0428.npy,"(1024, 3)",False,False,PASS
datasets/lineB_downsampled_x4_up/strict_N/pu_net/train/chair/chair_0429.npy,"(1024, 3)",False,False,PASS
datasets/lineB_downsampled_x4_up/strict_N/pu_net/train/chair/chair_0430.npy,"(1024, 3)",False,False,PASS
datasets/lineB_downsampled_x4_up/strict_N/pu_net/train/chair/chair_0431.npy,"(1024, 3)",False,False,PASS
datasets/lineB_downsampled_x4_up/strict_N/pu_net/train/chair/chair_0432.npy,"(1024, 3)",False,False,PASS
datasets/lineB_downsampled_x4_up/strict_N/pu_net/train/chair/chair_0433.npy,"(1024, 3)",False,False,PASS
datasets/lineB_downsampled_x4_up/strict_N/pu_net/train/chair/chair_0434.npy,"(1024, 3)",False,False,PASS
datasets/lineB_downsampled_x4_up/strict_N/pu_net/train/chair/chair_0435.npy,"(1024, 3)",False,False,PASS
datasets/lineB_downsampled_x4_up/strict_N/pu_net/train/chair/chair_0436.npy,"(1024, 3)",False,False,PASS
datasets/lineB_downsampled_x4_up/strict_N/pu_net/train/chair/chair_0437.npy,"(1024, 3)",False,False,PASS
datasets/lineB_downsampled_x4_up/strict_N/pu_net/train/chair/chair_0438.npy,"(1024, 3)",False,False,PASS
datasets/lineB_downsampled_x4_up/strict_N/pu_net/train/chair/chair_0439.npy,"(1024, 3)",False,False,PASS
datasets/lineB_downsampled_x4_up/strict_N/pu_net/train/chair/chair_0440.npy,"(1024, 3)",False,False,PASS
datasets/lineB_downsampled_x4_up/strict_N/pu_net/train/chair/chair_0441.npy,"(1024, 3)",False,False,PASS
datasets/lineB_downsampled_x4_up/strict_N/pu_net/train/chair/chair_0442.npy,"(1024, 3)",False,False,PASS
datasets/lineB_downsampled_x4_up/strict_N/pu_net/train/chair/chair_0443.npy,"(1024, 3)",False,False,PASS
datasets/lineB_downsampled_x4_up/strict_N/pu_net/train/chair/chair_0444.npy,"(1024, 3)",False,False,PASS
datasets/lineB_downsampled_x4_up/strict_N/pu_net/train/chair/chair_0445.npy,"(1024, 3)",False,False,PASS
datasets/lineB_downsampled_x4_up/strict_N/pu_net/train/chair/chair_0446.npy,"(1024, 3)",False,False,PASS
datasets/lineB_downsampled_x4_up/strict_N/pu_net/train/chair/chair_0447.npy,"(1024, 3)",False,False,PASS
datasets/lineB_downsampled_x4_up/strict_N/pu_net/train/chair/chair_0448.npy,"(1024, 3)",False,False,PASS
datasets/lineB_downsampled_x4_up/strict_N/pu_net/train/chair/chair_0449.npy,"(1024, 3)",False,False,PASS
datasets/lineB_downsampled_x4_up/strict_N/pu_net/train/chair/chair_0450.npy,"(1024, 3)",False,False,PASS
datasets/lineB_downsampled_x4_up/strict_N/pu_net/train/chair/chair_0451.npy,"(1024, 3)",False,False,PASS
datasets/lineB_downsampled_x4_up/strict_N/pu_net/train/chair/chair_0452.npy,"(1024, 3)",False,False,PASS
datasets/lineB_downsampled_x4_up/strict_N/pu_net/train/chair/chair_0453.npy,"(1024, 3)",False,False,PASS
datasets/lineB_downsampled_x4_up/strict_N/pu_net/train/chair/chair_0454.npy,"(1024, 3)",False,False,PASS
datasets/lineB_downsampled_x4_up/strict_N/pu_net/train/chair/chair_0455.npy,"(1024, 3)",False,False,PASS
datasets/lineB_downsampled_x4_up/strict_N/pu_net/train/chair/chair_0456.npy,"(1024, 3)",False,False,PASS
datasets/lineB_downsampled_x4_up/strict_N/pu_net/train/chair/chair_0457.npy,"(1024, 3)",False,False,PASS
datasets/lineB_downsampled_x4_up/strict_N/pu_net/train/chair/chair_0458.npy,"(1024, 3)",False,False,PASS
datasets/lineB_downsampled_x4_up/strict_N/pu_net/train/chair/chair_0459.npy,"(1024, 3)",False,False,PASS
datasets/lineB_downsampled_x4_up/strict_N/pu_net/train/chair/chair_0460.npy,"(1024, 3)",False,False,PASS
datasets/lineB_downsampled_x4_up/strict_N/pu_net/train/chair/chair_0461.npy,"(1024, 3)",False,False,PASS
datasets/lineB_downsampled_x4_up/strict_N/pu_net/train/chair/chair_0462.npy,"(1024, 3)",False,False,PASS
datasets/lineB_downsampled_x4_up/strict_N/pu_net/train/chair/chair_0463.npy,"(1024, 3)",False,False,PASS
datasets/lineB_downsampled_x4_up/strict_N/pu_net/train/chair/chair_0464.npy,"(1024, 3)",False,False,PASS
datasets/lineB_downsampled_x4_up/strict_N/pu_net/train/chair/chair_0465.npy,"(1024, 3)",False,False,PASS
datasets/lineB_downsampled_x4_up/strict_N/pu_net/train/chair/chair_0466.npy,"(1024, 3)",False,False,PASS
datasets/lineB_downsampled_x4_up/strict_N/pu_net/train/chair/chair_0467.npy,"(1024, 3)",False,False,PASS
datasets/lineB_downsampled_x4_up/strict_N/pu_net/train/chair/chair_0468.npy,"(1024, 3)",False,False,PASS
datasets/lineB_downsampled_x4_up/strict_N/pu_net/train/chair/chair_0469.npy,"(1024, 3)",False,False,PASS
datasets/lineB_downsampled_x4_up/strict_N/pu_net/train/chair/chair_0470.npy,"(1024, 3)",False,False,PASS
datasets/lineB_downsampled_x4_up/strict_N/pu_net/train/chair/chair_0471.npy,"(1024, 3)",False,False,PASS
datasets/lineB_downsampled_x4_up/strict_N/pu_net/train/chair/chair_0472.npy,"(1024, 3)",False,False,PASS
datasets/lineB_downsampled_x4_up/strict_N/pu_net/train/chair/chair_0473.npy,"(1024, 3)",False,False,PASS
datasets/lineB_downsampled_x4_up/strict_N/pu_net/train/chair/chair_0474.npy,"(1024, 3)",False,False,PASS
datasets/lineB_downsampled_x4_up/strict_N/pu_net/train/chair/chair_0475.npy,"(1024, 3)",False,False,PASS
datasets/lineB_downsampled_x4_up/strict_N/pu_net/train/chair/chair_0476.npy,"(1024, 3)",False,False,PASS
datasets/lineB_downsampled_x4_up/strict_N/pu_net/train/chair/chair_0477.npy,"(1024, 3)",False,False,PASS
datasets/lineB_downsampled_x4_up/strict_N/pu_net/train/chair/chair_0478.npy,"(1024, 3)",False,False,PASS
datasets/lineB_downsampled_x4_up/strict_N/pu_net/train/chair/chair_0479.npy,"(1024, 3)",False,False,PASS
datasets/lineB_downsampled_x4_up/strict_N/pu_net/train/chair/chair_0480.npy,"(1024, 3)",False,False,PASS
datasets/lineB_downsampled_x4_up/strict_N/pu_net/train/chair/chair_0481.npy,"(1024, 3)",False,False,PASS
datasets/lineB_downsampled_x4_up/strict_N/pu_net/train/chair/chair_0482.npy,"(1024, 3)",False,False,PASS
datasets/lineB_downsampled_x4_up/strict_N/pu_net/train/chair/chair_0483.npy,"(1024, 3)",False,False,PASS
datasets/lineB_downsampled_x4_up/strict_N/pu_net/train/chair/chair_0484.npy,"(1024, 3)",False,False,PASS
datasets/lineB_downsampled_x4_up/strict_N/pu_net/train/chair/chair_0485.npy,"(1024, 3)",False,False,PASS
datasets/lineB_downsampled_x4_up/strict_N/pu_net/train/chair/chair_0486.npy,"(1024, 3)",False,False,PASS
datasets/lineB_downsampled_x4_up/strict_N/pu_net/train/chair/chair_0487.npy,"(1024, 3)",False,False,PASS
datasets/lineB_downsampled_x4_up/strict_N/pu_net/train/chair/chair_0488.npy,"(1024, 3)",False,False,PASS
datasets/lineB_downsampled_x4_up/strict_N/pu_net/train/chair/chair_0489.npy,"(1024, 3)",False,False,PASS
datasets/lineB_downsampled_x4_up/strict_N/pu_net/train/chair/chair_0490.npy,"(1024, 3)",False,False,PASS
datasets/lineB_downsampled_x4_up/strict_N/pu_net/train/chair/chair_0491.npy,"(1024, 3)",False,False,PASS
datasets/lineB_downsampled_x4_up/strict_N/pu_net/train/chair/chair_0492.npy,"(1024, 3)",False,False,PASS
datasets/lineB_downsampled_x4_up/strict_N/pu_net/train/chair/chair_0493.npy,"(1024, 3)",False,False,PASS
datasets/lineB_downsampled_x4_up/strict_N/pu_net/train/chair/chair_0494.npy,"(1024, 3)",False,False,PASS
datasets/lineB_downsampled_x4_up/strict_N/pu_net/train/chair/chair_0495.npy,"(1024, 3)",False,False,PASS
datasets/lineB_downsampled_x4_up/strict_N/pu_net/train/chair/chair_0496.npy,"(1024, 3)",False,False,PASS
datasets/lineB_downsampled_x4_up/strict_N/pu_net/train/chair/chair_0497.npy,"(1024, 3)",False,False,PASS
datasets/lineB_downsampled_x4_up/strict_N/pu_net/train/chair/chair_0498.npy,"(1024, 3)",False,False,PASS
datasets/lineB_downsampled_x4_up/strict_N/pu_net/train/chair/chair_0499.npy,"(1024, 3)",False,False,PASS
datasets/lineB_downsampled_x4_up/strict_N/pu_net/train/chair/chair_0500.npy,"(1024, 3)",False,False,PASS
datasets/lineB_downsampled_x4_up/strict_N/pu_net/train/chair/chair_0501.npy,"(1024, 3)",False,False,PASS
datasets/lineB_downsampled_x4_up/strict_N/pu_net/train/chair/chair_0502.npy,"(1024, 3)",False,False,PASS
datasets/lineB_downsampled_x4_up/strict_N/pu_net/train/chair/chair_0503.npy,"(1024, 3)",False,False,PASS
datasets/lineB_downsampled_x4_up/strict_N/pu_net/train/chair/chair_0504.npy,"(1024, 3)",False,False,PASS
datasets/lineB_downsampled_x4_up/strict_N/pu_net/train/chair/chair_0505.npy,"(1024, 3)",False,False,PASS
datasets/lineB_downsampled_x4_up/strict_N/pu_net/train/chair/chair_0506.npy,"(1024, 3)",False,False,PASS
datasets/lineB_downsampled_x4_up/strict_N/pu_net/train/chair/chair_0507.npy,"(1024, 3)",False,False,PASS
datasets/lineB_downsampled_x4_up/strict_N/pu_net/train/chair/chair_0508.npy,"(1024, 3)",False,False,PASS
datasets/lineB_downsampled_x4_up/strict_N/pu_net/train/chair/chair_0509.npy,"(1024, 3)",False,False,PASS
datasets/lineB_downsampled_x4_up/strict_N/pu_net/train/chair/chair_0510.npy,"(1024, 3)",False,False,PASS
datasets/lineB_downsampled_x4_up/strict_N/pu_net/train/chair/chair_0511.npy,"(1024, 3)",False,False,PASS
datasets/lineB_downsampled_x4_up/strict_N/pu_net/train/chair/chair_0512.npy,"(1024, 3)",False,False,PASS
datasets/lineB_downsampled_x4_up/strict_N/pu_net/train/chair/chair_0513.npy,"(1024, 3)",False,False,PASS
datasets/lineB_downsampled_x4_up/strict_N/pu_net/train/chair/chair_0514.npy,"(1024, 3)",False,False,PASS
datasets/lineB_downsampled_x4_up/strict_N/pu_net/train/chair/chair_0515.npy,"(1024, 3)",False,False,PASS
datasets/lineB_downsampled_x4_up/strict_N/pu_net/train/chair/chair_0516.npy,"(1024, 3)",False,False,PASS
datasets/lineB_downsampled_x4_up/strict_N/pu_net/train/chair/chair_0517.npy,"(1024, 3)",False,False,PASS
datasets/lineB_downsampled_x4_up/strict_N/pu_net/train/chair/chair_0518.npy,"(1024, 3)",False,False,PASS
datasets/lineB_downsampled_x4_up/strict_N/pu_net/train/chair/chair_0519.npy,"(1024, 3)",False,False,PASS
datasets/lineB_downsampled_x4_up/strict_N/pu_net/train/chair/chair_0520.npy,"(1024, 3)",False,False,PASS
datasets/lineB_downsampled_x4_up/strict_N/pu_net/train/chair/chair_0521.npy,"(1024, 3)",False,False,PASS
datasets/lineB_downsampled_x4_up/strict_N/pu_net/train/chair/chair_0522.npy,"(1024, 3)",False,False,PASS
datasets/lineB_downsampled_x4_up/strict_N/pu_net/train/chair/chair_0523.npy,"(1024, 3)",False,False,PASS
datasets/lineB_downsampled_x4_up/strict_N/pu_net/train/chair/chair_0524.npy,"(1024, 3)",False,False,PASS
datasets/lineB_downsampled_x4_up/strict_N/pu_net/train/chair/chair_0525.npy,"(1024, 3)",False,False,PASS
datasets/lineB_downsampled_x4_up/strict_N/pu_net/train/chair/chair_0526.npy,"(1024, 3)",False,False,PASS
datasets/lineB_downsampled_x4_up/strict_N/pu_net/train/chair/chair_0527.npy,"(1024, 3)",False,False,PASS
datasets/lineB_downsampled_x4_up/strict_N/pu_net/train/chair/chair_0528.npy,"(1024, 3)",False,False,PASS
datasets/lineB_downsampled_x4_up/strict_N/pu_net/train/chair/chair_0529.npy,"(1024, 3)",False,False,PASS
datasets/lineB_downsampled_x4_up/strict_N/pu_net/train/chair/chair_0530.npy,"(1024, 3)",False,False,PASS
datasets/lineB_downsampled_x4_up/strict_N/pu_net/train/chair/chair_0531.npy,"(1024, 3)",False,False,PASS
datasets/lineB_downsampled_x4_up/strict_N/pu_net/train/chair/chair_0532.npy,"(1024, 3)",False,False,PASS
datasets/lineB_downsampled_x4_up/strict_N/pu_net/train/chair/chair_0533.npy,"(1024, 3)",False,False,PASS
datasets/lineB_downsampled_x4_up/strict_N/pu_net/train/chair/chair_0534.npy,"(1024, 3)",False,False,PASS
datasets/lineB_downsampled_x4_up/strict_N/pu_net/train/chair/chair_0535.npy,"(1024, 3)",False,False,PASS
datasets/lineB_downsampled_x4_up/strict_N/pu_net/train/chair/chair_0536.npy,"(1024, 3)",False,False,PASS
datasets/lineB_downsampled_x4_up/strict_N/pu_net/train/chair/chair_0537.npy,"(1024, 3)",False,False,PASS
datasets/lineB_downsampled_x4_up/strict_N/pu_net/train/chair/chair_0538.npy,"(1024, 3)",False,False,PASS
datasets/lineB_downsampled_x4_up/strict_N/pu_net/train/chair/chair_0539.npy,"(1024, 3)",False,False,PASS
datasets/lineB_downsampled_x4_up/strict_N/pu_net/train/chair/chair_0540.npy,"(1024, 3)",False,False,PASS
datasets/lineB_downsampled_x4_up/strict_N/pu_net/train/chair/chair_0541.npy,"(1024, 3)",False,False,PASS
datasets/lineB_downsampled_x4_up/strict_N/pu_net/train/chair/chair_0542.npy,"(1024, 3)",False,False,PASS
datasets/lineB_downsampled_x4_up/strict_N/pu_net/train/chair/chair_0543.npy,"(1024, 3)",False,False,PASS
datasets/lineB_downsampled_x4_up/strict_N/pu_net/train/chair/chair_0544.npy,"(1024, 3)",False,False,PASS
datasets/lineB_downsampled_x4_up/strict_N/pu_net/train/chair/chair_0545.npy,"(1024, 3)",False,False,PASS
datasets/lineB_downsampled_x4_up/strict_N/pu_net/train/chair/chair_0546.npy,"(1024, 3)",False,False,PASS
datasets/lineB_downsampled_x4_up/strict_N/pu_net/train/chair/chair_0547.npy,"(1024, 3)",False,False,PASS
datasets/lineB_downsampled_x4_up/strict_N/pu_net/train/chair/chair_0548.npy,"(1024, 3)",False,False,PASS
datasets/lineB_downsampled_x4_up/strict_N/pu_net/train/chair/chair_0549.npy,"(1024, 3)",False,False,PASS
datasets/lineB_downsampled_x4_up/strict_N/pu_net/train/chair/chair_0550.npy,"(1024, 3)",False,False,PASS
datasets/lineB_downsampled_x4_up/strict_N/pu_net/train/chair/chair_0551.npy,"(1024, 3)",False,False,PASS
datasets/lineB_downsampled_x4_up/strict_N/pu_net/train/chair/chair_0552.npy,"(1024, 3)",False,False,PASS
datasets/lineB_downsampled_x4_up/strict_N/pu_net/train/chair/chair_0553.npy,"(1024, 3)",False,False,PASS
datasets/lineB_downsampled_x4_up/strict_N/pu_net/train/chair/chair_0554.npy,"(1024, 3)",False,False,PASS
datasets/lineB_downsampled_x4_up/strict_N/pu_net/train/chair/chair_0555.npy,"(1024, 3)",False,False,PASS
datasets/lineB_downsampled_x4_up/strict_N/pu_net/train/chair/chair_0556.npy,"(1024, 3)",False,False,PASS
datasets/lineB_downsampled_x4_up/strict_N/pu_net/train/chair/chair_0557.npy,"(1024, 3)",False,False,PASS
datasets/lineB_downsampled_x4_up/strict_N/pu_net/train/chair/chair_0558.npy,"(1024, 3)",False,False,PASS
datasets/lineB_downsampled_x4_up/strict_N/pu_net/train/chair/chair_0559.npy,"(1024, 3)",False,False,PASS
datasets/lineB_downsampled_x4_up/strict_N/pu_net/train/chair/chair_0560.npy,"(1024, 3)",False,False,PASS
datasets/lineB_downsampled_x4_up/strict_N/pu_net/train/chair/chair_0561.npy,"(1024, 3)",False,False,PASS
datasets/lineB_downsampled_x4_up/strict_N/pu_net/train/chair/chair_0562.npy,"(1024, 3)",False,False,PASS
datasets/lineB_downsampled_x4_up/strict_N/pu_net/train/chair/chair_0563.npy,"(1024, 3)",False,False,PASS
datasets/lineB_downsampled_x4_up/strict_N/pu_net/train/chair/chair_0564.npy,"(1024, 3)",False,False,PASS
datasets/lineB_downsampled_x4_up/strict_N/pu_net/train/chair/chair_0565.npy,"(1024, 3)",False,False,PASS
datasets/lineB_downsampled_x4_up/strict_N/pu_net/train/chair/chair_0566.npy,"(1024, 3)",False,False,PASS
datasets/lineB_downsampled_x4_up/strict_N/pu_net/train/chair/chair_0567.npy,"(1024, 3)",False,False,PASS
datasets/lineB_downsampled_x4_up/strict_N/pu_net/train/chair/chair_0568.npy,"(1024, 3)",False,False,PASS
datasets/lineB_downsampled_x4_up/strict_N/pu_net/train/chair/chair_0569.npy,"(1024, 3)",False,False,PASS
datasets/lineB_downsampled_x4_up/strict_N/pu_net/train/chair/chair_0570.npy,"(1024, 3)",False,False,PASS
datasets/lineB_downsampled_x4_up/strict_N/pu_net/train/chair/chair_0571.npy,"(1024, 3)",False,False,PASS
datasets/lineB_downsampled_x4_up/strict_N/pu_net/train/chair/chair_0572.npy,"(1024, 3)",False,False,PASS
datasets/lineB_downsampled_x4_up/strict_N/pu_net/train/chair/chair_0573.npy,"(1024, 3)",False,False,PASS
datasets/lineB_downsampled_x4_up/strict_N/pu_net/train/chair/chair_0574.npy,"(1024, 3)",False,False,PASS
datasets/lineB_downsampled_x4_up/strict_N/pu_net/train/chair/chair_0575.npy,"(1024, 3)",False,False,PASS
datasets/lineB_downsampled_x4_up/strict_N/pu_net/train/chair/chair_0576.npy,"(1024, 3)",False,False,PASS
datasets/lineB_downsampled_x4_up/strict_N/pu_net/train/chair/chair_0577.npy,"(1024, 3)",False,False,PASS
datasets/lineB_downsampled_x4_up/strict_N/pu_net/train/chair/chair_0578.npy,"(1024, 3)",False,False,PASS
datasets/lineB_downsampled_x4_up/strict_N/pu_net/train/chair/chair_0579.npy,"(1024, 3)",False,False,PASS
datasets/lineB_downsampled_x4_up/strict_N/pu_net/train/chair/chair_0580.npy,"(1024, 3)",False,False,PASS
datasets/lineB_downsampled_x4_up/strict_N/pu_net/train/chair/chair_0581.npy,"(1024, 3)",False,False,PASS
datasets/lineB_downsampled_x4_up/strict_N/pu_net/train/chair/chair_0582.npy,"(1024, 3)",False,False,PASS
datasets/lineB_downsampled_x4_up/strict_N/pu_net/train/chair/chair_0583.npy,"(1024, 3)",False,False,PASS
datasets/lineB_downsampled_x4_up/strict_N/pu_net/train/chair/chair_0584.npy,"(1024, 3)",False,False,PASS
datasets/lineB_downsampled_x4_up/strict_N/pu_net/train/chair/chair_0585.npy,"(1024, 3)",False,False,PASS
datasets/lineB_downsampled_x4_up/strict_N/pu_net/train/chair/chair_0586.npy,"(1024, 3)",False,False,PASS
datasets/lineB_downsampled_x4_up/strict_N/pu_net/train/chair/chair_0587.npy,"(1024, 3)",False,False,PASS
datasets/lineB_downsampled_x4_up/strict_N/pu_net/train/chair/chair_0588.npy,"(1024, 3)",False,False,PASS
datasets/lineB_downsampled_x4_up/strict_N/pu_net/train/chair/chair_0589.npy,"(1024, 3)",False,False,PASS
datasets/lineB_downsampled_x4_up/strict_N/pu_net/train/chair/chair_0590.npy,"(1024, 3)",False,False,PASS
datasets/lineB_downsampled_x4_up/strict_N/pu_net/train/chair/chair_0591.npy,"(1024, 3)",False,False,PASS
datasets/lineB_downsampled_x4_up/strict_N/pu_net/train/chair/chair_0592.npy,"(1024, 3)",False,False,PASS
datasets/lineB_downsampled_x4_up/strict_N/pu_net/train/chair/chair_0593.npy,"(1024, 3)",False,False,PASS
datasets/lineB_downsampled_x4_up/strict_N/pu_net/train/chair/chair_0594.npy,"(1024, 3)",False,False,PASS
datasets/lineB_downsampled_x4_up/strict_N/pu_net/train/chair/chair_0595.npy,"(1024, 3)",False,False,PASS
datasets/lineB_downsampled_x4_up/strict_N/pu_net/train/chair/chair_0596.npy,"(1024, 3)",False,False,PASS
datasets/lineB_downsampled_x4_up/strict_N/pu_net/train/chair/chair_0597.npy,"(1024, 3)",False,False,PASS
datasets/lineB_downsampled_x4_up/strict_N/pu_net/train/chair/chair_0598.npy,"(1024, 3)",False,False,PASS
datasets/lineB_downsampled_x4_up/strict_N/pu_net/train/chair/chair_0599.npy,"(1024, 3)",False,False,PASS
datasets/lineB_downsampled_x4_up/strict_N/pu_net/train/chair/chair_0600.npy,"(1024, 3)",False,False,PASS
datasets/lineB_downsampled_x4_up/strict_N/pu_net/train/chair/chair_0601.npy,"(1024, 3)",False,False,PASS
datasets/lineB_downsampled_x4_up/strict_N/pu_net/train/chair/chair_0602.npy,"(1024, 3)",False,False,PASS
datasets/lineB_downsampled_x4_up/strict_N/pu_net/train/chair/chair_0603.npy,"(1024, 3)",False,False,PASS
datasets/lineB_downsampled_x4_up/strict_N/pu_net/train/chair/chair_0604.npy,"(1024, 3)",False,False,PASS
datasets/lineB_downsampled_x4_up/strict_N/pu_net/train/chair/chair_0605.npy,"(1024, 3)",False,False,PASS
datasets/lineB_downsampled_x4_up/strict_N/pu_net/train/chair/chair_0606.npy,"(1024, 3)",False,False,PASS
datasets/lineB_downsampled_x4_up/strict_N/pu_net/train/chair/chair_0607.npy,"(1024, 3)",False,False,PASS
datasets/lineB_downsampled_x4_up/strict_N/pu_net/train/chair/chair_0608.npy,"(1024, 3)",False,False,PASS
datasets/lineB_downsampled_x4_up/strict_N/pu_net/train/chair/chair_0609.npy,"(1024, 3)",False,False,PASS
datasets/lineB_downsampled_x4_up/strict_N/pu_net/train/chair/chair_0610.npy,"(1024, 3)",False,False,PASS
datasets/lineB_downsampled_x4_up/strict_N/pu_net/train/chair/chair_0611.npy,"(1024, 3)",False,False,PASS
datasets/lineB_downsampled_x4_up/strict_N/pu_net/train/chair/chair_0612.npy,"(1024, 3)",False,False,PASS
datasets/lineB_downsampled_x4_up/strict_N/pu_net/train/chair/chair_0613.npy,"(1024, 3)",False,False,PASS
datasets/lineB_downsampled_x4_up/strict_N/pu_net/train/chair/chair_0614.npy,"(1024, 3)",False,False,PASS
datasets/lineB_downsampled_x4_up/strict_N/pu_net/train/chair/chair_0615.npy,"(1024, 3)",False,False,PASS
datasets/lineB_downsampled_x4_up/strict_N/pu_net/train/chair/chair_0616.npy,"(1024, 3)",False,False,PASS
datasets/lineB_downsampled_x4_up/strict_N/pu_net/train/chair/chair_0617.npy,"(1024, 3)",False,False,PASS
datasets/lineB_downsampled_x4_up/strict_N/pu_net/train/chair/chair_0618.npy,"(1024, 3)",False,False,PASS
datasets/lineB_downsampled_x4_up/strict_N/pu_net/train/chair/chair_0619.npy,"(1024, 3)",False,False,PASS
datasets/lineB_downsampled_x4_up/strict_N/pu_net/train/chair/chair_0620.npy,"(1024, 3)",False,False,PASS
datasets/lineB_downsampled_x4_up/strict_N/pu_net/train/chair/chair_0621.npy,"(1024, 3)",False,False,PASS
datasets/lineB_downsampled_x4_up/strict_N/pu_net/train/chair/chair_0622.npy,"(1024, 3)",False,False,PASS
datasets/lineB_downsampled_x4_up/strict_N/pu_net/train/chair/chair_0623.npy,"(1024, 3)",False,False,PASS
datasets/lineB_downsampled_x4_up/strict_N/pu_net/train/chair/chair_0624.npy,"(1024, 3)",False,False,PASS
datasets/lineB_downsampled_x4_up/strict_N/pu_net/train/chair/chair_0625.npy,"(1024, 3)",False,False,PASS
datasets/lineB_downsampled_x4_up/strict_N/pu_net/train/chair/chair_0626.npy,"(1024, 3)",False,False,PASS
datasets/lineB_downsampled_x4_up/strict_N/pu_net/train/chair/chair_0627.npy,"(1024, 3)",False,False,PASS
datasets/lineB_downsampled_x4_up/strict_N/pu_net/train/chair/chair_0628.npy,"(1024, 3)",False,False,PASS
datasets/lineB_downsampled_x4_up/strict_N/pu_net/train/chair/chair_0629.npy,"(1024, 3)",False,False,PASS
datasets/lineB_downsampled_x4_up/strict_N/pu_net/train/chair/chair_0630.npy,"(1024, 3)",False,False,PASS
datasets/lineB_downsampled_x4_up/strict_N/pu_net/train/chair/chair_0631.npy,"(1024, 3)",False,False,PASS
datasets/lineB_downsampled_x4_up/strict_N/pu_net/train/chair/chair_0632.npy,"(1024, 3)",False,False,PASS
datasets/lineB_downsampled_x4_up/strict_N/pu_net/train/chair/chair_0633.npy,"(1024, 3)",False,False,PASS
datasets/lineB_downsampled_x4_up/strict_N/pu_net/train/chair/chair_0634.npy,"(1024, 3)",False,False,PASS
datasets/lineB_downsampled_x4_up/strict_N/pu_net/train/chair/chair_0635.npy,"(1024, 3)",False,False,PASS
datasets/lineB_downsampled_x4_up/strict_N/pu_net/train/chair/chair_0636.npy,"(1024, 3)",False,False,PASS
datasets/lineB_downsampled_x4_up/strict_N/pu_net/train/chair/chair_0637.npy,"(1024, 3)",False,False,PASS
datasets/lineB_downsampled_x4_up/strict_N/pu_net/train/chair/chair_0638.npy,"(1024, 3)",False,False,PASS
datasets/lineB_downsampled_x4_up/strict_N/pu_net/train/chair/chair_0639.npy,"(1024, 3)",False,False,PASS
datasets/lineB_downsampled_x4_up/strict_N/pu_net/train/chair/chair_0640.npy,"(1024, 3)",False,False,PASS
datasets/lineB_downsampled_x4_up/strict_N/pu_net/train/chair/chair_0641.npy,"(1024, 3)",False,False,PASS
datasets/lineB_downsampled_x4_up/strict_N/pu_net/train/chair/chair_0642.npy,"(1024, 3)",False,False,PASS
datasets/lineB_downsampled_x4_up/strict_N/pu_net/train/chair/chair_0643.npy,"(1024, 3)",False,False,PASS
datasets/lineB_downsampled_x4_up/strict_N/pu_net/train/chair/chair_0644.npy,"(1024, 3)",False,False,PASS
datasets/lineB_downsampled_x4_up/strict_N/pu_net/train/chair/chair_0645.npy,"(1024, 3)",False,False,PASS
datasets/lineB_downsampled_x4_up/strict_N/pu_net/train/chair/chair_0646.npy,"(1024, 3)",False,False,PASS
datasets/lineB_downsampled_x4_up/strict_N/pu_net/train/chair/chair_0647.npy,"(1024, 3)",False,False,PASS
datasets/lineB_downsampled_x4_up/strict_N/pu_net/train/chair/chair_0648.npy,"(1024, 3)",False,False,PASS
datasets/lineB_downsampled_x4_up/strict_N/pu_net/train/chair/chair_0649.npy,"(1024, 3)",False,False,PASS
datasets/lineB_downsampled_x4_up/strict_N/pu_net/train/chair/chair_0650.npy,"(1024, 3)",False,False,PASS
datasets/lineB_downsampled_x4_up/strict_N/pu_net/train/chair/chair_0651.npy,"(1024, 3)",False,False,PASS
datasets/lineB_downsampled_x4_up/strict_N/pu_net/train/chair/chair_0652.npy,"(1024, 3)",False,False,PASS
datasets/lineB_downsampled_x4_up/strict_N/pu_net/train/chair/chair_0653.npy,"(1024, 3)",False,False,PASS
datasets/lineB_downsampled_x4_up/strict_N/pu_net/train/chair/chair_0654.npy,"(1024, 3)",False,False,PASS
datasets/lineB_downsampled_x4_up/strict_N/pu_net/train/chair/chair_0655.npy,"(1024, 3)",False,False,PASS
datasets/lineB_downsampled_x4_up/strict_N/pu_net/train/chair/chair_0656.npy,"(1024, 3)",False,False,PASS
datasets/lineB_downsampled_x4_up/strict_N/pu_net/train/chair/chair_0657.npy,"(1024, 3)",False,False,PASS
datasets/lineB_downsampled_x4_up/strict_N/pu_net/train/chair/chair_0658.npy,"(1024, 3)",False,False,PASS
datasets/lineB_downsampled_x4_up/strict_N/pu_net/train/chair/chair_0659.npy,"(1024, 3)",False,False,PASS
datasets/lineB_downsampled_x4_up/strict_N/pu_net/train/chair/chair_0660.npy,"(1024, 3)",False,False,PASS
datasets/lineB_downsampled_x4_up/strict_N/pu_net/train/chair/chair_0661.npy,"(1024, 3)",False,False,PASS
datasets/lineB_downsampled_x4_up/strict_N/pu_net/train/chair/chair_0662.npy,"(1024, 3)",False,False,PASS
datasets/lineB_downsampled_x4_up/strict_N/pu_net/train/chair/chair_0663.npy,"(1024, 3)",False,False,PASS
datasets/lineB_downsampled_x4_up/strict_N/pu_net/train/chair/chair_0664.npy,"(1024, 3)",False,False,PASS
datasets/lineB_downsampled_x4_up/strict_N/pu_net/train/chair/chair_0665.npy,"(1024, 3)",False,False,PASS
datasets/lineB_downsampled_x4_up/strict_N/pu_net/train/chair/chair_0666.npy,"(1024, 3)",False,False,PASS
datasets/lineB_downsampled_x4_up/strict_N/pu_net/train/chair/chair_0667.npy,"(1024, 3)",False,False,PASS
datasets/lineB_downsampled_x4_up/strict_N/pu_net/train/chair/chair_0668.npy,"(1024, 3)",False,False,PASS
datasets/lineB_downsampled_x4_up/strict_N/pu_net/train/chair/chair_0669.npy,"(1024, 3)",False,False,PASS
datasets/lineB_downsampled_x4_up/strict_N/pu_net/train/chair/chair_0670.npy,"(1024, 3)",False,False,PASS
datasets/lineB_downsampled_x4_up/strict_N/pu_net/train/chair/chair_0671.npy,"(1024, 3)",False,False,PASS
datasets/lineB_downsampled_x4_up/strict_N/pu_net/train/chair/chair_0672.npy,"(1024, 3)",False,False,PASS
datasets/lineB_downsampled_x4_up/strict_N/pu_net/train/chair/chair_0673.npy,"(1024, 3)",False,False,PASS
datasets/lineB_downsampled_x4_up/strict_N/pu_net/train/chair/chair_0674.npy,"(1024, 3)",False,False,PASS
datasets/lineB_downsampled_x4_up/strict_N/pu_net/train/chair/chair_0675.npy,"(1024, 3)",False,False,PASS
datasets/lineB_downsampled_x4_up/strict_N/pu_net/train/chair/chair_0676.npy,"(1024, 3)",False,False,PASS
datasets/lineB_downsampled_x4_up/strict_N/pu_net/train/chair/chair_0677.npy,"(1024, 3)",False,False,PASS
datasets/lineB_downsampled_x4_up/strict_N/pu_net/train/chair/chair_0678.npy,"(1024, 3)",False,False,PASS
datasets/lineB_downsampled_x4_up/strict_N/pu_net/train/chair/chair_0679.npy,"(1024, 3)",False,False,PASS
datasets/lineB_downsampled_x4_up/strict_N/pu_net/train/chair/chair_0680.npy,"(1024, 3)",False,False,PASS
datasets/lineB_downsampled_x4_up/strict_N/pu_net/train/chair/chair_0681.npy,"(1024, 3)",False,False,PASS
datasets/lineB_downsampled_x4_up/strict_N/pu_net/train/chair/chair_0682.npy,"(1024, 3)",False,False,PASS
datasets/lineB_downsampled_x4_up/strict_N/pu_net/train/chair/chair_0683.npy,"(1024, 3)",False,False,PASS
datasets/lineB_downsampled_x4_up/strict_N/pu_net/train/chair/chair_0684.npy,"(1024, 3)",False,False,PASS
datasets/lineB_downsampled_x4_up/strict_N/pu_net/train/chair/chair_0685.npy,"(1024, 3)",False,False,PASS
datasets/lineB_downsampled_x4_up/strict_N/pu_net/train/chair/chair_0686.npy,"(1024, 3)",False,False,PASS
datasets/lineB_downsampled_x4_up/strict_N/pu_net/train/chair/chair_0687.npy,"(1024, 3)",False,False,PASS
datasets/lineB_downsampled_x4_up/strict_N/pu_net/train/chair/chair_0688.npy,"(1024, 3)",False,False,PASS
datasets/lineB_downsampled_x4_up/strict_N/pu_net/train/chair/chair_0689.npy,"(1024, 3)",False,False,PASS
datasets/lineB_downsampled_x4_up/strict_N/pu_net/train/chair/chair_0690.npy,"(1024, 3)",False,False,PASS
datasets/lineB_downsampled_x4_up/strict_N/pu_net/train/chair/chair_0691.npy,"(1024, 3)",False,False,PASS
datasets/lineB_downsampled_x4_up/strict_N/pu_net/train/chair/chair_0692.npy,"(1024, 3)",False,False,PASS
datasets/lineB_downsampled_x4_up/strict_N/pu_net/train/chair/chair_0693.npy,"(1024, 3)",False,False,PASS
datasets/lineB_downsampled_x4_up/strict_N/pu_net/train/chair/chair_0694.npy,"(1024, 3)",False,False,PASS
datasets/lineB_downsampled_x4_up/strict_N/pu_net/train/chair/chair_0695.npy,"(1024, 3)",False,False,PASS
datasets/lineB_downsampled_x4_up/strict_N/pu_net/train/chair/chair_0696.npy,"(1024, 3)",False,False,PASS
datasets/lineB_downsampled_x4_up/strict_N/pu_net/train/chair/chair_0697.npy,"(1024, 3)",False,False,PASS
datasets/lineB_downsampled_x4_up/strict_N/pu_net/train/chair/chair_0698.npy,"(1024, 3)",False,False,PASS
datasets/lineB_downsampled_x4_up/strict_N/pu_net/train/chair/chair_0699.npy,"(1024, 3)",False,False,PASS
datasets/lineB_downsampled_x4_up/strict_N/pu_net/train/chair/chair_0700.npy,"(1024, 3)",False,False,PASS
datasets/lineB_downsampled_x4_up/strict_N/pu_net/train/chair/chair_0701.npy,"(1024, 3)",False,False,PASS
datasets/lineB_downsampled_x4_up/strict_N/pu_net/train/chair/chair_0702.npy,"(1024, 3)",False,False,PASS
datasets/lineB_downsampled_x4_up/strict_N/pu_net/train/chair/chair_0703.npy,"(1024, 3)",False,False,PASS
datasets/lineB_downsampled_x4_up/strict_N/pu_net/train/chair/chair_0704.npy,"(1024, 3)",False,False,PASS
datasets/lineB_downsampled_x4_up/strict_N/pu_net/train/chair/chair_0705.npy,"(1024, 3)",False,False,PASS
datasets/lineB_downsampled_x4_up/strict_N/pu_net/train/chair/chair_0706.npy,"(1024, 3)",False,False,PASS
datasets/lineB_downsampled_x4_up/strict_N/pu_net/train/chair/chair_0707.npy,"(1024, 3)",False,False,PASS
datasets/lineB_downsampled_x4_up/strict_N/pu_net/train/chair/chair_0708.npy,"(1024, 3)",False,False,PASS
datasets/lineB_downsampled_x4_up/strict_N/pu_net/train/chair/chair_0709.npy,"(1024, 3)",False,False,PASS
datasets/lineB_downsampled_x4_up/strict_N/pu_net/train/chair/chair_0710.npy,"(1024, 3)",False,False,PASS
datasets/lineB_downsampled_x4_up/strict_N/pu_net/train/chair/chair_0711.npy,"(1024, 3)",False,False,PASS
datasets/lineB_downsampled_x4_up/strict_N/pu_net/train/chair/chair_0712.npy,"(1024, 3)",False,False,PASS
datasets/lineB_downsampled_x4_up/strict_N/pu_net/train/chair/chair_0713.npy,"(1024, 3)",False,False,PASS
datasets/lineB_downsampled_x4_up/strict_N/pu_net/train/chair/chair_0714.npy,"(1024, 3)",False,False,PASS
datasets/lineB_downsampled_x4_up/strict_N/pu_net/train/chair/chair_0715.npy,"(1024, 3)",False,False,PASS
datasets/lineB_downsampled_x4_up/strict_N/pu_net/train/chair/chair_0716.npy,"(1024, 3)",False,False,PASS
datasets/lineB_downsampled_x4_up/strict_N/pu_net/train/chair/chair_0717.npy,"(1024, 3)",False,False,PASS
datasets/lineB_downsampled_x4_up/strict_N/pu_net/train/chair/chair_0718.npy,"(1024, 3)",False,False,PASS
datasets/lineB_downsampled_x4_up/strict_N/pu_net/train/chair/chair_0719.npy,"(1024, 3)",False,False,PASS
datasets/lineB_downsampled_x4_up/strict_N/pu_net/train/chair/chair_0720.npy,"(1024, 3)",False,False,PASS
datasets/lineB_downsampled_x4_up/strict_N/pu_net/train/chair/chair_0721.npy,"(1024, 3)",False,False,PASS
datasets/lineB_downsampled_x4_up/strict_N/pu_net/train/chair/chair_0722.npy,"(1024, 3)",False,False,PASS
datasets/lineB_downsampled_x4_up/strict_N/pu_net/train/chair/chair_0723.npy,"(1024, 3)",False,False,PASS
datasets/lineB_downsampled_x4_up/strict_N/pu_net/train/chair/chair_0724.npy,"(1024, 3)",False,False,PASS
datasets/lineB_downsampled_x4_up/strict_N/pu_net/train/chair/chair_0725.npy,"(1024, 3)",False,False,PASS
datasets/lineB_downsampled_x4_up/strict_N/pu_net/train/chair/chair_0726.npy,"(1024, 3)",False,False,PASS
datasets/lineB_downsampled_x4_up/strict_N/pu_net/train/chair/chair_0727.npy,"(1024, 3)",False,False,PASS
datasets/lineB_downsampled_x4_up/strict_N/pu_net/train/chair/chair_0728.npy,"(1024, 3)",False,False,PASS
datasets/lineB_downsampled_x4_up/strict_N/pu_net/train/chair/chair_0729.npy,"(1024, 3)",False,False,PASS
datasets/lineB_downsampled_x4_up/strict_N/pu_net/train/chair/chair_0730.npy,"(1024, 3)",False,False,PASS
datasets/lineB_downsampled_x4_up/strict_N/pu_net/train/chair/chair_0731.npy,"(1024, 3)",False,False,PASS
datasets/lineB_downsampled_x4_up/strict_N/pu_net/train/chair/chair_0732.npy,"(1024, 3)",False,False,PASS
datasets/lineB_downsampled_x4_up/strict_N/pu_net/train/chair/chair_0733.npy,"(1024, 3)",False,False,PASS
datasets/lineB_downsampled_x4_up/strict_N/pu_net/train/chair/chair_0734.npy,"(1024, 3)",False,False,PASS
datasets/lineB_downsampled_x4_up/strict_N/pu_net/train/chair/chair_0735.npy,"(1024, 3)",False,False,PASS
datasets/lineB_downsampled_x4_up/strict_N/pu_net/train/chair/chair_0736.npy,"(1024, 3)",False,False,PASS
datasets/lineB_downsampled_x4_up/strict_N/pu_net/train/chair/chair_0737.npy,"(1024, 3)",False,False,PASS
datasets/lineB_downsampled_x4_up/strict_N/pu_net/train/chair/chair_0738.npy,"(1024, 3)",False,False,PASS
datasets/lineB_downsampled_x4_up/strict_N/pu_net/train/chair/chair_0739.npy,"(1024, 3)",False,False,PASS
datasets/lineB_downsampled_x4_up/strict_N/pu_net/train/chair/chair_0740.npy,"(1024, 3)",False,False,PASS
datasets/lineB_downsampled_x4_up/strict_N/pu_net/train/chair/chair_0741.npy,"(1024, 3)",False,False,PASS
datasets/lineB_downsampled_x4_up/strict_N/pu_net/train/chair/chair_0742.npy,"(1024, 3)",False,False,PASS
datasets/lineB_downsampled_x4_up/strict_N/pu_net/train/chair/chair_0743.npy,"(1024, 3)",False,False,PASS
datasets/lineB_downsampled_x4_up/strict_N/pu_net/train/chair/chair_0744.npy,"(1024, 3)",False,False,PASS
datasets/lineB_downsampled_x4_up/strict_N/pu_net/train/chair/chair_0745.npy,"(1024, 3)",False,False,PASS
datasets/lineB_downsampled_x4_up/strict_N/pu_net/train/chair/chair_0746.npy,"(1024, 3)",False,False,PASS
datasets/lineB_downsampled_x4_up/strict_N/pu_net/train/chair/chair_0747.npy,"(1024, 3)",False,False,PASS
datasets/lineB_downsampled_x4_up/strict_N/pu_net/train/chair/chair_0748.npy,"(1024, 3)",False,False,PASS
datasets/lineB_downsampled_x4_up/strict_N/pu_net/train/chair/chair_0749.npy,"(1024, 3)",False,False,PASS
datasets/lineB_downsampled_x4_up/strict_N/pu_net/train/chair/chair_0750.npy,"(1024, 3)",False,False,PASS
datasets/lineB_downsampled_x4_up/strict_N/pu_net/train/chair/chair_0751.npy,"(1024, 3)",False,False,PASS
datasets/lineB_downsampled_x4_up/strict_N/pu_net/train/chair/chair_0752.npy,"(1024, 3)",False,False,PASS
datasets/lineB_downsampled_x4_up/strict_N/pu_net/train/chair/chair_0753.npy,"(1024, 3)",False,False,PASS
datasets/lineB_downsampled_x4_up/strict_N/pu_net/train/chair/chair_0754.npy,"(1024, 3)",False,False,PASS
datasets/lineB_downsampled_x4_up/strict_N/pu_net/train/chair/chair_0755.npy,"(1024, 3)",False,False,PASS
datasets/lineB_downsampled_x4_up/strict_N/pu_net/train/chair/chair_0756.npy,"(1024, 3)",False,False,PASS
datasets/lineB_downsampled_x4_up/strict_N/pu_net/train/chair/chair_0757.npy,"(1024, 3)",False,False,PASS
datasets/lineB_downsampled_x4_up/strict_N/pu_net/train/chair/chair_0758.npy,"(1024, 3)",False,False,PASS
datasets/lineB_downsampled_x4_up/strict_N/pu_net/train/chair/chair_0759.npy,"(1024, 3)",False,False,PASS
datasets/lineB_downsampled_x4_up/strict_N/pu_net/train/chair/chair_0760.npy,"(1024, 3)",False,False,PASS
datasets/lineB_downsampled_x4_up/strict_N/pu_net/train/chair/chair_0761.npy,"(1024, 3)",False,False,PASS
datasets/lineB_downsampled_x4_up/strict_N/pu_net/train/chair/chair_0762.npy,"(1024, 3)",False,False,PASS
datasets/lineB_downsampled_x4_up/strict_N/pu_net/train/chair/chair_0763.npy,"(1024, 3)",False,False,PASS
datasets/lineB_downsampled_x4_up/strict_N/pu_net/train/chair/chair_0764.npy,"(1024, 3)",False,False,PASS
datasets/lineB_downsampled_x4_up/strict_N/pu_net/train/chair/chair_0765.npy,"(1024, 3)",False,False,PASS
datasets/lineB_downsampled_x4_up/strict_N/pu_net/train/chair/chair_0766.npy,"(1024, 3)",False,False,PASS
datasets/lineB_downsampled_x4_up/strict_N/pu_net/train/chair/chair_0767.npy,"(1024, 3)",False,False,PASS
datasets/lineB_downsampled_x4_up/strict_N/pu_net/train/chair/chair_0768.npy,"(1024, 3)",False,False,PASS
datasets/lineB_downsampled_x4_up/strict_N/pu_net/train/chair/chair_0769.npy,"(1024, 3)",False,False,PASS
datasets/lineB_downsampled_x4_up/strict_N/pu_net/train/chair/chair_0770.npy,"(1024, 3)",False,False,PASS
datasets/lineB_downsampled_x4_up/strict_N/pu_net/train/chair/chair_0771.npy,"(1024, 3)",False,False,PASS
datasets/lineB_downsampled_x4_up/strict_N/pu_net/train/chair/chair_0772.npy,"(1024, 3)",False,False,PASS
datasets/lineB_downsampled_x4_up/strict_N/pu_net/train/chair/chair_0773.npy,"(1024, 3)",False,False,PASS
datasets/lineB_downsampled_x4_up/strict_N/pu_net/train/chair/chair_0774.npy,"(1024, 3)",False,False,PASS
datasets/lineB_downsampled_x4_up/strict_N/pu_net/train/chair/chair_0775.npy,"(1024, 3)",False,False,PASS
datasets/lineB_downsampled_x4_up/strict_N/pu_net/train/chair/chair_0776.npy,"(1024, 3)",False,False,PASS
datasets/lineB_downsampled_x4_up/strict_N/pu_net/train/chair/chair_0777.npy,"(1024, 3)",False,False,PASS
datasets/lineB_downsampled_x4_up/strict_N/pu_net/train/chair/chair_0778.npy,"(1024, 3)",False,False,PASS
datasets/lineB_downsampled_x4_up/strict_N/pu_net/train/chair/chair_0779.npy,"(1024, 3)",False,False,PASS
datasets/lineB_downsampled_x4_up/strict_N/pu_net/train/chair/chair_0780.npy,"(1024, 3)",False,False,PASS
datasets/lineB_downsampled_x4_up/strict_N/pu_net/train/chair/chair_0781.npy,"(1024, 3)",False,False,PASS
datasets/lineB_downsampled_x4_up/strict_N/pu_net/train/chair/chair_0782.npy,"(1024, 3)",False,False,PASS
datasets/lineB_downsampled_x4_up/strict_N/pu_net/train/chair/chair_0783.npy,"(1024, 3)",False,False,PASS
datasets/lineB_downsampled_x4_up/strict_N/pu_net/train/chair/chair_0784.npy,"(1024, 3)",False,False,PASS
datasets/lineB_downsampled_x4_up/strict_N/pu_net/train/chair/chair_0785.npy,"(1024, 3)",False,False,PASS
datasets/lineB_downsampled_x4_up/strict_N/pu_net/train/chair/chair_0786.npy,"(1024, 3)",False,False,PASS
datasets/lineB_downsampled_x4_up/strict_N/pu_net/train/chair/chair_0787.npy,"(1024, 3)",False,False,PASS
datasets/lineB_downsampled_x4_up/strict_N/pu_net/train/chair/chair_0788.npy,"(1024, 3)",False,False,PASS
datasets/lineB_downsampled_x4_up/strict_N/pu_net/train/chair/chair_0789.npy,"(1024, 3)",False,False,PASS
datasets/lineB_downsampled_x4_up/strict_N/pu_net/train/chair/chair_0790.npy,"(1024, 3)",False,False,PASS
datasets/lineB_downsampled_x4_up/strict_N/pu_net/train/chair/chair_0791.npy,"(1024, 3)",False,False,PASS
datasets/lineB_downsampled_x4_up/strict_N/pu_net/train/chair/chair_0792.npy,"(1024, 3)",False,False,PASS
datasets/lineB_downsampled_x4_up/strict_N/pu_net/train/chair/chair_0793.npy,"(1024, 3)",False,False,PASS
datasets/lineB_downsampled_x4_up/strict_N/pu_net/train/chair/chair_0794.npy,"(1024, 3)",False,False,PASS
datasets/lineB_downsampled_x4_up/strict_N/pu_net/train/chair/chair_0795.npy,"(1024, 3)",False,False,PASS
datasets/lineB_downsampled_x4_up/strict_N/pu_net/train/chair/chair_0796.npy,"(1024, 3)",False,False,PASS
datasets/lineB_downsampled_x4_up/strict_N/pu_net/train/chair/chair_0797.npy,"(1024, 3)",False,False,PASS
datasets/lineB_downsampled_x4_up/strict_N/pu_net/train/chair/chair_0798.npy,"(1024, 3)",False,False,PASS
datasets/lineB_downsampled_x4_up/strict_N/pu_net/train/chair/chair_0799.npy,"(1024, 3)",False,False,PASS
datasets/lineB_downsampled_x4_up/strict_N/pu_net/train/chair/chair_0800.npy,"(1024, 3)",False,False,PASS
datasets/lineB_downsampled_x4_up/strict_N/pu_net/train/chair/chair_0801.npy,"(1024, 3)",False,False,PASS
datasets/lineB_downsampled_x4_up/strict_N/pu_net/train/chair/chair_0802.npy,"(1024, 3)",False,False,PASS
datasets/lineB_downsampled_x4_up/strict_N/pu_net/train/cup/cup_0049.npy,"(1024, 3)",False,False,PASS
datasets/lineB_downsampled_x4_up/strict_N/pu_net/train/cup/cup_0050.npy,"(1024, 3)",False,False,PASS
datasets/lineB_downsampled_x4_up/strict_N/pu_net/train/cup/cup_0051.npy,"(1024, 3)",False,False,PASS
datasets/lineB_downsampled_x4_up/strict_N/pu_net/train/cup/cup_0052.npy,"(1024, 3)",False,False,PASS
datasets/lineB_downsampled_x4_up/strict_N/pu_net/train/cup/cup_0053.npy,"(1024, 3)",False,False,PASS
datasets/lineB_downsampled_x4_up/strict_N/pu_net/train/cup/cup_0054.npy,"(1024, 3)",False,False,PASS
datasets/lineB_downsampled_x4_up/strict_N/pu_net/train/cup/cup_0055.npy,"(1024, 3)",False,False,PASS
datasets/lineB_downsampled_x4_up/strict_N/pu_net/train/cup/cup_0056.npy,"(1024, 3)",False,False,PASS
datasets/lineB_downsampled_x4_up/strict_N/pu_net/train/cup/cup_0057.npy,"(1024, 3)",False,False,PASS
datasets/lineB_downsampled_x4_up/strict_N/pu_net/train/cup/cup_0058.npy,"(1024, 3)",False,False,PASS
datasets/lineB_downsampled_x4_up/strict_N/pu_net/train/cup/cup_0059.npy,"(1024, 3)",False,False,PASS
datasets/lineB_downsampled_x4_up/strict_N/pu_net/train/cup/cup_0060.npy,"(1024, 3)",False,False,PASS
datasets/lineB_downsampled_x4_up/strict_N/pu_net/train/cup/cup_0061.npy,"(1024, 3)",False,False,PASS
datasets/lineB_downsampled_x4_up/strict_N/pu_net/train/cup/cup_0062.npy,"(1024, 3)",False,False,PASS
datasets/lineB_downsampled_x4_up/strict_N/pu_net/train/cup/cup_0063.npy,"(1024, 3)",False,False,PASS
datasets/lineB_downsampled_x4_up/strict_N/pu_net/train/cup/cup_0064.npy,"(1024, 3)",False,False,PASS
datasets/lineB_downsampled_x4_up/strict_N/pu_net/train/cup/cup_0065.npy,"(1024, 3)",False,False,PASS
datasets/lineB_downsampled_x4_up/strict_N/pu_net/train/cup/cup_0066.npy,"(1024, 3)",False,False,PASS
datasets/lineB_downsampled_x4_up/strict_N/pu_net/train/cup/cup_0067.npy,"(1024, 3)",False,False,PASS
datasets/lineB_downsampled_x4_up/strict_N/pu_net/train/cup/cup_0068.npy,"(1024, 3)",False,False,PASS
datasets/lineB_downsampled_x4_up/strict_N/pu_net/train/cup/cup_0069.npy,"(1024, 3)",False,False,PASS
datasets/lineB_downsampled_x4_up/strict_N/pu_net/train/cup/cup_0070.npy,"(1024, 3)",False,False,PASS
datasets/lineB_downsampled_x4_up/strict_N/pu_net/train/cup/cup_0071.npy,"(1024, 3)",False,False,PASS
datasets/lineB_downsampled_x4_up/strict_N/pu_net/train/cup/cup_0072.npy,"(1024, 3)",False,False,PASS
datasets/lineB_downsampled_x4_up/strict_N/pu_net/train/cup/cup_0073.npy,"(1024, 3)",False,False,PASS
datasets/lineB_downsampled_x4_up/strict_N/pu_net/train/cup/cup_0074.npy,"(1024, 3)",False,False,PASS
datasets/lineB_downsampled_x4_up/strict_N/pu_net/train/cup/cup_0075.npy,"(1024, 3)",False,False,PASS
datasets/lineB_downsampled_x4_up/strict_N/pu_net/train/cup/cup_0076.npy,"(1024, 3)",False,False,PASS
datasets/lineB_downsampled_x4_up/strict_N/pu_net/train/cup/cup_0077.npy,"(1024, 3)",False,False,PASS
datasets/lineB_downsampled_x4_up/strict_N/pu_net/train/cup/cup_0078.npy,"(1024, 3)",False,False,PASS
datasets/lineB_downsampled_x4_up/strict_N/pu_net/train/cup/cup_0079.npy,"(1024, 3)",False,False,PASS
datasets/lineB_downsampled_x4_up/strict_N/pu_net/train/curtain/curtain_0001.npy,"(1024, 3)",False,False,PASS
datasets/lineB_downsampled_x4_up/strict_N/pu_net/train/curtain/curtain_0002.npy,"(1024, 3)",False,False,PASS
datasets/lineB_downsampled_x4_up/strict_N/pu_net/train/curtain/curtain_0003.npy,"(1024, 3)",False,False,PASS
datasets/lineB_downsampled_x4_up/strict_N/pu_net/train/curtain/curtain_0004.npy,"(1024, 3)",False,False,PASS
datasets/lineB_downsampled_x4_up/strict_N/pu_net/train/curtain/curtain_0005.npy,"(1024, 3)",False,False,PASS
datasets/lineB_downsampled_x4_up/strict_N/pu_net/train/curtain/curtain_0006.npy,"(1024, 3)",False,False,PASS
datasets/lineB_downsampled_x4_up/strict_N/pu_net/train/curtain/curtain_0007.npy,"(1024, 3)",False,False,PASS
datasets/lineB_downsampled_x4_up/strict_N/pu_net/train/curtain/curtain_0008.npy,"(1024, 3)",False,False,PASS
datasets/lineB_downsampled_x4_up/strict_N/pu_net/train/curtain/curtain_0009.npy,"(1024, 3)",False,False,PASS
datasets/lineB_downsampled_x4_up/strict_N/pu_net/train/curtain/curtain_0010.npy,"(1024, 3)",False,False,PASS
datasets/lineB_downsampled_x4_up/strict_N/pu_net/train/curtain/curtain_0011.npy,"(1024, 3)",False,False,PASS
datasets/lineB_downsampled_x4_up/strict_N/pu_net/train/curtain/curtain_0012.npy,"(1024, 3)",False,False,PASS
datasets/lineB_downsampled_x4_up/strict_N/pu_net/train/curtain/curtain_0013.npy,"(1024, 3)",False,False,PASS
datasets/lineB_downsampled_x4_up/strict_N/pu_net/train/curtain/curtain_0014.npy,"(1024, 3)",False,False,PASS
datasets/lineB_downsampled_x4_up/strict_N/pu_net/train/curtain/curtain_0015.npy,"(1024, 3)",False,False,PASS
datasets/lineB_downsampled_x4_up/strict_N/pu_net/train/curtain/curtain_0016.npy,"(1024, 3)",False,False,PASS
datasets/lineB_downsampled_x4_up/strict_N/pu_net/train/curtain/curtain_0017.npy,"(1024, 3)",False,False,PASS
datasets/lineB_downsampled_x4_up/strict_N/pu_net/train/curtain/curtain_0018.npy,"(1024, 3)",False,False,PASS
datasets/lineB_downsampled_x4_up/strict_N/pu_net/train/curtain/curtain_0019.npy,"(1024, 3)",False,False,PASS
datasets/lineB_downsampled_x4_up/strict_N/pu_net/train/curtain/curtain_0020.npy,"(1024, 3)",False,False,PASS
datasets/lineB_downsampled_x4_up/strict_N/pu_net/train/curtain/curtain_0021.npy,"(1024, 3)",False,False,PASS
datasets/lineB_downsampled_x4_up/strict_N/pu_net/train/curtain/curtain_0022.npy,"(1024, 3)",False,False,PASS
datasets/lineB_downsampled_x4_up/strict_N/pu_net/train/curtain/curtain_0023.npy,"(1024, 3)",False,False,PASS
datasets/lineB_downsampled_x4_up/strict_N/pu_net/train/curtain/curtain_0024.npy,"(1024, 3)",False,False,PASS
datasets/lineB_downsampled_x4_up/strict_N/pu_net/train/curtain/curtain_0025.npy,"(1024, 3)",False,False,PASS
datasets/lineB_downsampled_x4_up/strict_N/pu_net/train/curtain/curtain_0026.npy,"(1024, 3)",False,False,PASS
datasets/lineB_downsampled_x4_up/strict_N/pu_net/train/curtain/curtain_0027.npy,"(1024, 3)",False,False,PASS
datasets/lineB_downsampled_x4_up/strict_N/pu_net/train/curtain/curtain_0028.npy,"(1024, 3)",False,False,PASS
datasets/lineB_downsampled_x4_up/strict_N/pu_net/train/curtain/curtain_0029.npy,"(1024, 3)",False,False,PASS
datasets/lineB_downsampled_x4_up/strict_N/pu_net/train/curtain/curtain_0030.npy,"(1024, 3)",False,False,PASS
datasets/lineB_downsampled_x4_up/strict_N/pu_net/train/curtain/curtain_0031.npy,"(1024, 3)",False,False,PASS
datasets/lineB_downsampled_x4_up/strict_N/pu_net/train/curtain/curtain_0032.npy,"(1024, 3)",False,False,PASS
datasets/lineB_downsampled_x4_up/strict_N/pu_net/train/curtain/curtain_0033.npy,"(1024, 3)",False,False,PASS
datasets/lineB_downsampled_x4_up/strict_N/pu_net/train/curtain/curtain_0034.npy,"(1024, 3)",False,False,PASS
datasets/lineB_downsampled_x4_up/strict_N/pu_net/train/curtain/curtain_0035.npy,"(1024, 3)",False,False,PASS
datasets/lineB_downsampled_x4_up/strict_N/pu_net/train/curtain/curtain_0036.npy,"(1024, 3)",False,False,PASS
datasets/lineB_downsampled_x4_up/strict_N/pu_net/train/curtain/curtain_0037.npy,"(1024, 3)",False,False,PASS
datasets/lineB_downsampled_x4_up/strict_N/pu_net/train/curtain/curtain_0038.npy,"(1024, 3)",False,False,PASS
datasets/lineB_downsampled_x4_up/strict_N/pu_net/train/curtain/curtain_0039.npy,"(1024, 3)",False,False,PASS
datasets/lineB_downsampled_x4_up/strict_N/pu_net/train/curtain/curtain_0040.npy,"(1024, 3)",False,False,PASS
datasets/lineB_downsampled_x4_up/strict_N/pu_net/train/curtain/curtain_0041.npy,"(1024, 3)",False,False,PASS
datasets/lineB_downsampled_x4_up/strict_N/pu_net/train/curtain/curtain_0042.npy,"(1024, 3)",False,False,PASS
datasets/lineB_downsampled_x4_up/strict_N/pu_net/train/curtain/curtain_0043.npy,"(1024, 3)",False,False,PASS
datasets/lineB_downsampled_x4_up/strict_N/pu_net/train/curtain/curtain_0044.npy,"(1024, 3)",False,False,PASS
datasets/lineB_downsampled_x4_up/strict_N/pu_net/train/curtain/curtain_0045.npy,"(1024, 3)",False,False,PASS
datasets/lineB_downsampled_x4_up/strict_N/pu_net/train/curtain/curtain_0046.npy,"(1024, 3)",False,False,PASS
datasets/lineB_downsampled_x4_up/strict_N/pu_net/train/curtain/curtain_0047.npy,"(1024, 3)",False,False,PASS
datasets/lineB_downsampled_x4_up/strict_N/pu_net/train/curtain/curtain_0048.npy,"(1024, 3)",False,False,PASS
datasets/lineB_downsampled_x4_up/strict_N/pu_net/train/curtain/curtain_0049.npy,"(1024, 3)",False,False,PASS
datasets/lineB_downsampled_x4_up/strict_N/pu_net/train/curtain/curtain_0050.npy,"(1024, 3)",False,False,PASS
datasets/lineB_downsampled_x4_up/strict_N/pu_net/train/curtain/curtain_0051.npy,"(1024, 3)",False,False,PASS
datasets/lineB_downsampled_x4_up/strict_N/pu_net/train/curtain/curtain_0052.npy,"(1024, 3)",False,False,PASS
datasets/lineB_downsampled_x4_up/strict_N/pu_net/train/curtain/curtain_0053.npy,"(1024, 3)",False,False,PASS
datasets/lineB_downsampled_x4_up/strict_N/pu_net/train/curtain/curtain_0054.npy,"(1024, 3)",False,False,PASS
datasets/lineB_downsampled_x4_up/strict_N/pu_net/train/curtain/curtain_0055.npy,"(1024, 3)",False,False,PASS
datasets/lineB_downsampled_x4_up/strict_N/pu_net/train/curtain/curtain_0056.npy,"(1024, 3)",False,False,PASS
datasets/lineB_downsampled_x4_up/strict_N/pu_net/train/curtain/curtain_0057.npy,"(1024, 3)",False,False,PASS
datasets/lineB_downsampled_x4_up/strict_N/pu_net/train/curtain/curtain_0058.npy,"(1024, 3)",False,False,PASS
datasets/lineB_downsampled_x4_up/strict_N/pu_net/train/curtain/curtain_0059.npy,"(1024, 3)",False,False,PASS
datasets/lineB_downsampled_x4_up/strict_N/pu_net/train/curtain/curtain_0060.npy,"(1024, 3)",False,False,PASS
datasets/lineB_downsampled_x4_up/strict_N/pu_net/train/curtain/curtain_0061.npy,"(1024, 3)",False,False,PASS
datasets/lineB_downsampled_x4_up/strict_N/pu_net/train/curtain/curtain_0062.npy,"(1024, 3)",False,False,PASS
datasets/lineB_downsampled_x4_up/strict_N/pu_net/train/curtain/curtain_0063.npy,"(1024, 3)",False,False,PASS
datasets/lineB_downsampled_x4_up/strict_N/pu_net/train/curtain/curtain_0064.npy,"(1024, 3)",False,False,PASS
datasets/lineB_downsampled_x4_up/strict_N/pu_net/train/curtain/curtain_0065.npy,"(1024, 3)",False,False,PASS
datasets/lineB_downsampled_x4_up/strict_N/pu_net/train/curtain/curtain_0066.npy,"(1024, 3)",False,False,PASS
datasets/lineB_downsampled_x4_up/strict_N/pu_net/train/curtain/curtain_0067.npy,"(1024, 3)",False,False,PASS
datasets/lineB_downsampled_x4_up/strict_N/pu_net/train/curtain/curtain_0068.npy,"(1024, 3)",False,False,PASS
datasets/lineB_downsampled_x4_up/strict_N/pu_net/train/curtain/curtain_0069.npy,"(1024, 3)",False,False,PASS
datasets/lineB_downsampled_x4_up/strict_N/pu_net/train/curtain/curtain_0070.npy,"(1024, 3)",False,False,PASS
datasets/lineB_downsampled_x4_up/strict_N/pu_net/train/curtain/curtain_0071.npy,"(1024, 3)",False,False,PASS
datasets/lineB_downsampled_x4_up/strict_N/pu_net/train/curtain/curtain_0072.npy,"(1024, 3)",False,False,PASS
datasets/lineB_downsampled_x4_up/strict_N/pu_net/train/curtain/curtain_0073.npy,"(1024, 3)",False,False,PASS
datasets/lineB_downsampled_x4_up/strict_N/pu_net/train/curtain/curtain_0074.npy,"(1024, 3)",False,False,PASS
datasets/lineB_downsampled_x4_up/strict_N/pu_net/train/curtain/curtain_0075.npy,"(1024, 3)",False,False,PASS
datasets/lineB_downsampled_x4_up/strict_N/pu_net/train/curtain/curtain_0076.npy,"(1024, 3)",False,False,PASS
datasets/lineB_downsampled_x4_up/strict_N/pu_net/train/curtain/curtain_0077.npy,"(1024, 3)",False,False,PASS
datasets/lineB_downsampled_x4_up/strict_N/pu_net/train/curtain/curtain_0078.npy,"(1024, 3)",False,False,PASS
datasets/lineB_downsampled_x4_up/strict_N/pu_net/train/curtain/curtain_0079.npy,"(1024, 3)",False,False,PASS
datasets/lineB_downsampled_x4_up/strict_N/pu_net/train/curtain/curtain_0080.npy,"(1024, 3)",False,False,PASS
datasets/lineB_downsampled_x4_up/strict_N/pu_net/train/curtain/curtain_0081.npy,"(1024, 3)",False,False,PASS
datasets/lineB_downsampled_x4_up/strict_N/pu_net/train/curtain/curtain_0082.npy,"(1024, 3)",False,False,PASS
datasets/lineB_downsampled_x4_up/strict_N/pu_net/train/curtain/curtain_0083.npy,"(1024, 3)",False,False,PASS
datasets/lineB_downsampled_x4_up/strict_N/pu_net/train/curtain/curtain_0084.npy,"(1024, 3)",False,False,PASS
datasets/lineB_downsampled_x4_up/strict_N/pu_net/train/curtain/curtain_0085.npy,"(1024, 3)",False,False,PASS
datasets/lineB_downsampled_x4_up/strict_N/pu_net/train/curtain/curtain_0086.npy,"(1024, 3)",False,False,PASS
datasets/lineB_downsampled_x4_up/strict_N/pu_net/train/curtain/curtain_0087.npy,"(1024, 3)",False,False,PASS
datasets/lineB_downsampled_x4_up/strict_N/pu_net/train/curtain/curtain_0088.npy,"(1024, 3)",False,False,PASS
datasets/lineB_downsampled_x4_up/strict_N/pu_net/train/curtain/curtain_0089.npy,"(1024, 3)",False,False,PASS
datasets/lineB_downsampled_x4_up/strict_N/pu_net/train/curtain/curtain_0090.npy,"(1024, 3)",False,False,PASS
datasets/lineB_downsampled_x4_up/strict_N/pu_net/train/curtain/curtain_0091.npy,"(1024, 3)",False,False,PASS
datasets/lineB_downsampled_x4_up/strict_N/pu_net/train/curtain/curtain_0092.npy,"(1024, 3)",False,False,PASS
datasets/lineB_downsampled_x4_up/strict_N/pu_net/train/curtain/curtain_0093.npy,"(1024, 3)",False,False,PASS
datasets/lineB_downsampled_x4_up/strict_N/pu_net/train/curtain/curtain_0094.npy,"(1024, 3)",False,False,PASS
datasets/lineB_downsampled_x4_up/strict_N/pu_net/train/curtain/curtain_0095.npy,"(1024, 3)",False,False,PASS
datasets/lineB_downsampled_x4_up/strict_N/pu_net/train/curtain/curtain_0096.npy,"(1024, 3)",False,False,PASS
datasets/lineB_downsampled_x4_up/strict_N/pu_net/train/curtain/curtain_0097.npy,"(1024, 3)",False,False,PASS
datasets/lineB_downsampled_x4_up/strict_N/pu_net/train/curtain/curtain_0098.npy,"(1024, 3)",False,False,PASS
datasets/lineB_downsampled_x4_up/strict_N/pu_net/train/curtain/curtain_0099.npy,"(1024, 3)",False,False,PASS
datasets/lineB_downsampled_x4_up/strict_N/pu_net/train/curtain/curtain_0100.npy,"(1024, 3)",False,False,PASS
datasets/lineB_downsampled_x4_up/strict_N/pu_net/train/curtain/curtain_0101.npy,"(1024, 3)",False,False,PASS
datasets/lineB_downsampled_x4_up/strict_N/pu_net/train/curtain/curtain_0102.npy,"(1024, 3)",False,False,PASS
datasets/lineB_downsampled_x4_up/strict_N/pu_net/train/curtain/curtain_0103.npy,"(1024, 3)",False,False,PASS
datasets/lineB_downsampled_x4_up/strict_N/pu_net/train/curtain/curtain_0104.npy,"(1024, 3)",False,False,PASS
datasets/lineB_downsampled_x4_up/strict_N/pu_net/train/curtain/curtain_0105.npy,"(1024, 3)",False,False,PASS
datasets/lineB_downsampled_x4_up/strict_N/pu_net/train/curtain/curtain_0106.npy,"(1024, 3)",False,False,PASS
datasets/lineB_downsampled_x4_up/strict_N/pu_net/train/curtain/curtain_0107.npy,"(1024, 3)",False,False,PASS
datasets/lineB_downsampled_x4_up/strict_N/pu_net/train/curtain/curtain_0108.npy,"(1024, 3)",False,False,PASS
datasets/lineB_downsampled_x4_up/strict_N/pu_net/train/curtain/curtain_0109.npy,"(1024, 3)",False,False,PASS
datasets/lineB_downsampled_x4_up/strict_N/pu_net/train/curtain/curtain_0110.npy,"(1024, 3)",False,False,PASS
datasets/lineB_downsampled_x4_up/strict_N/pu_net/train/curtain/curtain_0111.npy,"(1024, 3)",False,False,PASS
datasets/lineB_downsampled_x4_up/strict_N/pu_net/train/curtain/curtain_0112.npy,"(1024, 3)",False,False,PASS
datasets/lineB_downsampled_x4_up/strict_N/pu_net/train/curtain/curtain_0113.npy,"(1024, 3)",False,False,PASS
datasets/lineB_downsampled_x4_up/strict_N/pu_net/train/curtain/curtain_0114.npy,"(1024, 3)",False,False,PASS
datasets/lineB_downsampled_x4_up/strict_N/pu_net/train/curtain/curtain_0115.npy,"(1024, 3)",False,False,PASS
datasets/lineB_downsampled_x4_up/strict_N/pu_net/train/curtain/curtain_0116.npy,"(1024, 3)",False,False,PASS
datasets/lineB_downsampled_x4_up/strict_N/pu_net/train/curtain/curtain_0117.npy,"(1024, 3)",False,False,PASS
datasets/lineB_downsampled_x4_up/strict_N/pu_net/train/curtain/curtain_0118.npy,"(1024, 3)",False,False,PASS
datasets/lineB_downsampled_x4_up/strict_N/pu_net/train/curtain/curtain_0119.npy,"(1024, 3)",False,False,PASS
datasets/lineB_downsampled_x4_up/strict_N/pu_net/train/curtain/curtain_0120.npy,"(1024, 3)",False,False,PASS
datasets/lineB_downsampled_x4_up/strict_N/pu_net/train/curtain/curtain_0121.npy,"(1024, 3)",False,False,PASS
datasets/lineB_downsampled_x4_up/strict_N/pu_net/train/curtain/curtain_0122.npy,"(1024, 3)",False,False,PASS
datasets/lineB_downsampled_x4_up/strict_N/pu_net/train/curtain/curtain_0123.npy,"(1024, 3)",False,False,PASS
datasets/lineB_downsampled_x4_up/strict_N/pu_net/train/curtain/curtain_0124.npy,"(1024, 3)",False,False,PASS
datasets/lineB_downsampled_x4_up/strict_N/pu_net/train/curtain/curtain_0125.npy,"(1024, 3)",False,False,PASS
datasets/lineB_downsampled_x4_up/strict_N/pu_net/train/curtain/curtain_0126.npy,"(1024, 3)",False,False,PASS
datasets/lineB_downsampled_x4_up/strict_N/pu_net/train/curtain/curtain_0127.npy,"(1024, 3)",False,False,PASS
datasets/lineB_downsampled_x4_up/strict_N/pu_net/train/curtain/curtain_0128.npy,"(1024, 3)",False,False,PASS
datasets/lineB_downsampled_x4_up/strict_N/pu_net/train/curtain/curtain_0129.npy,"(1024, 3)",False,False,PASS
datasets/lineB_downsampled_x4_up/strict_N/pu_net/train/curtain/curtain_0130.npy,"(1024, 3)",False,False,PASS
datasets/lineB_downsampled_x4_up/strict_N/pu_net/train/curtain/curtain_0131.npy,"(1024, 3)",False,False,PASS
datasets/lineB_downsampled_x4_up/strict_N/pu_net/train/curtain/curtain_0132.npy,"(1024, 3)",False,False,PASS
datasets/lineB_downsampled_x4_up/strict_N/pu_net/train/curtain/curtain_0133.npy,"(1024, 3)",False,False,PASS
datasets/lineB_downsampled_x4_up/strict_N/pu_net/train/curtain/curtain_0134.npy,"(1024, 3)",False,False,PASS
datasets/lineB_downsampled_x4_up/strict_N/pu_net/train/curtain/curtain_0135.npy,"(1024, 3)",False,False,PASS
datasets/lineB_downsampled_x4_up/strict_N/pu_net/train/curtain/curtain_0136.npy,"(1024, 3)",False,False,PASS
datasets/lineB_downsampled_x4_up/strict_N/pu_net/train/curtain/curtain_0137.npy,"(1024, 3)",False,False,PASS
datasets/lineB_downsampled_x4_up/strict_N/pu_net/train/curtain/curtain_0138.npy,"(1024, 3)",False,False,PASS
datasets/lineB_downsampled_x4_up/strict_N/pu_net/train/desk/desk_0001.npy,"(1024, 3)",False,False,PASS
datasets/lineB_downsampled_x4_up/strict_N/pu_net/train/desk/desk_0002.npy,"(1024, 3)",False,False,PASS
datasets/lineB_downsampled_x4_up/strict_N/pu_net/train/desk/desk_0003.npy,"(1024, 3)",False,False,PASS
datasets/lineB_downsampled_x4_up/strict_N/pu_net/train/desk/desk_0004.npy,"(1024, 3)",False,False,PASS
datasets/lineB_downsampled_x4_up/strict_N/pu_net/train/desk/desk_0005.npy,"(1024, 3)",False,False,PASS
datasets/lineB_downsampled_x4_up/strict_N/pu_net/train/desk/desk_0006.npy,"(1024, 3)",False,False,PASS
datasets/lineB_downsampled_x4_up/strict_N/pu_net/train/desk/desk_0007.npy,"(1024, 3)",False,False,PASS
datasets/lineB_downsampled_x4_up/strict_N/pu_net/train/desk/desk_0008.npy,"(1024, 3)",False,False,PASS
datasets/lineB_downsampled_x4_up/strict_N/pu_net/train/desk/desk_0009.npy,"(1024, 3)",False,False,PASS
datasets/lineB_downsampled_x4_up/strict_N/pu_net/train/desk/desk_0010.npy,"(1024, 3)",False,False,PASS
datasets/lineB_downsampled_x4_up/strict_N/pu_net/train/desk/desk_0011.npy,"(1024, 3)",False,False,PASS
datasets/lineB_downsampled_x4_up/strict_N/pu_net/train/desk/desk_0012.npy,"(1024, 3)",False,False,PASS
datasets/lineB_downsampled_x4_up/strict_N/pu_net/train/desk/desk_0013.npy,"(1024, 3)",False,False,PASS
datasets/lineB_downsampled_x4_up/strict_N/pu_net/train/desk/desk_0014.npy,"(1024, 3)",False,False,PASS
datasets/lineB_downsampled_x4_up/strict_N/pu_net/train/desk/desk_0015.npy,"(1024, 3)",False,False,PASS
datasets/lineB_downsampled_x4_up/strict_N/pu_net/train/desk/desk_0016.npy,"(1024, 3)",False,False,PASS
datasets/lineB_downsampled_x4_up/strict_N/pu_net/train/desk/desk_0017.npy,"(1024, 3)",False,False,PASS
datasets/lineB_downsampled_x4_up/strict_N/pu_net/train/desk/desk_0018.npy,"(1024, 3)",False,False,PASS
datasets/lineB_downsampled_x4_up/strict_N/pu_net/train/desk/desk_0019.npy,"(1024, 3)",False,False,PASS
datasets/lineB_downsampled_x4_up/strict_N/pu_net/train/desk/desk_0020.npy,"(1024, 3)",False,False,PASS
datasets/lineB_downsampled_x4_up/strict_N/pu_net/train/desk/desk_0021.npy,"(1024, 3)",False,False,PASS
datasets/lineB_downsampled_x4_up/strict_N/pu_net/train/desk/desk_0022.npy,"(1024, 3)",False,False,PASS
datasets/lineB_downsampled_x4_up/strict_N/pu_net/train/desk/desk_0023.npy,"(1024, 3)",False,False,PASS
datasets/lineB_downsampled_x4_up/strict_N/pu_net/train/desk/desk_0024.npy,"(1024, 3)",False,False,PASS
datasets/lineB_downsampled_x4_up/strict_N/pu_net/train/desk/desk_0025.npy,"(1024, 3)",False,False,PASS
datasets/lineB_downsampled_x4_up/strict_N/pu_net/train/desk/desk_0026.npy,"(1024, 3)",False,False,PASS
datasets/lineB_downsampled_x4_up/strict_N/pu_net/train/desk/desk_0027.npy,"(1024, 3)",False,False,PASS
datasets/lineB_downsampled_x4_up/strict_N/pu_net/train/desk/desk_0028.npy,"(1024, 3)",False,False,PASS
datasets/lineB_downsampled_x4_up/strict_N/pu_net/train/desk/desk_0029.npy,"(1024, 3)",False,False,PASS
datasets/lineB_downsampled_x4_up/strict_N/pu_net/train/desk/desk_0030.npy,"(1024, 3)",False,False,PASS
datasets/lineB_downsampled_x4_up/strict_N/pu_net/train/desk/desk_0031.npy,"(1024, 3)",False,False,PASS
datasets/lineB_downsampled_x4_up/strict_N/pu_net/train/desk/desk_0032.npy,"(1024, 3)",False,False,PASS
datasets/lineB_downsampled_x4_up/strict_N/pu_net/train/desk/desk_0033.npy,"(1024, 3)",False,False,PASS
datasets/lineB_downsampled_x4_up/strict_N/pu_net/train/desk/desk_0034.npy,"(1024, 3)",False,False,PASS
datasets/lineB_downsampled_x4_up/strict_N/pu_net/train/desk/desk_0035.npy,"(1024, 3)",False,False,PASS
datasets/lineB_downsampled_x4_up/strict_N/pu_net/train/desk/desk_0036.npy,"(1024, 3)",False,False,PASS
datasets/lineB_downsampled_x4_up/strict_N/pu_net/train/desk/desk_0037.npy,"(1024, 3)",False,False,PASS
datasets/lineB_downsampled_x4_up/strict_N/pu_net/train/desk/desk_0038.npy,"(1024, 3)",False,False,PASS
datasets/lineB_downsampled_x4_up/strict_N/pu_net/train/desk/desk_0039.npy,"(1024, 3)",False,False,PASS
datasets/lineB_downsampled_x4_up/strict_N/pu_net/train/desk/desk_0040.npy,"(1024, 3)",False,False,PASS
datasets/lineB_downsampled_x4_up/strict_N/pu_net/train/desk/desk_0041.npy,"(1024, 3)",False,False,PASS
datasets/lineB_downsampled_x4_up/strict_N/pu_net/train/desk/desk_0042.npy,"(1024, 3)",False,False,PASS
datasets/lineB_downsampled_x4_up/strict_N/pu_net/train/desk/desk_0043.npy,"(1024, 3)",False,False,PASS
datasets/lineB_downsampled_x4_up/strict_N/pu_net/train/desk/desk_0044.npy,"(1024, 3)",False,False,PASS
datasets/lineB_downsampled_x4_up/strict_N/pu_net/train/desk/desk_0045.npy,"(1024, 3)",False,False,PASS
datasets/lineB_downsampled_x4_up/strict_N/pu_net/train/desk/desk_0046.npy,"(1024, 3)",False,False,PASS
datasets/lineB_downsampled_x4_up/strict_N/pu_net/train/desk/desk_0047.npy,"(1024, 3)",False,False,PASS
datasets/lineB_downsampled_x4_up/strict_N/pu_net/train/desk/desk_0048.npy,"(1024, 3)",False,False,PASS
datasets/lineB_downsampled_x4_up/strict_N/pu_net/train/desk/desk_0049.npy,"(1024, 3)",False,False,PASS
datasets/lineB_downsampled_x4_up/strict_N/pu_net/train/desk/desk_0050.npy,"(1024, 3)",False,False,PASS
datasets/lineB_downsampled_x4_up/strict_N/pu_net/train/desk/desk_0051.npy,"(1024, 3)",False,False,PASS
datasets/lineB_downsampled_x4_up/strict_N/pu_net/train/desk/desk_0052.npy,"(1024, 3)",False,False,PASS
datasets/lineB_downsampled_x4_up/strict_N/pu_net/train/desk/desk_0053.npy,"(1024, 3)",False,False,PASS
datasets/lineB_downsampled_x4_up/strict_N/pu_net/train/desk/desk_0054.npy,"(1024, 3)",False,False,PASS
datasets/lineB_downsampled_x4_up/strict_N/pu_net/train/desk/desk_0055.npy,"(1024, 3)",False,False,PASS
datasets/lineB_downsampled_x4_up/strict_N/pu_net/train/desk/desk_0056.npy,"(1024, 3)",False,False,PASS
datasets/lineB_downsampled_x4_up/strict_N/pu_net/train/desk/desk_0057.npy,"(1024, 3)",False,False,PASS
datasets/lineB_downsampled_x4_up/strict_N/pu_net/train/desk/desk_0058.npy,"(1024, 3)",False,False,PASS
datasets/lineB_downsampled_x4_up/strict_N/pu_net/train/desk/desk_0059.npy,"(1024, 3)",False,False,PASS
datasets/lineB_downsampled_x4_up/strict_N/pu_net/train/desk/desk_0060.npy,"(1024, 3)",False,False,PASS
datasets/lineB_downsampled_x4_up/strict_N/pu_net/train/desk/desk_0061.npy,"(1024, 3)",False,False,PASS
datasets/lineB_downsampled_x4_up/strict_N/pu_net/train/desk/desk_0062.npy,"(1024, 3)",False,False,PASS
datasets/lineB_downsampled_x4_up/strict_N/pu_net/train/desk/desk_0063.npy,"(1024, 3)",False,False,PASS
datasets/lineB_downsampled_x4_up/strict_N/pu_net/train/desk/desk_0064.npy,"(1024, 3)",False,False,PASS
datasets/lineB_downsampled_x4_up/strict_N/pu_net/train/desk/desk_0065.npy,"(1024, 3)",False,False,PASS
datasets/lineB_downsampled_x4_up/strict_N/pu_net/train/desk/desk_0066.npy,"(1024, 3)",False,False,PASS
datasets/lineB_downsampled_x4_up/strict_N/pu_net/train/desk/desk_0067.npy,"(1024, 3)",False,False,PASS
datasets/lineB_downsampled_x4_up/strict_N/pu_net/train/desk/desk_0068.npy,"(1024, 3)",False,False,PASS
datasets/lineB_downsampled_x4_up/strict_N/pu_net/train/desk/desk_0069.npy,"(1024, 3)",False,False,PASS
datasets/lineB_downsampled_x4_up/strict_N/pu_net/train/desk/desk_0070.npy,"(1024, 3)",False,False,PASS
datasets/lineB_downsampled_x4_up/strict_N/pu_net/train/desk/desk_0071.npy,"(1024, 3)",False,False,PASS
datasets/lineB_downsampled_x4_up/strict_N/pu_net/train/desk/desk_0072.npy,"(1024, 3)",False,False,PASS
datasets/lineB_downsampled_x4_up/strict_N/pu_net/train/desk/desk_0073.npy,"(1024, 3)",False,False,PASS
datasets/lineB_downsampled_x4_up/strict_N/pu_net/train/desk/desk_0074.npy,"(1024, 3)",False,False,PASS
datasets/lineB_downsampled_x4_up/strict_N/pu_net/train/desk/desk_0075.npy,"(1024, 3)",False,False,PASS
datasets/lineB_downsampled_x4_up/strict_N/pu_net/train/desk/desk_0076.npy,"(1024, 3)",False,False,PASS
datasets/lineB_downsampled_x4_up/strict_N/pu_net/train/desk/desk_0077.npy,"(1024, 3)",False,False,PASS
datasets/lineB_downsampled_x4_up/strict_N/pu_net/train/desk/desk_0078.npy,"(1024, 3)",False,False,PASS
datasets/lineB_downsampled_x4_up/strict_N/pu_net/train/desk/desk_0079.npy,"(1024, 3)",False,False,PASS
datasets/lineB_downsampled_x4_up/strict_N/pu_net/train/desk/desk_0080.npy,"(1024, 3)",False,False,PASS
datasets/lineB_downsampled_x4_up/strict_N/pu_net/train/desk/desk_0081.npy,"(1024, 3)",False,False,PASS
datasets/lineB_downsampled_x4_up/strict_N/pu_net/train/desk/desk_0082.npy,"(1024, 3)",False,False,PASS
datasets/lineB_downsampled_x4_up/strict_N/pu_net/train/desk/desk_0083.npy,"(1024, 3)",False,False,PASS
datasets/lineB_downsampled_x4_up/strict_N/pu_net/train/desk/desk_0084.npy,"(1024, 3)",False,False,PASS
datasets/lineB_downsampled_x4_up/strict_N/pu_net/train/desk/desk_0085.npy,"(1024, 3)",False,False,PASS
datasets/lineB_downsampled_x4_up/strict_N/pu_net/train/desk/desk_0086.npy,"(1024, 3)",False,False,PASS
datasets/lineB_downsampled_x4_up/strict_N/pu_net/train/desk/desk_0087.npy,"(1024, 3)",False,False,PASS
datasets/lineB_downsampled_x4_up/strict_N/pu_net/train/desk/desk_0088.npy,"(1024, 3)",False,False,PASS
datasets/lineB_downsampled_x4_up/strict_N/pu_net/train/desk/desk_0089.npy,"(1024, 3)",False,False,PASS
datasets/lineB_downsampled_x4_up/strict_N/pu_net/train/desk/desk_0090.npy,"(1024, 3)",False,False,PASS
datasets/lineB_downsampled_x4_up/strict_N/pu_net/train/desk/desk_0091.npy,"(1024, 3)",False,False,PASS
datasets/lineB_downsampled_x4_up/strict_N/pu_net/train/desk/desk_0092.npy,"(1024, 3)",False,False,PASS
datasets/lineB_downsampled_x4_up/strict_N/pu_net/train/desk/desk_0093.npy,"(1024, 3)",False,False,PASS
datasets/lineB_downsampled_x4_up/strict_N/pu_net/train/desk/desk_0094.npy,"(1024, 3)",False,False,PASS
datasets/lineB_downsampled_x4_up/strict_N/pu_net/train/desk/desk_0095.npy,"(1024, 3)",False,False,PASS
datasets/lineB_downsampled_x4_up/strict_N/pu_net/train/desk/desk_0096.npy,"(1024, 3)",False,False,PASS
datasets/lineB_downsampled_x4_up/strict_N/pu_net/train/desk/desk_0097.npy,"(1024, 3)",False,False,PASS
datasets/lineB_downsampled_x4_up/strict_N/pu_net/train/desk/desk_0098.npy,"(1024, 3)",False,False,PASS
datasets/lineB_downsampled_x4_up/strict_N/pu_net/train/desk/desk_0099.npy,"(1024, 3)",False,False,PASS
datasets/lineB_downsampled_x4_up/strict_N/pu_net/train/desk/desk_0100.npy,"(1024, 3)",False,False,PASS
datasets/lineB_downsampled_x4_up/strict_N/pu_net/train/desk/desk_0101.npy,"(1024, 3)",False,False,PASS
datasets/lineB_downsampled_x4_up/strict_N/pu_net/train/desk/desk_0102.npy,"(1024, 3)",False,False,PASS
datasets/lineB_downsampled_x4_up/strict_N/pu_net/train/desk/desk_0103.npy,"(1024, 3)",False,False,PASS
datasets/lineB_downsampled_x4_up/strict_N/pu_net/train/desk/desk_0104.npy,"(1024, 3)",False,False,PASS
datasets/lineB_downsampled_x4_up/strict_N/pu_net/train/desk/desk_0105.npy,"(1024, 3)",False,False,PASS
datasets/lineB_downsampled_x4_up/strict_N/pu_net/train/desk/desk_0106.npy,"(1024, 3)",False,False,PASS
datasets/lineB_downsampled_x4_up/strict_N/pu_net/train/desk/desk_0107.npy,"(1024, 3)",False,False,PASS
datasets/lineB_downsampled_x4_up/strict_N/pu_net/train/desk/desk_0108.npy,"(1024, 3)",False,False,PASS
datasets/lineB_downsampled_x4_up/strict_N/pu_net/train/desk/desk_0109.npy,"(1024, 3)",False,False,PASS
datasets/lineB_downsampled_x4_up/strict_N/pu_net/train/desk/desk_0110.npy,"(1024, 3)",False,False,PASS
datasets/lineB_downsampled_x4_up/strict_N/pu_net/train/desk/desk_0111.npy,"(1024, 3)",False,False,PASS
datasets/lineB_downsampled_x4_up/strict_N/pu_net/train/desk/desk_0112.npy,"(1024, 3)",False,False,PASS
datasets/lineB_downsampled_x4_up/strict_N/pu_net/train/desk/desk_0113.npy,"(1024, 3)",False,False,PASS
datasets/lineB_downsampled_x4_up/strict_N/pu_net/train/desk/desk_0114.npy,"(1024, 3)",False,False,PASS
datasets/lineB_downsampled_x4_up/strict_N/pu_net/train/desk/desk_0115.npy,"(1024, 3)",False,False,PASS
datasets/lineB_downsampled_x4_up/strict_N/pu_net/train/desk/desk_0116.npy,"(1024, 3)",False,False,PASS
datasets/lineB_downsampled_x4_up/strict_N/pu_net/train/desk/desk_0117.npy,"(1024, 3)",False,False,PASS
datasets/lineB_downsampled_x4_up/strict_N/pu_net/train/desk/desk_0118.npy,"(1024, 3)",False,False,PASS
datasets/lineB_downsampled_x4_up/strict_N/pu_net/train/desk/desk_0119.npy,"(1024, 3)",False,False,PASS
datasets/lineB_downsampled_x4_up/strict_N/pu_net/train/desk/desk_0120.npy,"(1024, 3)",False,False,PASS
datasets/lineB_downsampled_x4_up/strict_N/pu_net/train/desk/desk_0121.npy,"(1024, 3)",False,False,PASS
datasets/lineB_downsampled_x4_up/strict_N/pu_net/train/desk/desk_0122.npy,"(1024, 3)",False,False,PASS
datasets/lineB_downsampled_x4_up/strict_N/pu_net/train/desk/desk_0123.npy,"(1024, 3)",False,False,PASS
datasets/lineB_downsampled_x4_up/strict_N/pu_net/train/desk/desk_0124.npy,"(1024, 3)",False,False,PASS
datasets/lineB_downsampled_x4_up/strict_N/pu_net/train/desk/desk_0125.npy,"(1024, 3)",False,False,PASS
datasets/lineB_downsampled_x4_up/strict_N/pu_net/train/desk/desk_0126.npy,"(1024, 3)",False,False,PASS
datasets/lineB_downsampled_x4_up/strict_N/pu_net/train/desk/desk_0127.npy,"(1024, 3)",False,False,PASS
datasets/lineB_downsampled_x4_up/strict_N/pu_net/train/desk/desk_0128.npy,"(1024, 3)",False,False,PASS
datasets/lineB_downsampled_x4_up/strict_N/pu_net/train/desk/desk_0129.npy,"(1024, 3)",False,False,PASS
datasets/lineB_downsampled_x4_up/strict_N/pu_net/train/desk/desk_0130.npy,"(1024, 3)",False,False,PASS
datasets/lineB_downsampled_x4_up/strict_N/pu_net/train/desk/desk_0131.npy,"(1024, 3)",False,False,PASS
datasets/lineB_downsampled_x4_up/strict_N/pu_net/train/desk/desk_0132.npy,"(1024, 3)",False,False,PASS
datasets/lineB_downsampled_x4_up/strict_N/pu_net/train/desk/desk_0133.npy,"(1024, 3)",False,False,PASS
datasets/lineB_downsampled_x4_up/strict_N/pu_net/train/desk/desk_0134.npy,"(1024, 3)",False,False,PASS
datasets/lineB_downsampled_x4_up/strict_N/pu_net/train/desk/desk_0135.npy,"(1024, 3)",False,False,PASS
datasets/lineB_downsampled_x4_up/strict_N/pu_net/train/desk/desk_0136.npy,"(1024, 3)",False,False,PASS
datasets/lineB_downsampled_x4_up/strict_N/pu_net/train/desk/desk_0137.npy,"(1024, 3)",False,False,PASS
datasets/lineB_downsampled_x4_up/strict_N/pu_net/train/desk/desk_0138.npy,"(1024, 3)",False,False,PASS
datasets/lineB_downsampled_x4_up/strict_N/pu_net/train/desk/desk_0139.npy,"(1024, 3)",False,False,PASS
datasets/lineB_downsampled_x4_up/strict_N/pu_net/train/desk/desk_0140.npy,"(1024, 3)",False,False,PASS
datasets/lineB_downsampled_x4_up/strict_N/pu_net/train/desk/desk_0141.npy,"(1024, 3)",False,False,PASS
datasets/lineB_downsampled_x4_up/strict_N/pu_net/train/desk/desk_0142.npy,"(1024, 3)",False,False,PASS
datasets/lineB_downsampled_x4_up/strict_N/pu_net/train/desk/desk_0143.npy,"(1024, 3)",False,False,PASS
datasets/lineB_downsampled_x4_up/strict_N/pu_net/train/desk/desk_0144.npy,"(1024, 3)",False,False,PASS
datasets/lineB_downsampled_x4_up/strict_N/pu_net/train/desk/desk_0145.npy,"(1024, 3)",False,False,PASS
datasets/lineB_downsampled_x4_up/strict_N/pu_net/train/desk/desk_0146.npy,"(1024, 3)",False,False,PASS
datasets/lineB_downsampled_x4_up/strict_N/pu_net/train/desk/desk_0147.npy,"(1024, 3)",False,False,PASS
datasets/lineB_downsampled_x4_up/strict_N/pu_net/train/desk/desk_0148.npy,"(1024, 3)",False,False,PASS
datasets/lineB_downsampled_x4_up/strict_N/pu_net/train/desk/desk_0149.npy,"(1024, 3)",False,False,PASS
datasets/lineB_downsampled_x4_up/strict_N/pu_net/train/desk/desk_0150.npy,"(1024, 3)",False,False,PASS
datasets/lineB_downsampled_x4_up/strict_N/pu_net/train/desk/desk_0151.npy,"(1024, 3)",False,False,PASS
datasets/lineB_downsampled_x4_up/strict_N/pu_net/train/desk/desk_0152.npy,"(1024, 3)",False,False,PASS
datasets/lineB_downsampled_x4_up/strict_N/pu_net/train/desk/desk_0153.npy,"(1024, 3)",False,False,PASS
datasets/lineB_downsampled_x4_up/strict_N/pu_net/train/desk/desk_0154.npy,"(1024, 3)",False,False,PASS
datasets/lineB_downsampled_x4_up/strict_N/pu_net/train/desk/desk_0155.npy,"(1024, 3)",False,False,PASS
datasets/lineB_downsampled_x4_up/strict_N/pu_net/train/desk/desk_0156.npy,"(1024, 3)",False,False,PASS
datasets/lineB_downsampled_x4_up/strict_N/pu_net/train/desk/desk_0157.npy,"(1024, 3)",False,False,PASS
datasets/lineB_downsampled_x4_up/strict_N/pu_net/train/desk/desk_0158.npy,"(1024, 3)",False,False,PASS
datasets/lineB_downsampled_x4_up/strict_N/pu_net/train/desk/desk_0159.npy,"(1024, 3)",False,False,PASS
datasets/lineB_downsampled_x4_up/strict_N/pu_net/train/desk/desk_0160.npy,"(1024, 3)",False,False,PASS
datasets/lineB_downsampled_x4_up/strict_N/pu_net/train/desk/desk_0161.npy,"(1024, 3)",False,False,PASS
datasets/lineB_downsampled_x4_up/strict_N/pu_net/train/desk/desk_0162.npy,"(1024, 3)",False,False,PASS
datasets/lineB_downsampled_x4_up/strict_N/pu_net/train/desk/desk_0163.npy,"(1024, 3)",False,False,PASS
datasets/lineB_downsampled_x4_up/strict_N/pu_net/train/desk/desk_0164.npy,"(1024, 3)",False,False,PASS
datasets/lineB_downsampled_x4_up/strict_N/pu_net/train/desk/desk_0165.npy,"(1024, 3)",False,False,PASS
datasets/lineB_downsampled_x4_up/strict_N/pu_net/train/desk/desk_0166.npy,"(1024, 3)",False,False,PASS
datasets/lineB_downsampled_x4_up/strict_N/pu_net/train/desk/desk_0167.npy,"(1024, 3)",False,False,PASS
datasets/lineB_downsampled_x4_up/strict_N/pu_net/train/desk/desk_0168.npy,"(1024, 3)",False,False,PASS
datasets/lineB_downsampled_x4_up/strict_N/pu_net/train/desk/desk_0169.npy,"(1024, 3)",False,False,PASS
datasets/lineB_downsampled_x4_up/strict_N/pu_net/train/desk/desk_0170.npy,"(1024, 3)",False,False,PASS
datasets/lineB_downsampled_x4_up/strict_N/pu_net/train/desk/desk_0171.npy,"(1024, 3)",False,False,PASS
datasets/lineB_downsampled_x4_up/strict_N/pu_net/train/desk/desk_0172.npy,"(1024, 3)",False,False,PASS
datasets/lineB_downsampled_x4_up/strict_N/pu_net/train/desk/desk_0173.npy,"(1024, 3)",False,False,PASS
datasets/lineB_downsampled_x4_up/strict_N/pu_net/train/desk/desk_0174.npy,"(1024, 3)",False,False,PASS
datasets/lineB_downsampled_x4_up/strict_N/pu_net/train/desk/desk_0175.npy,"(1024, 3)",False,False,PASS
datasets/lineB_downsampled_x4_up/strict_N/pu_net/train/desk/desk_0176.npy,"(1024, 3)",False,False,PASS
datasets/lineB_downsampled_x4_up/strict_N/pu_net/train/desk/desk_0177.npy,"(1024, 3)",False,False,PASS
datasets/lineB_downsampled_x4_up/strict_N/pu_net/train/desk/desk_0178.npy,"(1024, 3)",False,False,PASS
datasets/lineB_downsampled_x4_up/strict_N/pu_net/train/desk/desk_0179.npy,"(1024, 3)",False,False,PASS
datasets/lineB_downsampled_x4_up/strict_N/pu_net/train/desk/desk_0180.npy,"(1024, 3)",False,False,PASS
datasets/lineB_downsampled_x4_up/strict_N/pu_net/train/desk/desk_0181.npy,"(1024, 3)",False,False,PASS
datasets/lineB_downsampled_x4_up/strict_N/pu_net/train/desk/desk_0182.npy,"(1024, 3)",False,False,PASS
datasets/lineB_downsampled_x4_up/strict_N/pu_net/train/desk/desk_0183.npy,"(1024, 3)",False,False,PASS
datasets/lineB_downsampled_x4_up/strict_N/pu_net/train/desk/desk_0184.npy,"(1024, 3)",False,False,PASS
datasets/lineB_downsampled_x4_up/strict_N/pu_net/train/desk/desk_0185.npy,"(1024, 3)",False,False,PASS
datasets/lineB_downsampled_x4_up/strict_N/pu_net/train/desk/desk_0186.npy,"(1024, 3)",False,False,PASS
datasets/lineB_downsampled_x4_up/strict_N/pu_net/train/desk/desk_0187.npy,"(1024, 3)",False,False,PASS
datasets/lineB_downsampled_x4_up/strict_N/pu_net/train/desk/desk_0188.npy,"(1024, 3)",False,False,PASS
datasets/lineB_downsampled_x4_up/strict_N/pu_net/train/desk/desk_0189.npy,"(1024, 3)",False,False,PASS
datasets/lineB_downsampled_x4_up/strict_N/pu_net/train/desk/desk_0190.npy,"(1024, 3)",False,False,PASS
datasets/lineB_downsampled_x4_up/strict_N/pu_net/train/desk/desk_0191.npy,"(1024, 3)",False,False,PASS
datasets/lineB_downsampled_x4_up/strict_N/pu_net/train/desk/desk_0192.npy,"(1024, 3)",False,False,PASS
datasets/lineB_downsampled_x4_up/strict_N/pu_net/train/desk/desk_0193.npy,"(1024, 3)",False,False,PASS
datasets/lineB_downsampled_x4_up/strict_N/pu_net/train/desk/desk_0194.npy,"(1024, 3)",False,False,PASS
datasets/lineB_downsampled_x4_up/strict_N/pu_net/train/desk/desk_0195.npy,"(1024, 3)",False,False,PASS
datasets/lineB_downsampled_x4_up/strict_N/pu_net/train/desk/desk_0196.npy,"(1024, 3)",False,False,PASS
datasets/lineB_downsampled_x4_up/strict_N/pu_net/train/desk/desk_0197.npy,"(1024, 3)",False,False,PASS
datasets/lineB_downsampled_x4_up/strict_N/pu_net/train/desk/desk_0198.npy,"(1024, 3)",False,False,PASS
datasets/lineB_downsampled_x4_up/strict_N/pu_net/train/desk/desk_0199.npy,"(1024, 3)",False,False,PASS
datasets/lineB_downsampled_x4_up/strict_N/pu_net/train/desk/desk_0200.npy,"(1024, 3)",False,False,PASS
datasets/lineB_downsampled_x4_up/strict_N/pu_net/train/door/door_0001.npy,"(1024, 3)",False,False,PASS
datasets/lineB_downsampled_x4_up/strict_N/pu_net/train/door/door_0002.npy,"(1024, 3)",False,False,PASS
datasets/lineB_downsampled_x4_up/strict_N/pu_net/train/door/door_0003.npy,"(1024, 3)",False,False,PASS
datasets/lineB_downsampled_x4_up/strict_N/pu_net/train/door/door_0004.npy,"(1024, 3)",False,False,PASS
datasets/lineB_downsampled_x4_up/strict_N/pu_net/train/door/door_0005.npy,"(1024, 3)",False,False,PASS
datasets/lineB_downsampled_x4_up/strict_N/pu_net/train/door/door_0006.npy,"(1024, 3)",False,False,PASS
datasets/lineB_downsampled_x4_up/strict_N/pu_net/train/door/door_0007.npy,"(1024, 3)",False,False,PASS
datasets/lineB_downsampled_x4_up/strict_N/pu_net/train/door/door_0008.npy,"(1024, 3)",False,False,PASS
datasets/lineB_downsampled_x4_up/strict_N/pu_net/train/door/door_0009.npy,"(1024, 3)",False,False,PASS
datasets/lineB_downsampled_x4_up/strict_N/pu_net/train/door/door_0010.npy,"(1024, 3)",False,False,PASS
datasets/lineB_downsampled_x4_up/strict_N/pu_net/train/door/door_0011.npy,"(1024, 3)",False,False,PASS
datasets/lineB_downsampled_x4_up/strict_N/pu_net/train/door/door_0012.npy,"(1024, 3)",False,False,PASS
datasets/lineB_downsampled_x4_up/strict_N/pu_net/train/door/door_0013.npy,"(1024, 3)",False,False,PASS
datasets/lineB_downsampled_x4_up/strict_N/pu_net/train/door/door_0014.npy,"(1024, 3)",False,False,PASS
datasets/lineB_downsampled_x4_up/strict_N/pu_net/train/door/door_0015.npy,"(1024, 3)",False,False,PASS
datasets/lineB_downsampled_x4_up/strict_N/pu_net/train/door/door_0016.npy,"(1024, 3)",False,False,PASS
datasets/lineB_downsampled_x4_up/strict_N/pu_net/train/door/door_0017.npy,"(1024, 3)",False,False,PASS
datasets/lineB_downsampled_x4_up/strict_N/pu_net/train/door/door_0018.npy,"(1024, 3)",False,False,PASS
datasets/lineB_downsampled_x4_up/strict_N/pu_net/train/door/door_0019.npy,"(1024, 3)",False,False,PASS
datasets/lineB_downsampled_x4_up/strict_N/pu_net/train/door/door_0020.npy,"(1024, 3)",False,False,PASS
datasets/lineB_downsampled_x4_up/strict_N/pu_net/train/door/door_0021.npy,"(1024, 3)",False,False,PASS
datasets/lineB_downsampled_x4_up/strict_N/pu_net/train/door/door_0022.npy,"(1024, 3)",False,False,PASS
datasets/lineB_downsampled_x4_up/strict_N/pu_net/train/door/door_0023.npy,"(1024, 3)",False,False,PASS
datasets/lineB_downsampled_x4_up/strict_N/pu_net/train/door/door_0024.npy,"(1024, 3)",False,False,PASS
datasets/lineB_downsampled_x4_up/strict_N/pu_net/train/door/door_0025.npy,"(1024, 3)",False,False,PASS
datasets/lineB_downsampled_x4_up/strict_N/pu_net/train/door/door_0026.npy,"(1024, 3)",False,False,PASS
datasets/lineB_downsampled_x4_up/strict_N/pu_net/train/door/door_0027.npy,"(1024, 3)",False,False,PASS
datasets/lineB_downsampled_x4_up/strict_N/pu_net/train/door/door_0028.npy,"(1024, 3)",False,False,PASS
datasets/lineB_downsampled_x4_up/strict_N/pu_net/train/door/door_0029.npy,"(1024, 3)",False,False,PASS
datasets/lineB_downsampled_x4_up/strict_N/pu_net/train/door/door_0030.npy,"(1024, 3)",False,False,PASS
datasets/lineB_downsampled_x4_up/strict_N/pu_net/train/door/door_0031.npy,"(1024, 3)",False,False,PASS
datasets/lineB_downsampled_x4_up/strict_N/pu_net/train/door/door_0032.npy,"(1024, 3)",False,False,PASS
datasets/lineB_downsampled_x4_up/strict_N/pu_net/train/door/door_0033.npy,"(1024, 3)",False,False,PASS
datasets/lineB_downsampled_x4_up/strict_N/pu_net/train/door/door_0034.npy,"(1024, 3)",False,False,PASS
datasets/lineB_downsampled_x4_up/strict_N/pu_net/train/door/door_0035.npy,"(1024, 3)",False,False,PASS
datasets/lineB_downsampled_x4_up/strict_N/pu_net/train/door/door_0036.npy,"(1024, 3)",False,False,PASS
datasets/lineB_downsampled_x4_up/strict_N/pu_net/train/door/door_0037.npy,"(1024, 3)",False,False,PASS
datasets/lineB_downsampled_x4_up/strict_N/pu_net/train/door/door_0038.npy,"(1024, 3)",False,False,PASS
datasets/lineB_downsampled_x4_up/strict_N/pu_net/train/door/door_0039.npy,"(1024, 3)",False,False,PASS
datasets/lineB_downsampled_x4_up/strict_N/pu_net/train/door/door_0040.npy,"(1024, 3)",False,False,PASS
datasets/lineB_downsampled_x4_up/strict_N/pu_net/train/door/door_0041.npy,"(1024, 3)",False,False,PASS
datasets/lineB_downsampled_x4_up/strict_N/pu_net/train/door/door_0042.npy,"(1024, 3)",False,False,PASS
datasets/lineB_downsampled_x4_up/strict_N/pu_net/train/door/door_0043.npy,"(1024, 3)",False,False,PASS
datasets/lineB_downsampled_x4_up/strict_N/pu_net/train/door/door_0044.npy,"(1024, 3)",False,False,PASS
datasets/lineB_downsampled_x4_up/strict_N/pu_net/train/door/door_0045.npy,"(1024, 3)",False,False,PASS
datasets/lineB_downsampled_x4_up/strict_N/pu_net/train/door/door_0046.npy,"(1024, 3)",False,False,PASS
datasets/lineB_downsampled_x4_up/strict_N/pu_net/train/door/door_0047.npy,"(1024, 3)",False,False,PASS
datasets/lineB_downsampled_x4_up/strict_N/pu_net/train/door/door_0048.npy,"(1024, 3)",False,False,PASS
datasets/lineB_downsampled_x4_up/strict_N/pu_net/train/door/door_0049.npy,"(1024, 3)",False,False,PASS
datasets/lineB_downsampled_x4_up/strict_N/pu_net/train/door/door_0050.npy,"(1024, 3)",False,False,PASS
datasets/lineB_downsampled_x4_up/strict_N/pu_net/train/door/door_0051.npy,"(1024, 3)",False,False,PASS
datasets/lineB_downsampled_x4_up/strict_N/pu_net/train/door/door_0052.npy,"(1024, 3)",False,False,PASS
datasets/lineB_downsampled_x4_up/strict_N/pu_net/train/door/door_0053.npy,"(1024, 3)",False,False,PASS
datasets/lineB_downsampled_x4_up/strict_N/pu_net/train/door/door_0054.npy,"(1024, 3)",False,False,PASS
datasets/lineB_downsampled_x4_up/strict_N/pu_net/train/door/door_0055.npy,"(1024, 3)",False,False,PASS
datasets/lineB_downsampled_x4_up/strict_N/pu_net/train/door/door_0056.npy,"(1024, 3)",False,False,PASS
datasets/lineB_downsampled_x4_up/strict_N/pu_net/train/door/door_0057.npy,"(1024, 3)",False,False,PASS
datasets/lineB_downsampled_x4_up/strict_N/pu_net/train/door/door_0058.npy,"(1024, 3)",False,False,PASS
datasets/lineB_downsampled_x4_up/strict_N/pu_net/train/door/door_0059.npy,"(1024, 3)",False,False,PASS
datasets/lineB_downsampled_x4_up/strict_N/pu_net/train/door/door_0060.npy,"(1024, 3)",False,False,PASS
datasets/lineB_downsampled_x4_up/strict_N/pu_net/train/door/door_0061.npy,"(1024, 3)",False,False,PASS
datasets/lineB_downsampled_x4_up/strict_N/pu_net/train/door/door_0062.npy,"(1024, 3)",False,False,PASS
datasets/lineB_downsampled_x4_up/strict_N/pu_net/train/door/door_0063.npy,"(1024, 3)",False,False,PASS
datasets/lineB_downsampled_x4_up/strict_N/pu_net/train/door/door_0064.npy,"(1024, 3)",False,False,PASS
datasets/lineB_downsampled_x4_up/strict_N/pu_net/train/door/door_0065.npy,"(1024, 3)",False,False,PASS
datasets/lineB_downsampled_x4_up/strict_N/pu_net/train/door/door_0066.npy,"(1024, 3)",False,False,PASS
datasets/lineB_downsampled_x4_up/strict_N/pu_net/train/door/door_0067.npy,"(1024, 3)",False,False,PASS
datasets/lineB_downsampled_x4_up/strict_N/pu_net/train/door/door_0068.npy,"(1024, 3)",False,False,PASS
datasets/lineB_downsampled_x4_up/strict_N/pu_net/train/door/door_0069.npy,"(1024, 3)",False,False,PASS
datasets/lineB_downsampled_x4_up/strict_N/pu_net/train/door/door_0070.npy,"(1024, 3)",False,False,PASS
datasets/lineB_downsampled_x4_up/strict_N/pu_net/train/door/door_0071.npy,"(1024, 3)",False,False,PASS
datasets/lineB_downsampled_x4_up/strict_N/pu_net/train/door/door_0072.npy,"(1024, 3)",False,False,PASS
datasets/lineB_downsampled_x4_up/strict_N/pu_net/train/door/door_0073.npy,"(1024, 3)",False,False,PASS
datasets/lineB_downsampled_x4_up/strict_N/pu_net/train/door/door_0074.npy,"(1024, 3)",False,False,PASS
datasets/lineB_downsampled_x4_up/strict_N/pu_net/train/door/door_0075.npy,"(1024, 3)",False,False,PASS
datasets/lineB_downsampled_x4_up/strict_N/pu_net/train/door/door_0076.npy,"(1024, 3)",False,False,PASS
datasets/lineB_downsampled_x4_up/strict_N/pu_net/train/door/door_0077.npy,"(1024, 3)",False,False,PASS
datasets/lineB_downsampled_x4_up/strict_N/pu_net/train/door/door_0078.npy,"(1024, 3)",False,False,PASS
datasets/lineB_downsampled_x4_up/strict_N/pu_net/train/door/door_0079.npy,"(1024, 3)",False,False,PASS
datasets/lineB_downsampled_x4_up/strict_N/pu_net/train/door/door_0080.npy,"(1024, 3)",False,False,PASS
datasets/lineB_downsampled_x4_up/strict_N/pu_net/train/door/door_0081.npy,"(1024, 3)",False,False,PASS
datasets/lineB_downsampled_x4_up/strict_N/pu_net/train/door/door_0082.npy,"(1024, 3)",False,False,PASS
datasets/lineB_downsampled_x4_up/strict_N/pu_net/train/door/door_0083.npy,"(1024, 3)",False,False,PASS
datasets/lineB_downsampled_x4_up/strict_N/pu_net/train/door/door_0084.npy,"(1024, 3)",False,False,PASS
datasets/lineB_downsampled_x4_up/strict_N/pu_net/train/door/door_0085.npy,"(1024, 3)",False,False,PASS
datasets/lineB_downsampled_x4_up/strict_N/pu_net/train/door/door_0086.npy,"(1024, 3)",False,False,PASS
datasets/lineB_downsampled_x4_up/strict_N/pu_net/train/door/door_0087.npy,"(1024, 3)",False,False,PASS
datasets/lineB_downsampled_x4_up/strict_N/pu_net/train/door/door_0088.npy,"(1024, 3)",False,False,PASS
datasets/lineB_downsampled_x4_up/strict_N/pu_net/train/door/door_0089.npy,"(1024, 3)",False,False,PASS
datasets/lineB_downsampled_x4_up/strict_N/pu_net/train/door/door_0090.npy,"(1024, 3)",False,False,PASS
datasets/lineB_downsampled_x4_up/strict_N/pu_net/train/door/door_0091.npy,"(1024, 3)",False,False,PASS
datasets/lineB_downsampled_x4_up/strict_N/pu_net/train/door/door_0092.npy,"(1024, 3)",False,False,PASS
datasets/lineB_downsampled_x4_up/strict_N/pu_net/train/door/door_0093.npy,"(1024, 3)",False,False,PASS
datasets/lineB_downsampled_x4_up/strict_N/pu_net/train/door/door_0094.npy,"(1024, 3)",False,False,PASS
datasets/lineB_downsampled_x4_up/strict_N/pu_net/train/door/door_0095.npy,"(1024, 3)",False,False,PASS
datasets/lineB_downsampled_x4_up/strict_N/pu_net/train/door/door_0096.npy,"(1024, 3)",False,False,PASS
datasets/lineB_downsampled_x4_up/strict_N/pu_net/train/door/door_0097.npy,"(1024, 3)",False,False,PASS
datasets/lineB_downsampled_x4_up/strict_N/pu_net/train/door/door_0098.npy,"(1024, 3)",False,False,PASS
datasets/lineB_downsampled_x4_up/strict_N/pu_net/train/door/door_0099.npy,"(1024, 3)",False,False,PASS
datasets/lineB_downsampled_x4_up/strict_N/pu_net/train/door/door_0100.npy,"(1024, 3)",False,False,PASS
datasets/lineB_downsampled_x4_up/strict_N/pu_net/train/door/door_0101.npy,"(1024, 3)",False,False,PASS
datasets/lineB_downsampled_x4_up/strict_N/pu_net/train/door/door_0102.npy,"(1024, 3)",False,False,PASS
datasets/lineB_downsampled_x4_up/strict_N/pu_net/train/door/door_0103.npy,"(1024, 3)",False,False,PASS
datasets/lineB_downsampled_x4_up/strict_N/pu_net/train/door/door_0104.npy,"(1024, 3)",False,False,PASS
datasets/lineB_downsampled_x4_up/strict_N/pu_net/train/door/door_0105.npy,"(1024, 3)",False,False,PASS
datasets/lineB_downsampled_x4_up/strict_N/pu_net/train/door/door_0106.npy,"(1024, 3)",False,False,PASS
datasets/lineB_downsampled_x4_up/strict_N/pu_net/train/door/door_0107.npy,"(1024, 3)",False,False,PASS
datasets/lineB_downsampled_x4_up/strict_N/pu_net/train/door/door_0108.npy,"(1024, 3)",False,False,PASS
datasets/lineB_downsampled_x4_up/strict_N/pu_net/train/door/door_0109.npy,"(1024, 3)",False,False,PASS
datasets/lineB_downsampled_x4_up/strict_N/pu_net/train/dresser/dresser_0001.npy,"(1024, 3)",False,False,PASS
datasets/lineB_downsampled_x4_up/strict_N/pu_net/train/dresser/dresser_0002.npy,"(1024, 3)",False,False,PASS
datasets/lineB_downsampled_x4_up/strict_N/pu_net/train/dresser/dresser_0003.npy,"(1024, 3)",False,False,PASS
datasets/lineB_downsampled_x4_up/strict_N/pu_net/train/dresser/dresser_0004.npy,"(1024, 3)",False,False,PASS
datasets/lineB_downsampled_x4_up/strict_N/pu_net/train/dresser/dresser_0005.npy,"(1024, 3)",False,False,PASS
datasets/lineB_downsampled_x4_up/strict_N/pu_net/train/dresser/dresser_0006.npy,"(1024, 3)",False,False,PASS
datasets/lineB_downsampled_x4_up/strict_N/pu_net/train/dresser/dresser_0007.npy,"(1024, 3)",False,False,PASS
datasets/lineB_downsampled_x4_up/strict_N/pu_net/train/dresser/dresser_0008.npy,"(1024, 3)",False,False,PASS
datasets/lineB_downsampled_x4_up/strict_N/pu_net/train/dresser/dresser_0009.npy,"(1024, 3)",False,False,PASS
datasets/lineB_downsampled_x4_up/strict_N/pu_net/train/dresser/dresser_0010.npy,"(1024, 3)",False,False,PASS
datasets/lineB_downsampled_x4_up/strict_N/pu_net/train/dresser/dresser_0011.npy,"(1024, 3)",False,False,PASS
datasets/lineB_downsampled_x4_up/strict_N/pu_net/train/dresser/dresser_0012.npy,"(1024, 3)",False,False,PASS
datasets/lineB_downsampled_x4_up/strict_N/pu_net/train/dresser/dresser_0013.npy,"(1024, 3)",False,False,PASS
datasets/lineB_downsampled_x4_up/strict_N/pu_net/train/dresser/dresser_0014.npy,"(1024, 3)",False,False,PASS
datasets/lineB_downsampled_x4_up/strict_N/pu_net/train/dresser/dresser_0015.npy,"(1024, 3)",False,False,PASS
datasets/lineB_downsampled_x4_up/strict_N/pu_net/train/dresser/dresser_0016.npy,"(1024, 3)",False,False,PASS
datasets/lineB_downsampled_x4_up/strict_N/pu_net/train/dresser/dresser_0017.npy,"(1024, 3)",False,False,PASS
datasets/lineB_downsampled_x4_up/strict_N/pu_net/train/dresser/dresser_0018.npy,"(1024, 3)",False,False,PASS
datasets/lineB_downsampled_x4_up/strict_N/pu_net/train/dresser/dresser_0019.npy,"(1024, 3)",False,False,PASS
datasets/lineB_downsampled_x4_up/strict_N/pu_net/train/dresser/dresser_0020.npy,"(1024, 3)",False,False,PASS
datasets/lineB_downsampled_x4_up/strict_N/pu_net/train/dresser/dresser_0021.npy,"(1024, 3)",False,False,PASS
datasets/lineB_downsampled_x4_up/strict_N/pu_net/train/dresser/dresser_0022.npy,"(1024, 3)",False,False,PASS
datasets/lineB_downsampled_x4_up/strict_N/pu_net/train/dresser/dresser_0023.npy,"(1024, 3)",False,False,PASS
datasets/lineB_downsampled_x4_up/strict_N/pu_net/train/dresser/dresser_0024.npy,"(1024, 3)",False,False,PASS
datasets/lineB_downsampled_x4_up/strict_N/pu_net/train/dresser/dresser_0025.npy,"(1024, 3)",False,False,PASS
datasets/lineB_downsampled_x4_up/strict_N/pu_net/train/dresser/dresser_0026.npy,"(1024, 3)",False,False,PASS
datasets/lineB_downsampled_x4_up/strict_N/pu_net/train/dresser/dresser_0027.npy,"(1024, 3)",False,False,PASS
datasets/lineB_downsampled_x4_up/strict_N/pu_net/train/dresser/dresser_0028.npy,"(1024, 3)",False,False,PASS
datasets/lineB_downsampled_x4_up/strict_N/pu_net/train/dresser/dresser_0029.npy,"(1024, 3)",False,False,PASS
datasets/lineB_downsampled_x4_up/strict_N/pu_net/train/dresser/dresser_0030.npy,"(1024, 3)",False,False,PASS
datasets/lineB_downsampled_x4_up/strict_N/pu_net/train/dresser/dresser_0031.npy,"(1024, 3)",False,False,PASS
datasets/lineB_downsampled_x4_up/strict_N/pu_net/train/dresser/dresser_0032.npy,"(1024, 3)",False,False,PASS
datasets/lineB_downsampled_x4_up/strict_N/pu_net/train/dresser/dresser_0033.npy,"(1024, 3)",False,False,PASS
datasets/lineB_downsampled_x4_up/strict_N/pu_net/train/dresser/dresser_0034.npy,"(1024, 3)",False,False,PASS
datasets/lineB_downsampled_x4_up/strict_N/pu_net/train/dresser/dresser_0035.npy,"(1024, 3)",False,False,PASS
datasets/lineB_downsampled_x4_up/strict_N/pu_net/train/dresser/dresser_0036.npy,"(1024, 3)",False,False,PASS
datasets/lineB_downsampled_x4_up/strict_N/pu_net/train/dresser/dresser_0037.npy,"(1024, 3)",False,False,PASS
datasets/lineB_downsampled_x4_up/strict_N/pu_net/train/dresser/dresser_0038.npy,"(1024, 3)",False,False,PASS
datasets/lineB_downsampled_x4_up/strict_N/pu_net/train/dresser/dresser_0039.npy,"(1024, 3)",False,False,PASS
datasets/lineB_downsampled_x4_up/strict_N/pu_net/train/dresser/dresser_0040.npy,"(1024, 3)",False,False,PASS
datasets/lineB_downsampled_x4_up/strict_N/pu_net/train/dresser/dresser_0041.npy,"(1024, 3)",False,False,PASS
datasets/lineB_downsampled_x4_up/strict_N/pu_net/train/dresser/dresser_0042.npy,"(1024, 3)",False,False,PASS
datasets/lineB_downsampled_x4_up/strict_N/pu_net/train/dresser/dresser_0043.npy,"(1024, 3)",False,False,PASS
datasets/lineB_downsampled_x4_up/strict_N/pu_net/train/dresser/dresser_0044.npy,"(1024, 3)",False,False,PASS
datasets/lineB_downsampled_x4_up/strict_N/pu_net/train/dresser/dresser_0045.npy,"(1024, 3)",False,False,PASS
datasets/lineB_downsampled_x4_up/strict_N/pu_net/train/dresser/dresser_0046.npy,"(1024, 3)",False,False,PASS
datasets/lineB_downsampled_x4_up/strict_N/pu_net/train/dresser/dresser_0047.npy,"(1024, 3)",False,False,PASS
datasets/lineB_downsampled_x4_up/strict_N/pu_net/train/dresser/dresser_0048.npy,"(1024, 3)",False,False,PASS
datasets/lineB_downsampled_x4_up/strict_N/pu_net/train/dresser/dresser_0049.npy,"(1024, 3)",False,False,PASS
datasets/lineB_downsampled_x4_up/strict_N/pu_net/train/dresser/dresser_0050.npy,"(1024, 3)",False,False,PASS
datasets/lineB_downsampled_x4_up/strict_N/pu_net/train/dresser/dresser_0051.npy,"(1024, 3)",False,False,PASS
datasets/lineB_downsampled_x4_up/strict_N/pu_net/train/dresser/dresser_0052.npy,"(1024, 3)",False,False,PASS
datasets/lineB_downsampled_x4_up/strict_N/pu_net/train/dresser/dresser_0053.npy,"(1024, 3)",False,False,PASS
datasets/lineB_downsampled_x4_up/strict_N/pu_net/train/dresser/dresser_0054.npy,"(1024, 3)",False,False,PASS
datasets/lineB_downsampled_x4_up/strict_N/pu_net/train/dresser/dresser_0055.npy,"(1024, 3)",False,False,PASS
datasets/lineB_downsampled_x4_up/strict_N/pu_net/train/dresser/dresser_0056.npy,"(1024, 3)",False,False,PASS
datasets/lineB_downsampled_x4_up/strict_N/pu_net/train/dresser/dresser_0057.npy,"(1024, 3)",False,False,PASS
datasets/lineB_downsampled_x4_up/strict_N/pu_net/train/dresser/dresser_0058.npy,"(1024, 3)",False,False,PASS
datasets/lineB_downsampled_x4_up/strict_N/pu_net/train/dresser/dresser_0059.npy,"(1024, 3)",False,False,PASS
datasets/lineB_downsampled_x4_up/strict_N/pu_net/train/dresser/dresser_0060.npy,"(1024, 3)",False,False,PASS
datasets/lineB_downsampled_x4_up/strict_N/pu_net/train/dresser/dresser_0061.npy,"(1024, 3)",False,False,PASS
datasets/lineB_downsampled_x4_up/strict_N/pu_net/train/dresser/dresser_0062.npy,"(1024, 3)",False,False,PASS
datasets/lineB_downsampled_x4_up/strict_N/pu_net/train/dresser/dresser_0063.npy,"(1024, 3)",False,False,PASS
datasets/lineB_downsampled_x4_up/strict_N/pu_net/train/dresser/dresser_0064.npy,"(1024, 3)",False,False,PASS
datasets/lineB_downsampled_x4_up/strict_N/pu_net/train/dresser/dresser_0065.npy,"(1024, 3)",False,False,PASS
datasets/lineB_downsampled_x4_up/strict_N/pu_net/train/dresser/dresser_0066.npy,"(1024, 3)",False,False,PASS
datasets/lineB_downsampled_x4_up/strict_N/pu_net/train/dresser/dresser_0067.npy,"(1024, 3)",False,False,PASS
datasets/lineB_downsampled_x4_up/strict_N/pu_net/train/dresser/dresser_0068.npy,"(1024, 3)",False,False,PASS
datasets/lineB_downsampled_x4_up/strict_N/pu_net/train/dresser/dresser_0069.npy,"(1024, 3)",False,False,PASS
datasets/lineB_downsampled_x4_up/strict_N/pu_net/train/dresser/dresser_0070.npy,"(1024, 3)",False,False,PASS
datasets/lineB_downsampled_x4_up/strict_N/pu_net/train/dresser/dresser_0071.npy,"(1024, 3)",False,False,PASS
datasets/lineB_downsampled_x4_up/strict_N/pu_net/train/dresser/dresser_0072.npy,"(1024, 3)",False,False,PASS
datasets/lineB_downsampled_x4_up/strict_N/pu_net/train/dresser/dresser_0073.npy,"(1024, 3)",False,False,PASS
datasets/lineB_downsampled_x4_up/strict_N/pu_net/train/dresser/dresser_0074.npy,"(1024, 3)",False,False,PASS
datasets/lineB_downsampled_x4_up/strict_N/pu_net/train/dresser/dresser_0075.npy,"(1024, 3)",False,False,PASS
datasets/lineB_downsampled_x4_up/strict_N/pu_net/train/dresser/dresser_0076.npy,"(1024, 3)",False,False,PASS
datasets/lineB_downsampled_x4_up/strict_N/pu_net/train/dresser/dresser_0077.npy,"(1024, 3)",False,False,PASS
datasets/lineB_downsampled_x4_up/strict_N/pu_net/train/dresser/dresser_0078.npy,"(1024, 3)",False,False,PASS
datasets/lineB_downsampled_x4_up/strict_N/pu_net/train/dresser/dresser_0079.npy,"(1024, 3)",False,False,PASS
datasets/lineB_downsampled_x4_up/strict_N/pu_net/train/dresser/dresser_0080.npy,"(1024, 3)",False,False,PASS
datasets/lineB_downsampled_x4_up/strict_N/pu_net/train/dresser/dresser_0081.npy,"(1024, 3)",False,False,PASS
datasets/lineB_downsampled_x4_up/strict_N/pu_net/train/dresser/dresser_0082.npy,"(1024, 3)",False,False,PASS
datasets/lineB_downsampled_x4_up/strict_N/pu_net/train/dresser/dresser_0083.npy,"(1024, 3)",False,False,PASS
datasets/lineB_downsampled_x4_up/strict_N/pu_net/train/dresser/dresser_0084.npy,"(1024, 3)",False,False,PASS
datasets/lineB_downsampled_x4_up/strict_N/pu_net/train/dresser/dresser_0085.npy,"(1024, 3)",False,False,PASS
datasets/lineB_downsampled_x4_up/strict_N/pu_net/train/dresser/dresser_0086.npy,"(1024, 3)",False,False,PASS
datasets/lineB_downsampled_x4_up/strict_N/pu_net/train/dresser/dresser_0087.npy,"(1024, 3)",False,False,PASS
datasets/lineB_downsampled_x4_up/strict_N/pu_net/train/dresser/dresser_0088.npy,"(1024, 3)",False,False,PASS
datasets/lineB_downsampled_x4_up/strict_N/pu_net/train/dresser/dresser_0089.npy,"(1024, 3)",False,False,PASS
datasets/lineB_downsampled_x4_up/strict_N/pu_net/train/dresser/dresser_0090.npy,"(1024, 3)",False,False,PASS
datasets/lineB_downsampled_x4_up/strict_N/pu_net/train/dresser/dresser_0091.npy,"(1024, 3)",False,False,PASS
datasets/lineB_downsampled_x4_up/strict_N/pu_net/train/dresser/dresser_0092.npy,"(1024, 3)",False,False,PASS
datasets/lineB_downsampled_x4_up/strict_N/pu_net/train/dresser/dresser_0093.npy,"(1024, 3)",False,False,PASS
datasets/lineB_downsampled_x4_up/strict_N/pu_net/train/dresser/dresser_0094.npy,"(1024, 3)",False,False,PASS
datasets/lineB_downsampled_x4_up/strict_N/pu_net/train/dresser/dresser_0095.npy,"(1024, 3)",False,False,PASS
datasets/lineB_downsampled_x4_up/strict_N/pu_net/train/dresser/dresser_0096.npy,"(1024, 3)",False,False,PASS
datasets/lineB_downsampled_x4_up/strict_N/pu_net/train/dresser/dresser_0097.npy,"(1024, 3)",False,False,PASS
datasets/lineB_downsampled_x4_up/strict_N/pu_net/train/dresser/dresser_0098.npy,"(1024, 3)",False,False,PASS
datasets/lineB_downsampled_x4_up/strict_N/pu_net/train/dresser/dresser_0099.npy,"(1024, 3)",False,False,PASS
datasets/lineB_downsampled_x4_up/strict_N/pu_net/train/dresser/dresser_0100.npy,"(1024, 3)",False,False,PASS
datasets/lineB_downsampled_x4_up/strict_N/pu_net/train/dresser/dresser_0101.npy,"(1024, 3)",False,False,PASS
datasets/lineB_downsampled_x4_up/strict_N/pu_net/train/dresser/dresser_0102.npy,"(1024, 3)",False,False,PASS
datasets/lineB_downsampled_x4_up/strict_N/pu_net/train/dresser/dresser_0103.npy,"(1024, 3)",False,False,PASS
datasets/lineB_downsampled_x4_up/strict_N/pu_net/train/dresser/dresser_0104.npy,"(1024, 3)",False,False,PASS
datasets/lineB_downsampled_x4_up/strict_N/pu_net/train/dresser/dresser_0105.npy,"(1024, 3)",False,False,PASS
datasets/lineB_downsampled_x4_up/strict_N/pu_net/train/dresser/dresser_0106.npy,"(1024, 3)",False,False,PASS
datasets/lineB_downsampled_x4_up/strict_N/pu_net/train/dresser/dresser_0107.npy,"(1024, 3)",False,False,PASS
datasets/lineB_downsampled_x4_up/strict_N/pu_net/train/dresser/dresser_0108.npy,"(1024, 3)",False,False,PASS
datasets/lineB_downsampled_x4_up/strict_N/pu_net/train/dresser/dresser_0109.npy,"(1024, 3)",False,False,PASS
datasets/lineB_downsampled_x4_up/strict_N/pu_net/train/dresser/dresser_0110.npy,"(1024, 3)",False,False,PASS
datasets/lineB_downsampled_x4_up/strict_N/pu_net/train/dresser/dresser_0111.npy,"(1024, 3)",False,False,PASS
datasets/lineB_downsampled_x4_up/strict_N/pu_net/train/dresser/dresser_0112.npy,"(1024, 3)",False,False,PASS
datasets/lineB_downsampled_x4_up/strict_N/pu_net/train/dresser/dresser_0113.npy,"(1024, 3)",False,False,PASS
datasets/lineB_downsampled_x4_up/strict_N/pu_net/train/dresser/dresser_0114.npy,"(1024, 3)",False,False,PASS
datasets/lineB_downsampled_x4_up/strict_N/pu_net/train/dresser/dresser_0115.npy,"(1024, 3)",False,False,PASS
datasets/lineB_downsampled_x4_up/strict_N/pu_net/train/dresser/dresser_0116.npy,"(1024, 3)",False,False,PASS
datasets/lineB_downsampled_x4_up/strict_N/pu_net/train/dresser/dresser_0117.npy,"(1024, 3)",False,False,PASS
datasets/lineB_downsampled_x4_up/strict_N/pu_net/train/dresser/dresser_0118.npy,"(1024, 3)",False,False,PASS
datasets/lineB_downsampled_x4_up/strict_N/pu_net/train/dresser/dresser_0119.npy,"(1024, 3)",False,False,PASS
datasets/lineB_downsampled_x4_up/strict_N/pu_net/train/dresser/dresser_0120.npy,"(1024, 3)",False,False,PASS
datasets/lineB_downsampled_x4_up/strict_N/pu_net/train/dresser/dresser_0121.npy,"(1024, 3)",False,False,PASS
datasets/lineB_downsampled_x4_up/strict_N/pu_net/train/dresser/dresser_0122.npy,"(1024, 3)",False,False,PASS
datasets/lineB_downsampled_x4_up/strict_N/pu_net/train/dresser/dresser_0123.npy,"(1024, 3)",False,False,PASS
datasets/lineB_downsampled_x4_up/strict_N/pu_net/train/dresser/dresser_0124.npy,"(1024, 3)",False,False,PASS
datasets/lineB_downsampled_x4_up/strict_N/pu_net/train/dresser/dresser_0125.npy,"(1024, 3)",False,False,PASS
datasets/lineB_downsampled_x4_up/strict_N/pu_net/train/dresser/dresser_0126.npy,"(1024, 3)",False,False,PASS
datasets/lineB_downsampled_x4_up/strict_N/pu_net/train/dresser/dresser_0127.npy,"(1024, 3)",False,False,PASS
datasets/lineB_downsampled_x4_up/strict_N/pu_net/train/dresser/dresser_0128.npy,"(1024, 3)",False,False,PASS
datasets/lineB_downsampled_x4_up/strict_N/pu_net/train/dresser/dresser_0129.npy,"(1024, 3)",False,False,PASS
datasets/lineB_downsampled_x4_up/strict_N/pu_net/train/dresser/dresser_0130.npy,"(1024, 3)",False,False,PASS
datasets/lineB_downsampled_x4_up/strict_N/pu_net/train/dresser/dresser_0131.npy,"(1024, 3)",False,False,PASS
datasets/lineB_downsampled_x4_up/strict_N/pu_net/train/dresser/dresser_0132.npy,"(1024, 3)",False,False,PASS
datasets/lineB_downsampled_x4_up/strict_N/pu_net/train/dresser/dresser_0133.npy,"(1024, 3)",False,False,PASS
datasets/lineB_downsampled_x4_up/strict_N/pu_net/train/dresser/dresser_0134.npy,"(1024, 3)",False,False,PASS
datasets/lineB_downsampled_x4_up/strict_N/pu_net/train/dresser/dresser_0135.npy,"(1024, 3)",False,False,PASS
datasets/lineB_downsampled_x4_up/strict_N/pu_net/train/dresser/dresser_0136.npy,"(1024, 3)",False,False,PASS
datasets/lineB_downsampled_x4_up/strict_N/pu_net/train/dresser/dresser_0137.npy,"(1024, 3)",False,False,PASS
datasets/lineB_downsampled_x4_up/strict_N/pu_net/train/dresser/dresser_0138.npy,"(1024, 3)",False,False,PASS
datasets/lineB_downsampled_x4_up/strict_N/pu_net/train/dresser/dresser_0139.npy,"(1024, 3)",False,False,PASS
datasets/lineB_downsampled_x4_up/strict_N/pu_net/train/dresser/dresser_0140.npy,"(1024, 3)",False,False,PASS
datasets/lineB_downsampled_x4_up/strict_N/pu_net/train/dresser/dresser_0141.npy,"(1024, 3)",False,False,PASS
datasets/lineB_downsampled_x4_up/strict_N/pu_net/train/dresser/dresser_0142.npy,"(1024, 3)",False,False,PASS
datasets/lineB_downsampled_x4_up/strict_N/pu_net/train/dresser/dresser_0143.npy,"(1024, 3)",False,False,PASS
datasets/lineB_downsampled_x4_up/strict_N/pu_net/train/dresser/dresser_0144.npy,"(1024, 3)",False,False,PASS
datasets/lineB_downsampled_x4_up/strict_N/pu_net/train/dresser/dresser_0145.npy,"(1024, 3)",False,False,PASS
datasets/lineB_downsampled_x4_up/strict_N/pu_net/train/dresser/dresser_0146.npy,"(1024, 3)",False,False,PASS
datasets/lineB_downsampled_x4_up/strict_N/pu_net/train/dresser/dresser_0147.npy,"(1024, 3)",False,False,PASS
datasets/lineB_downsampled_x4_up/strict_N/pu_net/train/dresser/dresser_0148.npy,"(1024, 3)",False,False,PASS
datasets/lineB_downsampled_x4_up/strict_N/pu_net/train/dresser/dresser_0149.npy,"(1024, 3)",False,False,PASS
datasets/lineB_downsampled_x4_up/strict_N/pu_net/train/dresser/dresser_0150.npy,"(1024, 3)",False,False,PASS
datasets/lineB_downsampled_x4_up/strict_N/pu_net/train/dresser/dresser_0151.npy,"(1024, 3)",False,False,PASS
datasets/lineB_downsampled_x4_up/strict_N/pu_net/train/dresser/dresser_0152.npy,"(1024, 3)",False,False,PASS
datasets/lineB_downsampled_x4_up/strict_N/pu_net/train/dresser/dresser_0153.npy,"(1024, 3)",False,False,PASS
datasets/lineB_downsampled_x4_up/strict_N/pu_net/train/dresser/dresser_0154.npy,"(1024, 3)",False,False,PASS
datasets/lineB_downsampled_x4_up/strict_N/pu_net/train/dresser/dresser_0155.npy,"(1024, 3)",False,False,PASS
datasets/lineB_downsampled_x4_up/strict_N/pu_net/train/dresser/dresser_0156.npy,"(1024, 3)",False,False,PASS
datasets/lineB_downsampled_x4_up/strict_N/pu_net/train/dresser/dresser_0157.npy,"(1024, 3)",False,False,PASS
datasets/lineB_downsampled_x4_up/strict_N/pu_net/train/dresser/dresser_0158.npy,"(1024, 3)",False,False,PASS
datasets/lineB_downsampled_x4_up/strict_N/pu_net/train/dresser/dresser_0159.npy,"(1024, 3)",False,False,PASS
datasets/lineB_downsampled_x4_up/strict_N/pu_net/train/dresser/dresser_0160.npy,"(1024, 3)",False,False,PASS
datasets/lineB_downsampled_x4_up/strict_N/pu_net/train/dresser/dresser_0161.npy,"(1024, 3)",False,False,PASS
datasets/lineB_downsampled_x4_up/strict_N/pu_net/train/dresser/dresser_0162.npy,"(1024, 3)",False,False,PASS
datasets/lineB_downsampled_x4_up/strict_N/pu_net/train/dresser/dresser_0163.npy,"(1024, 3)",False,False,PASS
datasets/lineB_downsampled_x4_up/strict_N/pu_net/train/dresser/dresser_0164.npy,"(1024, 3)",False,False,PASS
datasets/lineB_downsampled_x4_up/strict_N/pu_net/train/dresser/dresser_0165.npy,"(1024, 3)",False,False,PASS
datasets/lineB_downsampled_x4_up/strict_N/pu_net/train/dresser/dresser_0166.npy,"(1024, 3)",False,False,PASS
datasets/lineB_downsampled_x4_up/strict_N/pu_net/train/dresser/dresser_0167.npy,"(1024, 3)",False,False,PASS
datasets/lineB_downsampled_x4_up/strict_N/pu_net/train/dresser/dresser_0168.npy,"(1024, 3)",False,False,PASS
datasets/lineB_downsampled_x4_up/strict_N/pu_net/train/dresser/dresser_0169.npy,"(1024, 3)",False,False,PASS
datasets/lineB_downsampled_x4_up/strict_N/pu_net/train/dresser/dresser_0170.npy,"(1024, 3)",False,False,PASS
datasets/lineB_downsampled_x4_up/strict_N/pu_net/train/dresser/dresser_0171.npy,"(1024, 3)",False,False,PASS
datasets/lineB_downsampled_x4_up/strict_N/pu_net/train/dresser/dresser_0172.npy,"(1024, 3)",False,False,PASS
datasets/lineB_downsampled_x4_up/strict_N/pu_net/train/dresser/dresser_0173.npy,"(1024, 3)",False,False,PASS
datasets/lineB_downsampled_x4_up/strict_N/pu_net/train/dresser/dresser_0174.npy,"(1024, 3)",False,False,PASS
datasets/lineB_downsampled_x4_up/strict_N/pu_net/train/dresser/dresser_0175.npy,"(1024, 3)",False,False,PASS
datasets/lineB_downsampled_x4_up/strict_N/pu_net/train/dresser/dresser_0176.npy,"(1024, 3)",False,False,PASS
datasets/lineB_downsampled_x4_up/strict_N/pu_net/train/dresser/dresser_0177.npy,"(1024, 3)",False,False,PASS
datasets/lineB_downsampled_x4_up/strict_N/pu_net/train/dresser/dresser_0178.npy,"(1024, 3)",False,False,PASS
datasets/lineB_downsampled_x4_up/strict_N/pu_net/train/dresser/dresser_0179.npy,"(1024, 3)",False,False,PASS
datasets/lineB_downsampled_x4_up/strict_N/pu_net/train/dresser/dresser_0180.npy,"(1024, 3)",False,False,PASS
datasets/lineB_downsampled_x4_up/strict_N/pu_net/train/dresser/dresser_0181.npy,"(1024, 3)",False,False,PASS
datasets/lineB_downsampled_x4_up/strict_N/pu_net/train/dresser/dresser_0182.npy,"(1024, 3)",False,False,PASS
datasets/lineB_downsampled_x4_up/strict_N/pu_net/train/dresser/dresser_0183.npy,"(1024, 3)",False,False,PASS
datasets/lineB_downsampled_x4_up/strict_N/pu_net/train/dresser/dresser_0184.npy,"(1024, 3)",False,False,PASS
datasets/lineB_downsampled_x4_up/strict_N/pu_net/train/dresser/dresser_0185.npy,"(1024, 3)",False,False,PASS
datasets/lineB_downsampled_x4_up/strict_N/pu_net/train/dresser/dresser_0186.npy,"(1024, 3)",False,False,PASS
datasets/lineB_downsampled_x4_up/strict_N/pu_net/train/dresser/dresser_0187.npy,"(1024, 3)",False,False,PASS
datasets/lineB_downsampled_x4_up/strict_N/pu_net/train/dresser/dresser_0188.npy,"(1024, 3)",False,False,PASS
datasets/lineB_downsampled_x4_up/strict_N/pu_net/train/dresser/dresser_0189.npy,"(1024, 3)",False,False,PASS
datasets/lineB_downsampled_x4_up/strict_N/pu_net/train/dresser/dresser_0190.npy,"(1024, 3)",False,False,PASS
datasets/lineB_downsampled_x4_up/strict_N/pu_net/train/dresser/dresser_0191.npy,"(1024, 3)",False,False,PASS
datasets/lineB_downsampled_x4_up/strict_N/pu_net/train/dresser/dresser_0192.npy,"(1024, 3)",False,False,PASS
datasets/lineB_downsampled_x4_up/strict_N/pu_net/train/dresser/dresser_0193.npy,"(1024, 3)",False,False,PASS
datasets/lineB_downsampled_x4_up/strict_N/pu_net/train/dresser/dresser_0194.npy,"(1024, 3)",False,False,PASS
datasets/lineB_downsampled_x4_up/strict_N/pu_net/train/dresser/dresser_0195.npy,"(1024, 3)",False,False,PASS
datasets/lineB_downsampled_x4_up/strict_N/pu_net/train/dresser/dresser_0196.npy,"(1024, 3)",False,False,PASS
datasets/lineB_downsampled_x4_up/strict_N/pu_net/train/dresser/dresser_0197.npy,"(1024, 3)",False,False,PASS
datasets/lineB_downsampled_x4_up/strict_N/pu_net/train/dresser/dresser_0198.npy,"(1024, 3)",False,False,PASS
datasets/lineB_downsampled_x4_up/strict_N/pu_net/train/dresser/dresser_0199.npy,"(1024, 3)",False,False,PASS
datasets/lineB_downsampled_x4_up/strict_N/pu_net/train/dresser/dresser_0200.npy,"(1024, 3)",False,False,PASS
datasets/lineB_downsampled_x4_up/strict_N/pu_net/train/flower_pot/flower_pot_0001.npy,"(1024, 3)",False,False,PASS
datasets/lineB_downsampled_x4_up/strict_N/pu_net/train/flower_pot/flower_pot_0002.npy,"(1024, 3)",False,False,PASS
datasets/lineB_downsampled_x4_up/strict_N/pu_net/train/flower_pot/flower_pot_0003.npy,"(1024, 3)",False,False,PASS
datasets/lineB_downsampled_x4_up/strict_N/pu_net/train/flower_pot/flower_pot_0004.npy,"(1024, 3)",False,False,PASS
datasets/lineB_downsampled_x4_up/strict_N/pu_net/train/flower_pot/flower_pot_0005.npy,"(1024, 3)",False,False,PASS
datasets/lineB_downsampled_x4_up/strict_N/pu_net/train/flower_pot/flower_pot_0006.npy,"(1024, 3)",False,False,PASS
datasets/lineB_downsampled_x4_up/strict_N/pu_net/train/flower_pot/flower_pot_0007.npy,"(1024, 3)",False,False,PASS
datasets/lineB_downsampled_x4_up/strict_N/pu_net/train/flower_pot/flower_pot_0008.npy,"(1024, 3)",False,False,PASS
datasets/lineB_downsampled_x4_up/strict_N/pu_net/train/flower_pot/flower_pot_0009.npy,"(1024, 3)",False,False,PASS
datasets/lineB_downsampled_x4_up/strict_N/pu_net/train/flower_pot/flower_pot_0010.npy,"(1024, 3)",False,False,PASS
datasets/lineB_downsampled_x4_up/strict_N/pu_net/train/flower_pot/flower_pot_0011.npy,"(1024, 3)",False,False,PASS
datasets/lineB_downsampled_x4_up/strict_N/pu_net/train/flower_pot/flower_pot_0012.npy,"(1024, 3)",False,False,PASS
datasets/lineB_downsampled_x4_up/strict_N/pu_net/train/flower_pot/flower_pot_0013.npy,"(1024, 3)",False,False,PASS
datasets/lineB_downsampled_x4_up/strict_N/pu_net/train/flower_pot/flower_pot_0014.npy,"(1024, 3)",False,False,PASS
datasets/lineB_downsampled_x4_up/strict_N/pu_net/train/flower_pot/flower_pot_0015.npy,"(1024, 3)",False,False,PASS
datasets/lineB_downsampled_x4_up/strict_N/pu_net/train/flower_pot/flower_pot_0016.npy,"(1024, 3)",False,False,PASS
datasets/lineB_downsampled_x4_up/strict_N/pu_net/train/flower_pot/flower_pot_0017.npy,"(1024, 3)",False,False,PASS
datasets/lineB_downsampled_x4_up/strict_N/pu_net/train/flower_pot/flower_pot_0018.npy,"(1024, 3)",False,False,PASS
datasets/lineB_downsampled_x4_up/strict_N/pu_net/train/flower_pot/flower_pot_0019.npy,"(1024, 3)",False,False,PASS
datasets/lineB_downsampled_x4_up/strict_N/pu_net/train/flower_pot/flower_pot_0020.npy,"(1024, 3)",False,False,PASS
datasets/lineB_downsampled_x4_up/strict_N/pu_net/train/flower_pot/flower_pot_0021.npy,"(1024, 3)",False,False,PASS
datasets/lineB_downsampled_x4_up/strict_N/pu_net/train/flower_pot/flower_pot_0022.npy,"(1024, 3)",False,False,PASS
datasets/lineB_downsampled_x4_up/strict_N/pu_net/train/flower_pot/flower_pot_0023.npy,"(1024, 3)",False,False,PASS
datasets/lineB_downsampled_x4_up/strict_N/pu_net/train/flower_pot/flower_pot_0024.npy,"(1024, 3)",False,False,PASS
datasets/lineB_downsampled_x4_up/strict_N/pu_net/train/flower_pot/flower_pot_0025.npy,"(1024, 3)",False,False,PASS
datasets/lineB_downsampled_x4_up/strict_N/pu_net/train/flower_pot/flower_pot_0026.npy,"(1024, 3)",False,False,PASS
datasets/lineB_downsampled_x4_up/strict_N/pu_net/train/flower_pot/flower_pot_0027.npy,"(1024, 3)",False,False,PASS
datasets/lineB_downsampled_x4_up/strict_N/pu_net/train/flower_pot/flower_pot_0028.npy,"(1024, 3)",False,False,PASS
datasets/lineB_downsampled_x4_up/strict_N/pu_net/train/flower_pot/flower_pot_0029.npy,"(1024, 3)",False,False,PASS
datasets/lineB_downsampled_x4_up/strict_N/pu_net/train/flower_pot/flower_pot_0030.npy,"(1024, 3)",False,False,PASS
datasets/lineB_downsampled_x4_up/strict_N/pu_net/train/flower_pot/flower_pot_0031.npy,"(1024, 3)",False,False,PASS
datasets/lineB_downsampled_x4_up/strict_N/pu_net/train/flower_pot/flower_pot_0032.npy,"(1024, 3)",False,False,PASS
datasets/lineB_downsampled_x4_up/strict_N/pu_net/train/flower_pot/flower_pot_0033.npy,"(1024, 3)",False,False,PASS
datasets/lineB_downsampled_x4_up/strict_N/pu_net/train/flower_pot/flower_pot_0034.npy,"(1024, 3)",False,False,PASS
datasets/lineB_downsampled_x4_up/strict_N/pu_net/train/flower_pot/flower_pot_0035.npy,"(1024, 3)",False,False,PASS
datasets/lineB_downsampled_x4_up/strict_N/pu_net/train/flower_pot/flower_pot_0036.npy,"(1024, 3)",False,False,PASS
datasets/lineB_downsampled_x4_up/strict_N/pu_net/train/flower_pot/flower_pot_0037.npy,"(1024, 3)",False,False,PASS
datasets/lineB_downsampled_x4_up/strict_N/pu_net/train/flower_pot/flower_pot_0038.npy,"(1024, 3)",False,False,PASS
datasets/lineB_downsampled_x4_up/strict_N/pu_net/train/flower_pot/flower_pot_0039.npy,"(1024, 3)",False,False,PASS
datasets/lineB_downsampled_x4_up/strict_N/pu_net/train/flower_pot/flower_pot_0040.npy,"(1024, 3)",False,False,PASS
datasets/lineB_downsampled_x4_up/strict_N/pu_net/train/flower_pot/flower_pot_0041.npy,"(1024, 3)",False,False,PASS
datasets/lineB_downsampled_x4_up/strict_N/pu_net/train/flower_pot/flower_pot_0042.npy,"(1024, 3)",False,False,PASS
datasets/lineB_downsampled_x4_up/strict_N/pu_net/train/flower_pot/flower_pot_0043.npy,"(1024, 3)",False,False,PASS
datasets/lineB_downsampled_x4_up/strict_N/pu_net/train/flower_pot/flower_pot_0044.npy,"(1024, 3)",False,False,PASS
datasets/lineB_downsampled_x4_up/strict_N/pu_net/train/flower_pot/flower_pot_0045.npy,"(1024, 3)",False,False,PASS
datasets/lineB_downsampled_x4_up/strict_N/pu_net/train/flower_pot/flower_pot_0046.npy,"(1024, 3)",False,False,PASS
datasets/lineB_downsampled_x4_up/strict_N/pu_net/train/flower_pot/flower_pot_0047.npy,"(1024, 3)",False,False,PASS
datasets/lineB_downsampled_x4_up/strict_N/pu_net/train/flower_pot/flower_pot_0048.npy,"(1024, 3)",False,False,PASS
datasets/lineB_downsampled_x4_up/strict_N/pu_net/train/flower_pot/flower_pot_0049.npy,"(1024, 3)",False,False,PASS
datasets/lineB_downsampled_x4_up/strict_N/pu_net/train/flower_pot/flower_pot_0050.npy,"(1024, 3)",False,False,PASS
datasets/lineB_downsampled_x4_up/strict_N/pu_net/train/flower_pot/flower_pot_0051.npy,"(1024, 3)",False,False,PASS
datasets/lineB_downsampled_x4_up/strict_N/pu_net/train/flower_pot/flower_pot_0052.npy,"(1024, 3)",False,False,PASS
datasets/lineB_downsampled_x4_up/strict_N/pu_net/train/flower_pot/flower_pot_0053.npy,"(1024, 3)",False,False,PASS
datasets/lineB_downsampled_x4_up/strict_N/pu_net/train/flower_pot/flower_pot_0054.npy,"(1024, 3)",False,False,PASS
datasets/lineB_downsampled_x4_up/strict_N/pu_net/train/flower_pot/flower_pot_0055.npy,"(1024, 3)",False,False,PASS
datasets/lineB_downsampled_x4_up/strict_N/pu_net/train/flower_pot/flower_pot_0056.npy,"(1024, 3)",False,False,PASS
datasets/lineB_downsampled_x4_up/strict_N/pu_net/train/flower_pot/flower_pot_0057.npy,"(1024, 3)",False,False,PASS
datasets/lineB_downsampled_x4_up/strict_N/pu_net/train/flower_pot/flower_pot_0058.npy,"(1024, 3)",False,False,PASS
datasets/lineB_downsampled_x4_up/strict_N/pu_net/train/flower_pot/flower_pot_0059.npy,"(1024, 3)",False,False,PASS
datasets/lineB_downsampled_x4_up/strict_N/pu_net/train/flower_pot/flower_pot_0060.npy,"(1024, 3)",False,False,PASS
datasets/lineB_downsampled_x4_up/strict_N/pu_net/train/flower_pot/flower_pot_0061.npy,"(1024, 3)",False,False,PASS
datasets/lineB_downsampled_x4_up/strict_N/pu_net/train/flower_pot/flower_pot_0062.npy,"(1024, 3)",False,False,PASS
datasets/lineB_downsampled_x4_up/strict_N/pu_net/train/flower_pot/flower_pot_0063.npy,"(1024, 3)",False,False,PASS
datasets/lineB_downsampled_x4_up/strict_N/pu_net/train/flower_pot/flower_pot_0064.npy,"(1024, 3)",False,False,PASS
datasets/lineB_downsampled_x4_up/strict_N/pu_net/train/flower_pot/flower_pot_0065.npy,"(1024, 3)",False,False,PASS
datasets/lineB_downsampled_x4_up/strict_N/pu_net/train/flower_pot/flower_pot_0066.npy,"(1024, 3)",False,False,PASS
datasets/lineB_downsampled_x4_up/strict_N/pu_net/train/flower_pot/flower_pot_0067.npy,"(1024, 3)",False,False,PASS
datasets/lineB_downsampled_x4_up/strict_N/pu_net/train/flower_pot/flower_pot_0068.npy,"(1024, 3)",False,False,PASS
datasets/lineB_downsampled_x4_up/strict_N/pu_net/train/flower_pot/flower_pot_0069.npy,"(1024, 3)",False,False,PASS
datasets/lineB_downsampled_x4_up/strict_N/pu_net/train/flower_pot/flower_pot_0070.npy,"(1024, 3)",False,False,PASS
datasets/lineB_downsampled_x4_up/strict_N/pu_net/train/flower_pot/flower_pot_0071.npy,"(1024, 3)",False,False,PASS
datasets/lineB_downsampled_x4_up/strict_N/pu_net/train/flower_pot/flower_pot_0072.npy,"(1024, 3)",False,False,PASS
datasets/lineB_downsampled_x4_up/strict_N/pu_net/train/flower_pot/flower_pot_0073.npy,"(1024, 3)",False,False,PASS
datasets/lineB_downsampled_x4_up/strict_N/pu_net/train/flower_pot/flower_pot_0074.npy,"(1024, 3)",False,False,PASS
datasets/lineB_downsampled_x4_up/strict_N/pu_net/train/flower_pot/flower_pot_0075.npy,"(1024, 3)",False,False,PASS
datasets/lineB_downsampled_x4_up/strict_N/pu_net/train/flower_pot/flower_pot_0076.npy,"(1024, 3)",False,False,PASS
datasets/lineB_downsampled_x4_up/strict_N/pu_net/train/flower_pot/flower_pot_0077.npy,"(1024, 3)",False,False,PASS
datasets/lineB_downsampled_x4_up/strict_N/pu_net/train/flower_pot/flower_pot_0078.npy,"(1024, 3)",False,False,PASS
datasets/lineB_downsampled_x4_up/strict_N/pu_net/train/flower_pot/flower_pot_0079.npy,"(1024, 3)",False,False,PASS
datasets/lineB_downsampled_x4_up/strict_N/pu_net/train/flower_pot/flower_pot_0080.npy,"(1024, 3)",False,False,PASS
datasets/lineB_downsampled_x4_up/strict_N/pu_net/train/flower_pot/flower_pot_0081.npy,"(1024, 3)",False,False,PASS
datasets/lineB_downsampled_x4_up/strict_N/pu_net/train/flower_pot/flower_pot_0082.npy,"(1024, 3)",False,False,PASS
datasets/lineB_downsampled_x4_up/strict_N/pu_net/train/flower_pot/flower_pot_0083.npy,"(1024, 3)",False,False,PASS
datasets/lineB_downsampled_x4_up/strict_N/pu_net/train/flower_pot/flower_pot_0084.npy,"(1024, 3)",False,False,PASS
datasets/lineB_downsampled_x4_up/strict_N/pu_net/train/flower_pot/flower_pot_0085.npy,"(1024, 3)",False,False,PASS
datasets/lineB_downsampled_x4_up/strict_N/pu_net/train/flower_pot/flower_pot_0086.npy,"(1024, 3)",False,False,PASS
datasets/lineB_downsampled_x4_up/strict_N/pu_net/train/flower_pot/flower_pot_0087.npy,"(1024, 3)",False,False,PASS
datasets/lineB_downsampled_x4_up/strict_N/pu_net/train/flower_pot/flower_pot_0088.npy,"(1024, 3)",False,False,PASS
datasets/lineB_downsampled_x4_up/strict_N/pu_net/train/flower_pot/flower_pot_0089.npy,"(1024, 3)",False,False,PASS
datasets/lineB_downsampled_x4_up/strict_N/pu_net/train/flower_pot/flower_pot_0090.npy,"(1024, 3)",False,False,PASS
datasets/lineB_downsampled_x4_up/strict_N/pu_net/train/flower_pot/flower_pot_0091.npy,"(1024, 3)",False,False,PASS
datasets/lineB_downsampled_x4_up/strict_N/pu_net/train/flower_pot/flower_pot_0092.npy,"(1024, 3)",False,False,PASS
datasets/lineB_downsampled_x4_up/strict_N/pu_net/train/flower_pot/flower_pot_0093.npy,"(1024, 3)",False,False,PASS
datasets/lineB_downsampled_x4_up/strict_N/pu_net/train/flower_pot/flower_pot_0094.npy,"(1024, 3)",False,False,PASS
datasets/lineB_downsampled_x4_up/strict_N/pu_net/train/flower_pot/flower_pot_0095.npy,"(1024, 3)",False,False,PASS
datasets/lineB_downsampled_x4_up/strict_N/pu_net/train/flower_pot/flower_pot_0096.npy,"(1024, 3)",False,False,PASS
datasets/lineB_downsampled_x4_up/strict_N/pu_net/train/flower_pot/flower_pot_0097.npy,"(1024, 3)",False,False,PASS
datasets/lineB_downsampled_x4_up/strict_N/pu_net/train/flower_pot/flower_pot_0098.npy,"(1024, 3)",False,False,PASS
datasets/lineB_downsampled_x4_up/strict_N/pu_net/train/flower_pot/flower_pot_0099.npy,"(1024, 3)",False,False,PASS
datasets/lineB_downsampled_x4_up/strict_N/pu_net/train/flower_pot/flower_pot_0100.npy,"(1024, 3)",False,False,PASS
datasets/lineB_downsampled_x4_up/strict_N/pu_net/train/flower_pot/flower_pot_0101.npy,"(1024, 3)",False,False,PASS
datasets/lineB_downsampled_x4_up/strict_N/pu_net/train/flower_pot/flower_pot_0102.npy,"(1024, 3)",False,False,PASS
datasets/lineB_downsampled_x4_up/strict_N/pu_net/train/flower_pot/flower_pot_0103.npy,"(1024, 3)",False,False,PASS
datasets/lineB_downsampled_x4_up/strict_N/pu_net/train/flower_pot/flower_pot_0104.npy,"(1024, 3)",False,False,PASS
datasets/lineB_downsampled_x4_up/strict_N/pu_net/train/flower_pot/flower_pot_0105.npy,"(1024, 3)",False,False,PASS
datasets/lineB_downsampled_x4_up/strict_N/pu_net/train/flower_pot/flower_pot_0106.npy,"(1024, 3)",False,False,PASS
datasets/lineB_downsampled_x4_up/strict_N/pu_net/train/flower_pot/flower_pot_0107.npy,"(1024, 3)",False,False,PASS
datasets/lineB_downsampled_x4_up/strict_N/pu_net/train/flower_pot/flower_pot_0108.npy,"(1024, 3)",False,False,PASS
datasets/lineB_downsampled_x4_up/strict_N/pu_net/train/flower_pot/flower_pot_0109.npy,"(1024, 3)",False,False,PASS
datasets/lineB_downsampled_x4_up/strict_N/pu_net/train/flower_pot/flower_pot_0110.npy,"(1024, 3)",False,False,PASS
datasets/lineB_downsampled_x4_up/strict_N/pu_net/train/flower_pot/flower_pot_0111.npy,"(1024, 3)",False,False,PASS
datasets/lineB_downsampled_x4_up/strict_N/pu_net/train/flower_pot/flower_pot_0112.npy,"(1024, 3)",False,False,PASS
datasets/lineB_downsampled_x4_up/strict_N/pu_net/train/flower_pot/flower_pot_0113.npy,"(1024, 3)",False,False,PASS
datasets/lineB_downsampled_x4_up/strict_N/pu_net/train/flower_pot/flower_pot_0114.npy,"(1024, 3)",False,False,PASS
datasets/lineB_downsampled_x4_up/strict_N/pu_net/train/flower_pot/flower_pot_0115.npy,"(1024, 3)",False,False,PASS
datasets/lineB_downsampled_x4_up/strict_N/pu_net/train/flower_pot/flower_pot_0116.npy,"(1024, 3)",False,False,PASS
datasets/lineB_downsampled_x4_up/strict_N/pu_net/train/flower_pot/flower_pot_0117.npy,"(1024, 3)",False,False,PASS
datasets/lineB_downsampled_x4_up/strict_N/pu_net/train/flower_pot/flower_pot_0118.npy,"(1024, 3)",False,False,PASS
datasets/lineB_downsampled_x4_up/strict_N/pu_net/train/flower_pot/flower_pot_0119.npy,"(1024, 3)",False,False,PASS
datasets/lineB_downsampled_x4_up/strict_N/pu_net/train/flower_pot/flower_pot_0120.npy,"(1024, 3)",False,False,PASS
datasets/lineB_downsampled_x4_up/strict_N/pu_net/train/flower_pot/flower_pot_0121.npy,"(1024, 3)",False,False,PASS
datasets/lineB_downsampled_x4_up/strict_N/pu_net/train/flower_pot/flower_pot_0122.npy,"(1024, 3)",False,False,PASS
datasets/lineB_downsampled_x4_up/strict_N/pu_net/train/flower_pot/flower_pot_0123.npy,"(1024, 3)",False,False,PASS
datasets/lineB_downsampled_x4_up/strict_N/pu_net/train/flower_pot/flower_pot_0124.npy,"(1024, 3)",False,False,PASS
datasets/lineB_downsampled_x4_up/strict_N/pu_net/train/flower_pot/flower_pot_0125.npy,"(1024, 3)",False,False,PASS
datasets/lineB_downsampled_x4_up/strict_N/pu_net/train/flower_pot/flower_pot_0126.npy,"(1024, 3)",False,False,PASS
datasets/lineB_downsampled_x4_up/strict_N/pu_net/train/flower_pot/flower_pot_0127.npy,"(1024, 3)",False,False,PASS
datasets/lineB_downsampled_x4_up/strict_N/pu_net/train/flower_pot/flower_pot_0128.npy,"(1024, 3)",False,False,PASS
datasets/lineB_downsampled_x4_up/strict_N/pu_net/train/flower_pot/flower_pot_0129.npy,"(1024, 3)",False,False,PASS
datasets/lineB_downsampled_x4_up/strict_N/pu_net/train/flower_pot/flower_pot_0130.npy,"(1024, 3)",False,False,PASS
datasets/lineB_downsampled_x4_up/strict_N/pu_net/train/flower_pot/flower_pot_0131.npy,"(1024, 3)",False,False,PASS
datasets/lineB_downsampled_x4_up/strict_N/pu_net/train/flower_pot/flower_pot_0132.npy,"(1024, 3)",False,False,PASS
datasets/lineB_downsampled_x4_up/strict_N/pu_net/train/flower_pot/flower_pot_0133.npy,"(1024, 3)",False,False,PASS
datasets/lineB_downsampled_x4_up/strict_N/pu_net/train/flower_pot/flower_pot_0134.npy,"(1024, 3)",False,False,PASS
datasets/lineB_downsampled_x4_up/strict_N/pu_net/train/flower_pot/flower_pot_0135.npy,"(1024, 3)",False,False,PASS
datasets/lineB_downsampled_x4_up/strict_N/pu_net/train/flower_pot/flower_pot_0136.npy,"(1024, 3)",False,False,PASS
datasets/lineB_downsampled_x4_up/strict_N/pu_net/train/flower_pot/flower_pot_0137.npy,"(1024, 3)",False,False,PASS
datasets/lineB_downsampled_x4_up/strict_N/pu_net/train/flower_pot/flower_pot_0138.npy,"(1024, 3)",False,False,PASS
datasets/lineB_downsampled_x4_up/strict_N/pu_net/train/flower_pot/flower_pot_0139.npy,"(1024, 3)",False,False,PASS
datasets/lineB_downsampled_x4_up/strict_N/pu_net/train/flower_pot/flower_pot_0140.npy,"(1024, 3)",False,False,PASS
datasets/lineB_downsampled_x4_up/strict_N/pu_net/train/flower_pot/flower_pot_0141.npy,"(1024, 3)",False,False,PASS
datasets/lineB_downsampled_x4_up/strict_N/pu_net/train/flower_pot/flower_pot_0142.npy,"(1024, 3)",False,False,PASS
datasets/lineB_downsampled_x4_up/strict_N/pu_net/train/flower_pot/flower_pot_0143.npy,"(1024, 3)",False,False,PASS
datasets/lineB_downsampled_x4_up/strict_N/pu_net/train/flower_pot/flower_pot_0144.npy,"(1024, 3)",False,False,PASS
datasets/lineB_downsampled_x4_up/strict_N/pu_net/train/flower_pot/flower_pot_0145.npy,"(1024, 3)",False,False,PASS
datasets/lineB_downsampled_x4_up/strict_N/pu_net/train/flower_pot/flower_pot_0146.npy,"(1024, 3)",False,False,PASS
datasets/lineB_downsampled_x4_up/strict_N/pu_net/train/flower_pot/flower_pot_0147.npy,"(1024, 3)",False,False,PASS
datasets/lineB_downsampled_x4_up/strict_N/pu_net/train/flower_pot/flower_pot_0148.npy,"(1024, 3)",False,False,PASS
datasets/lineB_downsampled_x4_up/strict_N/pu_net/train/flower_pot/flower_pot_0149.npy,"(1024, 3)",False,False,PASS
datasets/lineB_downsampled_x4_up/strict_N/pu_net/train/glass_box/glass_box_0001.npy,"(1024, 3)",False,False,PASS
datasets/lineB_downsampled_x4_up/strict_N/pu_net/train/glass_box/glass_box_0002.npy,"(1024, 3)",False,False,PASS
datasets/lineB_downsampled_x4_up/strict_N/pu_net/train/glass_box/glass_box_0003.npy,"(1024, 3)",False,False,PASS
datasets/lineB_downsampled_x4_up/strict_N/pu_net/train/glass_box/glass_box_0004.npy,"(1024, 3)",False,False,PASS
datasets/lineB_downsampled_x4_up/strict_N/pu_net/train/glass_box/glass_box_0005.npy,"(1024, 3)",False,False,PASS
datasets/lineB_downsampled_x4_up/strict_N/pu_net/train/glass_box/glass_box_0006.npy,"(1024, 3)",False,False,PASS
datasets/lineB_downsampled_x4_up/strict_N/pu_net/train/glass_box/glass_box_0007.npy,"(1024, 3)",False,False,PASS
datasets/lineB_downsampled_x4_up/strict_N/pu_net/train/glass_box/glass_box_0008.npy,"(1024, 3)",False,False,PASS
datasets/lineB_downsampled_x4_up/strict_N/pu_net/train/glass_box/glass_box_0009.npy,"(1024, 3)",False,False,PASS
datasets/lineB_downsampled_x4_up/strict_N/pu_net/train/glass_box/glass_box_0010.npy,"(1024, 3)",False,False,PASS
datasets/lineB_downsampled_x4_up/strict_N/pu_net/train/glass_box/glass_box_0011.npy,"(1024, 3)",False,False,PASS
datasets/lineB_downsampled_x4_up/strict_N/pu_net/train/glass_box/glass_box_0012.npy,"(1024, 3)",False,False,PASS
datasets/lineB_downsampled_x4_up/strict_N/pu_net/train/glass_box/glass_box_0013.npy,"(1024, 3)",False,False,PASS
datasets/lineB_downsampled_x4_up/strict_N/pu_net/train/glass_box/glass_box_0014.npy,"(1024, 3)",False,False,PASS
datasets/lineB_downsampled_x4_up/strict_N/pu_net/train/glass_box/glass_box_0015.npy,"(1024, 3)",False,False,PASS
datasets/lineB_downsampled_x4_up/strict_N/pu_net/train/glass_box/glass_box_0016.npy,"(1024, 3)",False,False,PASS
datasets/lineB_downsampled_x4_up/strict_N/pu_net/train/glass_box/glass_box_0017.npy,"(1024, 3)",False,False,PASS
datasets/lineB_downsampled_x4_up/strict_N/pu_net/train/glass_box/glass_box_0018.npy,"(1024, 3)",False,False,PASS
datasets/lineB_downsampled_x4_up/strict_N/pu_net/train/glass_box/glass_box_0019.npy,"(1024, 3)",False,False,PASS
datasets/lineB_downsampled_x4_up/strict_N/pu_net/train/glass_box/glass_box_0020.npy,"(1024, 3)",False,False,PASS
datasets/lineB_downsampled_x4_up/strict_N/pu_net/train/glass_box/glass_box_0021.npy,"(1024, 3)",False,False,PASS
datasets/lineB_downsampled_x4_up/strict_N/pu_net/train/glass_box/glass_box_0022.npy,"(1024, 3)",False,False,PASS
datasets/lineB_downsampled_x4_up/strict_N/pu_net/train/glass_box/glass_box_0023.npy,"(1024, 3)",False,False,PASS
datasets/lineB_downsampled_x4_up/strict_N/pu_net/train/glass_box/glass_box_0024.npy,"(1024, 3)",False,False,PASS
datasets/lineB_downsampled_x4_up/strict_N/pu_net/train/glass_box/glass_box_0025.npy,"(1024, 3)",False,False,PASS
datasets/lineB_downsampled_x4_up/strict_N/pu_net/train/glass_box/glass_box_0026.npy,"(1024, 3)",False,False,PASS
datasets/lineB_downsampled_x4_up/strict_N/pu_net/train/glass_box/glass_box_0027.npy,"(1024, 3)",False,False,PASS
datasets/lineB_downsampled_x4_up/strict_N/pu_net/train/glass_box/glass_box_0028.npy,"(1024, 3)",False,False,PASS
datasets/lineB_downsampled_x4_up/strict_N/pu_net/train/glass_box/glass_box_0029.npy,"(1024, 3)",False,False,PASS
datasets/lineB_downsampled_x4_up/strict_N/pu_net/train/glass_box/glass_box_0030.npy,"(1024, 3)",False,False,PASS
datasets/lineB_downsampled_x4_up/strict_N/pu_net/train/glass_box/glass_box_0031.npy,"(1024, 3)",False,False,PASS
datasets/lineB_downsampled_x4_up/strict_N/pu_net/train/glass_box/glass_box_0032.npy,"(1024, 3)",False,False,PASS
datasets/lineB_downsampled_x4_up/strict_N/pu_net/train/glass_box/glass_box_0033.npy,"(1024, 3)",False,False,PASS
datasets/lineB_downsampled_x4_up/strict_N/pu_net/train/glass_box/glass_box_0034.npy,"(1024, 3)",False,False,PASS
datasets/lineB_downsampled_x4_up/strict_N/pu_net/train/glass_box/glass_box_0035.npy,"(1024, 3)",False,False,PASS
datasets/lineB_downsampled_x4_up/strict_N/pu_net/train/glass_box/glass_box_0036.npy,"(1024, 3)",False,False,PASS
datasets/lineB_downsampled_x4_up/strict_N/pu_net/train/glass_box/glass_box_0037.npy,"(1024, 3)",False,False,PASS
datasets/lineB_downsampled_x4_up/strict_N/pu_net/train/glass_box/glass_box_0038.npy,"(1024, 3)",False,False,PASS
datasets/lineB_downsampled_x4_up/strict_N/pu_net/train/glass_box/glass_box_0039.npy,"(1024, 3)",False,False,PASS
datasets/lineB_downsampled_x4_up/strict_N/pu_net/train/glass_box/glass_box_0040.npy,"(1024, 3)",False,False,PASS
datasets/lineB_downsampled_x4_up/strict_N/pu_net/train/glass_box/glass_box_0041.npy,"(1024, 3)",False,False,PASS
datasets/lineB_downsampled_x4_up/strict_N/pu_net/train/glass_box/glass_box_0042.npy,"(1024, 3)",False,False,PASS
datasets/lineB_downsampled_x4_up/strict_N/pu_net/train/glass_box/glass_box_0043.npy,"(1024, 3)",False,False,PASS
datasets/lineB_downsampled_x4_up/strict_N/pu_net/train/glass_box/glass_box_0044.npy,"(1024, 3)",False,False,PASS
datasets/lineB_downsampled_x4_up/strict_N/pu_net/train/glass_box/glass_box_0045.npy,"(1024, 3)",False,False,PASS
datasets/lineB_downsampled_x4_up/strict_N/pu_net/train/glass_box/glass_box_0046.npy,"(1024, 3)",False,False,PASS
datasets/lineB_downsampled_x4_up/strict_N/pu_net/train/glass_box/glass_box_0047.npy,"(1024, 3)",False,False,PASS
datasets/lineB_downsampled_x4_up/strict_N/pu_net/train/glass_box/glass_box_0048.npy,"(1024, 3)",False,False,PASS
datasets/lineB_downsampled_x4_up/strict_N/pu_net/train/glass_box/glass_box_0049.npy,"(1024, 3)",False,False,PASS
datasets/lineB_downsampled_x4_up/strict_N/pu_net/train/glass_box/glass_box_0050.npy,"(1024, 3)",False,False,PASS
datasets/lineB_downsampled_x4_up/strict_N/pu_net/train/glass_box/glass_box_0051.npy,"(1024, 3)",False,False,PASS
datasets/lineB_downsampled_x4_up/strict_N/pu_net/train/glass_box/glass_box_0052.npy,"(1024, 3)",False,False,PASS
datasets/lineB_downsampled_x4_up/strict_N/pu_net/train/glass_box/glass_box_0053.npy,"(1024, 3)",False,False,PASS
datasets/lineB_downsampled_x4_up/strict_N/pu_net/train/glass_box/glass_box_0054.npy,"(1024, 3)",False,False,PASS
datasets/lineB_downsampled_x4_up/strict_N/pu_net/train/glass_box/glass_box_0055.npy,"(1024, 3)",False,False,PASS
datasets/lineB_downsampled_x4_up/strict_N/pu_net/train/glass_box/glass_box_0056.npy,"(1024, 3)",False,False,PASS
datasets/lineB_downsampled_x4_up/strict_N/pu_net/train/glass_box/glass_box_0057.npy,"(1024, 3)",False,False,PASS
datasets/lineB_downsampled_x4_up/strict_N/pu_net/train/glass_box/glass_box_0058.npy,"(1024, 3)",False,False,PASS
datasets/lineB_downsampled_x4_up/strict_N/pu_net/train/glass_box/glass_box_0059.npy,"(1024, 3)",False,False,PASS
datasets/lineB_downsampled_x4_up/strict_N/pu_net/train/glass_box/glass_box_0060.npy,"(1024, 3)",False,False,PASS
datasets/lineB_downsampled_x4_up/strict_N/pu_net/train/glass_box/glass_box_0061.npy,"(1024, 3)",False,False,PASS
datasets/lineB_downsampled_x4_up/strict_N/pu_net/train/glass_box/glass_box_0062.npy,"(1024, 3)",False,False,PASS
datasets/lineB_downsampled_x4_up/strict_N/pu_net/train/glass_box/glass_box_0063.npy,"(1024, 3)",False,False,PASS
datasets/lineB_downsampled_x4_up/strict_N/pu_net/train/glass_box/glass_box_0064.npy,"(1024, 3)",False,False,PASS
datasets/lineB_downsampled_x4_up/strict_N/pu_net/train/glass_box/glass_box_0065.npy,"(1024, 3)",False,False,PASS
datasets/lineB_downsampled_x4_up/strict_N/pu_net/train/glass_box/glass_box_0066.npy,"(1024, 3)",False,False,PASS
datasets/lineB_downsampled_x4_up/strict_N/pu_net/train/glass_box/glass_box_0067.npy,"(1024, 3)",False,False,PASS
datasets/lineB_downsampled_x4_up/strict_N/pu_net/train/glass_box/glass_box_0068.npy,"(1024, 3)",False,False,PASS
datasets/lineB_downsampled_x4_up/strict_N/pu_net/train/glass_box/glass_box_0069.npy,"(1024, 3)",False,False,PASS
datasets/lineB_downsampled_x4_up/strict_N/pu_net/train/glass_box/glass_box_0070.npy,"(1024, 3)",False,False,PASS
datasets/lineB_downsampled_x4_up/strict_N/pu_net/train/glass_box/glass_box_0071.npy,"(1024, 3)",False,False,PASS
datasets/lineB_downsampled_x4_up/strict_N/pu_net/train/glass_box/glass_box_0072.npy,"(1024, 3)",False,False,PASS
datasets/lineB_downsampled_x4_up/strict_N/pu_net/train/glass_box/glass_box_0073.npy,"(1024, 3)",False,False,PASS
datasets/lineB_downsampled_x4_up/strict_N/pu_net/train/glass_box/glass_box_0074.npy,"(1024, 3)",False,False,PASS
datasets/lineB_downsampled_x4_up/strict_N/pu_net/train/glass_box/glass_box_0075.npy,"(1024, 3)",False,False,PASS
datasets/lineB_downsampled_x4_up/strict_N/pu_net/train/glass_box/glass_box_0076.npy,"(1024, 3)",False,False,PASS
datasets/lineB_downsampled_x4_up/strict_N/pu_net/train/glass_box/glass_box_0077.npy,"(1024, 3)",False,False,PASS
datasets/lineB_downsampled_x4_up/strict_N/pu_net/train/glass_box/glass_box_0078.npy,"(1024, 3)",False,False,PASS
datasets/lineB_downsampled_x4_up/strict_N/pu_net/train/glass_box/glass_box_0079.npy,"(1024, 3)",False,False,PASS
datasets/lineB_downsampled_x4_up/strict_N/pu_net/train/glass_box/glass_box_0080.npy,"(1024, 3)",False,False,PASS
datasets/lineB_downsampled_x4_up/strict_N/pu_net/train/glass_box/glass_box_0081.npy,"(1024, 3)",False,False,PASS
datasets/lineB_downsampled_x4_up/strict_N/pu_net/train/glass_box/glass_box_0082.npy,"(1024, 3)",False,False,PASS
datasets/lineB_downsampled_x4_up/strict_N/pu_net/train/glass_box/glass_box_0083.npy,"(1024, 3)",False,False,PASS
datasets/lineB_downsampled_x4_up/strict_N/pu_net/train/glass_box/glass_box_0084.npy,"(1024, 3)",False,False,PASS
datasets/lineB_downsampled_x4_up/strict_N/pu_net/train/glass_box/glass_box_0085.npy,"(1024, 3)",False,False,PASS
datasets/lineB_downsampled_x4_up/strict_N/pu_net/train/glass_box/glass_box_0086.npy,"(1024, 3)",False,False,PASS
datasets/lineB_downsampled_x4_up/strict_N/pu_net/train/glass_box/glass_box_0087.npy,"(1024, 3)",False,False,PASS
datasets/lineB_downsampled_x4_up/strict_N/pu_net/train/glass_box/glass_box_0088.npy,"(1024, 3)",False,False,PASS
datasets/lineB_downsampled_x4_up/strict_N/pu_net/train/glass_box/glass_box_0089.npy,"(1024, 3)",False,False,PASS
datasets/lineB_downsampled_x4_up/strict_N/pu_net/train/glass_box/glass_box_0090.npy,"(1024, 3)",False,False,PASS
datasets/lineB_downsampled_x4_up/strict_N/pu_net/train/glass_box/glass_box_0091.npy,"(1024, 3)",False,False,PASS
datasets/lineB_downsampled_x4_up/strict_N/pu_net/train/glass_box/glass_box_0092.npy,"(1024, 3)",False,False,PASS
datasets/lineB_downsampled_x4_up/strict_N/pu_net/train/glass_box/glass_box_0093.npy,"(1024, 3)",False,False,PASS
datasets/lineB_downsampled_x4_up/strict_N/pu_net/train/glass_box/glass_box_0094.npy,"(1024, 3)",False,False,PASS
datasets/lineB_downsampled_x4_up/strict_N/pu_net/train/glass_box/glass_box_0095.npy,"(1024, 3)",False,False,PASS
datasets/lineB_downsampled_x4_up/strict_N/pu_net/train/glass_box/glass_box_0096.npy,"(1024, 3)",False,False,PASS
datasets/lineB_downsampled_x4_up/strict_N/pu_net/train/glass_box/glass_box_0097.npy,"(1024, 3)",False,False,PASS
datasets/lineB_downsampled_x4_up/strict_N/pu_net/train/glass_box/glass_box_0098.npy,"(1024, 3)",False,False,PASS
datasets/lineB_downsampled_x4_up/strict_N/pu_net/train/glass_box/glass_box_0099.npy,"(1024, 3)",False,False,PASS
datasets/lineB_downsampled_x4_up/strict_N/pu_net/train/glass_box/glass_box_0100.npy,"(1024, 3)",False,False,PASS
datasets/lineB_downsampled_x4_up/strict_N/pu_net/train/glass_box/glass_box_0101.npy,"(1024, 3)",False,False,PASS
datasets/lineB_downsampled_x4_up/strict_N/pu_net/train/glass_box/glass_box_0102.npy,"(1024, 3)",False,False,PASS
datasets/lineB_downsampled_x4_up/strict_N/pu_net/train/glass_box/glass_box_0103.npy,"(1024, 3)",False,False,PASS
datasets/lineB_downsampled_x4_up/strict_N/pu_net/train/glass_box/glass_box_0104.npy,"(1024, 3)",False,False,PASS
datasets/lineB_downsampled_x4_up/strict_N/pu_net/train/glass_box/glass_box_0105.npy,"(1024, 3)",False,False,PASS
datasets/lineB_downsampled_x4_up/strict_N/pu_net/train/glass_box/glass_box_0106.npy,"(1024, 3)",False,False,PASS
datasets/lineB_downsampled_x4_up/strict_N/pu_net/train/glass_box/glass_box_0107.npy,"(1024, 3)",False,False,PASS
datasets/lineB_downsampled_x4_up/strict_N/pu_net/train/glass_box/glass_box_0108.npy,"(1024, 3)",False,False,PASS
datasets/lineB_downsampled_x4_up/strict_N/pu_net/train/glass_box/glass_box_0109.npy,"(1024, 3)",False,False,PASS
datasets/lineB_downsampled_x4_up/strict_N/pu_net/train/glass_box/glass_box_0110.npy,"(1024, 3)",False,False,PASS
datasets/lineB_downsampled_x4_up/strict_N/pu_net/train/glass_box/glass_box_0111.npy,"(1024, 3)",False,False,PASS
datasets/lineB_downsampled_x4_up/strict_N/pu_net/train/glass_box/glass_box_0112.npy,"(1024, 3)",False,False,PASS
datasets/lineB_downsampled_x4_up/strict_N/pu_net/train/glass_box/glass_box_0113.npy,"(1024, 3)",False,False,PASS
datasets/lineB_downsampled_x4_up/strict_N/pu_net/train/glass_box/glass_box_0114.npy,"(1024, 3)",False,False,PASS
datasets/lineB_downsampled_x4_up/strict_N/pu_net/train/glass_box/glass_box_0115.npy,"(1024, 3)",False,False,PASS
datasets/lineB_downsampled_x4_up/strict_N/pu_net/train/glass_box/glass_box_0116.npy,"(1024, 3)",False,False,PASS
datasets/lineB_downsampled_x4_up/strict_N/pu_net/train/glass_box/glass_box_0117.npy,"(1024, 3)",False,False,PASS
datasets/lineB_downsampled_x4_up/strict_N/pu_net/train/glass_box/glass_box_0118.npy,"(1024, 3)",False,False,PASS
datasets/lineB_downsampled_x4_up/strict_N/pu_net/train/glass_box/glass_box_0119.npy,"(1024, 3)",False,False,PASS
datasets/lineB_downsampled_x4_up/strict_N/pu_net/train/glass_box/glass_box_0120.npy,"(1024, 3)",False,False,PASS
datasets/lineB_downsampled_x4_up/strict_N/pu_net/train/glass_box/glass_box_0121.npy,"(1024, 3)",False,False,PASS
datasets/lineB_downsampled_x4_up/strict_N/pu_net/train/glass_box/glass_box_0122.npy,"(1024, 3)",False,False,PASS
datasets/lineB_downsampled_x4_up/strict_N/pu_net/train/glass_box/glass_box_0123.npy,"(1024, 3)",False,False,PASS
datasets/lineB_downsampled_x4_up/strict_N/pu_net/train/glass_box/glass_box_0124.npy,"(1024, 3)",False,False,PASS
datasets/lineB_downsampled_x4_up/strict_N/pu_net/train/glass_box/glass_box_0125.npy,"(1024, 3)",False,False,PASS
datasets/lineB_downsampled_x4_up/strict_N/pu_net/train/glass_box/glass_box_0126.npy,"(1024, 3)",False,False,PASS
datasets/lineB_downsampled_x4_up/strict_N/pu_net/train/glass_box/glass_box_0127.npy,"(1024, 3)",False,False,PASS
datasets/lineB_downsampled_x4_up/strict_N/pu_net/train/glass_box/glass_box_0128.npy,"(1024, 3)",False,False,PASS
datasets/lineB_downsampled_x4_up/strict_N/pu_net/train/glass_box/glass_box_0129.npy,"(1024, 3)",False,False,PASS
datasets/lineB_downsampled_x4_up/strict_N/pu_net/train/glass_box/glass_box_0130.npy,"(1024, 3)",False,False,PASS
datasets/lineB_downsampled_x4_up/strict_N/pu_net/train/glass_box/glass_box_0131.npy,"(1024, 3)",False,False,PASS
datasets/lineB_downsampled_x4_up/strict_N/pu_net/train/glass_box/glass_box_0132.npy,"(1024, 3)",False,False,PASS
datasets/lineB_downsampled_x4_up/strict_N/pu_net/train/glass_box/glass_box_0133.npy,"(1024, 3)",False,False,PASS
datasets/lineB_downsampled_x4_up/strict_N/pu_net/train/glass_box/glass_box_0134.npy,"(1024, 3)",False,False,PASS
datasets/lineB_downsampled_x4_up/strict_N/pu_net/train/glass_box/glass_box_0135.npy,"(1024, 3)",False,False,PASS
datasets/lineB_downsampled_x4_up/strict_N/pu_net/train/glass_box/glass_box_0136.npy,"(1024, 3)",False,False,PASS
datasets/lineB_downsampled_x4_up/strict_N/pu_net/train/glass_box/glass_box_0137.npy,"(1024, 3)",False,False,PASS
datasets/lineB_downsampled_x4_up/strict_N/pu_net/train/glass_box/glass_box_0138.npy,"(1024, 3)",False,False,PASS
datasets/lineB_downsampled_x4_up/strict_N/pu_net/train/glass_box/glass_box_0139.npy,"(1024, 3)",False,False,PASS
datasets/lineB_downsampled_x4_up/strict_N/pu_net/train/glass_box/glass_box_0140.npy,"(1024, 3)",False,False,PASS
datasets/lineB_downsampled_x4_up/strict_N/pu_net/train/glass_box/glass_box_0141.npy,"(1024, 3)",False,False,PASS
datasets/lineB_downsampled_x4_up/strict_N/pu_net/train/glass_box/glass_box_0142.npy,"(1024, 3)",False,False,PASS
datasets/lineB_downsampled_x4_up/strict_N/pu_net/train/glass_box/glass_box_0143.npy,"(1024, 3)",False,False,PASS
datasets/lineB_downsampled_x4_up/strict_N/pu_net/train/glass_box/glass_box_0144.npy,"(1024, 3)",False,False,PASS
datasets/lineB_downsampled_x4_up/strict_N/pu_net/train/glass_box/glass_box_0145.npy,"(1024, 3)",False,False,PASS
datasets/lineB_downsampled_x4_up/strict_N/pu_net/train/glass_box/glass_box_0146.npy,"(1024, 3)",False,False,PASS
datasets/lineB_downsampled_x4_up/strict_N/pu_net/train/glass_box/glass_box_0147.npy,"(1024, 3)",False,False,PASS
datasets/lineB_downsampled_x4_up/strict_N/pu_net/train/glass_box/glass_box_0148.npy,"(1024, 3)",False,False,PASS
datasets/lineB_downsampled_x4_up/strict_N/pu_net/train/glass_box/glass_box_0149.npy,"(1024, 3)",False,False,PASS
datasets/lineB_downsampled_x4_up/strict_N/pu_net/train/glass_box/glass_box_0150.npy,"(1024, 3)",False,False,PASS
datasets/lineB_downsampled_x4_up/strict_N/pu_net/train/glass_box/glass_box_0151.npy,"(1024, 3)",False,False,PASS
datasets/lineB_downsampled_x4_up/strict_N/pu_net/train/glass_box/glass_box_0152.npy,"(1024, 3)",False,False,PASS
datasets/lineB_downsampled_x4_up/strict_N/pu_net/train/glass_box/glass_box_0153.npy,"(1024, 3)",False,False,PASS
datasets/lineB_downsampled_x4_up/strict_N/pu_net/train/glass_box/glass_box_0154.npy,"(1024, 3)",False,False,PASS
datasets/lineB_downsampled_x4_up/strict_N/pu_net/train/glass_box/glass_box_0155.npy,"(1024, 3)",False,False,PASS
datasets/lineB_downsampled_x4_up/strict_N/pu_net/train/glass_box/glass_box_0156.npy,"(1024, 3)",False,False,PASS
datasets/lineB_downsampled_x4_up/strict_N/pu_net/train/glass_box/glass_box_0157.npy,"(1024, 3)",False,False,PASS
datasets/lineB_downsampled_x4_up/strict_N/pu_net/train/glass_box/glass_box_0158.npy,"(1024, 3)",False,False,PASS
datasets/lineB_downsampled_x4_up/strict_N/pu_net/train/glass_box/glass_box_0159.npy,"(1024, 3)",False,False,PASS
datasets/lineB_downsampled_x4_up/strict_N/pu_net/train/glass_box/glass_box_0160.npy,"(1024, 3)",False,False,PASS
datasets/lineB_downsampled_x4_up/strict_N/pu_net/train/glass_box/glass_box_0161.npy,"(1024, 3)",False,False,PASS
datasets/lineB_downsampled_x4_up/strict_N/pu_net/train/glass_box/glass_box_0162.npy,"(1024, 3)",False,False,PASS
datasets/lineB_downsampled_x4_up/strict_N/pu_net/train/glass_box/glass_box_0163.npy,"(1024, 3)",False,False,PASS
datasets/lineB_downsampled_x4_up/strict_N/pu_net/train/glass_box/glass_box_0164.npy,"(1024, 3)",False,False,PASS
datasets/lineB_downsampled_x4_up/strict_N/pu_net/train/glass_box/glass_box_0165.npy,"(1024, 3)",False,False,PASS
datasets/lineB_downsampled_x4_up/strict_N/pu_net/train/glass_box/glass_box_0166.npy,"(1024, 3)",False,False,PASS
datasets/lineB_downsampled_x4_up/strict_N/pu_net/train/glass_box/glass_box_0167.npy,"(1024, 3)",False,False,PASS
datasets/lineB_downsampled_x4_up/strict_N/pu_net/train/glass_box/glass_box_0168.npy,"(1024, 3)",False,False,PASS
datasets/lineB_downsampled_x4_up/strict_N/pu_net/train/glass_box/glass_box_0169.npy,"(1024, 3)",False,False,PASS
datasets/lineB_downsampled_x4_up/strict_N/pu_net/train/glass_box/glass_box_0170.npy,"(1024, 3)",False,False,PASS
datasets/lineB_downsampled_x4_up/strict_N/pu_net/train/glass_box/glass_box_0171.npy,"(1024, 3)",False,False,PASS
datasets/lineB_downsampled_x4_up/strict_N/pu_net/train/guitar/guitar_0001.npy,"(1024, 3)",False,False,PASS
datasets/lineB_downsampled_x4_up/strict_N/pu_net/train/guitar/guitar_0002.npy,"(1024, 3)",False,False,PASS
datasets/lineB_downsampled_x4_up/strict_N/pu_net/train/guitar/guitar_0003.npy,"(1024, 3)",False,False,PASS
datasets/lineB_downsampled_x4_up/strict_N/pu_net/train/guitar/guitar_0004.npy,"(1024, 3)",False,False,PASS
datasets/lineB_downsampled_x4_up/strict_N/pu_net/train/guitar/guitar_0005.npy,"(1024, 3)",False,False,PASS
datasets/lineB_downsampled_x4_up/strict_N/pu_net/train/guitar/guitar_0006.npy,"(1024, 3)",False,False,PASS
datasets/lineB_downsampled_x4_up/strict_N/pu_net/train/guitar/guitar_0007.npy,"(1024, 3)",False,False,PASS
datasets/lineB_downsampled_x4_up/strict_N/pu_net/train/guitar/guitar_0008.npy,"(1024, 3)",False,False,PASS
datasets/lineB_downsampled_x4_up/strict_N/pu_net/train/guitar/guitar_0009.npy,"(1024, 3)",False,False,PASS
datasets/lineB_downsampled_x4_up/strict_N/pu_net/train/guitar/guitar_0010.npy,"(1024, 3)",False,False,PASS
datasets/lineB_downsampled_x4_up/strict_N/pu_net/train/guitar/guitar_0011.npy,"(1024, 3)",False,False,PASS
datasets/lineB_downsampled_x4_up/strict_N/pu_net/train/guitar/guitar_0012.npy,"(1024, 3)",False,False,PASS
datasets/lineB_downsampled_x4_up/strict_N/pu_net/train/guitar/guitar_0013.npy,"(1024, 3)",False,False,PASS
datasets/lineB_downsampled_x4_up/strict_N/pu_net/train/guitar/guitar_0014.npy,"(1024, 3)",False,False,PASS
datasets/lineB_downsampled_x4_up/strict_N/pu_net/train/guitar/guitar_0015.npy,"(1024, 3)",False,False,PASS
datasets/lineB_downsampled_x4_up/strict_N/pu_net/train/guitar/guitar_0016.npy,"(1024, 3)",False,False,PASS
datasets/lineB_downsampled_x4_up/strict_N/pu_net/train/guitar/guitar_0017.npy,"(1024, 3)",False,False,PASS
datasets/lineB_downsampled_x4_up/strict_N/pu_net/train/guitar/guitar_0018.npy,"(1024, 3)",False,False,PASS
datasets/lineB_downsampled_x4_up/strict_N/pu_net/train/guitar/guitar_0019.npy,"(1024, 3)",False,False,PASS
datasets/lineB_downsampled_x4_up/strict_N/pu_net/train/guitar/guitar_0020.npy,"(1024, 3)",False,False,PASS
datasets/lineB_downsampled_x4_up/strict_N/pu_net/train/guitar/guitar_0021.npy,"(1024, 3)",False,False,PASS
datasets/lineB_downsampled_x4_up/strict_N/pu_net/train/guitar/guitar_0022.npy,"(1024, 3)",False,False,PASS
datasets/lineB_downsampled_x4_up/strict_N/pu_net/train/guitar/guitar_0023.npy,"(1024, 3)",False,False,PASS
datasets/lineB_downsampled_x4_up/strict_N/pu_net/train/guitar/guitar_0024.npy,"(1024, 3)",False,False,PASS
datasets/lineB_downsampled_x4_up/strict_N/pu_net/train/guitar/guitar_0025.npy,"(1024, 3)",False,False,PASS
datasets/lineB_downsampled_x4_up/strict_N/pu_net/train/guitar/guitar_0026.npy,"(1024, 3)",False,False,PASS
datasets/lineB_downsampled_x4_up/strict_N/pu_net/train/guitar/guitar_0027.npy,"(1024, 3)",False,False,PASS
datasets/lineB_downsampled_x4_up/strict_N/pu_net/train/guitar/guitar_0028.npy,"(1024, 3)",False,False,PASS
datasets/lineB_downsampled_x4_up/strict_N/pu_net/train/guitar/guitar_0029.npy,"(1024, 3)",False,False,PASS
datasets/lineB_downsampled_x4_up/strict_N/pu_net/train/guitar/guitar_0030.npy,"(1024, 3)",False,False,PASS
datasets/lineB_downsampled_x4_up/strict_N/pu_net/train/guitar/guitar_0031.npy,"(1024, 3)",False,False,PASS
datasets/lineB_downsampled_x4_up/strict_N/pu_net/train/guitar/guitar_0032.npy,"(1024, 3)",False,False,PASS
datasets/lineB_downsampled_x4_up/strict_N/pu_net/train/guitar/guitar_0033.npy,"(1024, 3)",False,False,PASS
datasets/lineB_downsampled_x4_up/strict_N/pu_net/train/guitar/guitar_0034.npy,"(1024, 3)",False,False,PASS
datasets/lineB_downsampled_x4_up/strict_N/pu_net/train/guitar/guitar_0035.npy,"(1024, 3)",False,False,PASS
datasets/lineB_downsampled_x4_up/strict_N/pu_net/train/guitar/guitar_0036.npy,"(1024, 3)",False,False,PASS
datasets/lineB_downsampled_x4_up/strict_N/pu_net/train/guitar/guitar_0037.npy,"(1024, 3)",False,False,PASS
datasets/lineB_downsampled_x4_up/strict_N/pu_net/train/guitar/guitar_0038.npy,"(1024, 3)",False,False,PASS
datasets/lineB_downsampled_x4_up/strict_N/pu_net/train/guitar/guitar_0039.npy,"(1024, 3)",False,False,PASS
datasets/lineB_downsampled_x4_up/strict_N/pu_net/train/guitar/guitar_0040.npy,"(1024, 3)",False,False,PASS
datasets/lineB_downsampled_x4_up/strict_N/pu_net/train/guitar/guitar_0041.npy,"(1024, 3)",False,False,PASS
datasets/lineB_downsampled_x4_up/strict_N/pu_net/train/guitar/guitar_0042.npy,"(1024, 3)",False,False,PASS
datasets/lineB_downsampled_x4_up/strict_N/pu_net/train/guitar/guitar_0043.npy,"(1024, 3)",False,False,PASS
datasets/lineB_downsampled_x4_up/strict_N/pu_net/train/guitar/guitar_0044.npy,"(1024, 3)",False,False,PASS
datasets/lineB_downsampled_x4_up/strict_N/pu_net/train/guitar/guitar_0045.npy,"(1024, 3)",False,False,PASS
datasets/lineB_downsampled_x4_up/strict_N/pu_net/train/guitar/guitar_0046.npy,"(1024, 3)",False,False,PASS
datasets/lineB_downsampled_x4_up/strict_N/pu_net/train/guitar/guitar_0047.npy,"(1024, 3)",False,False,PASS
datasets/lineB_downsampled_x4_up/strict_N/pu_net/train/guitar/guitar_0048.npy,"(1024, 3)",False,False,PASS
datasets/lineB_downsampled_x4_up/strict_N/pu_net/train/guitar/guitar_0049.npy,"(1024, 3)",False,False,PASS
datasets/lineB_downsampled_x4_up/strict_N/pu_net/train/guitar/guitar_0050.npy,"(1024, 3)",False,False,PASS
datasets/lineB_downsampled_x4_up/strict_N/pu_net/train/guitar/guitar_0051.npy,"(1024, 3)",False,False,PASS
datasets/lineB_downsampled_x4_up/strict_N/pu_net/train/guitar/guitar_0052.npy,"(1024, 3)",False,False,PASS
datasets/lineB_downsampled_x4_up/strict_N/pu_net/train/guitar/guitar_0053.npy,"(1024, 3)",False,False,PASS
datasets/lineB_downsampled_x4_up/strict_N/pu_net/train/guitar/guitar_0054.npy,"(1024, 3)",False,False,PASS
datasets/lineB_downsampled_x4_up/strict_N/pu_net/train/guitar/guitar_0055.npy,"(1024, 3)",False,False,PASS
datasets/lineB_downsampled_x4_up/strict_N/pu_net/train/guitar/guitar_0056.npy,"(1024, 3)",False,False,PASS
datasets/lineB_downsampled_x4_up/strict_N/pu_net/train/guitar/guitar_0057.npy,"(1024, 3)",False,False,PASS
datasets/lineB_downsampled_x4_up/strict_N/pu_net/train/guitar/guitar_0058.npy,"(1024, 3)",False,False,PASS
datasets/lineB_downsampled_x4_up/strict_N/pu_net/train/guitar/guitar_0059.npy,"(1024, 3)",False,False,PASS
datasets/lineB_downsampled_x4_up/strict_N/pu_net/train/guitar/guitar_0060.npy,"(1024, 3)",False,False,PASS
datasets/lineB_downsampled_x4_up/strict_N/pu_net/train/guitar/guitar_0061.npy,"(1024, 3)",False,False,PASS
datasets/lineB_downsampled_x4_up/strict_N/pu_net/train/guitar/guitar_0062.npy,"(1024, 3)",False,False,PASS
datasets/lineB_downsampled_x4_up/strict_N/pu_net/train/guitar/guitar_0063.npy,"(1024, 3)",False,False,PASS
datasets/lineB_downsampled_x4_up/strict_N/pu_net/train/guitar/guitar_0064.npy,"(1024, 3)",False,False,PASS
datasets/lineB_downsampled_x4_up/strict_N/pu_net/train/guitar/guitar_0065.npy,"(1024, 3)",False,False,PASS
datasets/lineB_downsampled_x4_up/strict_N/pu_net/train/guitar/guitar_0066.npy,"(1024, 3)",False,False,PASS
datasets/lineB_downsampled_x4_up/strict_N/pu_net/train/guitar/guitar_0067.npy,"(1024, 3)",False,False,PASS
datasets/lineB_downsampled_x4_up/strict_N/pu_net/train/guitar/guitar_0068.npy,"(1024, 3)",False,False,PASS
datasets/lineB_downsampled_x4_up/strict_N/pu_net/train/guitar/guitar_0069.npy,"(1024, 3)",False,False,PASS
datasets/lineB_downsampled_x4_up/strict_N/pu_net/train/guitar/guitar_0070.npy,"(1024, 3)",False,False,PASS
datasets/lineB_downsampled_x4_up/strict_N/pu_net/train/guitar/guitar_0071.npy,"(1024, 3)",False,False,PASS
datasets/lineB_downsampled_x4_up/strict_N/pu_net/train/guitar/guitar_0072.npy,"(1024, 3)",False,False,PASS
datasets/lineB_downsampled_x4_up/strict_N/pu_net/train/guitar/guitar_0073.npy,"(1024, 3)",False,False,PASS
datasets/lineB_downsampled_x4_up/strict_N/pu_net/train/guitar/guitar_0074.npy,"(1024, 3)",False,False,PASS
datasets/lineB_downsampled_x4_up/strict_N/pu_net/train/guitar/guitar_0075.npy,"(1024, 3)",False,False,PASS
datasets/lineB_downsampled_x4_up/strict_N/pu_net/train/guitar/guitar_0076.npy,"(1024, 3)",False,False,PASS
datasets/lineB_downsampled_x4_up/strict_N/pu_net/train/guitar/guitar_0077.npy,"(1024, 3)",False,False,PASS
datasets/lineB_downsampled_x4_up/strict_N/pu_net/train/guitar/guitar_0078.npy,"(1024, 3)",False,False,PASS
datasets/lineB_downsampled_x4_up/strict_N/pu_net/train/guitar/guitar_0079.npy,"(1024, 3)",False,False,PASS
datasets/lineB_downsampled_x4_up/strict_N/pu_net/train/guitar/guitar_0080.npy,"(1024, 3)",False,False,PASS
datasets/lineB_downsampled_x4_up/strict_N/pu_net/train/guitar/guitar_0081.npy,"(1024, 3)",False,False,PASS
datasets/lineB_downsampled_x4_up/strict_N/pu_net/train/guitar/guitar_0082.npy,"(1024, 3)",False,False,PASS
datasets/lineB_downsampled_x4_up/strict_N/pu_net/train/guitar/guitar_0083.npy,"(1024, 3)",False,False,PASS
datasets/lineB_downsampled_x4_up/strict_N/pu_net/train/guitar/guitar_0084.npy,"(1024, 3)",False,False,PASS
datasets/lineB_downsampled_x4_up/strict_N/pu_net/train/guitar/guitar_0085.npy,"(1024, 3)",False,False,PASS
datasets/lineB_downsampled_x4_up/strict_N/pu_net/train/guitar/guitar_0086.npy,"(1024, 3)",False,False,PASS
datasets/lineB_downsampled_x4_up/strict_N/pu_net/train/guitar/guitar_0087.npy,"(1024, 3)",False,False,PASS
datasets/lineB_downsampled_x4_up/strict_N/pu_net/train/guitar/guitar_0088.npy,"(1024, 3)",False,False,PASS
datasets/lineB_downsampled_x4_up/strict_N/pu_net/train/guitar/guitar_0089.npy,"(1024, 3)",False,False,PASS
datasets/lineB_downsampled_x4_up/strict_N/pu_net/train/guitar/guitar_0090.npy,"(1024, 3)",False,False,PASS
datasets/lineB_downsampled_x4_up/strict_N/pu_net/train/guitar/guitar_0091.npy,"(1024, 3)",False,False,PASS
datasets/lineB_downsampled_x4_up/strict_N/pu_net/train/guitar/guitar_0092.npy,"(1024, 3)",False,False,PASS
datasets/lineB_downsampled_x4_up/strict_N/pu_net/train/guitar/guitar_0093.npy,"(1024, 3)",False,False,PASS
datasets/lineB_downsampled_x4_up/strict_N/pu_net/train/guitar/guitar_0094.npy,"(1024, 3)",False,False,PASS
datasets/lineB_downsampled_x4_up/strict_N/pu_net/train/guitar/guitar_0095.npy,"(1024, 3)",False,False,PASS
datasets/lineB_downsampled_x4_up/strict_N/pu_net/train/guitar/guitar_0096.npy,"(1024, 3)",False,False,PASS
datasets/lineB_downsampled_x4_up/strict_N/pu_net/train/guitar/guitar_0097.npy,"(1024, 3)",False,False,PASS
datasets/lineB_downsampled_x4_up/strict_N/pu_net/train/guitar/guitar_0098.npy,"(1024, 3)",False,False,PASS
datasets/lineB_downsampled_x4_up/strict_N/pu_net/train/guitar/guitar_0099.npy,"(1024, 3)",False,False,PASS
datasets/lineB_downsampled_x4_up/strict_N/pu_net/train/guitar/guitar_0100.npy,"(1024, 3)",False,False,PASS
datasets/lineB_downsampled_x4_up/strict_N/pu_net/train/guitar/guitar_0101.npy,"(1024, 3)",False,False,PASS
datasets/lineB_downsampled_x4_up/strict_N/pu_net/train/guitar/guitar_0102.npy,"(1024, 3)",False,False,PASS
datasets/lineB_downsampled_x4_up/strict_N/pu_net/train/guitar/guitar_0103.npy,"(1024, 3)",False,False,PASS
datasets/lineB_downsampled_x4_up/strict_N/pu_net/train/guitar/guitar_0104.npy,"(1024, 3)",False,False,PASS
datasets/lineB_downsampled_x4_up/strict_N/pu_net/train/guitar/guitar_0105.npy,"(1024, 3)",False,False,PASS
datasets/lineB_downsampled_x4_up/strict_N/pu_net/train/guitar/guitar_0106.npy,"(1024, 3)",False,False,PASS
datasets/lineB_downsampled_x4_up/strict_N/pu_net/train/guitar/guitar_0107.npy,"(1024, 3)",False,False,PASS
datasets/lineB_downsampled_x4_up/strict_N/pu_net/train/guitar/guitar_0108.npy,"(1024, 3)",False,False,PASS
datasets/lineB_downsampled_x4_up/strict_N/pu_net/train/guitar/guitar_0109.npy,"(1024, 3)",False,False,PASS
datasets/lineB_downsampled_x4_up/strict_N/pu_net/train/guitar/guitar_0110.npy,"(1024, 3)",False,False,PASS
datasets/lineB_downsampled_x4_up/strict_N/pu_net/train/guitar/guitar_0111.npy,"(1024, 3)",False,False,PASS
datasets/lineB_downsampled_x4_up/strict_N/pu_net/train/guitar/guitar_0112.npy,"(1024, 3)",False,False,PASS
datasets/lineB_downsampled_x4_up/strict_N/pu_net/train/guitar/guitar_0113.npy,"(1024, 3)",False,False,PASS
datasets/lineB_downsampled_x4_up/strict_N/pu_net/train/guitar/guitar_0114.npy,"(1024, 3)",False,False,PASS
datasets/lineB_downsampled_x4_up/strict_N/pu_net/train/guitar/guitar_0115.npy,"(1024, 3)",False,False,PASS
datasets/lineB_downsampled_x4_up/strict_N/pu_net/train/guitar/guitar_0116.npy,"(1024, 3)",False,False,PASS
datasets/lineB_downsampled_x4_up/strict_N/pu_net/train/guitar/guitar_0117.npy,"(1024, 3)",False,False,PASS
datasets/lineB_downsampled_x4_up/strict_N/pu_net/train/guitar/guitar_0118.npy,"(1024, 3)",False,False,PASS
datasets/lineB_downsampled_x4_up/strict_N/pu_net/train/guitar/guitar_0119.npy,"(1024, 3)",False,False,PASS
datasets/lineB_downsampled_x4_up/strict_N/pu_net/train/guitar/guitar_0120.npy,"(1024, 3)",False,False,PASS
datasets/lineB_downsampled_x4_up/strict_N/pu_net/train/guitar/guitar_0121.npy,"(1024, 3)",False,False,PASS
datasets/lineB_downsampled_x4_up/strict_N/pu_net/train/guitar/guitar_0122.npy,"(1024, 3)",False,False,PASS
datasets/lineB_downsampled_x4_up/strict_N/pu_net/train/guitar/guitar_0123.npy,"(1024, 3)",False,False,PASS
datasets/lineB_downsampled_x4_up/strict_N/pu_net/train/guitar/guitar_0124.npy,"(1024, 3)",False,False,PASS
datasets/lineB_downsampled_x4_up/strict_N/pu_net/train/guitar/guitar_0125.npy,"(1024, 3)",False,False,PASS
datasets/lineB_downsampled_x4_up/strict_N/pu_net/train/guitar/guitar_0126.npy,"(1024, 3)",False,False,PASS
datasets/lineB_downsampled_x4_up/strict_N/pu_net/train/guitar/guitar_0127.npy,"(1024, 3)",False,False,PASS
datasets/lineB_downsampled_x4_up/strict_N/pu_net/train/guitar/guitar_0128.npy,"(1024, 3)",False,False,PASS
datasets/lineB_downsampled_x4_up/strict_N/pu_net/train/guitar/guitar_0129.npy,"(1024, 3)",False,False,PASS
datasets/lineB_downsampled_x4_up/strict_N/pu_net/train/guitar/guitar_0130.npy,"(1024, 3)",False,False,PASS
datasets/lineB_downsampled_x4_up/strict_N/pu_net/train/guitar/guitar_0131.npy,"(1024, 3)",False,False,PASS
datasets/lineB_downsampled_x4_up/strict_N/pu_net/train/guitar/guitar_0132.npy,"(1024, 3)",False,False,PASS
datasets/lineB_downsampled_x4_up/strict_N/pu_net/train/guitar/guitar_0133.npy,"(1024, 3)",False,False,PASS
datasets/lineB_downsampled_x4_up/strict_N/pu_net/train/guitar/guitar_0134.npy,"(1024, 3)",False,False,PASS
datasets/lineB_downsampled_x4_up/strict_N/pu_net/train/guitar/guitar_0135.npy,"(1024, 3)",False,False,PASS
datasets/lineB_downsampled_x4_up/strict_N/pu_net/train/guitar/guitar_0136.npy,"(1024, 3)",False,False,PASS
datasets/lineB_downsampled_x4_up/strict_N/pu_net/train/guitar/guitar_0137.npy,"(1024, 3)",False,False,PASS
datasets/lineB_downsampled_x4_up/strict_N/pu_net/train/guitar/guitar_0138.npy,"(1024, 3)",False,False,PASS
datasets/lineB_downsampled_x4_up/strict_N/pu_net/train/guitar/guitar_0139.npy,"(1024, 3)",False,False,PASS
datasets/lineB_downsampled_x4_up/strict_N/pu_net/train/guitar/guitar_0140.npy,"(1024, 3)",False,False,PASS
datasets/lineB_downsampled_x4_up/strict_N/pu_net/train/guitar/guitar_0141.npy,"(1024, 3)",False,False,PASS
datasets/lineB_downsampled_x4_up/strict_N/pu_net/train/guitar/guitar_0142.npy,"(1024, 3)",False,False,PASS
datasets/lineB_downsampled_x4_up/strict_N/pu_net/train/guitar/guitar_0143.npy,"(1024, 3)",False,False,PASS
datasets/lineB_downsampled_x4_up/strict_N/pu_net/train/guitar/guitar_0144.npy,"(1024, 3)",False,False,PASS
datasets/lineB_downsampled_x4_up/strict_N/pu_net/train/guitar/guitar_0145.npy,"(1024, 3)",False,False,PASS
datasets/lineB_downsampled_x4_up/strict_N/pu_net/train/guitar/guitar_0146.npy,"(1024, 3)",False,False,PASS
datasets/lineB_downsampled_x4_up/strict_N/pu_net/train/guitar/guitar_0147.npy,"(1024, 3)",False,False,PASS
datasets/lineB_downsampled_x4_up/strict_N/pu_net/train/guitar/guitar_0148.npy,"(1024, 3)",False,False,PASS
datasets/lineB_downsampled_x4_up/strict_N/pu_net/train/guitar/guitar_0149.npy,"(1024, 3)",False,False,PASS
datasets/lineB_downsampled_x4_up/strict_N/pu_net/train/guitar/guitar_0150.npy,"(1024, 3)",False,False,PASS
datasets/lineB_downsampled_x4_up/strict_N/pu_net/train/guitar/guitar_0151.npy,"(1024, 3)",False,False,PASS
datasets/lineB_downsampled_x4_up/strict_N/pu_net/train/guitar/guitar_0152.npy,"(1024, 3)",False,False,PASS
datasets/lineB_downsampled_x4_up/strict_N/pu_net/train/guitar/guitar_0153.npy,"(1024, 3)",False,False,PASS
datasets/lineB_downsampled_x4_up/strict_N/pu_net/train/guitar/guitar_0154.npy,"(1024, 3)",False,False,PASS
datasets/lineB_downsampled_x4_up/strict_N/pu_net/train/guitar/guitar_0155.npy,"(1024, 3)",False,False,PASS
datasets/lineB_downsampled_x4_up/strict_N/pu_net/train/keyboard/keyboard_0001.npy,"(1024, 3)",False,False,PASS
datasets/lineB_downsampled_x4_up/strict_N/pu_net/train/keyboard/keyboard_0002.npy,"(1024, 3)",False,False,PASS
datasets/lineB_downsampled_x4_up/strict_N/pu_net/train/keyboard/keyboard_0003.npy,"(1024, 3)",False,False,PASS
datasets/lineB_downsampled_x4_up/strict_N/pu_net/train/keyboard/keyboard_0004.npy,"(1024, 3)",False,False,PASS
datasets/lineB_downsampled_x4_up/strict_N/pu_net/train/keyboard/keyboard_0005.npy,"(1024, 3)",False,False,PASS
datasets/lineB_downsampled_x4_up/strict_N/pu_net/train/keyboard/keyboard_0006.npy,"(1024, 3)",False,False,PASS
datasets/lineB_downsampled_x4_up/strict_N/pu_net/train/keyboard/keyboard_0007.npy,"(1024, 3)",False,False,PASS
datasets/lineB_downsampled_x4_up/strict_N/pu_net/train/keyboard/keyboard_0008.npy,"(1024, 3)",False,False,PASS
datasets/lineB_downsampled_x4_up/strict_N/pu_net/train/keyboard/keyboard_0009.npy,"(1024, 3)",False,False,PASS
datasets/lineB_downsampled_x4_up/strict_N/pu_net/train/keyboard/keyboard_0010.npy,"(1024, 3)",False,False,PASS
datasets/lineB_downsampled_x4_up/strict_N/pu_net/train/keyboard/keyboard_0011.npy,"(1024, 3)",False,False,PASS
datasets/lineB_downsampled_x4_up/strict_N/pu_net/train/keyboard/keyboard_0012.npy,"(1024, 3)",False,False,PASS
datasets/lineB_downsampled_x4_up/strict_N/pu_net/train/keyboard/keyboard_0013.npy,"(1024, 3)",False,False,PASS
datasets/lineB_downsampled_x4_up/strict_N/pu_net/train/keyboard/keyboard_0014.npy,"(1024, 3)",False,False,PASS
datasets/lineB_downsampled_x4_up/strict_N/pu_net/train/keyboard/keyboard_0015.npy,"(1024, 3)",False,False,PASS
datasets/lineB_downsampled_x4_up/strict_N/pu_net/train/keyboard/keyboard_0016.npy,"(1024, 3)",False,False,PASS
datasets/lineB_downsampled_x4_up/strict_N/pu_net/train/keyboard/keyboard_0017.npy,"(1024, 3)",False,False,PASS
datasets/lineB_downsampled_x4_up/strict_N/pu_net/train/keyboard/keyboard_0018.npy,"(1024, 3)",False,False,PASS
datasets/lineB_downsampled_x4_up/strict_N/pu_net/train/keyboard/keyboard_0019.npy,"(1024, 3)",False,False,PASS
datasets/lineB_downsampled_x4_up/strict_N/pu_net/train/keyboard/keyboard_0020.npy,"(1024, 3)",False,False,PASS
datasets/lineB_downsampled_x4_up/strict_N/pu_net/train/keyboard/keyboard_0021.npy,"(1024, 3)",False,False,PASS
datasets/lineB_downsampled_x4_up/strict_N/pu_net/train/keyboard/keyboard_0022.npy,"(1024, 3)",False,False,PASS
datasets/lineB_downsampled_x4_up/strict_N/pu_net/train/keyboard/keyboard_0023.npy,"(1024, 3)",False,False,PASS
datasets/lineB_downsampled_x4_up/strict_N/pu_net/train/keyboard/keyboard_0024.npy,"(1024, 3)",False,False,PASS
datasets/lineB_downsampled_x4_up/strict_N/pu_net/train/keyboard/keyboard_0025.npy,"(1024, 3)",False,False,PASS
datasets/lineB_downsampled_x4_up/strict_N/pu_net/train/keyboard/keyboard_0026.npy,"(1024, 3)",False,False,PASS
datasets/lineB_downsampled_x4_up/strict_N/pu_net/train/keyboard/keyboard_0027.npy,"(1024, 3)",False,False,PASS
datasets/lineB_downsampled_x4_up/strict_N/pu_net/train/keyboard/keyboard_0028.npy,"(1024, 3)",False,False,PASS
datasets/lineB_downsampled_x4_up/strict_N/pu_net/train/keyboard/keyboard_0029.npy,"(1024, 3)",False,False,PASS
datasets/lineB_downsampled_x4_up/strict_N/pu_net/train/keyboard/keyboard_0030.npy,"(1024, 3)",False,False,PASS
datasets/lineB_downsampled_x4_up/strict_N/pu_net/train/keyboard/keyboard_0031.npy,"(1024, 3)",False,False,PASS
datasets/lineB_downsampled_x4_up/strict_N/pu_net/train/keyboard/keyboard_0032.npy,"(1024, 3)",False,False,PASS
datasets/lineB_downsampled_x4_up/strict_N/pu_net/train/keyboard/keyboard_0033.npy,"(1024, 3)",False,False,PASS
datasets/lineB_downsampled_x4_up/strict_N/pu_net/train/keyboard/keyboard_0034.npy,"(1024, 3)",False,False,PASS
datasets/lineB_downsampled_x4_up/strict_N/pu_net/train/keyboard/keyboard_0035.npy,"(1024, 3)",False,False,PASS
datasets/lineB_downsampled_x4_up/strict_N/pu_net/train/keyboard/keyboard_0036.npy,"(1024, 3)",False,False,PASS
datasets/lineB_downsampled_x4_up/strict_N/pu_net/train/keyboard/keyboard_0037.npy,"(1024, 3)",False,False,PASS
datasets/lineB_downsampled_x4_up/strict_N/pu_net/train/keyboard/keyboard_0038.npy,"(1024, 3)",False,False,PASS
datasets/lineB_downsampled_x4_up/strict_N/pu_net/train/keyboard/keyboard_0039.npy,"(1024, 3)",False,False,PASS
datasets/lineB_downsampled_x4_up/strict_N/pu_net/train/keyboard/keyboard_0040.npy,"(1024, 3)",False,False,PASS
datasets/lineB_downsampled_x4_up/strict_N/pu_net/train/keyboard/keyboard_0041.npy,"(1024, 3)",False,False,PASS
datasets/lineB_downsampled_x4_up/strict_N/pu_net/train/keyboard/keyboard_0042.npy,"(1024, 3)",False,False,PASS
datasets/lineB_downsampled_x4_up/strict_N/pu_net/train/keyboard/keyboard_0043.npy,"(1024, 3)",False,False,PASS
datasets/lineB_downsampled_x4_up/strict_N/pu_net/train/keyboard/keyboard_0044.npy,"(1024, 3)",False,False,PASS
datasets/lineB_downsampled_x4_up/strict_N/pu_net/train/keyboard/keyboard_0045.npy,"(1024, 3)",False,False,PASS
datasets/lineB_downsampled_x4_up/strict_N/pu_net/train/keyboard/keyboard_0046.npy,"(1024, 3)",False,False,PASS
datasets/lineB_downsampled_x4_up/strict_N/pu_net/train/keyboard/keyboard_0047.npy,"(1024, 3)",False,False,PASS
datasets/lineB_downsampled_x4_up/strict_N/pu_net/train/keyboard/keyboard_0048.npy,"(1024, 3)",False,False,PASS
datasets/lineB_downsampled_x4_up/strict_N/pu_net/train/keyboard/keyboard_0049.npy,"(1024, 3)",False,False,PASS
datasets/lineB_downsampled_x4_up/strict_N/pu_net/train/keyboard/keyboard_0050.npy,"(1024, 3)",False,False,PASS
datasets/lineB_downsampled_x4_up/strict_N/pu_net/train/keyboard/keyboard_0051.npy,"(1024, 3)",False,False,PASS
datasets/lineB_downsampled_x4_up/strict_N/pu_net/train/keyboard/keyboard_0052.npy,"(1024, 3)",False,False,PASS
datasets/lineB_downsampled_x4_up/strict_N/pu_net/train/keyboard/keyboard_0053.npy,"(1024, 3)",False,False,PASS
datasets/lineB_downsampled_x4_up/strict_N/pu_net/train/keyboard/keyboard_0054.npy,"(1024, 3)",False,False,PASS
datasets/lineB_downsampled_x4_up/strict_N/pu_net/train/keyboard/keyboard_0055.npy,"(1024, 3)",False,False,PASS
datasets/lineB_downsampled_x4_up/strict_N/pu_net/train/keyboard/keyboard_0056.npy,"(1024, 3)",False,False,PASS
datasets/lineB_downsampled_x4_up/strict_N/pu_net/train/keyboard/keyboard_0057.npy,"(1024, 3)",False,False,PASS
datasets/lineB_downsampled_x4_up/strict_N/pu_net/train/keyboard/keyboard_0058.npy,"(1024, 3)",False,False,PASS
datasets/lineB_downsampled_x4_up/strict_N/pu_net/train/keyboard/keyboard_0059.npy,"(1024, 3)",False,False,PASS
datasets/lineB_downsampled_x4_up/strict_N/pu_net/train/keyboard/keyboard_0060.npy,"(1024, 3)",False,False,PASS
datasets/lineB_downsampled_x4_up/strict_N/pu_net/train/keyboard/keyboard_0061.npy,"(1024, 3)",False,False,PASS
datasets/lineB_downsampled_x4_up/strict_N/pu_net/train/keyboard/keyboard_0062.npy,"(1024, 3)",False,False,PASS
datasets/lineB_downsampled_x4_up/strict_N/pu_net/train/keyboard/keyboard_0063.npy,"(1024, 3)",False,False,PASS
datasets/lineB_downsampled_x4_up/strict_N/pu_net/train/keyboard/keyboard_0064.npy,"(1024, 3)",False,False,PASS
datasets/lineB_downsampled_x4_up/strict_N/pu_net/train/keyboard/keyboard_0065.npy,"(1024, 3)",False,False,PASS
datasets/lineB_downsampled_x4_up/strict_N/pu_net/train/keyboard/keyboard_0066.npy,"(1024, 3)",False,False,PASS
datasets/lineB_downsampled_x4_up/strict_N/pu_net/train/keyboard/keyboard_0067.npy,"(1024, 3)",False,False,PASS
datasets/lineB_downsampled_x4_up/strict_N/pu_net/train/keyboard/keyboard_0068.npy,"(1024, 3)",False,False,PASS
datasets/lineB_downsampled_x4_up/strict_N/pu_net/train/keyboard/keyboard_0069.npy,"(1024, 3)",False,False,PASS
datasets/lineB_downsampled_x4_up/strict_N/pu_net/train/keyboard/keyboard_0070.npy,"(1024, 3)",False,False,PASS
datasets/lineB_downsampled_x4_up/strict_N/pu_net/train/keyboard/keyboard_0071.npy,"(1024, 3)",False,False,PASS
datasets/lineB_downsampled_x4_up/strict_N/pu_net/train/keyboard/keyboard_0072.npy,"(1024, 3)",False,False,PASS
datasets/lineB_downsampled_x4_up/strict_N/pu_net/train/keyboard/keyboard_0073.npy,"(1024, 3)",False,False,PASS
datasets/lineB_downsampled_x4_up/strict_N/pu_net/train/keyboard/keyboard_0074.npy,"(1024, 3)",False,False,PASS
datasets/lineB_downsampled_x4_up/strict_N/pu_net/train/keyboard/keyboard_0075.npy,"(1024, 3)",False,False,PASS
datasets/lineB_downsampled_x4_up/strict_N/pu_net/train/keyboard/keyboard_0076.npy,"(1024, 3)",False,False,PASS
datasets/lineB_downsampled_x4_up/strict_N/pu_net/train/keyboard/keyboard_0077.npy,"(1024, 3)",False,False,PASS
datasets/lineB_downsampled_x4_up/strict_N/pu_net/train/keyboard/keyboard_0078.npy,"(1024, 3)",False,False,PASS
datasets/lineB_downsampled_x4_up/strict_N/pu_net/train/keyboard/keyboard_0079.npy,"(1024, 3)",False,False,PASS
datasets/lineB_downsampled_x4_up/strict_N/pu_net/train/keyboard/keyboard_0080.npy,"(1024, 3)",False,False,PASS
datasets/lineB_downsampled_x4_up/strict_N/pu_net/train/keyboard/keyboard_0081.npy,"(1024, 3)",False,False,PASS
datasets/lineB_downsampled_x4_up/strict_N/pu_net/train/keyboard/keyboard_0082.npy,"(1024, 3)",False,False,PASS
datasets/lineB_downsampled_x4_up/strict_N/pu_net/train/keyboard/keyboard_0083.npy,"(1024, 3)",False,False,PASS
datasets/lineB_downsampled_x4_up/strict_N/pu_net/train/keyboard/keyboard_0084.npy,"(1024, 3)",False,False,PASS
datasets/lineB_downsampled_x4_up/strict_N/pu_net/train/keyboard/keyboard_0085.npy,"(1024, 3)",False,False,PASS
datasets/lineB_downsampled_x4_up/strict_N/pu_net/train/keyboard/keyboard_0086.npy,"(1024, 3)",False,False,PASS
datasets/lineB_downsampled_x4_up/strict_N/pu_net/train/keyboard/keyboard_0087.npy,"(1024, 3)",False,False,PASS
datasets/lineB_downsampled_x4_up/strict_N/pu_net/train/keyboard/keyboard_0088.npy,"(1024, 3)",False,False,PASS
datasets/lineB_downsampled_x4_up/strict_N/pu_net/train/keyboard/keyboard_0089.npy,"(1024, 3)",False,False,PASS
datasets/lineB_downsampled_x4_up/strict_N/pu_net/train/keyboard/keyboard_0090.npy,"(1024, 3)",False,False,PASS
datasets/lineB_downsampled_x4_up/strict_N/pu_net/train/keyboard/keyboard_0091.npy,"(1024, 3)",False,False,PASS
datasets/lineB_downsampled_x4_up/strict_N/pu_net/train/keyboard/keyboard_0092.npy,"(1024, 3)",False,False,PASS
datasets/lineB_downsampled_x4_up/strict_N/pu_net/train/keyboard/keyboard_0093.npy,"(1024, 3)",False,False,PASS
datasets/lineB_downsampled_x4_up/strict_N/pu_net/train/keyboard/keyboard_0094.npy,"(1024, 3)",False,False,PASS
datasets/lineB_downsampled_x4_up/strict_N/pu_net/train/keyboard/keyboard_0095.npy,"(1024, 3)",False,False,PASS
datasets/lineB_downsampled_x4_up/strict_N/pu_net/train/keyboard/keyboard_0096.npy,"(1024, 3)",False,False,PASS
datasets/lineB_downsampled_x4_up/strict_N/pu_net/train/keyboard/keyboard_0097.npy,"(1024, 3)",False,False,PASS
datasets/lineB_downsampled_x4_up/strict_N/pu_net/train/keyboard/keyboard_0098.npy,"(1024, 3)",False,False,PASS
datasets/lineB_downsampled_x4_up/strict_N/pu_net/train/keyboard/keyboard_0099.npy,"(1024, 3)",False,False,PASS
datasets/lineB_downsampled_x4_up/strict_N/pu_net/train/keyboard/keyboard_0100.npy,"(1024, 3)",False,False,PASS
datasets/lineB_downsampled_x4_up/strict_N/pu_net/train/keyboard/keyboard_0101.npy,"(1024, 3)",False,False,PASS
datasets/lineB_downsampled_x4_up/strict_N/pu_net/train/keyboard/keyboard_0102.npy,"(1024, 3)",False,False,PASS
datasets/lineB_downsampled_x4_up/strict_N/pu_net/train/keyboard/keyboard_0103.npy,"(1024, 3)",False,False,PASS
datasets/lineB_downsampled_x4_up/strict_N/pu_net/train/keyboard/keyboard_0104.npy,"(1024, 3)",False,False,PASS
datasets/lineB_downsampled_x4_up/strict_N/pu_net/train/keyboard/keyboard_0105.npy,"(1024, 3)",False,False,PASS
datasets/lineB_downsampled_x4_up/strict_N/pu_net/train/keyboard/keyboard_0106.npy,"(1024, 3)",False,False,PASS
datasets/lineB_downsampled_x4_up/strict_N/pu_net/train/keyboard/keyboard_0107.npy,"(1024, 3)",False,False,PASS
datasets/lineB_downsampled_x4_up/strict_N/pu_net/train/keyboard/keyboard_0108.npy,"(1024, 3)",False,False,PASS
datasets/lineB_downsampled_x4_up/strict_N/pu_net/train/keyboard/keyboard_0109.npy,"(1024, 3)",False,False,PASS
datasets/lineB_downsampled_x4_up/strict_N/pu_net/train/keyboard/keyboard_0110.npy,"(1024, 3)",False,False,PASS
datasets/lineB_downsampled_x4_up/strict_N/pu_net/train/keyboard/keyboard_0111.npy,"(1024, 3)",False,False,PASS
datasets/lineB_downsampled_x4_up/strict_N/pu_net/train/keyboard/keyboard_0112.npy,"(1024, 3)",False,False,PASS
datasets/lineB_downsampled_x4_up/strict_N/pu_net/train/keyboard/keyboard_0113.npy,"(1024, 3)",False,False,PASS
datasets/lineB_downsampled_x4_up/strict_N/pu_net/train/keyboard/keyboard_0114.npy,"(1024, 3)",False,False,PASS
datasets/lineB_downsampled_x4_up/strict_N/pu_net/train/keyboard/keyboard_0115.npy,"(1024, 3)",False,False,PASS
datasets/lineB_downsampled_x4_up/strict_N/pu_net/train/keyboard/keyboard_0116.npy,"(1024, 3)",False,False,PASS
datasets/lineB_downsampled_x4_up/strict_N/pu_net/train/keyboard/keyboard_0117.npy,"(1024, 3)",False,False,PASS
datasets/lineB_downsampled_x4_up/strict_N/pu_net/train/keyboard/keyboard_0118.npy,"(1024, 3)",False,False,PASS
datasets/lineB_downsampled_x4_up/strict_N/pu_net/train/keyboard/keyboard_0119.npy,"(1024, 3)",False,False,PASS
datasets/lineB_downsampled_x4_up/strict_N/pu_net/train/keyboard/keyboard_0120.npy,"(1024, 3)",False,False,PASS
datasets/lineB_downsampled_x4_up/strict_N/pu_net/train/keyboard/keyboard_0121.npy,"(1024, 3)",False,False,PASS
datasets/lineB_downsampled_x4_up/strict_N/pu_net/train/keyboard/keyboard_0122.npy,"(1024, 3)",False,False,PASS
datasets/lineB_downsampled_x4_up/strict_N/pu_net/train/keyboard/keyboard_0123.npy,"(1024, 3)",False,False,PASS
datasets/lineB_downsampled_x4_up/strict_N/pu_net/train/keyboard/keyboard_0124.npy,"(1024, 3)",False,False,PASS
datasets/lineB_downsampled_x4_up/strict_N/pu_net/train/keyboard/keyboard_0125.npy,"(1024, 3)",False,False,PASS
datasets/lineB_downsampled_x4_up/strict_N/pu_net/train/keyboard/keyboard_0126.npy,"(1024, 3)",False,False,PASS
datasets/lineB_downsampled_x4_up/strict_N/pu_net/train/keyboard/keyboard_0127.npy,"(1024, 3)",False,False,PASS
datasets/lineB_downsampled_x4_up/strict_N/pu_net/train/keyboard/keyboard_0128.npy,"(1024, 3)",False,False,PASS
datasets/lineB_downsampled_x4_up/strict_N/pu_net/train/keyboard/keyboard_0129.npy,"(1024, 3)",False,False,PASS
datasets/lineB_downsampled_x4_up/strict_N/pu_net/train/keyboard/keyboard_0130.npy,"(1024, 3)",False,False,PASS
datasets/lineB_downsampled_x4_up/strict_N/pu_net/train/keyboard/keyboard_0131.npy,"(1024, 3)",False,False,PASS
datasets/lineB_downsampled_x4_up/strict_N/pu_net/train/keyboard/keyboard_0132.npy,"(1024, 3)",False,False,PASS
datasets/lineB_downsampled_x4_up/strict_N/pu_net/train/keyboard/keyboard_0133.npy,"(1024, 3)",False,False,PASS
datasets/lineB_downsampled_x4_up/strict_N/pu_net/train/keyboard/keyboard_0134.npy,"(1024, 3)",False,False,PASS
datasets/lineB_downsampled_x4_up/strict_N/pu_net/train/keyboard/keyboard_0135.npy,"(1024, 3)",False,False,PASS
datasets/lineB_downsampled_x4_up/strict_N/pu_net/train/keyboard/keyboard_0136.npy,"(1024, 3)",False,False,PASS
datasets/lineB_downsampled_x4_up/strict_N/pu_net/train/keyboard/keyboard_0137.npy,"(1024, 3)",False,False,PASS
datasets/lineB_downsampled_x4_up/strict_N/pu_net/train/keyboard/keyboard_0138.npy,"(1024, 3)",False,False,PASS
datasets/lineB_downsampled_x4_up/strict_N/pu_net/train/keyboard/keyboard_0139.npy,"(1024, 3)",False,False,PASS
datasets/lineB_downsampled_x4_up/strict_N/pu_net/train/keyboard/keyboard_0140.npy,"(1024, 3)",False,False,PASS
datasets/lineB_downsampled_x4_up/strict_N/pu_net/train/keyboard/keyboard_0141.npy,"(1024, 3)",False,False,PASS
datasets/lineB_downsampled_x4_up/strict_N/pu_net/train/keyboard/keyboard_0142.npy,"(1024, 3)",False,False,PASS
datasets/lineB_downsampled_x4_up/strict_N/pu_net/train/keyboard/keyboard_0143.npy,"(1024, 3)",False,False,PASS
datasets/lineB_downsampled_x4_up/strict_N/pu_net/train/keyboard/keyboard_0144.npy,"(1024, 3)",False,False,PASS
datasets/lineB_downsampled_x4_up/strict_N/pu_net/train/keyboard/keyboard_0145.npy,"(1024, 3)",False,False,PASS
datasets/lineB_downsampled_x4_up/strict_N/pu_net/train/lamp/lamp_0001.npy,"(1024, 3)",False,False,PASS
datasets/lineB_downsampled_x4_up/strict_N/pu_net/train/lamp/lamp_0002.npy,"(1024, 3)",False,False,PASS
datasets/lineB_downsampled_x4_up/strict_N/pu_net/train/lamp/lamp_0003.npy,"(1024, 3)",False,False,PASS
datasets/lineB_downsampled_x4_up/strict_N/pu_net/train/lamp/lamp_0004.npy,"(1024, 3)",False,False,PASS
datasets/lineB_downsampled_x4_up/strict_N/pu_net/train/lamp/lamp_0005.npy,"(1024, 3)",False,False,PASS
datasets/lineB_downsampled_x4_up/strict_N/pu_net/train/lamp/lamp_0006.npy,"(1024, 3)",False,False,PASS
datasets/lineB_downsampled_x4_up/strict_N/pu_net/train/lamp/lamp_0007.npy,"(1024, 3)",False,False,PASS
datasets/lineB_downsampled_x4_up/strict_N/pu_net/train/lamp/lamp_0008.npy,"(1024, 3)",False,False,PASS
datasets/lineB_downsampled_x4_up/strict_N/pu_net/train/lamp/lamp_0009.npy,"(1024, 3)",False,False,PASS
datasets/lineB_downsampled_x4_up/strict_N/pu_net/train/lamp/lamp_0010.npy,"(1024, 3)",False,False,PASS
datasets/lineB_downsampled_x4_up/strict_N/pu_net/train/lamp/lamp_0011.npy,"(1024, 3)",False,False,PASS
datasets/lineB_downsampled_x4_up/strict_N/pu_net/train/lamp/lamp_0012.npy,"(1024, 3)",False,False,PASS
datasets/lineB_downsampled_x4_up/strict_N/pu_net/train/lamp/lamp_0013.npy,"(1024, 3)",False,False,PASS
datasets/lineB_downsampled_x4_up/strict_N/pu_net/train/lamp/lamp_0014.npy,"(1024, 3)",False,False,PASS
datasets/lineB_downsampled_x4_up/strict_N/pu_net/train/lamp/lamp_0015.npy,"(1024, 3)",False,False,PASS
datasets/lineB_downsampled_x4_up/strict_N/pu_net/train/lamp/lamp_0016.npy,"(1024, 3)",False,False,PASS
datasets/lineB_downsampled_x4_up/strict_N/pu_net/train/lamp/lamp_0017.npy,"(1024, 3)",False,False,PASS
datasets/lineB_downsampled_x4_up/strict_N/pu_net/train/lamp/lamp_0018.npy,"(1024, 3)",False,False,PASS
datasets/lineB_downsampled_x4_up/strict_N/pu_net/train/lamp/lamp_0019.npy,"(1024, 3)",False,False,PASS
datasets/lineB_downsampled_x4_up/strict_N/pu_net/train/lamp/lamp_0020.npy,"(1024, 3)",False,False,PASS
datasets/lineB_downsampled_x4_up/strict_N/pu_net/train/lamp/lamp_0021.npy,"(1024, 3)",False,False,PASS
datasets/lineB_downsampled_x4_up/strict_N/pu_net/train/lamp/lamp_0022.npy,"(1024, 3)",False,False,PASS
datasets/lineB_downsampled_x4_up/strict_N/pu_net/train/lamp/lamp_0023.npy,"(1024, 3)",False,False,PASS
datasets/lineB_downsampled_x4_up/strict_N/pu_net/train/lamp/lamp_0024.npy,"(1024, 3)",False,False,PASS
datasets/lineB_downsampled_x4_up/strict_N/pu_net/train/lamp/lamp_0025.npy,"(1024, 3)",False,False,PASS
datasets/lineB_downsampled_x4_up/strict_N/pu_net/train/lamp/lamp_0026.npy,"(1024, 3)",False,False,PASS
datasets/lineB_downsampled_x4_up/strict_N/pu_net/train/lamp/lamp_0027.npy,"(1024, 3)",False,False,PASS
datasets/lineB_downsampled_x4_up/strict_N/pu_net/train/lamp/lamp_0028.npy,"(1024, 3)",False,False,PASS
datasets/lineB_downsampled_x4_up/strict_N/pu_net/train/lamp/lamp_0029.npy,"(1024, 3)",False,False,PASS
datasets/lineB_downsampled_x4_up/strict_N/pu_net/train/lamp/lamp_0030.npy,"(1024, 3)",False,False,PASS
datasets/lineB_downsampled_x4_up/strict_N/pu_net/train/lamp/lamp_0031.npy,"(1024, 3)",False,False,PASS
datasets/lineB_downsampled_x4_up/strict_N/pu_net/train/lamp/lamp_0032.npy,"(1024, 3)",False,False,PASS
datasets/lineB_downsampled_x4_up/strict_N/pu_net/train/lamp/lamp_0033.npy,"(1024, 3)",False,False,PASS
datasets/lineB_downsampled_x4_up/strict_N/pu_net/train/lamp/lamp_0034.npy,"(1024, 3)",False,False,PASS
datasets/lineB_downsampled_x4_up/strict_N/pu_net/train/lamp/lamp_0035.npy,"(1024, 3)",False,False,PASS
datasets/lineB_downsampled_x4_up/strict_N/pu_net/train/lamp/lamp_0036.npy,"(1024, 3)",False,False,PASS
datasets/lineB_downsampled_x4_up/strict_N/pu_net/train/lamp/lamp_0037.npy,"(1024, 3)",False,False,PASS
datasets/lineB_downsampled_x4_up/strict_N/pu_net/train/lamp/lamp_0038.npy,"(1024, 3)",False,False,PASS
datasets/lineB_downsampled_x4_up/strict_N/pu_net/train/lamp/lamp_0039.npy,"(1024, 3)",False,False,PASS
datasets/lineB_downsampled_x4_up/strict_N/pu_net/train/lamp/lamp_0040.npy,"(1024, 3)",False,False,PASS
datasets/lineB_downsampled_x4_up/strict_N/pu_net/train/lamp/lamp_0041.npy,"(1024, 3)",False,False,PASS
datasets/lineB_downsampled_x4_up/strict_N/pu_net/train/lamp/lamp_0042.npy,"(1024, 3)",False,False,PASS
datasets/lineB_downsampled_x4_up/strict_N/pu_net/train/lamp/lamp_0043.npy,"(1024, 3)",False,False,PASS
datasets/lineB_downsampled_x4_up/strict_N/pu_net/train/lamp/lamp_0044.npy,"(1024, 3)",False,False,PASS
datasets/lineB_downsampled_x4_up/strict_N/pu_net/train/lamp/lamp_0045.npy,"(1024, 3)",False,False,PASS
datasets/lineB_downsampled_x4_up/strict_N/pu_net/train/lamp/lamp_0046.npy,"(1024, 3)",False,False,PASS
datasets/lineB_downsampled_x4_up/strict_N/pu_net/train/lamp/lamp_0047.npy,"(1024, 3)",False,False,PASS
datasets/lineB_downsampled_x4_up/strict_N/pu_net/train/lamp/lamp_0048.npy,"(1024, 3)",False,False,PASS
datasets/lineB_downsampled_x4_up/strict_N/pu_net/train/lamp/lamp_0049.npy,"(1024, 3)",False,False,PASS
datasets/lineB_downsampled_x4_up/strict_N/pu_net/train/lamp/lamp_0050.npy,"(1024, 3)",False,False,PASS
datasets/lineB_downsampled_x4_up/strict_N/pu_net/train/lamp/lamp_0051.npy,"(1024, 3)",False,False,PASS
datasets/lineB_downsampled_x4_up/strict_N/pu_net/train/lamp/lamp_0052.npy,"(1024, 3)",False,False,PASS
datasets/lineB_downsampled_x4_up/strict_N/pu_net/train/lamp/lamp_0053.npy,"(1024, 3)",False,False,PASS
datasets/lineB_downsampled_x4_up/strict_N/pu_net/train/lamp/lamp_0054.npy,"(1024, 3)",False,False,PASS
datasets/lineB_downsampled_x4_up/strict_N/pu_net/train/lamp/lamp_0055.npy,"(1024, 3)",False,False,PASS
datasets/lineB_downsampled_x4_up/strict_N/pu_net/train/lamp/lamp_0056.npy,"(1024, 3)",False,False,PASS
datasets/lineB_downsampled_x4_up/strict_N/pu_net/train/lamp/lamp_0057.npy,"(1024, 3)",False,False,PASS
datasets/lineB_downsampled_x4_up/strict_N/pu_net/train/lamp/lamp_0058.npy,"(1024, 3)",False,False,PASS
datasets/lineB_downsampled_x4_up/strict_N/pu_net/train/lamp/lamp_0059.npy,"(1024, 3)",False,False,PASS
datasets/lineB_downsampled_x4_up/strict_N/pu_net/train/lamp/lamp_0060.npy,"(1024, 3)",False,False,PASS
datasets/lineB_downsampled_x4_up/strict_N/pu_net/train/lamp/lamp_0061.npy,"(1024, 3)",False,False,PASS
datasets/lineB_downsampled_x4_up/strict_N/pu_net/train/lamp/lamp_0062.npy,"(1024, 3)",False,False,PASS
datasets/lineB_downsampled_x4_up/strict_N/pu_net/train/lamp/lamp_0063.npy,"(1024, 3)",False,False,PASS
datasets/lineB_downsampled_x4_up/strict_N/pu_net/train/lamp/lamp_0064.npy,"(1024, 3)",False,False,PASS
datasets/lineB_downsampled_x4_up/strict_N/pu_net/train/lamp/lamp_0065.npy,"(1024, 3)",False,False,PASS
datasets/lineB_downsampled_x4_up/strict_N/pu_net/train/lamp/lamp_0066.npy,"(1024, 3)",False,False,PASS
datasets/lineB_downsampled_x4_up/strict_N/pu_net/train/lamp/lamp_0067.npy,"(1024, 3)",False,False,PASS
datasets/lineB_downsampled_x4_up/strict_N/pu_net/train/lamp/lamp_0068.npy,"(1024, 3)",False,False,PASS
datasets/lineB_downsampled_x4_up/strict_N/pu_net/train/lamp/lamp_0069.npy,"(1024, 3)",False,False,PASS
datasets/lineB_downsampled_x4_up/strict_N/pu_net/train/lamp/lamp_0070.npy,"(1024, 3)",False,False,PASS
datasets/lineB_downsampled_x4_up/strict_N/pu_net/train/lamp/lamp_0071.npy,"(1024, 3)",False,False,PASS
datasets/lineB_downsampled_x4_up/strict_N/pu_net/train/lamp/lamp_0072.npy,"(1024, 3)",False,False,PASS
datasets/lineB_downsampled_x4_up/strict_N/pu_net/train/lamp/lamp_0073.npy,"(1024, 3)",False,False,PASS
datasets/lineB_downsampled_x4_up/strict_N/pu_net/train/lamp/lamp_0074.npy,"(1024, 3)",False,False,PASS
datasets/lineB_downsampled_x4_up/strict_N/pu_net/train/lamp/lamp_0075.npy,"(1024, 3)",False,False,PASS
datasets/lineB_downsampled_x4_up/strict_N/pu_net/train/lamp/lamp_0076.npy,"(1024, 3)",False,False,PASS
datasets/lineB_downsampled_x4_up/strict_N/pu_net/train/lamp/lamp_0077.npy,"(1024, 3)",False,False,PASS
datasets/lineB_downsampled_x4_up/strict_N/pu_net/train/lamp/lamp_0078.npy,"(1024, 3)",False,False,PASS
datasets/lineB_downsampled_x4_up/strict_N/pu_net/train/lamp/lamp_0079.npy,"(1024, 3)",False,False,PASS
datasets/lineB_downsampled_x4_up/strict_N/pu_net/train/lamp/lamp_0080.npy,"(1024, 3)",False,False,PASS
datasets/lineB_downsampled_x4_up/strict_N/pu_net/train/lamp/lamp_0081.npy,"(1024, 3)",False,False,PASS
datasets/lineB_downsampled_x4_up/strict_N/pu_net/train/lamp/lamp_0082.npy,"(1024, 3)",False,False,PASS
datasets/lineB_downsampled_x4_up/strict_N/pu_net/train/lamp/lamp_0083.npy,"(1024, 3)",False,False,PASS
datasets/lineB_downsampled_x4_up/strict_N/pu_net/train/lamp/lamp_0084.npy,"(1024, 3)",False,False,PASS
datasets/lineB_downsampled_x4_up/strict_N/pu_net/train/lamp/lamp_0085.npy,"(1024, 3)",False,False,PASS
datasets/lineB_downsampled_x4_up/strict_N/pu_net/train/lamp/lamp_0086.npy,"(1024, 3)",False,False,PASS
datasets/lineB_downsampled_x4_up/strict_N/pu_net/train/lamp/lamp_0087.npy,"(1024, 3)",False,False,PASS
datasets/lineB_downsampled_x4_up/strict_N/pu_net/train/lamp/lamp_0088.npy,"(1024, 3)",False,False,PASS
datasets/lineB_downsampled_x4_up/strict_N/pu_net/train/lamp/lamp_0089.npy,"(1024, 3)",False,False,PASS
datasets/lineB_downsampled_x4_up/strict_N/pu_net/train/lamp/lamp_0090.npy,"(1024, 3)",False,False,PASS
datasets/lineB_downsampled_x4_up/strict_N/pu_net/train/lamp/lamp_0091.npy,"(1024, 3)",False,False,PASS
datasets/lineB_downsampled_x4_up/strict_N/pu_net/train/lamp/lamp_0092.npy,"(1024, 3)",False,False,PASS
datasets/lineB_downsampled_x4_up/strict_N/pu_net/train/lamp/lamp_0093.npy,"(1024, 3)",False,False,PASS
datasets/lineB_downsampled_x4_up/strict_N/pu_net/train/lamp/lamp_0094.npy,"(1024, 3)",False,False,PASS
datasets/lineB_downsampled_x4_up/strict_N/pu_net/train/lamp/lamp_0095.npy,"(1024, 3)",False,False,PASS
datasets/lineB_downsampled_x4_up/strict_N/pu_net/train/lamp/lamp_0096.npy,"(1024, 3)",False,False,PASS
datasets/lineB_downsampled_x4_up/strict_N/pu_net/train/lamp/lamp_0097.npy,"(1024, 3)",False,False,PASS
datasets/lineB_downsampled_x4_up/strict_N/pu_net/train/lamp/lamp_0098.npy,"(1024, 3)",False,False,PASS
datasets/lineB_downsampled_x4_up/strict_N/pu_net/train/lamp/lamp_0099.npy,"(1024, 3)",False,False,PASS
datasets/lineB_downsampled_x4_up/strict_N/pu_net/train/lamp/lamp_0100.npy,"(1024, 3)",False,False,PASS
datasets/lineB_downsampled_x4_up/strict_N/pu_net/train/lamp/lamp_0101.npy,"(1024, 3)",False,False,PASS
datasets/lineB_downsampled_x4_up/strict_N/pu_net/train/lamp/lamp_0102.npy,"(1024, 3)",False,False,PASS
datasets/lineB_downsampled_x4_up/strict_N/pu_net/train/lamp/lamp_0103.npy,"(1024, 3)",False,False,PASS
datasets/lineB_downsampled_x4_up/strict_N/pu_net/train/lamp/lamp_0104.npy,"(1024, 3)",False,False,PASS
datasets/lineB_downsampled_x4_up/strict_N/pu_net/train/lamp/lamp_0105.npy,"(1024, 3)",False,False,PASS
datasets/lineB_downsampled_x4_up/strict_N/pu_net/train/lamp/lamp_0106.npy,"(1024, 3)",False,False,PASS
datasets/lineB_downsampled_x4_up/strict_N/pu_net/train/lamp/lamp_0107.npy,"(1024, 3)",False,False,PASS
datasets/lineB_downsampled_x4_up/strict_N/pu_net/train/lamp/lamp_0108.npy,"(1024, 3)",False,False,PASS
datasets/lineB_downsampled_x4_up/strict_N/pu_net/train/lamp/lamp_0109.npy,"(1024, 3)",False,False,PASS
datasets/lineB_downsampled_x4_up/strict_N/pu_net/train/lamp/lamp_0110.npy,"(1024, 3)",False,False,PASS
datasets/lineB_downsampled_x4_up/strict_N/pu_net/train/lamp/lamp_0111.npy,"(1024, 3)",False,False,PASS
datasets/lineB_downsampled_x4_up/strict_N/pu_net/train/lamp/lamp_0112.npy,"(1024, 3)",False,False,PASS
datasets/lineB_downsampled_x4_up/strict_N/pu_net/train/lamp/lamp_0113.npy,"(1024, 3)",False,False,PASS
datasets/lineB_downsampled_x4_up/strict_N/pu_net/train/lamp/lamp_0114.npy,"(1024, 3)",False,False,PASS
datasets/lineB_downsampled_x4_up/strict_N/pu_net/train/lamp/lamp_0115.npy,"(1024, 3)",False,False,PASS
datasets/lineB_downsampled_x4_up/strict_N/pu_net/train/lamp/lamp_0116.npy,"(1024, 3)",False,False,PASS
datasets/lineB_downsampled_x4_up/strict_N/pu_net/train/lamp/lamp_0117.npy,"(1024, 3)",False,False,PASS
datasets/lineB_downsampled_x4_up/strict_N/pu_net/train/lamp/lamp_0118.npy,"(1024, 3)",False,False,PASS
datasets/lineB_downsampled_x4_up/strict_N/pu_net/train/lamp/lamp_0119.npy,"(1024, 3)",False,False,PASS
datasets/lineB_downsampled_x4_up/strict_N/pu_net/train/lamp/lamp_0120.npy,"(1024, 3)",False,False,PASS
datasets/lineB_downsampled_x4_up/strict_N/pu_net/train/lamp/lamp_0121.npy,"(1024, 3)",False,False,PASS
datasets/lineB_downsampled_x4_up/strict_N/pu_net/train/lamp/lamp_0122.npy,"(1024, 3)",False,False,PASS
datasets/lineB_downsampled_x4_up/strict_N/pu_net/train/lamp/lamp_0123.npy,"(1024, 3)",False,False,PASS
datasets/lineB_downsampled_x4_up/strict_N/pu_net/train/lamp/lamp_0124.npy,"(1024, 3)",False,False,PASS
datasets/lineB_downsampled_x4_up/strict_N/pu_net/train/laptop/laptop_0001.npy,"(1024, 3)",False,False,PASS
datasets/lineB_downsampled_x4_up/strict_N/pu_net/train/laptop/laptop_0002.npy,"(1024, 3)",False,False,PASS
datasets/lineB_downsampled_x4_up/strict_N/pu_net/train/laptop/laptop_0003.npy,"(1024, 3)",False,False,PASS
datasets/lineB_downsampled_x4_up/strict_N/pu_net/train/laptop/laptop_0004.npy,"(1024, 3)",False,False,PASS
datasets/lineB_downsampled_x4_up/strict_N/pu_net/train/laptop/laptop_0005.npy,"(1024, 3)",False,False,PASS
datasets/lineB_downsampled_x4_up/strict_N/pu_net/train/laptop/laptop_0006.npy,"(1024, 3)",False,False,PASS
datasets/lineB_downsampled_x4_up/strict_N/pu_net/train/laptop/laptop_0007.npy,"(1024, 3)",False,False,PASS
datasets/lineB_downsampled_x4_up/strict_N/pu_net/train/laptop/laptop_0008.npy,"(1024, 3)",False,False,PASS
datasets/lineB_downsampled_x4_up/strict_N/pu_net/train/laptop/laptop_0009.npy,"(1024, 3)",False,False,PASS
datasets/lineB_downsampled_x4_up/strict_N/pu_net/train/laptop/laptop_0010.npy,"(1024, 3)",False,False,PASS
datasets/lineB_downsampled_x4_up/strict_N/pu_net/train/laptop/laptop_0011.npy,"(1024, 3)",False,False,PASS
datasets/lineB_downsampled_x4_up/strict_N/pu_net/train/laptop/laptop_0012.npy,"(1024, 3)",False,False,PASS
datasets/lineB_downsampled_x4_up/strict_N/pu_net/train/laptop/laptop_0013.npy,"(1024, 3)",False,False,PASS
datasets/lineB_downsampled_x4_up/strict_N/pu_net/train/laptop/laptop_0014.npy,"(1024, 3)",False,False,PASS
datasets/lineB_downsampled_x4_up/strict_N/pu_net/train/laptop/laptop_0015.npy,"(1024, 3)",False,False,PASS
datasets/lineB_downsampled_x4_up/strict_N/pu_net/train/laptop/laptop_0016.npy,"(1024, 3)",False,False,PASS
datasets/lineB_downsampled_x4_up/strict_N/pu_net/train/laptop/laptop_0017.npy,"(1024, 3)",False,False,PASS
datasets/lineB_downsampled_x4_up/strict_N/pu_net/train/laptop/laptop_0018.npy,"(1024, 3)",False,False,PASS
datasets/lineB_downsampled_x4_up/strict_N/pu_net/train/laptop/laptop_0019.npy,"(1024, 3)",False,False,PASS
datasets/lineB_downsampled_x4_up/strict_N/pu_net/train/laptop/laptop_0020.npy,"(1024, 3)",False,False,PASS
datasets/lineB_downsampled_x4_up/strict_N/pu_net/train/laptop/laptop_0021.npy,"(1024, 3)",False,False,PASS
datasets/lineB_downsampled_x4_up/strict_N/pu_net/train/laptop/laptop_0022.npy,"(1024, 3)",False,False,PASS
datasets/lineB_downsampled_x4_up/strict_N/pu_net/train/laptop/laptop_0023.npy,"(1024, 3)",False,False,PASS
datasets/lineB_downsampled_x4_up/strict_N/pu_net/train/laptop/laptop_0024.npy,"(1024, 3)",False,False,PASS
datasets/lineB_downsampled_x4_up/strict_N/pu_net/train/laptop/laptop_0025.npy,"(1024, 3)",False,False,PASS
datasets/lineB_downsampled_x4_up/strict_N/pu_net/train/laptop/laptop_0026.npy,"(1024, 3)",False,False,PASS
datasets/lineB_downsampled_x4_up/strict_N/pu_net/train/laptop/laptop_0027.npy,"(1024, 3)",False,False,PASS
datasets/lineB_downsampled_x4_up/strict_N/pu_net/train/laptop/laptop_0028.npy,"(1024, 3)",False,False,PASS
datasets/lineB_downsampled_x4_up/strict_N/pu_net/train/laptop/laptop_0029.npy,"(1024, 3)",False,False,PASS
datasets/lineB_downsampled_x4_up/strict_N/pu_net/train/laptop/laptop_0030.npy,"(1024, 3)",False,False,PASS
datasets/lineB_downsampled_x4_up/strict_N/pu_net/train/laptop/laptop_0031.npy,"(1024, 3)",False,False,PASS
datasets/lineB_downsampled_x4_up/strict_N/pu_net/train/laptop/laptop_0032.npy,"(1024, 3)",False,False,PASS
datasets/lineB_downsampled_x4_up/strict_N/pu_net/train/laptop/laptop_0033.npy,"(1024, 3)",False,False,PASS
datasets/lineB_downsampled_x4_up/strict_N/pu_net/train/laptop/laptop_0034.npy,"(1024, 3)",False,False,PASS
datasets/lineB_downsampled_x4_up/strict_N/pu_net/train/laptop/laptop_0035.npy,"(1024, 3)",False,False,PASS
datasets/lineB_downsampled_x4_up/strict_N/pu_net/train/laptop/laptop_0036.npy,"(1024, 3)",False,False,PASS
datasets/lineB_downsampled_x4_up/strict_N/pu_net/train/laptop/laptop_0037.npy,"(1024, 3)",False,False,PASS
datasets/lineB_downsampled_x4_up/strict_N/pu_net/train/laptop/laptop_0038.npy,"(1024, 3)",False,False,PASS
datasets/lineB_downsampled_x4_up/strict_N/pu_net/train/laptop/laptop_0039.npy,"(1024, 3)",False,False,PASS
datasets/lineB_downsampled_x4_up/strict_N/pu_net/train/laptop/laptop_0040.npy,"(1024, 3)",False,False,PASS
datasets/lineB_downsampled_x4_up/strict_N/pu_net/train/laptop/laptop_0041.npy,"(1024, 3)",False,False,PASS
datasets/lineB_downsampled_x4_up/strict_N/pu_net/train/laptop/laptop_0042.npy,"(1024, 3)",False,False,PASS
datasets/lineB_downsampled_x4_up/strict_N/pu_net/train/laptop/laptop_0043.npy,"(1024, 3)",False,False,PASS
datasets/lineB_downsampled_x4_up/strict_N/pu_net/train/laptop/laptop_0044.npy,"(1024, 3)",False,False,PASS
datasets/lineB_downsampled_x4_up/strict_N/pu_net/train/laptop/laptop_0045.npy,"(1024, 3)",False,False,PASS
datasets/lineB_downsampled_x4_up/strict_N/pu_net/train/laptop/laptop_0046.npy,"(1024, 3)",False,False,PASS
datasets/lineB_downsampled_x4_up/strict_N/pu_net/train/laptop/laptop_0047.npy,"(1024, 3)",False,False,PASS
datasets/lineB_downsampled_x4_up/strict_N/pu_net/train/laptop/laptop_0048.npy,"(1024, 3)",False,False,PASS
datasets/lineB_downsampled_x4_up/strict_N/pu_net/train/laptop/laptop_0049.npy,"(1024, 3)",False,False,PASS
datasets/lineB_downsampled_x4_up/strict_N/pu_net/train/laptop/laptop_0050.npy,"(1024, 3)",False,False,PASS
datasets/lineB_downsampled_x4_up/strict_N/pu_net/train/laptop/laptop_0051.npy,"(1024, 3)",False,False,PASS
datasets/lineB_downsampled_x4_up/strict_N/pu_net/train/laptop/laptop_0052.npy,"(1024, 3)",False,False,PASS
datasets/lineB_downsampled_x4_up/strict_N/pu_net/train/laptop/laptop_0053.npy,"(1024, 3)",False,False,PASS
datasets/lineB_downsampled_x4_up/strict_N/pu_net/train/laptop/laptop_0054.npy,"(1024, 3)",False,False,PASS
datasets/lineB_downsampled_x4_up/strict_N/pu_net/train/laptop/laptop_0055.npy,"(1024, 3)",False,False,PASS
datasets/lineB_downsampled_x4_up/strict_N/pu_net/train/laptop/laptop_0056.npy,"(1024, 3)",False,False,PASS
datasets/lineB_downsampled_x4_up/strict_N/pu_net/train/laptop/laptop_0057.npy,"(1024, 3)",False,False,PASS
datasets/lineB_downsampled_x4_up/strict_N/pu_net/train/laptop/laptop_0058.npy,"(1024, 3)",False,False,PASS
datasets/lineB_downsampled_x4_up/strict_N/pu_net/train/laptop/laptop_0059.npy,"(1024, 3)",False,False,PASS
datasets/lineB_downsampled_x4_up/strict_N/pu_net/train/laptop/laptop_0060.npy,"(1024, 3)",False,False,PASS
datasets/lineB_downsampled_x4_up/strict_N/pu_net/train/laptop/laptop_0061.npy,"(1024, 3)",False,False,PASS
datasets/lineB_downsampled_x4_up/strict_N/pu_net/train/laptop/laptop_0062.npy,"(1024, 3)",False,False,PASS
datasets/lineB_downsampled_x4_up/strict_N/pu_net/train/laptop/laptop_0063.npy,"(1024, 3)",False,False,PASS
datasets/lineB_downsampled_x4_up/strict_N/pu_net/train/laptop/laptop_0064.npy,"(1024, 3)",False,False,PASS
datasets/lineB_downsampled_x4_up/strict_N/pu_net/train/laptop/laptop_0065.npy,"(1024, 3)",False,False,PASS
datasets/lineB_downsampled_x4_up/strict_N/pu_net/train/laptop/laptop_0066.npy,"(1024, 3)",False,False,PASS
datasets/lineB_downsampled_x4_up/strict_N/pu_net/train/laptop/laptop_0067.npy,"(1024, 3)",False,False,PASS
datasets/lineB_downsampled_x4_up/strict_N/pu_net/train/laptop/laptop_0068.npy,"(1024, 3)",False,False,PASS
datasets/lineB_downsampled_x4_up/strict_N/pu_net/train/laptop/laptop_0069.npy,"(1024, 3)",False,False,PASS
datasets/lineB_downsampled_x4_up/strict_N/pu_net/train/laptop/laptop_0070.npy,"(1024, 3)",False,False,PASS
datasets/lineB_downsampled_x4_up/strict_N/pu_net/train/laptop/laptop_0071.npy,"(1024, 3)",False,False,PASS
datasets/lineB_downsampled_x4_up/strict_N/pu_net/train/laptop/laptop_0072.npy,"(1024, 3)",False,False,PASS
datasets/lineB_downsampled_x4_up/strict_N/pu_net/train/laptop/laptop_0073.npy,"(1024, 3)",False,False,PASS
datasets/lineB_downsampled_x4_up/strict_N/pu_net/train/laptop/laptop_0074.npy,"(1024, 3)",False,False,PASS
datasets/lineB_downsampled_x4_up/strict_N/pu_net/train/laptop/laptop_0075.npy,"(1024, 3)",False,False,PASS
datasets/lineB_downsampled_x4_up/strict_N/pu_net/train/laptop/laptop_0076.npy,"(1024, 3)",False,False,PASS
datasets/lineB_downsampled_x4_up/strict_N/pu_net/train/laptop/laptop_0077.npy,"(1024, 3)",False,False,PASS
datasets/lineB_downsampled_x4_up/strict_N/pu_net/train/laptop/laptop_0078.npy,"(1024, 3)",False,False,PASS
datasets/lineB_downsampled_x4_up/strict_N/pu_net/train/laptop/laptop_0079.npy,"(1024, 3)",False,False,PASS
datasets/lineB_downsampled_x4_up/strict_N/pu_net/train/laptop/laptop_0080.npy,"(1024, 3)",False,False,PASS
datasets/lineB_downsampled_x4_up/strict_N/pu_net/train/laptop/laptop_0081.npy,"(1024, 3)",False,False,PASS
datasets/lineB_downsampled_x4_up/strict_N/pu_net/train/laptop/laptop_0082.npy,"(1024, 3)",False,False,PASS
datasets/lineB_downsampled_x4_up/strict_N/pu_net/train/laptop/laptop_0083.npy,"(1024, 3)",False,False,PASS
datasets/lineB_downsampled_x4_up/strict_N/pu_net/train/laptop/laptop_0084.npy,"(1024, 3)",False,False,PASS
datasets/lineB_downsampled_x4_up/strict_N/pu_net/train/laptop/laptop_0085.npy,"(1024, 3)",False,False,PASS
datasets/lineB_downsampled_x4_up/strict_N/pu_net/train/laptop/laptop_0086.npy,"(1024, 3)",False,False,PASS
datasets/lineB_downsampled_x4_up/strict_N/pu_net/train/laptop/laptop_0087.npy,"(1024, 3)",False,False,PASS
datasets/lineB_downsampled_x4_up/strict_N/pu_net/train/laptop/laptop_0088.npy,"(1024, 3)",False,False,PASS
datasets/lineB_downsampled_x4_up/strict_N/pu_net/train/laptop/laptop_0089.npy,"(1024, 3)",False,False,PASS
datasets/lineB_downsampled_x4_up/strict_N/pu_net/train/laptop/laptop_0090.npy,"(1024, 3)",False,False,PASS
datasets/lineB_downsampled_x4_up/strict_N/pu_net/train/laptop/laptop_0091.npy,"(1024, 3)",False,False,PASS
datasets/lineB_downsampled_x4_up/strict_N/pu_net/train/laptop/laptop_0092.npy,"(1024, 3)",False,False,PASS
datasets/lineB_downsampled_x4_up/strict_N/pu_net/train/laptop/laptop_0093.npy,"(1024, 3)",False,False,PASS
datasets/lineB_downsampled_x4_up/strict_N/pu_net/train/laptop/laptop_0094.npy,"(1024, 3)",False,False,PASS
datasets/lineB_downsampled_x4_up/strict_N/pu_net/train/laptop/laptop_0095.npy,"(1024, 3)",False,False,PASS
datasets/lineB_downsampled_x4_up/strict_N/pu_net/train/laptop/laptop_0096.npy,"(1024, 3)",False,False,PASS
datasets/lineB_downsampled_x4_up/strict_N/pu_net/train/laptop/laptop_0097.npy,"(1024, 3)",False,False,PASS
datasets/lineB_downsampled_x4_up/strict_N/pu_net/train/laptop/laptop_0098.npy,"(1024, 3)",False,False,PASS
datasets/lineB_downsampled_x4_up/strict_N/pu_net/train/laptop/laptop_0099.npy,"(1024, 3)",False,False,PASS
datasets/lineB_downsampled_x4_up/strict_N/pu_net/train/laptop/laptop_0100.npy,"(1024, 3)",False,False,PASS
datasets/lineB_downsampled_x4_up/strict_N/pu_net/train/laptop/laptop_0101.npy,"(1024, 3)",False,False,PASS
datasets/lineB_downsampled_x4_up/strict_N/pu_net/train/laptop/laptop_0102.npy,"(1024, 3)",False,False,PASS
datasets/lineB_downsampled_x4_up/strict_N/pu_net/train/laptop/laptop_0103.npy,"(1024, 3)",False,False,PASS
datasets/lineB_downsampled_x4_up/strict_N/pu_net/train/laptop/laptop_0104.npy,"(1024, 3)",False,False,PASS
datasets/lineB_downsampled_x4_up/strict_N/pu_net/train/laptop/laptop_0105.npy,"(1024, 3)",False,False,PASS
datasets/lineB_downsampled_x4_up/strict_N/pu_net/train/laptop/laptop_0106.npy,"(1024, 3)",False,False,PASS
datasets/lineB_downsampled_x4_up/strict_N/pu_net/train/laptop/laptop_0107.npy,"(1024, 3)",False,False,PASS
datasets/lineB_downsampled_x4_up/strict_N/pu_net/train/laptop/laptop_0108.npy,"(1024, 3)",False,False,PASS
datasets/lineB_downsampled_x4_up/strict_N/pu_net/train/laptop/laptop_0109.npy,"(1024, 3)",False,False,PASS
datasets/lineB_downsampled_x4_up/strict_N/pu_net/train/laptop/laptop_0110.npy,"(1024, 3)",False,False,PASS
datasets/lineB_downsampled_x4_up/strict_N/pu_net/train/laptop/laptop_0111.npy,"(1024, 3)",False,False,PASS
datasets/lineB_downsampled_x4_up/strict_N/pu_net/train/laptop/laptop_0112.npy,"(1024, 3)",False,False,PASS
datasets/lineB_downsampled_x4_up/strict_N/pu_net/train/laptop/laptop_0113.npy,"(1024, 3)",False,False,PASS
datasets/lineB_downsampled_x4_up/strict_N/pu_net/train/laptop/laptop_0114.npy,"(1024, 3)",False,False,PASS
datasets/lineB_downsampled_x4_up/strict_N/pu_net/train/laptop/laptop_0115.npy,"(1024, 3)",False,False,PASS
datasets/lineB_downsampled_x4_up/strict_N/pu_net/train/laptop/laptop_0116.npy,"(1024, 3)",False,False,PASS
datasets/lineB_downsampled_x4_up/strict_N/pu_net/train/laptop/laptop_0117.npy,"(1024, 3)",False,False,PASS
datasets/lineB_downsampled_x4_up/strict_N/pu_net/train/laptop/laptop_0118.npy,"(1024, 3)",False,False,PASS
datasets/lineB_downsampled_x4_up/strict_N/pu_net/train/laptop/laptop_0119.npy,"(1024, 3)",False,False,PASS
datasets/lineB_downsampled_x4_up/strict_N/pu_net/train/laptop/laptop_0120.npy,"(1024, 3)",False,False,PASS
datasets/lineB_downsampled_x4_up/strict_N/pu_net/train/laptop/laptop_0121.npy,"(1024, 3)",False,False,PASS
datasets/lineB_downsampled_x4_up/strict_N/pu_net/train/laptop/laptop_0122.npy,"(1024, 3)",False,False,PASS
datasets/lineB_downsampled_x4_up/strict_N/pu_net/train/laptop/laptop_0123.npy,"(1024, 3)",False,False,PASS
datasets/lineB_downsampled_x4_up/strict_N/pu_net/train/laptop/laptop_0124.npy,"(1024, 3)",False,False,PASS
datasets/lineB_downsampled_x4_up/strict_N/pu_net/train/laptop/laptop_0125.npy,"(1024, 3)",False,False,PASS
datasets/lineB_downsampled_x4_up/strict_N/pu_net/train/laptop/laptop_0126.npy,"(1024, 3)",False,False,PASS
datasets/lineB_downsampled_x4_up/strict_N/pu_net/train/laptop/laptop_0127.npy,"(1024, 3)",False,False,PASS
datasets/lineB_downsampled_x4_up/strict_N/pu_net/train/laptop/laptop_0128.npy,"(1024, 3)",False,False,PASS
datasets/lineB_downsampled_x4_up/strict_N/pu_net/train/laptop/laptop_0129.npy,"(1024, 3)",False,False,PASS
datasets/lineB_downsampled_x4_up/strict_N/pu_net/train/laptop/laptop_0130.npy,"(1024, 3)",False,False,PASS
datasets/lineB_downsampled_x4_up/strict_N/pu_net/train/laptop/laptop_0131.npy,"(1024, 3)",False,False,PASS
datasets/lineB_downsampled_x4_up/strict_N/pu_net/train/laptop/laptop_0132.npy,"(1024, 3)",False,False,PASS
datasets/lineB_downsampled_x4_up/strict_N/pu_net/train/laptop/laptop_0133.npy,"(1024, 3)",False,False,PASS
datasets/lineB_downsampled_x4_up/strict_N/pu_net/train/laptop/laptop_0134.npy,"(1024, 3)",False,False,PASS
datasets/lineB_downsampled_x4_up/strict_N/pu_net/train/laptop/laptop_0135.npy,"(1024, 3)",False,False,PASS
datasets/lineB_downsampled_x4_up/strict_N/pu_net/train/laptop/laptop_0136.npy,"(1024, 3)",False,False,PASS
datasets/lineB_downsampled_x4_up/strict_N/pu_net/train/laptop/laptop_0137.npy,"(1024, 3)",False,False,PASS
datasets/lineB_downsampled_x4_up/strict_N/pu_net/train/laptop/laptop_0138.npy,"(1024, 3)",False,False,PASS
datasets/lineB_downsampled_x4_up/strict_N/pu_net/train/laptop/laptop_0139.npy,"(1024, 3)",False,False,PASS
datasets/lineB_downsampled_x4_up/strict_N/pu_net/train/laptop/laptop_0140.npy,"(1024, 3)",False,False,PASS
datasets/lineB_downsampled_x4_up/strict_N/pu_net/train/laptop/laptop_0141.npy,"(1024, 3)",False,False,PASS
datasets/lineB_downsampled_x4_up/strict_N/pu_net/train/laptop/laptop_0142.npy,"(1024, 3)",False,False,PASS
datasets/lineB_downsampled_x4_up/strict_N/pu_net/train/laptop/laptop_0143.npy,"(1024, 3)",False,False,PASS
datasets/lineB_downsampled_x4_up/strict_N/pu_net/train/laptop/laptop_0144.npy,"(1024, 3)",False,False,PASS
datasets/lineB_downsampled_x4_up/strict_N/pu_net/train/laptop/laptop_0145.npy,"(1024, 3)",False,False,PASS
datasets/lineB_downsampled_x4_up/strict_N/pu_net/train/laptop/laptop_0146.npy,"(1024, 3)",False,False,PASS
datasets/lineB_downsampled_x4_up/strict_N/pu_net/train/laptop/laptop_0147.npy,"(1024, 3)",False,False,PASS
datasets/lineB_downsampled_x4_up/strict_N/pu_net/train/laptop/laptop_0148.npy,"(1024, 3)",False,False,PASS
datasets/lineB_downsampled_x4_up/strict_N/pu_net/train/laptop/laptop_0149.npy,"(1024, 3)",False,False,PASS
datasets/lineB_downsampled_x4_up/strict_N/pu_net/train/mantel/mantel_0001.npy,"(1024, 3)",False,False,PASS
datasets/lineB_downsampled_x4_up/strict_N/pu_net/train/mantel/mantel_0002.npy,"(1024, 3)",False,False,PASS
datasets/lineB_downsampled_x4_up/strict_N/pu_net/train/mantel/mantel_0003.npy,"(1024, 3)",False,False,PASS
datasets/lineB_downsampled_x4_up/strict_N/pu_net/train/mantel/mantel_0004.npy,"(1024, 3)",False,False,PASS
datasets/lineB_downsampled_x4_up/strict_N/pu_net/train/mantel/mantel_0005.npy,"(1024, 3)",False,False,PASS
datasets/lineB_downsampled_x4_up/strict_N/pu_net/train/mantel/mantel_0006.npy,"(1024, 3)",False,False,PASS
datasets/lineB_downsampled_x4_up/strict_N/pu_net/train/mantel/mantel_0007.npy,"(1024, 3)",False,False,PASS
datasets/lineB_downsampled_x4_up/strict_N/pu_net/train/mantel/mantel_0008.npy,"(1024, 3)",False,False,PASS
datasets/lineB_downsampled_x4_up/strict_N/pu_net/train/mantel/mantel_0009.npy,"(1024, 3)",False,False,PASS
datasets/lineB_downsampled_x4_up/strict_N/pu_net/train/mantel/mantel_0010.npy,"(1024, 3)",False,False,PASS
datasets/lineB_downsampled_x4_up/strict_N/pu_net/train/mantel/mantel_0011.npy,"(1024, 3)",False,False,PASS
datasets/lineB_downsampled_x4_up/strict_N/pu_net/train/mantel/mantel_0012.npy,"(1024, 3)",False,False,PASS
datasets/lineB_downsampled_x4_up/strict_N/pu_net/train/mantel/mantel_0013.npy,"(1024, 3)",False,False,PASS
datasets/lineB_downsampled_x4_up/strict_N/pu_net/train/mantel/mantel_0014.npy,"(1024, 3)",False,False,PASS
datasets/lineB_downsampled_x4_up/strict_N/pu_net/train/mantel/mantel_0015.npy,"(1024, 3)",False,False,PASS
datasets/lineB_downsampled_x4_up/strict_N/pu_net/train/mantel/mantel_0016.npy,"(1024, 3)",False,False,PASS
datasets/lineB_downsampled_x4_up/strict_N/pu_net/train/mantel/mantel_0017.npy,"(1024, 3)",False,False,PASS
datasets/lineB_downsampled_x4_up/strict_N/pu_net/train/mantel/mantel_0018.npy,"(1024, 3)",False,False,PASS
datasets/lineB_downsampled_x4_up/strict_N/pu_net/train/mantel/mantel_0019.npy,"(1024, 3)",False,False,PASS
datasets/lineB_downsampled_x4_up/strict_N/pu_net/train/mantel/mantel_0020.npy,"(1024, 3)",False,False,PASS
datasets/lineB_downsampled_x4_up/strict_N/pu_net/train/mantel/mantel_0021.npy,"(1024, 3)",False,False,PASS
datasets/lineB_downsampled_x4_up/strict_N/pu_net/train/mantel/mantel_0022.npy,"(1024, 3)",False,False,PASS
datasets/lineB_downsampled_x4_up/strict_N/pu_net/train/mantel/mantel_0023.npy,"(1024, 3)",False,False,PASS
datasets/lineB_downsampled_x4_up/strict_N/pu_net/train/mantel/mantel_0024.npy,"(1024, 3)",False,False,PASS
datasets/lineB_downsampled_x4_up/strict_N/pu_net/train/mantel/mantel_0025.npy,"(1024, 3)",False,False,PASS
datasets/lineB_downsampled_x4_up/strict_N/pu_net/train/mantel/mantel_0026.npy,"(1024, 3)",False,False,PASS
datasets/lineB_downsampled_x4_up/strict_N/pu_net/train/mantel/mantel_0027.npy,"(1024, 3)",False,False,PASS
datasets/lineB_downsampled_x4_up/strict_N/pu_net/train/mantel/mantel_0028.npy,"(1024, 3)",False,False,PASS
datasets/lineB_downsampled_x4_up/strict_N/pu_net/train/mantel/mantel_0029.npy,"(1024, 3)",False,False,PASS
datasets/lineB_downsampled_x4_up/strict_N/pu_net/train/mantel/mantel_0030.npy,"(1024, 3)",False,False,PASS
datasets/lineB_downsampled_x4_up/strict_N/pu_net/train/mantel/mantel_0031.npy,"(1024, 3)",False,False,PASS
datasets/lineB_downsampled_x4_up/strict_N/pu_net/train/mantel/mantel_0032.npy,"(1024, 3)",False,False,PASS
datasets/lineB_downsampled_x4_up/strict_N/pu_net/train/mantel/mantel_0033.npy,"(1024, 3)",False,False,PASS
datasets/lineB_downsampled_x4_up/strict_N/pu_net/train/mantel/mantel_0034.npy,"(1024, 3)",False,False,PASS
datasets/lineB_downsampled_x4_up/strict_N/pu_net/train/mantel/mantel_0035.npy,"(1024, 3)",False,False,PASS
datasets/lineB_downsampled_x4_up/strict_N/pu_net/train/mantel/mantel_0036.npy,"(1024, 3)",False,False,PASS
datasets/lineB_downsampled_x4_up/strict_N/pu_net/train/mantel/mantel_0037.npy,"(1024, 3)",False,False,PASS
datasets/lineB_downsampled_x4_up/strict_N/pu_net/train/mantel/mantel_0038.npy,"(1024, 3)",False,False,PASS
datasets/lineB_downsampled_x4_up/strict_N/pu_net/train/mantel/mantel_0039.npy,"(1024, 3)",False,False,PASS
datasets/lineB_downsampled_x4_up/strict_N/pu_net/train/mantel/mantel_0040.npy,"(1024, 3)",False,False,PASS
datasets/lineB_downsampled_x4_up/strict_N/pu_net/train/mantel/mantel_0041.npy,"(1024, 3)",False,False,PASS
datasets/lineB_downsampled_x4_up/strict_N/pu_net/train/mantel/mantel_0042.npy,"(1024, 3)",False,False,PASS
datasets/lineB_downsampled_x4_up/strict_N/pu_net/train/mantel/mantel_0043.npy,"(1024, 3)",False,False,PASS
datasets/lineB_downsampled_x4_up/strict_N/pu_net/train/mantel/mantel_0044.npy,"(1024, 3)",False,False,PASS
datasets/lineB_downsampled_x4_up/strict_N/pu_net/train/mantel/mantel_0045.npy,"(1024, 3)",False,False,PASS
datasets/lineB_downsampled_x4_up/strict_N/pu_net/train/mantel/mantel_0046.npy,"(1024, 3)",False,False,PASS
datasets/lineB_downsampled_x4_up/strict_N/pu_net/train/mantel/mantel_0047.npy,"(1024, 3)",False,False,PASS
datasets/lineB_downsampled_x4_up/strict_N/pu_net/train/mantel/mantel_0048.npy,"(1024, 3)",False,False,PASS
datasets/lineB_downsampled_x4_up/strict_N/pu_net/train/mantel/mantel_0049.npy,"(1024, 3)",False,False,PASS
datasets/lineB_downsampled_x4_up/strict_N/pu_net/train/mantel/mantel_0050.npy,"(1024, 3)",False,False,PASS
datasets/lineB_downsampled_x4_up/strict_N/pu_net/train/mantel/mantel_0051.npy,"(1024, 3)",False,False,PASS
datasets/lineB_downsampled_x4_up/strict_N/pu_net/train/mantel/mantel_0052.npy,"(1024, 3)",False,False,PASS
datasets/lineB_downsampled_x4_up/strict_N/pu_net/train/mantel/mantel_0053.npy,"(1024, 3)",False,False,PASS
datasets/lineB_downsampled_x4_up/strict_N/pu_net/train/mantel/mantel_0054.npy,"(1024, 3)",False,False,PASS
datasets/lineB_downsampled_x4_up/strict_N/pu_net/train/mantel/mantel_0055.npy,"(1024, 3)",False,False,PASS
datasets/lineB_downsampled_x4_up/strict_N/pu_net/train/mantel/mantel_0056.npy,"(1024, 3)",False,False,PASS
datasets/lineB_downsampled_x4_up/strict_N/pu_net/train/mantel/mantel_0057.npy,"(1024, 3)",False,False,PASS
datasets/lineB_downsampled_x4_up/strict_N/pu_net/train/mantel/mantel_0058.npy,"(1024, 3)",False,False,PASS
datasets/lineB_downsampled_x4_up/strict_N/pu_net/train/mantel/mantel_0059.npy,"(1024, 3)",False,False,PASS
datasets/lineB_downsampled_x4_up/strict_N/pu_net/train/mantel/mantel_0060.npy,"(1024, 3)",False,False,PASS
datasets/lineB_downsampled_x4_up/strict_N/pu_net/train/mantel/mantel_0061.npy,"(1024, 3)",False,False,PASS
datasets/lineB_downsampled_x4_up/strict_N/pu_net/train/mantel/mantel_0062.npy,"(1024, 3)",False,False,PASS
datasets/lineB_downsampled_x4_up/strict_N/pu_net/train/mantel/mantel_0063.npy,"(1024, 3)",False,False,PASS
datasets/lineB_downsampled_x4_up/strict_N/pu_net/train/mantel/mantel_0064.npy,"(1024, 3)",False,False,PASS
datasets/lineB_downsampled_x4_up/strict_N/pu_net/train/mantel/mantel_0065.npy,"(1024, 3)",False,False,PASS
datasets/lineB_downsampled_x4_up/strict_N/pu_net/train/mantel/mantel_0066.npy,"(1024, 3)",False,False,PASS
datasets/lineB_downsampled_x4_up/strict_N/pu_net/train/mantel/mantel_0067.npy,"(1024, 3)",False,False,PASS
datasets/lineB_downsampled_x4_up/strict_N/pu_net/train/mantel/mantel_0068.npy,"(1024, 3)",False,False,PASS
datasets/lineB_downsampled_x4_up/strict_N/pu_net/train/mantel/mantel_0069.npy,"(1024, 3)",False,False,PASS
datasets/lineB_downsampled_x4_up/strict_N/pu_net/train/mantel/mantel_0070.npy,"(1024, 3)",False,False,PASS
datasets/lineB_downsampled_x4_up/strict_N/pu_net/train/mantel/mantel_0071.npy,"(1024, 3)",False,False,PASS
datasets/lineB_downsampled_x4_up/strict_N/pu_net/train/mantel/mantel_0072.npy,"(1024, 3)",False,False,PASS
datasets/lineB_downsampled_x4_up/strict_N/pu_net/train/mantel/mantel_0073.npy,"(1024, 3)",False,False,PASS
datasets/lineB_downsampled_x4_up/strict_N/pu_net/train/mantel/mantel_0074.npy,"(1024, 3)",False,False,PASS
datasets/lineB_downsampled_x4_up/strict_N/pu_net/train/mantel/mantel_0075.npy,"(1024, 3)",False,False,PASS
datasets/lineB_downsampled_x4_up/strict_N/pu_net/train/mantel/mantel_0076.npy,"(1024, 3)",False,False,PASS
datasets/lineB_downsampled_x4_up/strict_N/pu_net/train/mantel/mantel_0077.npy,"(1024, 3)",False,False,PASS
datasets/lineB_downsampled_x4_up/strict_N/pu_net/train/mantel/mantel_0078.npy,"(1024, 3)",False,False,PASS
datasets/lineB_downsampled_x4_up/strict_N/pu_net/train/mantel/mantel_0079.npy,"(1024, 3)",False,False,PASS
datasets/lineB_downsampled_x4_up/strict_N/pu_net/train/mantel/mantel_0080.npy,"(1024, 3)",False,False,PASS
datasets/lineB_downsampled_x4_up/strict_N/pu_net/train/mantel/mantel_0081.npy,"(1024, 3)",False,False,PASS
datasets/lineB_downsampled_x4_up/strict_N/pu_net/train/mantel/mantel_0082.npy,"(1024, 3)",False,False,PASS
datasets/lineB_downsampled_x4_up/strict_N/pu_net/train/mantel/mantel_0083.npy,"(1024, 3)",False,False,PASS
datasets/lineB_downsampled_x4_up/strict_N/pu_net/train/mantel/mantel_0084.npy,"(1024, 3)",False,False,PASS
datasets/lineB_downsampled_x4_up/strict_N/pu_net/train/mantel/mantel_0085.npy,"(1024, 3)",False,False,PASS
datasets/lineB_downsampled_x4_up/strict_N/pu_net/train/mantel/mantel_0086.npy,"(1024, 3)",False,False,PASS
datasets/lineB_downsampled_x4_up/strict_N/pu_net/train/mantel/mantel_0087.npy,"(1024, 3)",False,False,PASS
datasets/lineB_downsampled_x4_up/strict_N/pu_net/train/mantel/mantel_0088.npy,"(1024, 3)",False,False,PASS
datasets/lineB_downsampled_x4_up/strict_N/pu_net/train/mantel/mantel_0089.npy,"(1024, 3)",False,False,PASS
datasets/lineB_downsampled_x4_up/strict_N/pu_net/train/mantel/mantel_0090.npy,"(1024, 3)",False,False,PASS
datasets/lineB_downsampled_x4_up/strict_N/pu_net/train/mantel/mantel_0091.npy,"(1024, 3)",False,False,PASS
datasets/lineB_downsampled_x4_up/strict_N/pu_net/train/mantel/mantel_0092.npy,"(1024, 3)",False,False,PASS
datasets/lineB_downsampled_x4_up/strict_N/pu_net/train/mantel/mantel_0093.npy,"(1024, 3)",False,False,PASS
datasets/lineB_downsampled_x4_up/strict_N/pu_net/train/mantel/mantel_0094.npy,"(1024, 3)",False,False,PASS
datasets/lineB_downsampled_x4_up/strict_N/pu_net/train/mantel/mantel_0095.npy,"(1024, 3)",False,False,PASS
datasets/lineB_downsampled_x4_up/strict_N/pu_net/train/mantel/mantel_0096.npy,"(1024, 3)",False,False,PASS
datasets/lineB_downsampled_x4_up/strict_N/pu_net/train/mantel/mantel_0097.npy,"(1024, 3)",False,False,PASS
datasets/lineB_downsampled_x4_up/strict_N/pu_net/train/mantel/mantel_0098.npy,"(1024, 3)",False,False,PASS
datasets/lineB_downsampled_x4_up/strict_N/pu_net/train/mantel/mantel_0099.npy,"(1024, 3)",False,False,PASS
datasets/lineB_downsampled_x4_up/strict_N/pu_net/train/mantel/mantel_0100.npy,"(1024, 3)",False,False,PASS
datasets/lineB_downsampled_x4_up/strict_N/pu_net/train/mantel/mantel_0101.npy,"(1024, 3)",False,False,PASS
datasets/lineB_downsampled_x4_up/strict_N/pu_net/train/mantel/mantel_0102.npy,"(1024, 3)",False,False,PASS
datasets/lineB_downsampled_x4_up/strict_N/pu_net/train/mantel/mantel_0103.npy,"(1024, 3)",False,False,PASS
datasets/lineB_downsampled_x4_up/strict_N/pu_net/train/mantel/mantel_0104.npy,"(1024, 3)",False,False,PASS
datasets/lineB_downsampled_x4_up/strict_N/pu_net/train/mantel/mantel_0105.npy,"(1024, 3)",False,False,PASS
datasets/lineB_downsampled_x4_up/strict_N/pu_net/train/mantel/mantel_0106.npy,"(1024, 3)",False,False,PASS
datasets/lineB_downsampled_x4_up/strict_N/pu_net/train/mantel/mantel_0107.npy,"(1024, 3)",False,False,PASS
datasets/lineB_downsampled_x4_up/strict_N/pu_net/train/mantel/mantel_0108.npy,"(1024, 3)",False,False,PASS
datasets/lineB_downsampled_x4_up/strict_N/pu_net/train/mantel/mantel_0109.npy,"(1024, 3)",False,False,PASS
datasets/lineB_downsampled_x4_up/strict_N/pu_net/train/mantel/mantel_0110.npy,"(1024, 3)",False,False,PASS
datasets/lineB_downsampled_x4_up/strict_N/pu_net/train/mantel/mantel_0111.npy,"(1024, 3)",False,False,PASS
datasets/lineB_downsampled_x4_up/strict_N/pu_net/train/mantel/mantel_0112.npy,"(1024, 3)",False,False,PASS
datasets/lineB_downsampled_x4_up/strict_N/pu_net/train/mantel/mantel_0113.npy,"(1024, 3)",False,False,PASS
datasets/lineB_downsampled_x4_up/strict_N/pu_net/train/mantel/mantel_0114.npy,"(1024, 3)",False,False,PASS
datasets/lineB_downsampled_x4_up/strict_N/pu_net/train/mantel/mantel_0115.npy,"(1024, 3)",False,False,PASS
datasets/lineB_downsampled_x4_up/strict_N/pu_net/train/mantel/mantel_0116.npy,"(1024, 3)",False,False,PASS
datasets/lineB_downsampled_x4_up/strict_N/pu_net/train/mantel/mantel_0117.npy,"(1024, 3)",False,False,PASS
datasets/lineB_downsampled_x4_up/strict_N/pu_net/train/mantel/mantel_0118.npy,"(1024, 3)",False,False,PASS
datasets/lineB_downsampled_x4_up/strict_N/pu_net/train/mantel/mantel_0119.npy,"(1024, 3)",False,False,PASS
datasets/lineB_downsampled_x4_up/strict_N/pu_net/train/mantel/mantel_0120.npy,"(1024, 3)",False,False,PASS
datasets/lineB_downsampled_x4_up/strict_N/pu_net/train/mantel/mantel_0121.npy,"(1024, 3)",False,False,PASS
datasets/lineB_downsampled_x4_up/strict_N/pu_net/train/mantel/mantel_0122.npy,"(1024, 3)",False,False,PASS
datasets/lineB_downsampled_x4_up/strict_N/pu_net/train/mantel/mantel_0123.npy,"(1024, 3)",False,False,PASS
datasets/lineB_downsampled_x4_up/strict_N/pu_net/train/mantel/mantel_0124.npy,"(1024, 3)",False,False,PASS
datasets/lineB_downsampled_x4_up/strict_N/pu_net/train/mantel/mantel_0125.npy,"(1024, 3)",False,False,PASS
datasets/lineB_downsampled_x4_up/strict_N/pu_net/train/mantel/mantel_0126.npy,"(1024, 3)",False,False,PASS
datasets/lineB_downsampled_x4_up/strict_N/pu_net/train/mantel/mantel_0127.npy,"(1024, 3)",False,False,PASS
datasets/lineB_downsampled_x4_up/strict_N/pu_net/train/mantel/mantel_0128.npy,"(1024, 3)",False,False,PASS
datasets/lineB_downsampled_x4_up/strict_N/pu_net/train/mantel/mantel_0129.npy,"(1024, 3)",False,False,PASS
datasets/lineB_downsampled_x4_up/strict_N/pu_net/train/mantel/mantel_0130.npy,"(1024, 3)",False,False,PASS
datasets/lineB_downsampled_x4_up/strict_N/pu_net/train/mantel/mantel_0131.npy,"(1024, 3)",False,False,PASS
datasets/lineB_downsampled_x4_up/strict_N/pu_net/train/mantel/mantel_0132.npy,"(1024, 3)",False,False,PASS
datasets/lineB_downsampled_x4_up/strict_N/pu_net/train/mantel/mantel_0133.npy,"(1024, 3)",False,False,PASS
datasets/lineB_downsampled_x4_up/strict_N/pu_net/train/mantel/mantel_0134.npy,"(1024, 3)",False,False,PASS
datasets/lineB_downsampled_x4_up/strict_N/pu_net/train/mantel/mantel_0135.npy,"(1024, 3)",False,False,PASS
datasets/lineB_downsampled_x4_up/strict_N/pu_net/train/mantel/mantel_0136.npy,"(1024, 3)",False,False,PASS
datasets/lineB_downsampled_x4_up/strict_N/pu_net/train/mantel/mantel_0137.npy,"(1024, 3)",False,False,PASS
datasets/lineB_downsampled_x4_up/strict_N/pu_net/train/mantel/mantel_0138.npy,"(1024, 3)",False,False,PASS
datasets/lineB_downsampled_x4_up/strict_N/pu_net/train/mantel/mantel_0139.npy,"(1024, 3)",False,False,PASS
datasets/lineB_downsampled_x4_up/strict_N/pu_net/train/mantel/mantel_0140.npy,"(1024, 3)",False,False,PASS
datasets/lineB_downsampled_x4_up/strict_N/pu_net/train/mantel/mantel_0141.npy,"(1024, 3)",False,False,PASS
datasets/lineB_downsampled_x4_up/strict_N/pu_net/train/mantel/mantel_0142.npy,"(1024, 3)",False,False,PASS
datasets/lineB_downsampled_x4_up/strict_N/pu_net/train/mantel/mantel_0143.npy,"(1024, 3)",False,False,PASS
datasets/lineB_downsampled_x4_up/strict_N/pu_net/train/mantel/mantel_0144.npy,"(1024, 3)",False,False,PASS
datasets/lineB_downsampled_x4_up/strict_N/pu_net/train/mantel/mantel_0145.npy,"(1024, 3)",False,False,PASS
datasets/lineB_downsampled_x4_up/strict_N/pu_net/train/mantel/mantel_0146.npy,"(1024, 3)",False,False,PASS
datasets/lineB_downsampled_x4_up/strict_N/pu_net/train/mantel/mantel_0147.npy,"(1024, 3)",False,False,PASS
datasets/lineB_downsampled_x4_up/strict_N/pu_net/train/mantel/mantel_0148.npy,"(1024, 3)",False,False,PASS
datasets/lineB_downsampled_x4_up/strict_N/pu_net/train/mantel/mantel_0149.npy,"(1024, 3)",False,False,PASS
datasets/lineB_downsampled_x4_up/strict_N/pu_net/train/mantel/mantel_0150.npy,"(1024, 3)",False,False,PASS
datasets/lineB_downsampled_x4_up/strict_N/pu_net/train/mantel/mantel_0151.npy,"(1024, 3)",False,False,PASS
datasets/lineB_downsampled_x4_up/strict_N/pu_net/train/mantel/mantel_0152.npy,"(1024, 3)",False,False,PASS
datasets/lineB_downsampled_x4_up/strict_N/pu_net/train/mantel/mantel_0153.npy,"(1024, 3)",False,False,PASS
datasets/lineB_downsampled_x4_up/strict_N/pu_net/train/mantel/mantel_0154.npy,"(1024, 3)",False,False,PASS
datasets/lineB_downsampled_x4_up/strict_N/pu_net/train/mantel/mantel_0155.npy,"(1024, 3)",False,False,PASS
datasets/lineB_downsampled_x4_up/strict_N/pu_net/train/mantel/mantel_0156.npy,"(1024, 3)",False,False,PASS
datasets/lineB_downsampled_x4_up/strict_N/pu_net/train/mantel/mantel_0157.npy,"(1024, 3)",False,False,PASS
datasets/lineB_downsampled_x4_up/strict_N/pu_net/train/mantel/mantel_0158.npy,"(1024, 3)",False,False,PASS
datasets/lineB_downsampled_x4_up/strict_N/pu_net/train/mantel/mantel_0159.npy,"(1024, 3)",False,False,PASS
datasets/lineB_downsampled_x4_up/strict_N/pu_net/train/mantel/mantel_0160.npy,"(1024, 3)",False,False,PASS
datasets/lineB_downsampled_x4_up/strict_N/pu_net/train/mantel/mantel_0161.npy,"(1024, 3)",False,False,PASS
datasets/lineB_downsampled_x4_up/strict_N/pu_net/train/mantel/mantel_0162.npy,"(1024, 3)",False,False,PASS
datasets/lineB_downsampled_x4_up/strict_N/pu_net/train/mantel/mantel_0163.npy,"(1024, 3)",False,False,PASS
datasets/lineB_downsampled_x4_up/strict_N/pu_net/train/mantel/mantel_0164.npy,"(1024, 3)",False,False,PASS
datasets/lineB_downsampled_x4_up/strict_N/pu_net/train/mantel/mantel_0165.npy,"(1024, 3)",False,False,PASS
datasets/lineB_downsampled_x4_up/strict_N/pu_net/train/mantel/mantel_0166.npy,"(1024, 3)",False,False,PASS
datasets/lineB_downsampled_x4_up/strict_N/pu_net/train/mantel/mantel_0167.npy,"(1024, 3)",False,False,PASS
datasets/lineB_downsampled_x4_up/strict_N/pu_net/train/mantel/mantel_0168.npy,"(1024, 3)",False,False,PASS
datasets/lineB_downsampled_x4_up/strict_N/pu_net/train/mantel/mantel_0169.npy,"(1024, 3)",False,False,PASS
datasets/lineB_downsampled_x4_up/strict_N/pu_net/train/mantel/mantel_0170.npy,"(1024, 3)",False,False,PASS
datasets/lineB_downsampled_x4_up/strict_N/pu_net/train/mantel/mantel_0171.npy,"(1024, 3)",False,False,PASS
datasets/lineB_downsampled_x4_up/strict_N/pu_net/train/mantel/mantel_0172.npy,"(1024, 3)",False,False,PASS
datasets/lineB_downsampled_x4_up/strict_N/pu_net/train/mantel/mantel_0173.npy,"(1024, 3)",False,False,PASS
datasets/lineB_downsampled_x4_up/strict_N/pu_net/train/mantel/mantel_0174.npy,"(1024, 3)",False,False,PASS
datasets/lineB_downsampled_x4_up/strict_N/pu_net/train/mantel/mantel_0175.npy,"(1024, 3)",False,False,PASS
datasets/lineB_downsampled_x4_up/strict_N/pu_net/train/mantel/mantel_0176.npy,"(1024, 3)",False,False,PASS
datasets/lineB_downsampled_x4_up/strict_N/pu_net/train/mantel/mantel_0177.npy,"(1024, 3)",False,False,PASS
datasets/lineB_downsampled_x4_up/strict_N/pu_net/train/mantel/mantel_0178.npy,"(1024, 3)",False,False,PASS
datasets/lineB_downsampled_x4_up/strict_N/pu_net/train/mantel/mantel_0179.npy,"(1024, 3)",False,False,PASS
datasets/lineB_downsampled_x4_up/strict_N/pu_net/train/mantel/mantel_0180.npy,"(1024, 3)",False,False,PASS
datasets/lineB_downsampled_x4_up/strict_N/pu_net/train/mantel/mantel_0181.npy,"(1024, 3)",False,False,PASS
datasets/lineB_downsampled_x4_up/strict_N/pu_net/train/mantel/mantel_0182.npy,"(1024, 3)",False,False,PASS
datasets/lineB_downsampled_x4_up/strict_N/pu_net/train/mantel/mantel_0183.npy,"(1024, 3)",False,False,PASS
datasets/lineB_downsampled_x4_up/strict_N/pu_net/train/mantel/mantel_0184.npy,"(1024, 3)",False,False,PASS
datasets/lineB_downsampled_x4_up/strict_N/pu_net/train/mantel/mantel_0185.npy,"(1024, 3)",False,False,PASS
datasets/lineB_downsampled_x4_up/strict_N/pu_net/train/mantel/mantel_0186.npy,"(1024, 3)",False,False,PASS
datasets/lineB_downsampled_x4_up/strict_N/pu_net/train/mantel/mantel_0187.npy,"(1024, 3)",False,False,PASS
datasets/lineB_downsampled_x4_up/strict_N/pu_net/train/mantel/mantel_0188.npy,"(1024, 3)",False,False,PASS
datasets/lineB_downsampled_x4_up/strict_N/pu_net/train/mantel/mantel_0189.npy,"(1024, 3)",False,False,PASS
datasets/lineB_downsampled_x4_up/strict_N/pu_net/train/mantel/mantel_0190.npy,"(1024, 3)",False,False,PASS
datasets/lineB_downsampled_x4_up/strict_N/pu_net/train/mantel/mantel_0191.npy,"(1024, 3)",False,False,PASS
datasets/lineB_downsampled_x4_up/strict_N/pu_net/train/mantel/mantel_0192.npy,"(1024, 3)",False,False,PASS
datasets/lineB_downsampled_x4_up/strict_N/pu_net/train/mantel/mantel_0193.npy,"(1024, 3)",False,False,PASS
datasets/lineB_downsampled_x4_up/strict_N/pu_net/train/mantel/mantel_0194.npy,"(1024, 3)",False,False,PASS
datasets/lineB_downsampled_x4_up/strict_N/pu_net/train/mantel/mantel_0195.npy,"(1024, 3)",False,False,PASS
datasets/lineB_downsampled_x4_up/strict_N/pu_net/train/mantel/mantel_0196.npy,"(1024, 3)",False,False,PASS
datasets/lineB_downsampled_x4_up/strict_N/pu_net/train/mantel/mantel_0197.npy,"(1024, 3)",False,False,PASS
datasets/lineB_downsampled_x4_up/strict_N/pu_net/train/mantel/mantel_0198.npy,"(1024, 3)",False,False,PASS
datasets/lineB_downsampled_x4_up/strict_N/pu_net/train/mantel/mantel_0199.npy,"(1024, 3)",False,False,PASS
datasets/lineB_downsampled_x4_up/strict_N/pu_net/train/mantel/mantel_0200.npy,"(1024, 3)",False,False,PASS
datasets/lineB_downsampled_x4_up/strict_N/pu_net/train/mantel/mantel_0201.npy,"(1024, 3)",False,False,PASS
datasets/lineB_downsampled_x4_up/strict_N/pu_net/train/mantel/mantel_0202.npy,"(1024, 3)",False,False,PASS
datasets/lineB_downsampled_x4_up/strict_N/pu_net/train/mantel/mantel_0203.npy,"(1024, 3)",False,False,PASS
datasets/lineB_downsampled_x4_up/strict_N/pu_net/train/mantel/mantel_0204.npy,"(1024, 3)",False,False,PASS
datasets/lineB_downsampled_x4_up/strict_N/pu_net/train/mantel/mantel_0205.npy,"(1024, 3)",False,False,PASS
datasets/lineB_downsampled_x4_up/strict_N/pu_net/train/mantel/mantel_0206.npy,"(1024, 3)",False,False,PASS
datasets/lineB_downsampled_x4_up/strict_N/pu_net/train/mantel/mantel_0207.npy,"(1024, 3)",False,False,PASS
datasets/lineB_downsampled_x4_up/strict_N/pu_net/train/mantel/mantel_0208.npy,"(1024, 3)",False,False,PASS
datasets/lineB_downsampled_x4_up/strict_N/pu_net/train/mantel/mantel_0209.npy,"(1024, 3)",False,False,PASS
datasets/lineB_downsampled_x4_up/strict_N/pu_net/train/mantel/mantel_0210.npy,"(1024, 3)",False,False,PASS
datasets/lineB_downsampled_x4_up/strict_N/pu_net/train/mantel/mantel_0211.npy,"(1024, 3)",False,False,PASS
datasets/lineB_downsampled_x4_up/strict_N/pu_net/train/mantel/mantel_0212.npy,"(1024, 3)",False,False,PASS
datasets/lineB_downsampled_x4_up/strict_N/pu_net/train/mantel/mantel_0213.npy,"(1024, 3)",False,False,PASS
datasets/lineB_downsampled_x4_up/strict_N/pu_net/train/mantel/mantel_0214.npy,"(1024, 3)",False,False,PASS
datasets/lineB_downsampled_x4_up/strict_N/pu_net/train/mantel/mantel_0215.npy,"(1024, 3)",False,False,PASS
datasets/lineB_downsampled_x4_up/strict_N/pu_net/train/mantel/mantel_0216.npy,"(1024, 3)",False,False,PASS
datasets/lineB_downsampled_x4_up/strict_N/pu_net/train/mantel/mantel_0217.npy,"(1024, 3)",False,False,PASS
datasets/lineB_downsampled_x4_up/strict_N/pu_net/train/mantel/mantel_0218.npy,"(1024, 3)",False,False,PASS
datasets/lineB_downsampled_x4_up/strict_N/pu_net/train/mantel/mantel_0219.npy,"(1024, 3)",False,False,PASS
datasets/lineB_downsampled_x4_up/strict_N/pu_net/train/mantel/mantel_0220.npy,"(1024, 3)",False,False,PASS
datasets/lineB_downsampled_x4_up/strict_N/pu_net/train/mantel/mantel_0221.npy,"(1024, 3)",False,False,PASS
datasets/lineB_downsampled_x4_up/strict_N/pu_net/train/mantel/mantel_0222.npy,"(1024, 3)",False,False,PASS
datasets/lineB_downsampled_x4_up/strict_N/pu_net/train/mantel/mantel_0223.npy,"(1024, 3)",False,False,PASS
datasets/lineB_downsampled_x4_up/strict_N/pu_net/train/mantel/mantel_0224.npy,"(1024, 3)",False,False,PASS
datasets/lineB_downsampled_x4_up/strict_N/pu_net/train/mantel/mantel_0225.npy,"(1024, 3)",False,False,PASS
datasets/lineB_downsampled_x4_up/strict_N/pu_net/train/mantel/mantel_0226.npy,"(1024, 3)",False,False,PASS
datasets/lineB_downsampled_x4_up/strict_N/pu_net/train/mantel/mantel_0227.npy,"(1024, 3)",False,False,PASS
datasets/lineB_downsampled_x4_up/strict_N/pu_net/train/mantel/mantel_0228.npy,"(1024, 3)",False,False,PASS
datasets/lineB_downsampled_x4_up/strict_N/pu_net/train/mantel/mantel_0229.npy,"(1024, 3)",False,False,PASS
datasets/lineB_downsampled_x4_up/strict_N/pu_net/train/mantel/mantel_0230.npy,"(1024, 3)",False,False,PASS
datasets/lineB_downsampled_x4_up/strict_N/pu_net/train/mantel/mantel_0231.npy,"(1024, 3)",False,False,PASS
datasets/lineB_downsampled_x4_up/strict_N/pu_net/train/mantel/mantel_0232.npy,"(1024, 3)",False,False,PASS
datasets/lineB_downsampled_x4_up/strict_N/pu_net/train/mantel/mantel_0233.npy,"(1024, 3)",False,False,PASS
datasets/lineB_downsampled_x4_up/strict_N/pu_net/train/mantel/mantel_0234.npy,"(1024, 3)",False,False,PASS
datasets/lineB_downsampled_x4_up/strict_N/pu_net/train/mantel/mantel_0235.npy,"(1024, 3)",False,False,PASS
datasets/lineB_downsampled_x4_up/strict_N/pu_net/train/mantel/mantel_0236.npy,"(1024, 3)",False,False,PASS
datasets/lineB_downsampled_x4_up/strict_N/pu_net/train/mantel/mantel_0237.npy,"(1024, 3)",False,False,PASS
datasets/lineB_downsampled_x4_up/strict_N/pu_net/train/mantel/mantel_0238.npy,"(1024, 3)",False,False,PASS
datasets/lineB_downsampled_x4_up/strict_N/pu_net/train/mantel/mantel_0239.npy,"(1024, 3)",False,False,PASS
datasets/lineB_downsampled_x4_up/strict_N/pu_net/train/mantel/mantel_0240.npy,"(1024, 3)",False,False,PASS
datasets/lineB_downsampled_x4_up/strict_N/pu_net/train/mantel/mantel_0241.npy,"(1024, 3)",False,False,PASS
datasets/lineB_downsampled_x4_up/strict_N/pu_net/train/mantel/mantel_0242.npy,"(1024, 3)",False,False,PASS
datasets/lineB_downsampled_x4_up/strict_N/pu_net/train/mantel/mantel_0243.npy,"(1024, 3)",False,False,PASS
datasets/lineB_downsampled_x4_up/strict_N/pu_net/train/mantel/mantel_0244.npy,"(1024, 3)",False,False,PASS
datasets/lineB_downsampled_x4_up/strict_N/pu_net/train/mantel/mantel_0245.npy,"(1024, 3)",False,False,PASS
datasets/lineB_downsampled_x4_up/strict_N/pu_net/train/mantel/mantel_0246.npy,"(1024, 3)",False,False,PASS
datasets/lineB_downsampled_x4_up/strict_N/pu_net/train/mantel/mantel_0247.npy,"(1024, 3)",False,False,PASS
datasets/lineB_downsampled_x4_up/strict_N/pu_net/train/mantel/mantel_0248.npy,"(1024, 3)",False,False,PASS
datasets/lineB_downsampled_x4_up/strict_N/pu_net/train/mantel/mantel_0249.npy,"(1024, 3)",False,False,PASS
datasets/lineB_downsampled_x4_up/strict_N/pu_net/train/mantel/mantel_0250.npy,"(1024, 3)",False,False,PASS
datasets/lineB_downsampled_x4_up/strict_N/pu_net/train/mantel/mantel_0251.npy,"(1024, 3)",False,False,PASS
datasets/lineB_downsampled_x4_up/strict_N/pu_net/train/mantel/mantel_0252.npy,"(1024, 3)",False,False,PASS
datasets/lineB_downsampled_x4_up/strict_N/pu_net/train/mantel/mantel_0253.npy,"(1024, 3)",False,False,PASS
datasets/lineB_downsampled_x4_up/strict_N/pu_net/train/mantel/mantel_0254.npy,"(1024, 3)",False,False,PASS
datasets/lineB_downsampled_x4_up/strict_N/pu_net/train/mantel/mantel_0255.npy,"(1024, 3)",False,False,PASS
datasets/lineB_downsampled_x4_up/strict_N/pu_net/train/mantel/mantel_0256.npy,"(1024, 3)",False,False,PASS
datasets/lineB_downsampled_x4_up/strict_N/pu_net/train/mantel/mantel_0257.npy,"(1024, 3)",False,False,PASS
datasets/lineB_downsampled_x4_up/strict_N/pu_net/train/mantel/mantel_0258.npy,"(1024, 3)",False,False,PASS
datasets/lineB_downsampled_x4_up/strict_N/pu_net/train/mantel/mantel_0259.npy,"(1024, 3)",False,False,PASS
datasets/lineB_downsampled_x4_up/strict_N/pu_net/train/mantel/mantel_0260.npy,"(1024, 3)",False,False,PASS
datasets/lineB_downsampled_x4_up/strict_N/pu_net/train/mantel/mantel_0261.npy,"(1024, 3)",False,False,PASS
datasets/lineB_downsampled_x4_up/strict_N/pu_net/train/mantel/mantel_0262.npy,"(1024, 3)",False,False,PASS
datasets/lineB_downsampled_x4_up/strict_N/pu_net/train/mantel/mantel_0263.npy,"(1024, 3)",False,False,PASS
datasets/lineB_downsampled_x4_up/strict_N/pu_net/train/mantel/mantel_0264.npy,"(1024, 3)",False,False,PASS
datasets/lineB_downsampled_x4_up/strict_N/pu_net/train/mantel/mantel_0265.npy,"(1024, 3)",False,False,PASS
datasets/lineB_downsampled_x4_up/strict_N/pu_net/train/mantel/mantel_0266.npy,"(1024, 3)",False,False,PASS
datasets/lineB_downsampled_x4_up/strict_N/pu_net/train/mantel/mantel_0267.npy,"(1024, 3)",False,False,PASS
datasets/lineB_downsampled_x4_up/strict_N/pu_net/train/mantel/mantel_0268.npy,"(1024, 3)",False,False,PASS
datasets/lineB_downsampled_x4_up/strict_N/pu_net/train/mantel/mantel_0269.npy,"(1024, 3)",False,False,PASS
datasets/lineB_downsampled_x4_up/strict_N/pu_net/train/mantel/mantel_0270.npy,"(1024, 3)",False,False,PASS
datasets/lineB_downsampled_x4_up/strict_N/pu_net/train/mantel/mantel_0271.npy,"(1024, 3)",False,False,PASS
datasets/lineB_downsampled_x4_up/strict_N/pu_net/train/mantel/mantel_0272.npy,"(1024, 3)",False,False,PASS
datasets/lineB_downsampled_x4_up/strict_N/pu_net/train/mantel/mantel_0273.npy,"(1024, 3)",False,False,PASS
datasets/lineB_downsampled_x4_up/strict_N/pu_net/train/mantel/mantel_0274.npy,"(1024, 3)",False,False,PASS
datasets/lineB_downsampled_x4_up/strict_N/pu_net/train/mantel/mantel_0275.npy,"(1024, 3)",False,False,PASS
datasets/lineB_downsampled_x4_up/strict_N/pu_net/train/mantel/mantel_0276.npy,"(1024, 3)",False,False,PASS
datasets/lineB_downsampled_x4_up/strict_N/pu_net/train/mantel/mantel_0277.npy,"(1024, 3)",False,False,PASS
datasets/lineB_downsampled_x4_up/strict_N/pu_net/train/mantel/mantel_0278.npy,"(1024, 3)",False,False,PASS
datasets/lineB_downsampled_x4_up/strict_N/pu_net/train/mantel/mantel_0279.npy,"(1024, 3)",False,False,PASS
datasets/lineB_downsampled_x4_up/strict_N/pu_net/train/mantel/mantel_0280.npy,"(1024, 3)",False,False,PASS
datasets/lineB_downsampled_x4_up/strict_N/pu_net/train/mantel/mantel_0281.npy,"(1024, 3)",False,False,PASS
datasets/lineB_downsampled_x4_up/strict_N/pu_net/train/mantel/mantel_0282.npy,"(1024, 3)",False,False,PASS
datasets/lineB_downsampled_x4_up/strict_N/pu_net/train/mantel/mantel_0283.npy,"(1024, 3)",False,False,PASS
datasets/lineB_downsampled_x4_up/strict_N/pu_net/train/mantel/mantel_0284.npy,"(1024, 3)",False,False,PASS
datasets/lineB_downsampled_x4_up/strict_N/pu_net/train/monitor/monitor_0001.npy,"(1024, 3)",False,False,PASS
datasets/lineB_downsampled_x4_up/strict_N/pu_net/train/monitor/monitor_0002.npy,"(1024, 3)",False,False,PASS
datasets/lineB_downsampled_x4_up/strict_N/pu_net/train/monitor/monitor_0003.npy,"(1024, 3)",False,False,PASS
datasets/lineB_downsampled_x4_up/strict_N/pu_net/train/monitor/monitor_0004.npy,"(1024, 3)",False,False,PASS
datasets/lineB_downsampled_x4_up/strict_N/pu_net/train/monitor/monitor_0005.npy,"(1024, 3)",False,False,PASS
datasets/lineB_downsampled_x4_up/strict_N/pu_net/train/monitor/monitor_0006.npy,"(1024, 3)",False,False,PASS
datasets/lineB_downsampled_x4_up/strict_N/pu_net/train/monitor/monitor_0007.npy,"(1024, 3)",False,False,PASS
datasets/lineB_downsampled_x4_up/strict_N/pu_net/train/monitor/monitor_0008.npy,"(1024, 3)",False,False,PASS
datasets/lineB_downsampled_x4_up/strict_N/pu_net/train/monitor/monitor_0009.npy,"(1024, 3)",False,False,PASS
datasets/lineB_downsampled_x4_up/strict_N/pu_net/train/monitor/monitor_0010.npy,"(1024, 3)",False,False,PASS
datasets/lineB_downsampled_x4_up/strict_N/pu_net/train/monitor/monitor_0011.npy,"(1024, 3)",False,False,PASS
datasets/lineB_downsampled_x4_up/strict_N/pu_net/train/monitor/monitor_0012.npy,"(1024, 3)",False,False,PASS
datasets/lineB_downsampled_x4_up/strict_N/pu_net/train/monitor/monitor_0013.npy,"(1024, 3)",False,False,PASS
datasets/lineB_downsampled_x4_up/strict_N/pu_net/train/monitor/monitor_0014.npy,"(1024, 3)",False,False,PASS
datasets/lineB_downsampled_x4_up/strict_N/pu_net/train/monitor/monitor_0015.npy,"(1024, 3)",False,False,PASS
datasets/lineB_downsampled_x4_up/strict_N/pu_net/train/monitor/monitor_0016.npy,"(1024, 3)",False,False,PASS
datasets/lineB_downsampled_x4_up/strict_N/pu_net/train/monitor/monitor_0017.npy,"(1024, 3)",False,False,PASS
datasets/lineB_downsampled_x4_up/strict_N/pu_net/train/monitor/monitor_0018.npy,"(1024, 3)",False,False,PASS
datasets/lineB_downsampled_x4_up/strict_N/pu_net/train/monitor/monitor_0019.npy,"(1024, 3)",False,False,PASS
datasets/lineB_downsampled_x4_up/strict_N/pu_net/train/monitor/monitor_0020.npy,"(1024, 3)",False,False,PASS
datasets/lineB_downsampled_x4_up/strict_N/pu_net/train/monitor/monitor_0021.npy,"(1024, 3)",False,False,PASS
datasets/lineB_downsampled_x4_up/strict_N/pu_net/train/monitor/monitor_0022.npy,"(1024, 3)",False,False,PASS
datasets/lineB_downsampled_x4_up/strict_N/pu_net/train/monitor/monitor_0023.npy,"(1024, 3)",False,False,PASS
datasets/lineB_downsampled_x4_up/strict_N/pu_net/train/monitor/monitor_0024.npy,"(1024, 3)",False,False,PASS
datasets/lineB_downsampled_x4_up/strict_N/pu_net/train/monitor/monitor_0025.npy,"(1024, 3)",False,False,PASS
datasets/lineB_downsampled_x4_up/strict_N/pu_net/train/monitor/monitor_0026.npy,"(1024, 3)",False,False,PASS
datasets/lineB_downsampled_x4_up/strict_N/pu_net/train/monitor/monitor_0027.npy,"(1024, 3)",False,False,PASS
datasets/lineB_downsampled_x4_up/strict_N/pu_net/train/monitor/monitor_0028.npy,"(1024, 3)",False,False,PASS
datasets/lineB_downsampled_x4_up/strict_N/pu_net/train/monitor/monitor_0029.npy,"(1024, 3)",False,False,PASS
datasets/lineB_downsampled_x4_up/strict_N/pu_net/train/monitor/monitor_0030.npy,"(1024, 3)",False,False,PASS
datasets/lineB_downsampled_x4_up/strict_N/pu_net/train/monitor/monitor_0031.npy,"(1024, 3)",False,False,PASS
datasets/lineB_downsampled_x4_up/strict_N/pu_net/train/monitor/monitor_0032.npy,"(1024, 3)",False,False,PASS
datasets/lineB_downsampled_x4_up/strict_N/pu_net/train/monitor/monitor_0033.npy,"(1024, 3)",False,False,PASS
datasets/lineB_downsampled_x4_up/strict_N/pu_net/train/monitor/monitor_0034.npy,"(1024, 3)",False,False,PASS
datasets/lineB_downsampled_x4_up/strict_N/pu_net/train/monitor/monitor_0035.npy,"(1024, 3)",False,False,PASS
datasets/lineB_downsampled_x4_up/strict_N/pu_net/train/monitor/monitor_0036.npy,"(1024, 3)",False,False,PASS
datasets/lineB_downsampled_x4_up/strict_N/pu_net/train/monitor/monitor_0037.npy,"(1024, 3)",False,False,PASS
datasets/lineB_downsampled_x4_up/strict_N/pu_net/train/monitor/monitor_0038.npy,"(1024, 3)",False,False,PASS
datasets/lineB_downsampled_x4_up/strict_N/pu_net/train/monitor/monitor_0039.npy,"(1024, 3)",False,False,PASS
datasets/lineB_downsampled_x4_up/strict_N/pu_net/train/monitor/monitor_0040.npy,"(1024, 3)",False,False,PASS
datasets/lineB_downsampled_x4_up/strict_N/pu_net/train/monitor/monitor_0041.npy,"(1024, 3)",False,False,PASS
datasets/lineB_downsampled_x4_up/strict_N/pu_net/train/monitor/monitor_0042.npy,"(1024, 3)",False,False,PASS
datasets/lineB_downsampled_x4_up/strict_N/pu_net/train/monitor/monitor_0043.npy,"(1024, 3)",False,False,PASS
datasets/lineB_downsampled_x4_up/strict_N/pu_net/train/monitor/monitor_0044.npy,"(1024, 3)",False,False,PASS
datasets/lineB_downsampled_x4_up/strict_N/pu_net/train/monitor/monitor_0045.npy,"(1024, 3)",False,False,PASS
datasets/lineB_downsampled_x4_up/strict_N/pu_net/train/monitor/monitor_0046.npy,"(1024, 3)",False,False,PASS
datasets/lineB_downsampled_x4_up/strict_N/pu_net/train/monitor/monitor_0047.npy,"(1024, 3)",False,False,PASS
datasets/lineB_downsampled_x4_up/strict_N/pu_net/train/monitor/monitor_0048.npy,"(1024, 3)",False,False,PASS
datasets/lineB_downsampled_x4_up/strict_N/pu_net/train/monitor/monitor_0049.npy,"(1024, 3)",False,False,PASS
datasets/lineB_downsampled_x4_up/strict_N/pu_net/train/monitor/monitor_0050.npy,"(1024, 3)",False,False,PASS
datasets/lineB_downsampled_x4_up/strict_N/pu_net/train/monitor/monitor_0051.npy,"(1024, 3)",False,False,PASS
datasets/lineB_downsampled_x4_up/strict_N/pu_net/train/monitor/monitor_0052.npy,"(1024, 3)",False,False,PASS
datasets/lineB_downsampled_x4_up/strict_N/pu_net/train/monitor/monitor_0053.npy,"(1024, 3)",False,False,PASS
datasets/lineB_downsampled_x4_up/strict_N/pu_net/train/monitor/monitor_0054.npy,"(1024, 3)",False,False,PASS
datasets/lineB_downsampled_x4_up/strict_N/pu_net/train/monitor/monitor_0055.npy,"(1024, 3)",False,False,PASS
datasets/lineB_downsampled_x4_up/strict_N/pu_net/train/monitor/monitor_0056.npy,"(1024, 3)",False,False,PASS
datasets/lineB_downsampled_x4_up/strict_N/pu_net/train/monitor/monitor_0057.npy,"(1024, 3)",False,False,PASS
datasets/lineB_downsampled_x4_up/strict_N/pu_net/train/monitor/monitor_0058.npy,"(1024, 3)",False,False,PASS
datasets/lineB_downsampled_x4_up/strict_N/pu_net/train/monitor/monitor_0059.npy,"(1024, 3)",False,False,PASS
datasets/lineB_downsampled_x4_up/strict_N/pu_net/train/monitor/monitor_0060.npy,"(1024, 3)",False,False,PASS
datasets/lineB_downsampled_x4_up/strict_N/pu_net/train/monitor/monitor_0061.npy,"(1024, 3)",False,False,PASS
datasets/lineB_downsampled_x4_up/strict_N/pu_net/train/monitor/monitor_0062.npy,"(1024, 3)",False,False,PASS
datasets/lineB_downsampled_x4_up/strict_N/pu_net/train/monitor/monitor_0063.npy,"(1024, 3)",False,False,PASS
datasets/lineB_downsampled_x4_up/strict_N/pu_net/train/monitor/monitor_0064.npy,"(1024, 3)",False,False,PASS
datasets/lineB_downsampled_x4_up/strict_N/pu_net/train/monitor/monitor_0065.npy,"(1024, 3)",False,False,PASS
datasets/lineB_downsampled_x4_up/strict_N/pu_net/train/monitor/monitor_0066.npy,"(1024, 3)",False,False,PASS
datasets/lineB_downsampled_x4_up/strict_N/pu_net/train/monitor/monitor_0067.npy,"(1024, 3)",False,False,PASS
datasets/lineB_downsampled_x4_up/strict_N/pu_net/train/monitor/monitor_0068.npy,"(1024, 3)",False,False,PASS
datasets/lineB_downsampled_x4_up/strict_N/pu_net/train/monitor/monitor_0069.npy,"(1024, 3)",False,False,PASS
datasets/lineB_downsampled_x4_up/strict_N/pu_net/train/monitor/monitor_0070.npy,"(1024, 3)",False,False,PASS
datasets/lineB_downsampled_x4_up/strict_N/pu_net/train/monitor/monitor_0071.npy,"(1024, 3)",False,False,PASS
datasets/lineB_downsampled_x4_up/strict_N/pu_net/train/monitor/monitor_0072.npy,"(1024, 3)",False,False,PASS
datasets/lineB_downsampled_x4_up/strict_N/pu_net/train/monitor/monitor_0073.npy,"(1024, 3)",False,False,PASS
datasets/lineB_downsampled_x4_up/strict_N/pu_net/train/monitor/monitor_0074.npy,"(1024, 3)",False,False,PASS
datasets/lineB_downsampled_x4_up/strict_N/pu_net/train/monitor/monitor_0075.npy,"(1024, 3)",False,False,PASS
datasets/lineB_downsampled_x4_up/strict_N/pu_net/train/monitor/monitor_0076.npy,"(1024, 3)",False,False,PASS
datasets/lineB_downsampled_x4_up/strict_N/pu_net/train/monitor/monitor_0077.npy,"(1024, 3)",False,False,PASS
datasets/lineB_downsampled_x4_up/strict_N/pu_net/train/monitor/monitor_0078.npy,"(1024, 3)",False,False,PASS
datasets/lineB_downsampled_x4_up/strict_N/pu_net/train/monitor/monitor_0079.npy,"(1024, 3)",False,False,PASS
datasets/lineB_downsampled_x4_up/strict_N/pu_net/train/monitor/monitor_0080.npy,"(1024, 3)",False,False,PASS
datasets/lineB_downsampled_x4_up/strict_N/pu_net/train/monitor/monitor_0081.npy,"(1024, 3)",False,False,PASS
datasets/lineB_downsampled_x4_up/strict_N/pu_net/train/monitor/monitor_0082.npy,"(1024, 3)",False,False,PASS
datasets/lineB_downsampled_x4_up/strict_N/pu_net/train/monitor/monitor_0083.npy,"(1024, 3)",False,False,PASS
datasets/lineB_downsampled_x4_up/strict_N/pu_net/train/monitor/monitor_0084.npy,"(1024, 3)",False,False,PASS
datasets/lineB_downsampled_x4_up/strict_N/pu_net/train/monitor/monitor_0085.npy,"(1024, 3)",False,False,PASS
datasets/lineB_downsampled_x4_up/strict_N/pu_net/train/monitor/monitor_0086.npy,"(1024, 3)",False,False,PASS
datasets/lineB_downsampled_x4_up/strict_N/pu_net/train/monitor/monitor_0087.npy,"(1024, 3)",False,False,PASS
datasets/lineB_downsampled_x4_up/strict_N/pu_net/train/monitor/monitor_0088.npy,"(1024, 3)",False,False,PASS
datasets/lineB_downsampled_x4_up/strict_N/pu_net/train/monitor/monitor_0089.npy,"(1024, 3)",False,False,PASS
datasets/lineB_downsampled_x4_up/strict_N/pu_net/train/monitor/monitor_0090.npy,"(1024, 3)",False,False,PASS
datasets/lineB_downsampled_x4_up/strict_N/pu_net/train/monitor/monitor_0091.npy,"(1024, 3)",False,False,PASS
datasets/lineB_downsampled_x4_up/strict_N/pu_net/train/monitor/monitor_0092.npy,"(1024, 3)",False,False,PASS
datasets/lineB_downsampled_x4_up/strict_N/pu_net/train/monitor/monitor_0093.npy,"(1024, 3)",False,False,PASS
datasets/lineB_downsampled_x4_up/strict_N/pu_net/train/monitor/monitor_0094.npy,"(1024, 3)",False,False,PASS
datasets/lineB_downsampled_x4_up/strict_N/pu_net/train/monitor/monitor_0095.npy,"(1024, 3)",False,False,PASS
datasets/lineB_downsampled_x4_up/strict_N/pu_net/train/monitor/monitor_0096.npy,"(1024, 3)",False,False,PASS
datasets/lineB_downsampled_x4_up/strict_N/pu_net/train/monitor/monitor_0097.npy,"(1024, 3)",False,False,PASS
datasets/lineB_downsampled_x4_up/strict_N/pu_net/train/monitor/monitor_0098.npy,"(1024, 3)",False,False,PASS
datasets/lineB_downsampled_x4_up/strict_N/pu_net/train/monitor/monitor_0099.npy,"(1024, 3)",False,False,PASS
datasets/lineB_downsampled_x4_up/strict_N/pu_net/train/monitor/monitor_0100.npy,"(1024, 3)",False,False,PASS
datasets/lineB_downsampled_x4_up/strict_N/pu_net/train/monitor/monitor_0101.npy,"(1024, 3)",False,False,PASS
datasets/lineB_downsampled_x4_up/strict_N/pu_net/train/monitor/monitor_0102.npy,"(1024, 3)",False,False,PASS
datasets/lineB_downsampled_x4_up/strict_N/pu_net/train/monitor/monitor_0103.npy,"(1024, 3)",False,False,PASS
datasets/lineB_downsampled_x4_up/strict_N/pu_net/train/monitor/monitor_0104.npy,"(1024, 3)",False,False,PASS
datasets/lineB_downsampled_x4_up/strict_N/pu_net/train/monitor/monitor_0105.npy,"(1024, 3)",False,False,PASS
datasets/lineB_downsampled_x4_up/strict_N/pu_net/train/monitor/monitor_0106.npy,"(1024, 3)",False,False,PASS
datasets/lineB_downsampled_x4_up/strict_N/pu_net/train/monitor/monitor_0107.npy,"(1024, 3)",False,False,PASS
datasets/lineB_downsampled_x4_up/strict_N/pu_net/train/monitor/monitor_0108.npy,"(1024, 3)",False,False,PASS
datasets/lineB_downsampled_x4_up/strict_N/pu_net/train/monitor/monitor_0109.npy,"(1024, 3)",False,False,PASS
datasets/lineB_downsampled_x4_up/strict_N/pu_net/train/monitor/monitor_0110.npy,"(1024, 3)",False,False,PASS
datasets/lineB_downsampled_x4_up/strict_N/pu_net/train/monitor/monitor_0111.npy,"(1024, 3)",False,False,PASS
datasets/lineB_downsampled_x4_up/strict_N/pu_net/train/monitor/monitor_0112.npy,"(1024, 3)",False,False,PASS
datasets/lineB_downsampled_x4_up/strict_N/pu_net/train/monitor/monitor_0113.npy,"(1024, 3)",False,False,PASS
datasets/lineB_downsampled_x4_up/strict_N/pu_net/train/monitor/monitor_0114.npy,"(1024, 3)",False,False,PASS
datasets/lineB_downsampled_x4_up/strict_N/pu_net/train/monitor/monitor_0115.npy,"(1024, 3)",False,False,PASS
datasets/lineB_downsampled_x4_up/strict_N/pu_net/train/monitor/monitor_0116.npy,"(1024, 3)",False,False,PASS
datasets/lineB_downsampled_x4_up/strict_N/pu_net/train/monitor/monitor_0117.npy,"(1024, 3)",False,False,PASS
datasets/lineB_downsampled_x4_up/strict_N/pu_net/train/monitor/monitor_0118.npy,"(1024, 3)",False,False,PASS
datasets/lineB_downsampled_x4_up/strict_N/pu_net/train/monitor/monitor_0119.npy,"(1024, 3)",False,False,PASS
datasets/lineB_downsampled_x4_up/strict_N/pu_net/train/monitor/monitor_0120.npy,"(1024, 3)",False,False,PASS
datasets/lineB_downsampled_x4_up/strict_N/pu_net/train/monitor/monitor_0121.npy,"(1024, 3)",False,False,PASS
datasets/lineB_downsampled_x4_up/strict_N/pu_net/train/monitor/monitor_0122.npy,"(1024, 3)",False,False,PASS
datasets/lineB_downsampled_x4_up/strict_N/pu_net/train/monitor/monitor_0123.npy,"(1024, 3)",False,False,PASS
datasets/lineB_downsampled_x4_up/strict_N/pu_net/train/monitor/monitor_0124.npy,"(1024, 3)",False,False,PASS
datasets/lineB_downsampled_x4_up/strict_N/pu_net/train/monitor/monitor_0125.npy,"(1024, 3)",False,False,PASS
datasets/lineB_downsampled_x4_up/strict_N/pu_net/train/monitor/monitor_0126.npy,"(1024, 3)",False,False,PASS
datasets/lineB_downsampled_x4_up/strict_N/pu_net/train/monitor/monitor_0127.npy,"(1024, 3)",False,False,PASS
datasets/lineB_downsampled_x4_up/strict_N/pu_net/train/monitor/monitor_0128.npy,"(1024, 3)",False,False,PASS
datasets/lineB_downsampled_x4_up/strict_N/pu_net/train/monitor/monitor_0129.npy,"(1024, 3)",False,False,PASS
datasets/lineB_downsampled_x4_up/strict_N/pu_net/train/monitor/monitor_0130.npy,"(1024, 3)",False,False,PASS
datasets/lineB_downsampled_x4_up/strict_N/pu_net/train/monitor/monitor_0131.npy,"(1024, 3)",False,False,PASS
datasets/lineB_downsampled_x4_up/strict_N/pu_net/train/monitor/monitor_0132.npy,"(1024, 3)",False,False,PASS
datasets/lineB_downsampled_x4_up/strict_N/pu_net/train/monitor/monitor_0133.npy,"(1024, 3)",False,False,PASS
datasets/lineB_downsampled_x4_up/strict_N/pu_net/train/monitor/monitor_0134.npy,"(1024, 3)",False,False,PASS
datasets/lineB_downsampled_x4_up/strict_N/pu_net/train/monitor/monitor_0135.npy,"(1024, 3)",False,False,PASS
datasets/lineB_downsampled_x4_up/strict_N/pu_net/train/monitor/monitor_0136.npy,"(1024, 3)",False,False,PASS
datasets/lineB_downsampled_x4_up/strict_N/pu_net/train/monitor/monitor_0137.npy,"(1024, 3)",False,False,PASS
datasets/lineB_downsampled_x4_up/strict_N/pu_net/train/monitor/monitor_0138.npy,"(1024, 3)",False,False,PASS
datasets/lineB_downsampled_x4_up/strict_N/pu_net/train/monitor/monitor_0139.npy,"(1024, 3)",False,False,PASS
datasets/lineB_downsampled_x4_up/strict_N/pu_net/train/monitor/monitor_0140.npy,"(1024, 3)",False,False,PASS
datasets/lineB_downsampled_x4_up/strict_N/pu_net/train/monitor/monitor_0141.npy,"(1024, 3)",False,False,PASS
datasets/lineB_downsampled_x4_up/strict_N/pu_net/train/monitor/monitor_0142.npy,"(1024, 3)",False,False,PASS
datasets/lineB_downsampled_x4_up/strict_N/pu_net/train/monitor/monitor_0143.npy,"(1024, 3)",False,False,PASS
datasets/lineB_downsampled_x4_up/strict_N/pu_net/train/monitor/monitor_0144.npy,"(1024, 3)",False,False,PASS
datasets/lineB_downsampled_x4_up/strict_N/pu_net/train/monitor/monitor_0145.npy,"(1024, 3)",False,False,PASS
datasets/lineB_downsampled_x4_up/strict_N/pu_net/train/monitor/monitor_0146.npy,"(1024, 3)",False,False,PASS
datasets/lineB_downsampled_x4_up/strict_N/pu_net/train/monitor/monitor_0147.npy,"(1024, 3)",False,False,PASS
datasets/lineB_downsampled_x4_up/strict_N/pu_net/train/monitor/monitor_0148.npy,"(1024, 3)",False,False,PASS
datasets/lineB_downsampled_x4_up/strict_N/pu_net/train/monitor/monitor_0149.npy,"(1024, 3)",False,False,PASS
datasets/lineB_downsampled_x4_up/strict_N/pu_net/train/monitor/monitor_0150.npy,"(1024, 3)",False,False,PASS
datasets/lineB_downsampled_x4_up/strict_N/pu_net/train/monitor/monitor_0151.npy,"(1024, 3)",False,False,PASS
datasets/lineB_downsampled_x4_up/strict_N/pu_net/train/monitor/monitor_0152.npy,"(1024, 3)",False,False,PASS
datasets/lineB_downsampled_x4_up/strict_N/pu_net/train/monitor/monitor_0153.npy,"(1024, 3)",False,False,PASS
datasets/lineB_downsampled_x4_up/strict_N/pu_net/train/monitor/monitor_0154.npy,"(1024, 3)",False,False,PASS
datasets/lineB_downsampled_x4_up/strict_N/pu_net/train/monitor/monitor_0155.npy,"(1024, 3)",False,False,PASS
datasets/lineB_downsampled_x4_up/strict_N/pu_net/train/monitor/monitor_0156.npy,"(1024, 3)",False,False,PASS
datasets/lineB_downsampled_x4_up/strict_N/pu_net/train/monitor/monitor_0157.npy,"(1024, 3)",False,False,PASS
datasets/lineB_downsampled_x4_up/strict_N/pu_net/train/monitor/monitor_0158.npy,"(1024, 3)",False,False,PASS
datasets/lineB_downsampled_x4_up/strict_N/pu_net/train/monitor/monitor_0159.npy,"(1024, 3)",False,False,PASS
datasets/lineB_downsampled_x4_up/strict_N/pu_net/train/monitor/monitor_0160.npy,"(1024, 3)",False,False,PASS
datasets/lineB_downsampled_x4_up/strict_N/pu_net/train/monitor/monitor_0161.npy,"(1024, 3)",False,False,PASS
datasets/lineB_downsampled_x4_up/strict_N/pu_net/train/monitor/monitor_0162.npy,"(1024, 3)",False,False,PASS
datasets/lineB_downsampled_x4_up/strict_N/pu_net/train/monitor/monitor_0163.npy,"(1024, 3)",False,False,PASS
datasets/lineB_downsampled_x4_up/strict_N/pu_net/train/monitor/monitor_0164.npy,"(1024, 3)",False,False,PASS
datasets/lineB_downsampled_x4_up/strict_N/pu_net/train/monitor/monitor_0165.npy,"(1024, 3)",False,False,PASS
datasets/lineB_downsampled_x4_up/strict_N/pu_net/train/monitor/monitor_0166.npy,"(1024, 3)",False,False,PASS
datasets/lineB_downsampled_x4_up/strict_N/pu_net/train/monitor/monitor_0167.npy,"(1024, 3)",False,False,PASS
datasets/lineB_downsampled_x4_up/strict_N/pu_net/train/monitor/monitor_0168.npy,"(1024, 3)",False,False,PASS
datasets/lineB_downsampled_x4_up/strict_N/pu_net/train/monitor/monitor_0169.npy,"(1024, 3)",False,False,PASS
datasets/lineB_downsampled_x4_up/strict_N/pu_net/train/monitor/monitor_0170.npy,"(1024, 3)",False,False,PASS
datasets/lineB_downsampled_x4_up/strict_N/pu_net/train/monitor/monitor_0171.npy,"(1024, 3)",False,False,PASS
datasets/lineB_downsampled_x4_up/strict_N/pu_net/train/monitor/monitor_0172.npy,"(1024, 3)",False,False,PASS
datasets/lineB_downsampled_x4_up/strict_N/pu_net/train/monitor/monitor_0173.npy,"(1024, 3)",False,False,PASS
datasets/lineB_downsampled_x4_up/strict_N/pu_net/train/monitor/monitor_0174.npy,"(1024, 3)",False,False,PASS
datasets/lineB_downsampled_x4_up/strict_N/pu_net/train/monitor/monitor_0175.npy,"(1024, 3)",False,False,PASS
datasets/lineB_downsampled_x4_up/strict_N/pu_net/train/monitor/monitor_0176.npy,"(1024, 3)",False,False,PASS
datasets/lineB_downsampled_x4_up/strict_N/pu_net/train/monitor/monitor_0177.npy,"(1024, 3)",False,False,PASS
datasets/lineB_downsampled_x4_up/strict_N/pu_net/train/monitor/monitor_0178.npy,"(1024, 3)",False,False,PASS
datasets/lineB_downsampled_x4_up/strict_N/pu_net/train/monitor/monitor_0179.npy,"(1024, 3)",False,False,PASS
datasets/lineB_downsampled_x4_up/strict_N/pu_net/train/monitor/monitor_0180.npy,"(1024, 3)",False,False,PASS
datasets/lineB_downsampled_x4_up/strict_N/pu_net/train/monitor/monitor_0181.npy,"(1024, 3)",False,False,PASS
datasets/lineB_downsampled_x4_up/strict_N/pu_net/train/monitor/monitor_0182.npy,"(1024, 3)",False,False,PASS
datasets/lineB_downsampled_x4_up/strict_N/pu_net/train/monitor/monitor_0183.npy,"(1024, 3)",False,False,PASS
datasets/lineB_downsampled_x4_up/strict_N/pu_net/train/monitor/monitor_0184.npy,"(1024, 3)",False,False,PASS
datasets/lineB_downsampled_x4_up/strict_N/pu_net/train/monitor/monitor_0185.npy,"(1024, 3)",False,False,PASS
datasets/lineB_downsampled_x4_up/strict_N/pu_net/train/monitor/monitor_0186.npy,"(1024, 3)",False,False,PASS
datasets/lineB_downsampled_x4_up/strict_N/pu_net/train/monitor/monitor_0187.npy,"(1024, 3)",False,False,PASS
datasets/lineB_downsampled_x4_up/strict_N/pu_net/train/monitor/monitor_0188.npy,"(1024, 3)",False,False,PASS
datasets/lineB_downsampled_x4_up/strict_N/pu_net/train/monitor/monitor_0189.npy,"(1024, 3)",False,False,PASS
datasets/lineB_downsampled_x4_up/strict_N/pu_net/train/monitor/monitor_0190.npy,"(1024, 3)",False,False,PASS
datasets/lineB_downsampled_x4_up/strict_N/pu_net/train/monitor/monitor_0191.npy,"(1024, 3)",False,False,PASS
datasets/lineB_downsampled_x4_up/strict_N/pu_net/train/monitor/monitor_0456.npy,"(1024, 3)",False,False,PASS
datasets/lineB_downsampled_x4_up/strict_N/pu_net/train/monitor/monitor_0457.npy,"(1024, 3)",False,False,PASS
datasets/lineB_downsampled_x4_up/strict_N/pu_net/train/monitor/monitor_0458.npy,"(1024, 3)",False,False,PASS
datasets/lineB_downsampled_x4_up/strict_N/pu_net/train/monitor/monitor_0459.npy,"(1024, 3)",False,False,PASS
datasets/lineB_downsampled_x4_up/strict_N/pu_net/train/monitor/monitor_0460.npy,"(1024, 3)",False,False,PASS
datasets/lineB_downsampled_x4_up/strict_N/pu_net/train/monitor/monitor_0461.npy,"(1024, 3)",False,False,PASS
datasets/lineB_downsampled_x4_up/strict_N/pu_net/train/monitor/monitor_0462.npy,"(1024, 3)",False,False,PASS
datasets/lineB_downsampled_x4_up/strict_N/pu_net/train/monitor/monitor_0463.npy,"(1024, 3)",False,False,PASS
datasets/lineB_downsampled_x4_up/strict_N/pu_net/train/monitor/monitor_0464.npy,"(1024, 3)",False,False,PASS
datasets/lineB_downsampled_x4_up/strict_N/pu_net/train/monitor/monitor_0465.npy,"(1024, 3)",False,False,PASS
datasets/lineB_downsampled_x4_up/strict_N/pu_net/train/night_stand/night_stand_0001.npy,"(1024, 3)",False,False,PASS
datasets/lineB_downsampled_x4_up/strict_N/pu_net/train/night_stand/night_stand_0002.npy,"(1024, 3)",False,False,PASS
datasets/lineB_downsampled_x4_up/strict_N/pu_net/train/night_stand/night_stand_0003.npy,"(1024, 3)",False,False,PASS
datasets/lineB_downsampled_x4_up/strict_N/pu_net/train/night_stand/night_stand_0004.npy,"(1024, 3)",False,False,PASS
datasets/lineB_downsampled_x4_up/strict_N/pu_net/train/night_stand/night_stand_0005.npy,"(1024, 3)",False,False,PASS
datasets/lineB_downsampled_x4_up/strict_N/pu_net/train/night_stand/night_stand_0006.npy,"(1024, 3)",False,False,PASS
datasets/lineB_downsampled_x4_up/strict_N/pu_net/train/night_stand/night_stand_0007.npy,"(1024, 3)",False,False,PASS
datasets/lineB_downsampled_x4_up/strict_N/pu_net/train/night_stand/night_stand_0008.npy,"(1024, 3)",False,False,PASS
datasets/lineB_downsampled_x4_up/strict_N/pu_net/train/night_stand/night_stand_0009.npy,"(1024, 3)",False,False,PASS
datasets/lineB_downsampled_x4_up/strict_N/pu_net/train/night_stand/night_stand_0010.npy,"(1024, 3)",False,False,PASS
datasets/lineB_downsampled_x4_up/strict_N/pu_net/train/night_stand/night_stand_0011.npy,"(1024, 3)",False,False,PASS
datasets/lineB_downsampled_x4_up/strict_N/pu_net/train/night_stand/night_stand_0012.npy,"(1024, 3)",False,False,PASS
datasets/lineB_downsampled_x4_up/strict_N/pu_net/train/night_stand/night_stand_0013.npy,"(1024, 3)",False,False,PASS
datasets/lineB_downsampled_x4_up/strict_N/pu_net/train/night_stand/night_stand_0014.npy,"(1024, 3)",False,False,PASS
datasets/lineB_downsampled_x4_up/strict_N/pu_net/train/night_stand/night_stand_0015.npy,"(1024, 3)",False,False,PASS
datasets/lineB_downsampled_x4_up/strict_N/pu_net/train/night_stand/night_stand_0016.npy,"(1024, 3)",False,False,PASS
datasets/lineB_downsampled_x4_up/strict_N/pu_net/train/night_stand/night_stand_0017.npy,"(1024, 3)",False,False,PASS
datasets/lineB_downsampled_x4_up/strict_N/pu_net/train/night_stand/night_stand_0018.npy,"(1024, 3)",False,False,PASS
datasets/lineB_downsampled_x4_up/strict_N/pu_net/train/night_stand/night_stand_0019.npy,"(1024, 3)",False,False,PASS
datasets/lineB_downsampled_x4_up/strict_N/pu_net/train/night_stand/night_stand_0020.npy,"(1024, 3)",False,False,PASS
datasets/lineB_downsampled_x4_up/strict_N/pu_net/train/night_stand/night_stand_0021.npy,"(1024, 3)",False,False,PASS
datasets/lineB_downsampled_x4_up/strict_N/pu_net/train/night_stand/night_stand_0022.npy,"(1024, 3)",False,False,PASS
datasets/lineB_downsampled_x4_up/strict_N/pu_net/train/night_stand/night_stand_0023.npy,"(1024, 3)",False,False,PASS
datasets/lineB_downsampled_x4_up/strict_N/pu_net/train/night_stand/night_stand_0024.npy,"(1024, 3)",False,False,PASS
datasets/lineB_downsampled_x4_up/strict_N/pu_net/train/night_stand/night_stand_0025.npy,"(1024, 3)",False,False,PASS
datasets/lineB_downsampled_x4_up/strict_N/pu_net/train/night_stand/night_stand_0026.npy,"(1024, 3)",False,False,PASS
datasets/lineB_downsampled_x4_up/strict_N/pu_net/train/night_stand/night_stand_0027.npy,"(1024, 3)",False,False,PASS
datasets/lineB_downsampled_x4_up/strict_N/pu_net/train/night_stand/night_stand_0028.npy,"(1024, 3)",False,False,PASS
datasets/lineB_downsampled_x4_up/strict_N/pu_net/train/night_stand/night_stand_0029.npy,"(1024, 3)",False,False,PASS
datasets/lineB_downsampled_x4_up/strict_N/pu_net/train/night_stand/night_stand_0030.npy,"(1024, 3)",False,False,PASS
datasets/lineB_downsampled_x4_up/strict_N/pu_net/train/night_stand/night_stand_0031.npy,"(1024, 3)",False,False,PASS
datasets/lineB_downsampled_x4_up/strict_N/pu_net/train/night_stand/night_stand_0032.npy,"(1024, 3)",False,False,PASS
datasets/lineB_downsampled_x4_up/strict_N/pu_net/train/night_stand/night_stand_0033.npy,"(1024, 3)",False,False,PASS
datasets/lineB_downsampled_x4_up/strict_N/pu_net/train/night_stand/night_stand_0034.npy,"(1024, 3)",False,False,PASS
datasets/lineB_downsampled_x4_up/strict_N/pu_net/train/night_stand/night_stand_0035.npy,"(1024, 3)",False,False,PASS
datasets/lineB_downsampled_x4_up/strict_N/pu_net/train/night_stand/night_stand_0036.npy,"(1024, 3)",False,False,PASS
datasets/lineB_downsampled_x4_up/strict_N/pu_net/train/night_stand/night_stand_0037.npy,"(1024, 3)",False,False,PASS
datasets/lineB_downsampled_x4_up/strict_N/pu_net/train/night_stand/night_stand_0038.npy,"(1024, 3)",False,False,PASS
datasets/lineB_downsampled_x4_up/strict_N/pu_net/train/night_stand/night_stand_0039.npy,"(1024, 3)",False,False,PASS
datasets/lineB_downsampled_x4_up/strict_N/pu_net/train/night_stand/night_stand_0040.npy,"(1024, 3)",False,False,PASS
datasets/lineB_downsampled_x4_up/strict_N/pu_net/train/night_stand/night_stand_0041.npy,"(1024, 3)",False,False,PASS
datasets/lineB_downsampled_x4_up/strict_N/pu_net/train/night_stand/night_stand_0042.npy,"(1024, 3)",False,False,PASS
datasets/lineB_downsampled_x4_up/strict_N/pu_net/train/night_stand/night_stand_0043.npy,"(1024, 3)",False,False,PASS
datasets/lineB_downsampled_x4_up/strict_N/pu_net/train/night_stand/night_stand_0044.npy,"(1024, 3)",False,False,PASS
datasets/lineB_downsampled_x4_up/strict_N/pu_net/train/night_stand/night_stand_0045.npy,"(1024, 3)",False,False,PASS
datasets/lineB_downsampled_x4_up/strict_N/pu_net/train/night_stand/night_stand_0046.npy,"(1024, 3)",False,False,PASS
datasets/lineB_downsampled_x4_up/strict_N/pu_net/train/night_stand/night_stand_0047.npy,"(1024, 3)",False,False,PASS
datasets/lineB_downsampled_x4_up/strict_N/pu_net/train/night_stand/night_stand_0048.npy,"(1024, 3)",False,False,PASS
datasets/lineB_downsampled_x4_up/strict_N/pu_net/train/night_stand/night_stand_0049.npy,"(1024, 3)",False,False,PASS
datasets/lineB_downsampled_x4_up/strict_N/pu_net/train/night_stand/night_stand_0050.npy,"(1024, 3)",False,False,PASS
datasets/lineB_downsampled_x4_up/strict_N/pu_net/train/night_stand/night_stand_0051.npy,"(1024, 3)",False,False,PASS
datasets/lineB_downsampled_x4_up/strict_N/pu_net/train/night_stand/night_stand_0052.npy,"(1024, 3)",False,False,PASS
datasets/lineB_downsampled_x4_up/strict_N/pu_net/train/night_stand/night_stand_0053.npy,"(1024, 3)",False,False,PASS
datasets/lineB_downsampled_x4_up/strict_N/pu_net/train/night_stand/night_stand_0054.npy,"(1024, 3)",False,False,PASS
datasets/lineB_downsampled_x4_up/strict_N/pu_net/train/night_stand/night_stand_0055.npy,"(1024, 3)",False,False,PASS
datasets/lineB_downsampled_x4_up/strict_N/pu_net/train/night_stand/night_stand_0056.npy,"(1024, 3)",False,False,PASS
datasets/lineB_downsampled_x4_up/strict_N/pu_net/train/night_stand/night_stand_0057.npy,"(1024, 3)",False,False,PASS
datasets/lineB_downsampled_x4_up/strict_N/pu_net/train/night_stand/night_stand_0058.npy,"(1024, 3)",False,False,PASS
datasets/lineB_downsampled_x4_up/strict_N/pu_net/train/night_stand/night_stand_0059.npy,"(1024, 3)",False,False,PASS
datasets/lineB_downsampled_x4_up/strict_N/pu_net/train/night_stand/night_stand_0060.npy,"(1024, 3)",False,False,PASS
datasets/lineB_downsampled_x4_up/strict_N/pu_net/train/night_stand/night_stand_0061.npy,"(1024, 3)",False,False,PASS
datasets/lineB_downsampled_x4_up/strict_N/pu_net/train/night_stand/night_stand_0062.npy,"(1024, 3)",False,False,PASS
datasets/lineB_downsampled_x4_up/strict_N/pu_net/train/night_stand/night_stand_0063.npy,"(1024, 3)",False,False,PASS
datasets/lineB_downsampled_x4_up/strict_N/pu_net/train/night_stand/night_stand_0064.npy,"(1024, 3)",False,False,PASS
datasets/lineB_downsampled_x4_up/strict_N/pu_net/train/night_stand/night_stand_0065.npy,"(1024, 3)",False,False,PASS
datasets/lineB_downsampled_x4_up/strict_N/pu_net/train/night_stand/night_stand_0066.npy,"(1024, 3)",False,False,PASS
datasets/lineB_downsampled_x4_up/strict_N/pu_net/train/night_stand/night_stand_0067.npy,"(1024, 3)",False,False,PASS
datasets/lineB_downsampled_x4_up/strict_N/pu_net/train/night_stand/night_stand_0068.npy,"(1024, 3)",False,False,PASS
datasets/lineB_downsampled_x4_up/strict_N/pu_net/train/night_stand/night_stand_0069.npy,"(1024, 3)",False,False,PASS
datasets/lineB_downsampled_x4_up/strict_N/pu_net/train/night_stand/night_stand_0070.npy,"(1024, 3)",False,False,PASS
datasets/lineB_downsampled_x4_up/strict_N/pu_net/train/night_stand/night_stand_0071.npy,"(1024, 3)",False,False,PASS
datasets/lineB_downsampled_x4_up/strict_N/pu_net/train/night_stand/night_stand_0072.npy,"(1024, 3)",False,False,PASS
datasets/lineB_downsampled_x4_up/strict_N/pu_net/train/night_stand/night_stand_0073.npy,"(1024, 3)",False,False,PASS
datasets/lineB_downsampled_x4_up/strict_N/pu_net/train/night_stand/night_stand_0074.npy,"(1024, 3)",False,False,PASS
datasets/lineB_downsampled_x4_up/strict_N/pu_net/train/night_stand/night_stand_0075.npy,"(1024, 3)",False,False,PASS
datasets/lineB_downsampled_x4_up/strict_N/pu_net/train/night_stand/night_stand_0076.npy,"(1024, 3)",False,False,PASS
datasets/lineB_downsampled_x4_up/strict_N/pu_net/train/night_stand/night_stand_0077.npy,"(1024, 3)",False,False,PASS
datasets/lineB_downsampled_x4_up/strict_N/pu_net/train/night_stand/night_stand_0078.npy,"(1024, 3)",False,False,PASS
datasets/lineB_downsampled_x4_up/strict_N/pu_net/train/night_stand/night_stand_0079.npy,"(1024, 3)",False,False,PASS
datasets/lineB_downsampled_x4_up/strict_N/pu_net/train/night_stand/night_stand_0080.npy,"(1024, 3)",False,False,PASS
datasets/lineB_downsampled_x4_up/strict_N/pu_net/train/night_stand/night_stand_0081.npy,"(1024, 3)",False,False,PASS
datasets/lineB_downsampled_x4_up/strict_N/pu_net/train/night_stand/night_stand_0082.npy,"(1024, 3)",False,False,PASS
datasets/lineB_downsampled_x4_up/strict_N/pu_net/train/night_stand/night_stand_0083.npy,"(1024, 3)",False,False,PASS
datasets/lineB_downsampled_x4_up/strict_N/pu_net/train/night_stand/night_stand_0084.npy,"(1024, 3)",False,False,PASS
datasets/lineB_downsampled_x4_up/strict_N/pu_net/train/night_stand/night_stand_0085.npy,"(1024, 3)",False,False,PASS
datasets/lineB_downsampled_x4_up/strict_N/pu_net/train/night_stand/night_stand_0086.npy,"(1024, 3)",False,False,PASS
datasets/lineB_downsampled_x4_up/strict_N/pu_net/train/night_stand/night_stand_0087.npy,"(1024, 3)",False,False,PASS
datasets/lineB_downsampled_x4_up/strict_N/pu_net/train/night_stand/night_stand_0088.npy,"(1024, 3)",False,False,PASS
datasets/lineB_downsampled_x4_up/strict_N/pu_net/train/night_stand/night_stand_0089.npy,"(1024, 3)",False,False,PASS
datasets/lineB_downsampled_x4_up/strict_N/pu_net/train/night_stand/night_stand_0090.npy,"(1024, 3)",False,False,PASS
datasets/lineB_downsampled_x4_up/strict_N/pu_net/train/night_stand/night_stand_0091.npy,"(1024, 3)",False,False,PASS
datasets/lineB_downsampled_x4_up/strict_N/pu_net/train/night_stand/night_stand_0092.npy,"(1024, 3)",False,False,PASS
datasets/lineB_downsampled_x4_up/strict_N/pu_net/train/night_stand/night_stand_0093.npy,"(1024, 3)",False,False,PASS
datasets/lineB_downsampled_x4_up/strict_N/pu_net/train/night_stand/night_stand_0094.npy,"(1024, 3)",False,False,PASS
datasets/lineB_downsampled_x4_up/strict_N/pu_net/train/night_stand/night_stand_0095.npy,"(1024, 3)",False,False,PASS
datasets/lineB_downsampled_x4_up/strict_N/pu_net/train/night_stand/night_stand_0096.npy,"(1024, 3)",False,False,PASS
datasets/lineB_downsampled_x4_up/strict_N/pu_net/train/night_stand/night_stand_0097.npy,"(1024, 3)",False,False,PASS
datasets/lineB_downsampled_x4_up/strict_N/pu_net/train/night_stand/night_stand_0098.npy,"(1024, 3)",False,False,PASS
datasets/lineB_downsampled_x4_up/strict_N/pu_net/train/night_stand/night_stand_0099.npy,"(1024, 3)",False,False,PASS
datasets/lineB_downsampled_x4_up/strict_N/pu_net/train/night_stand/night_stand_0100.npy,"(1024, 3)",False,False,PASS
datasets/lineB_downsampled_x4_up/strict_N/pu_net/train/night_stand/night_stand_0101.npy,"(1024, 3)",False,False,PASS
datasets/lineB_downsampled_x4_up/strict_N/pu_net/train/night_stand/night_stand_0102.npy,"(1024, 3)",False,False,PASS
datasets/lineB_downsampled_x4_up/strict_N/pu_net/train/night_stand/night_stand_0103.npy,"(1024, 3)",False,False,PASS
datasets/lineB_downsampled_x4_up/strict_N/pu_net/train/night_stand/night_stand_0104.npy,"(1024, 3)",False,False,PASS
datasets/lineB_downsampled_x4_up/strict_N/pu_net/train/night_stand/night_stand_0105.npy,"(1024, 3)",False,False,PASS
datasets/lineB_downsampled_x4_up/strict_N/pu_net/train/night_stand/night_stand_0106.npy,"(1024, 3)",False,False,PASS
datasets/lineB_downsampled_x4_up/strict_N/pu_net/train/night_stand/night_stand_0107.npy,"(1024, 3)",False,False,PASS
datasets/lineB_downsampled_x4_up/strict_N/pu_net/train/night_stand/night_stand_0108.npy,"(1024, 3)",False,False,PASS
datasets/lineB_downsampled_x4_up/strict_N/pu_net/train/night_stand/night_stand_0109.npy,"(1024, 3)",False,False,PASS
datasets/lineB_downsampled_x4_up/strict_N/pu_net/train/night_stand/night_stand_0110.npy,"(1024, 3)",False,False,PASS
datasets/lineB_downsampled_x4_up/strict_N/pu_net/train/night_stand/night_stand_0111.npy,"(1024, 3)",False,False,PASS
datasets/lineB_downsampled_x4_up/strict_N/pu_net/train/night_stand/night_stand_0112.npy,"(1024, 3)",False,False,PASS
datasets/lineB_downsampled_x4_up/strict_N/pu_net/train/night_stand/night_stand_0113.npy,"(1024, 3)",False,False,PASS
datasets/lineB_downsampled_x4_up/strict_N/pu_net/train/night_stand/night_stand_0114.npy,"(1024, 3)",False,False,PASS
datasets/lineB_downsampled_x4_up/strict_N/pu_net/train/night_stand/night_stand_0115.npy,"(1024, 3)",False,False,PASS
datasets/lineB_downsampled_x4_up/strict_N/pu_net/train/night_stand/night_stand_0116.npy,"(1024, 3)",False,False,PASS
datasets/lineB_downsampled_x4_up/strict_N/pu_net/train/night_stand/night_stand_0117.npy,"(1024, 3)",False,False,PASS
datasets/lineB_downsampled_x4_up/strict_N/pu_net/train/night_stand/night_stand_0118.npy,"(1024, 3)",False,False,PASS
datasets/lineB_downsampled_x4_up/strict_N/pu_net/train/night_stand/night_stand_0119.npy,"(1024, 3)",False,False,PASS
datasets/lineB_downsampled_x4_up/strict_N/pu_net/train/night_stand/night_stand_0120.npy,"(1024, 3)",False,False,PASS
datasets/lineB_downsampled_x4_up/strict_N/pu_net/train/night_stand/night_stand_0121.npy,"(1024, 3)",False,False,PASS
datasets/lineB_downsampled_x4_up/strict_N/pu_net/train/night_stand/night_stand_0122.npy,"(1024, 3)",False,False,PASS
datasets/lineB_downsampled_x4_up/strict_N/pu_net/train/night_stand/night_stand_0123.npy,"(1024, 3)",False,False,PASS
datasets/lineB_downsampled_x4_up/strict_N/pu_net/train/night_stand/night_stand_0124.npy,"(1024, 3)",False,False,PASS
datasets/lineB_downsampled_x4_up/strict_N/pu_net/train/night_stand/night_stand_0125.npy,"(1024, 3)",False,False,PASS
datasets/lineB_downsampled_x4_up/strict_N/pu_net/train/night_stand/night_stand_0126.npy,"(1024, 3)",False,False,PASS
datasets/lineB_downsampled_x4_up/strict_N/pu_net/train/night_stand/night_stand_0127.npy,"(1024, 3)",False,False,PASS
datasets/lineB_downsampled_x4_up/strict_N/pu_net/train/night_stand/night_stand_0128.npy,"(1024, 3)",False,False,PASS
datasets/lineB_downsampled_x4_up/strict_N/pu_net/train/night_stand/night_stand_0129.npy,"(1024, 3)",False,False,PASS
datasets/lineB_downsampled_x4_up/strict_N/pu_net/train/night_stand/night_stand_0130.npy,"(1024, 3)",False,False,PASS
datasets/lineB_downsampled_x4_up/strict_N/pu_net/train/night_stand/night_stand_0131.npy,"(1024, 3)",False,False,PASS
datasets/lineB_downsampled_x4_up/strict_N/pu_net/train/night_stand/night_stand_0132.npy,"(1024, 3)",False,False,PASS
datasets/lineB_downsampled_x4_up/strict_N/pu_net/train/night_stand/night_stand_0133.npy,"(1024, 3)",False,False,PASS
datasets/lineB_downsampled_x4_up/strict_N/pu_net/train/night_stand/night_stand_0134.npy,"(1024, 3)",False,False,PASS
datasets/lineB_downsampled_x4_up/strict_N/pu_net/train/night_stand/night_stand_0135.npy,"(1024, 3)",False,False,PASS
datasets/lineB_downsampled_x4_up/strict_N/pu_net/train/night_stand/night_stand_0136.npy,"(1024, 3)",False,False,PASS
datasets/lineB_downsampled_x4_up/strict_N/pu_net/train/night_stand/night_stand_0137.npy,"(1024, 3)",False,False,PASS
datasets/lineB_downsampled_x4_up/strict_N/pu_net/train/night_stand/night_stand_0138.npy,"(1024, 3)",False,False,PASS
datasets/lineB_downsampled_x4_up/strict_N/pu_net/train/night_stand/night_stand_0139.npy,"(1024, 3)",False,False,PASS
datasets/lineB_downsampled_x4_up/strict_N/pu_net/train/night_stand/night_stand_0140.npy,"(1024, 3)",False,False,PASS
datasets/lineB_downsampled_x4_up/strict_N/pu_net/train/night_stand/night_stand_0141.npy,"(1024, 3)",False,False,PASS
datasets/lineB_downsampled_x4_up/strict_N/pu_net/train/night_stand/night_stand_0142.npy,"(1024, 3)",False,False,PASS
datasets/lineB_downsampled_x4_up/strict_N/pu_net/train/night_stand/night_stand_0143.npy,"(1024, 3)",False,False,PASS
datasets/lineB_downsampled_x4_up/strict_N/pu_net/train/night_stand/night_stand_0144.npy,"(1024, 3)",False,False,PASS
datasets/lineB_downsampled_x4_up/strict_N/pu_net/train/night_stand/night_stand_0145.npy,"(1024, 3)",False,False,PASS
datasets/lineB_downsampled_x4_up/strict_N/pu_net/train/night_stand/night_stand_0146.npy,"(1024, 3)",False,False,PASS
datasets/lineB_downsampled_x4_up/strict_N/pu_net/train/night_stand/night_stand_0147.npy,"(1024, 3)",False,False,PASS
datasets/lineB_downsampled_x4_up/strict_N/pu_net/train/night_stand/night_stand_0148.npy,"(1024, 3)",False,False,PASS
datasets/lineB_downsampled_x4_up/strict_N/pu_net/train/night_stand/night_stand_0149.npy,"(1024, 3)",False,False,PASS
datasets/lineB_downsampled_x4_up/strict_N/pu_net/train/night_stand/night_stand_0150.npy,"(1024, 3)",False,False,PASS
datasets/lineB_downsampled_x4_up/strict_N/pu_net/train/night_stand/night_stand_0151.npy,"(1024, 3)",False,False,PASS
datasets/lineB_downsampled_x4_up/strict_N/pu_net/train/night_stand/night_stand_0152.npy,"(1024, 3)",False,False,PASS
datasets/lineB_downsampled_x4_up/strict_N/pu_net/train/night_stand/night_stand_0153.npy,"(1024, 3)",False,False,PASS
datasets/lineB_downsampled_x4_up/strict_N/pu_net/train/night_stand/night_stand_0154.npy,"(1024, 3)",False,False,PASS
datasets/lineB_downsampled_x4_up/strict_N/pu_net/train/night_stand/night_stand_0155.npy,"(1024, 3)",False,False,PASS
datasets/lineB_downsampled_x4_up/strict_N/pu_net/train/night_stand/night_stand_0156.npy,"(1024, 3)",False,False,PASS
datasets/lineB_downsampled_x4_up/strict_N/pu_net/train/night_stand/night_stand_0157.npy,"(1024, 3)",False,False,PASS
datasets/lineB_downsampled_x4_up/strict_N/pu_net/train/night_stand/night_stand_0158.npy,"(1024, 3)",False,False,PASS
datasets/lineB_downsampled_x4_up/strict_N/pu_net/train/night_stand/night_stand_0159.npy,"(1024, 3)",False,False,PASS
datasets/lineB_downsampled_x4_up/strict_N/pu_net/train/night_stand/night_stand_0160.npy,"(1024, 3)",False,False,PASS
datasets/lineB_downsampled_x4_up/strict_N/pu_net/train/night_stand/night_stand_0161.npy,"(1024, 3)",False,False,PASS
datasets/lineB_downsampled_x4_up/strict_N/pu_net/train/night_stand/night_stand_0162.npy,"(1024, 3)",False,False,PASS
datasets/lineB_downsampled_x4_up/strict_N/pu_net/train/night_stand/night_stand_0163.npy,"(1024, 3)",False,False,PASS
datasets/lineB_downsampled_x4_up/strict_N/pu_net/train/night_stand/night_stand_0164.npy,"(1024, 3)",False,False,PASS
datasets/lineB_downsampled_x4_up/strict_N/pu_net/train/night_stand/night_stand_0165.npy,"(1024, 3)",False,False,PASS
datasets/lineB_downsampled_x4_up/strict_N/pu_net/train/night_stand/night_stand_0166.npy,"(1024, 3)",False,False,PASS
datasets/lineB_downsampled_x4_up/strict_N/pu_net/train/night_stand/night_stand_0167.npy,"(1024, 3)",False,False,PASS
datasets/lineB_downsampled_x4_up/strict_N/pu_net/train/night_stand/night_stand_0168.npy,"(1024, 3)",False,False,PASS
datasets/lineB_downsampled_x4_up/strict_N/pu_net/train/night_stand/night_stand_0169.npy,"(1024, 3)",False,False,PASS
datasets/lineB_downsampled_x4_up/strict_N/pu_net/train/night_stand/night_stand_0170.npy,"(1024, 3)",False,False,PASS
datasets/lineB_downsampled_x4_up/strict_N/pu_net/train/night_stand/night_stand_0171.npy,"(1024, 3)",False,False,PASS
datasets/lineB_downsampled_x4_up/strict_N/pu_net/train/night_stand/night_stand_0172.npy,"(1024, 3)",False,False,PASS
datasets/lineB_downsampled_x4_up/strict_N/pu_net/train/night_stand/night_stand_0173.npy,"(1024, 3)",False,False,PASS
datasets/lineB_downsampled_x4_up/strict_N/pu_net/train/night_stand/night_stand_0174.npy,"(1024, 3)",False,False,PASS
datasets/lineB_downsampled_x4_up/strict_N/pu_net/train/night_stand/night_stand_0175.npy,"(1024, 3)",False,False,PASS
datasets/lineB_downsampled_x4_up/strict_N/pu_net/train/night_stand/night_stand_0176.npy,"(1024, 3)",False,False,PASS
datasets/lineB_downsampled_x4_up/strict_N/pu_net/train/night_stand/night_stand_0177.npy,"(1024, 3)",False,False,PASS
datasets/lineB_downsampled_x4_up/strict_N/pu_net/train/night_stand/night_stand_0178.npy,"(1024, 3)",False,False,PASS
datasets/lineB_downsampled_x4_up/strict_N/pu_net/train/night_stand/night_stand_0179.npy,"(1024, 3)",False,False,PASS
datasets/lineB_downsampled_x4_up/strict_N/pu_net/train/night_stand/night_stand_0180.npy,"(1024, 3)",False,False,PASS
datasets/lineB_downsampled_x4_up/strict_N/pu_net/train/night_stand/night_stand_0181.npy,"(1024, 3)",False,False,PASS
datasets/lineB_downsampled_x4_up/strict_N/pu_net/train/night_stand/night_stand_0182.npy,"(1024, 3)",False,False,PASS
datasets/lineB_downsampled_x4_up/strict_N/pu_net/train/night_stand/night_stand_0183.npy,"(1024, 3)",False,False,PASS
datasets/lineB_downsampled_x4_up/strict_N/pu_net/train/night_stand/night_stand_0184.npy,"(1024, 3)",False,False,PASS
datasets/lineB_downsampled_x4_up/strict_N/pu_net/train/night_stand/night_stand_0185.npy,"(1024, 3)",False,False,PASS
datasets/lineB_downsampled_x4_up/strict_N/pu_net/train/night_stand/night_stand_0186.npy,"(1024, 3)",False,False,PASS
datasets/lineB_downsampled_x4_up/strict_N/pu_net/train/night_stand/night_stand_0187.npy,"(1024, 3)",False,False,PASS
datasets/lineB_downsampled_x4_up/strict_N/pu_net/train/night_stand/night_stand_0188.npy,"(1024, 3)",False,False,PASS
datasets/lineB_downsampled_x4_up/strict_N/pu_net/train/night_stand/night_stand_0189.npy,"(1024, 3)",False,False,PASS
datasets/lineB_downsampled_x4_up/strict_N/pu_net/train/night_stand/night_stand_0190.npy,"(1024, 3)",False,False,PASS
datasets/lineB_downsampled_x4_up/strict_N/pu_net/train/night_stand/night_stand_0191.npy,"(1024, 3)",False,False,PASS
datasets/lineB_downsampled_x4_up/strict_N/pu_net/train/night_stand/night_stand_0192.npy,"(1024, 3)",False,False,PASS
datasets/lineB_downsampled_x4_up/strict_N/pu_net/train/night_stand/night_stand_0193.npy,"(1024, 3)",False,False,PASS
datasets/lineB_downsampled_x4_up/strict_N/pu_net/train/night_stand/night_stand_0194.npy,"(1024, 3)",False,False,PASS
datasets/lineB_downsampled_x4_up/strict_N/pu_net/train/night_stand/night_stand_0195.npy,"(1024, 3)",False,False,PASS
datasets/lineB_downsampled_x4_up/strict_N/pu_net/train/night_stand/night_stand_0196.npy,"(1024, 3)",False,False,PASS
datasets/lineB_downsampled_x4_up/strict_N/pu_net/train/night_stand/night_stand_0197.npy,"(1024, 3)",False,False,PASS
datasets/lineB_downsampled_x4_up/strict_N/pu_net/train/night_stand/night_stand_0198.npy,"(1024, 3)",False,False,PASS
datasets/lineB_downsampled_x4_up/strict_N/pu_net/train/night_stand/night_stand_0199.npy,"(1024, 3)",False,False,PASS
datasets/lineB_downsampled_x4_up/strict_N/pu_net/train/night_stand/night_stand_0200.npy,"(1024, 3)",False,False,PASS
datasets/lineB_downsampled_x4_up/strict_N/pu_net/train/person/person_0001.npy,"(1024, 3)",False,False,PASS
datasets/lineB_downsampled_x4_up/strict_N/pu_net/train/person/person_0002.npy,"(1024, 3)",False,False,PASS
datasets/lineB_downsampled_x4_up/strict_N/pu_net/train/person/person_0003.npy,"(1024, 3)",False,False,PASS
datasets/lineB_downsampled_x4_up/strict_N/pu_net/train/person/person_0004.npy,"(1024, 3)",False,False,PASS
datasets/lineB_downsampled_x4_up/strict_N/pu_net/train/person/person_0005.npy,"(1024, 3)",False,False,PASS
datasets/lineB_downsampled_x4_up/strict_N/pu_net/train/person/person_0006.npy,"(1024, 3)",False,False,PASS
datasets/lineB_downsampled_x4_up/strict_N/pu_net/train/person/person_0007.npy,"(1024, 3)",False,False,PASS
datasets/lineB_downsampled_x4_up/strict_N/pu_net/train/person/person_0008.npy,"(1024, 3)",False,False,PASS
datasets/lineB_downsampled_x4_up/strict_N/pu_net/train/person/person_0009.npy,"(1024, 3)",False,False,PASS
datasets/lineB_downsampled_x4_up/strict_N/pu_net/train/person/person_0010.npy,"(1024, 3)",False,False,PASS
datasets/lineB_downsampled_x4_up/strict_N/pu_net/train/person/person_0011.npy,"(1024, 3)",False,False,PASS
datasets/lineB_downsampled_x4_up/strict_N/pu_net/train/person/person_0012.npy,"(1024, 3)",False,False,PASS
datasets/lineB_downsampled_x4_up/strict_N/pu_net/train/person/person_0013.npy,"(1024, 3)",False,False,PASS
datasets/lineB_downsampled_x4_up/strict_N/pu_net/train/person/person_0014.npy,"(1024, 3)",False,False,PASS
datasets/lineB_downsampled_x4_up/strict_N/pu_net/train/person/person_0015.npy,"(1024, 3)",False,False,PASS
datasets/lineB_downsampled_x4_up/strict_N/pu_net/train/person/person_0016.npy,"(1024, 3)",False,False,PASS
datasets/lineB_downsampled_x4_up/strict_N/pu_net/train/person/person_0017.npy,"(1024, 3)",False,False,PASS
datasets/lineB_downsampled_x4_up/strict_N/pu_net/train/person/person_0018.npy,"(1024, 3)",False,False,PASS
datasets/lineB_downsampled_x4_up/strict_N/pu_net/train/person/person_0019.npy,"(1024, 3)",False,False,PASS
datasets/lineB_downsampled_x4_up/strict_N/pu_net/train/person/person_0020.npy,"(1024, 3)",False,False,PASS
datasets/lineB_downsampled_x4_up/strict_N/pu_net/train/person/person_0021.npy,"(1024, 3)",False,False,PASS
datasets/lineB_downsampled_x4_up/strict_N/pu_net/train/person/person_0022.npy,"(1024, 3)",False,False,PASS
datasets/lineB_downsampled_x4_up/strict_N/pu_net/train/person/person_0023.npy,"(1024, 3)",False,False,PASS
datasets/lineB_downsampled_x4_up/strict_N/pu_net/train/person/person_0024.npy,"(1024, 3)",False,False,PASS
datasets/lineB_downsampled_x4_up/strict_N/pu_net/train/person/person_0025.npy,"(1024, 3)",False,False,PASS
datasets/lineB_downsampled_x4_up/strict_N/pu_net/train/person/person_0026.npy,"(1024, 3)",False,False,PASS
datasets/lineB_downsampled_x4_up/strict_N/pu_net/train/person/person_0027.npy,"(1024, 3)",False,False,PASS
datasets/lineB_downsampled_x4_up/strict_N/pu_net/train/person/person_0028.npy,"(1024, 3)",False,False,PASS
datasets/lineB_downsampled_x4_up/strict_N/pu_net/train/person/person_0029.npy,"(1024, 3)",False,False,PASS
datasets/lineB_downsampled_x4_up/strict_N/pu_net/train/person/person_0030.npy,"(1024, 3)",False,False,PASS
datasets/lineB_downsampled_x4_up/strict_N/pu_net/train/person/person_0031.npy,"(1024, 3)",False,False,PASS
datasets/lineB_downsampled_x4_up/strict_N/pu_net/train/person/person_0032.npy,"(1024, 3)",False,False,PASS
datasets/lineB_downsampled_x4_up/strict_N/pu_net/train/person/person_0033.npy,"(1024, 3)",False,False,PASS
datasets/lineB_downsampled_x4_up/strict_N/pu_net/train/person/person_0034.npy,"(1024, 3)",False,False,PASS
datasets/lineB_downsampled_x4_up/strict_N/pu_net/train/person/person_0035.npy,"(1024, 3)",False,False,PASS
datasets/lineB_downsampled_x4_up/strict_N/pu_net/train/person/person_0036.npy,"(1024, 3)",False,False,PASS
datasets/lineB_downsampled_x4_up/strict_N/pu_net/train/person/person_0037.npy,"(1024, 3)",False,False,PASS
datasets/lineB_downsampled_x4_up/strict_N/pu_net/train/person/person_0038.npy,"(1024, 3)",False,False,PASS
datasets/lineB_downsampled_x4_up/strict_N/pu_net/train/person/person_0039.npy,"(1024, 3)",False,False,PASS
datasets/lineB_downsampled_x4_up/strict_N/pu_net/train/person/person_0040.npy,"(1024, 3)",False,False,PASS
datasets/lineB_downsampled_x4_up/strict_N/pu_net/train/person/person_0041.npy,"(1024, 3)",False,False,PASS
datasets/lineB_downsampled_x4_up/strict_N/pu_net/train/person/person_0042.npy,"(1024, 3)",False,False,PASS
datasets/lineB_downsampled_x4_up/strict_N/pu_net/train/person/person_0043.npy,"(1024, 3)",False,False,PASS
datasets/lineB_downsampled_x4_up/strict_N/pu_net/train/person/person_0044.npy,"(1024, 3)",False,False,PASS
datasets/lineB_downsampled_x4_up/strict_N/pu_net/train/person/person_0045.npy,"(1024, 3)",False,False,PASS
datasets/lineB_downsampled_x4_up/strict_N/pu_net/train/person/person_0046.npy,"(1024, 3)",False,False,PASS
datasets/lineB_downsampled_x4_up/strict_N/pu_net/train/person/person_0047.npy,"(1024, 3)",False,False,PASS
datasets/lineB_downsampled_x4_up/strict_N/pu_net/train/person/person_0048.npy,"(1024, 3)",False,False,PASS
datasets/lineB_downsampled_x4_up/strict_N/pu_net/train/person/person_0049.npy,"(1024, 3)",False,False,PASS
datasets/lineB_downsampled_x4_up/strict_N/pu_net/train/person/person_0050.npy,"(1024, 3)",False,False,PASS
datasets/lineB_downsampled_x4_up/strict_N/pu_net/train/person/person_0051.npy,"(1024, 3)",False,False,PASS
datasets/lineB_downsampled_x4_up/strict_N/pu_net/train/person/person_0052.npy,"(1024, 3)",False,False,PASS
datasets/lineB_downsampled_x4_up/strict_N/pu_net/train/person/person_0053.npy,"(1024, 3)",False,False,PASS
datasets/lineB_downsampled_x4_up/strict_N/pu_net/train/person/person_0054.npy,"(1024, 3)",False,False,PASS
datasets/lineB_downsampled_x4_up/strict_N/pu_net/train/person/person_0055.npy,"(1024, 3)",False,False,PASS
datasets/lineB_downsampled_x4_up/strict_N/pu_net/train/person/person_0056.npy,"(1024, 3)",False,False,PASS
datasets/lineB_downsampled_x4_up/strict_N/pu_net/train/person/person_0057.npy,"(1024, 3)",False,False,PASS
datasets/lineB_downsampled_x4_up/strict_N/pu_net/train/person/person_0058.npy,"(1024, 3)",False,False,PASS
datasets/lineB_downsampled_x4_up/strict_N/pu_net/train/person/person_0059.npy,"(1024, 3)",False,False,PASS
datasets/lineB_downsampled_x4_up/strict_N/pu_net/train/person/person_0060.npy,"(1024, 3)",False,False,PASS
datasets/lineB_downsampled_x4_up/strict_N/pu_net/train/person/person_0061.npy,"(1024, 3)",False,False,PASS
datasets/lineB_downsampled_x4_up/strict_N/pu_net/train/person/person_0062.npy,"(1024, 3)",False,False,PASS
datasets/lineB_downsampled_x4_up/strict_N/pu_net/train/person/person_0063.npy,"(1024, 3)",False,False,PASS
datasets/lineB_downsampled_x4_up/strict_N/pu_net/train/person/person_0064.npy,"(1024, 3)",False,False,PASS
datasets/lineB_downsampled_x4_up/strict_N/pu_net/train/person/person_0065.npy,"(1024, 3)",False,False,PASS
datasets/lineB_downsampled_x4_up/strict_N/pu_net/train/person/person_0066.npy,"(1024, 3)",False,False,PASS
datasets/lineB_downsampled_x4_up/strict_N/pu_net/train/person/person_0067.npy,"(1024, 3)",False,False,PASS
datasets/lineB_downsampled_x4_up/strict_N/pu_net/train/person/person_0068.npy,"(1024, 3)",False,False,PASS
datasets/lineB_downsampled_x4_up/strict_N/pu_net/train/person/person_0069.npy,"(1024, 3)",False,False,PASS
datasets/lineB_downsampled_x4_up/strict_N/pu_net/train/person/person_0070.npy,"(1024, 3)",False,False,PASS
datasets/lineB_downsampled_x4_up/strict_N/pu_net/train/person/person_0071.npy,"(1024, 3)",False,False,PASS
datasets/lineB_downsampled_x4_up/strict_N/pu_net/train/person/person_0072.npy,"(1024, 3)",False,False,PASS
datasets/lineB_downsampled_x4_up/strict_N/pu_net/train/person/person_0073.npy,"(1024, 3)",False,False,PASS
datasets/lineB_downsampled_x4_up/strict_N/pu_net/train/person/person_0074.npy,"(1024, 3)",False,False,PASS
datasets/lineB_downsampled_x4_up/strict_N/pu_net/train/person/person_0075.npy,"(1024, 3)",False,False,PASS
datasets/lineB_downsampled_x4_up/strict_N/pu_net/train/person/person_0076.npy,"(1024, 3)",False,False,PASS
datasets/lineB_downsampled_x4_up/strict_N/pu_net/train/person/person_0077.npy,"(1024, 3)",False,False,PASS
datasets/lineB_downsampled_x4_up/strict_N/pu_net/train/person/person_0078.npy,"(1024, 3)",False,False,PASS
datasets/lineB_downsampled_x4_up/strict_N/pu_net/train/person/person_0079.npy,"(1024, 3)",False,False,PASS
datasets/lineB_downsampled_x4_up/strict_N/pu_net/train/person/person_0080.npy,"(1024, 3)",False,False,PASS
datasets/lineB_downsampled_x4_up/strict_N/pu_net/train/person/person_0081.npy,"(1024, 3)",False,False,PASS
datasets/lineB_downsampled_x4_up/strict_N/pu_net/train/person/person_0082.npy,"(1024, 3)",False,False,PASS
datasets/lineB_downsampled_x4_up/strict_N/pu_net/train/person/person_0083.npy,"(1024, 3)",False,False,PASS
datasets/lineB_downsampled_x4_up/strict_N/pu_net/train/person/person_0084.npy,"(1024, 3)",False,False,PASS
datasets/lineB_downsampled_x4_up/strict_N/pu_net/train/person/person_0085.npy,"(1024, 3)",False,False,PASS
datasets/lineB_downsampled_x4_up/strict_N/pu_net/train/person/person_0086.npy,"(1024, 3)",False,False,PASS
datasets/lineB_downsampled_x4_up/strict_N/pu_net/train/person/person_0087.npy,"(1024, 3)",False,False,PASS
datasets/lineB_downsampled_x4_up/strict_N/pu_net/train/person/person_0088.npy,"(1024, 3)",False,False,PASS
datasets/lineB_downsampled_x4_up/strict_N/pu_net/train/piano/piano_0001.npy,"(1024, 3)",False,False,PASS
datasets/lineB_downsampled_x4_up/strict_N/pu_net/train/piano/piano_0002.npy,"(1024, 3)",False,False,PASS
datasets/lineB_downsampled_x4_up/strict_N/pu_net/train/piano/piano_0003.npy,"(1024, 3)",False,False,PASS
datasets/lineB_downsampled_x4_up/strict_N/pu_net/train/piano/piano_0004.npy,"(1024, 3)",False,False,PASS
datasets/lineB_downsampled_x4_up/strict_N/pu_net/train/piano/piano_0005.npy,"(1024, 3)",False,False,PASS
datasets/lineB_downsampled_x4_up/strict_N/pu_net/train/piano/piano_0006.npy,"(1024, 3)",False,False,PASS
datasets/lineB_downsampled_x4_up/strict_N/pu_net/train/piano/piano_0007.npy,"(1024, 3)",False,False,PASS
datasets/lineB_downsampled_x4_up/strict_N/pu_net/train/piano/piano_0008.npy,"(1024, 3)",False,False,PASS
datasets/lineB_downsampled_x4_up/strict_N/pu_net/train/piano/piano_0009.npy,"(1024, 3)",False,False,PASS
datasets/lineB_downsampled_x4_up/strict_N/pu_net/train/piano/piano_0010.npy,"(1024, 3)",False,False,PASS
datasets/lineB_downsampled_x4_up/strict_N/pu_net/train/piano/piano_0011.npy,"(1024, 3)",False,False,PASS
datasets/lineB_downsampled_x4_up/strict_N/pu_net/train/piano/piano_0012.npy,"(1024, 3)",False,False,PASS
datasets/lineB_downsampled_x4_up/strict_N/pu_net/train/piano/piano_0013.npy,"(1024, 3)",False,False,PASS
datasets/lineB_downsampled_x4_up/strict_N/pu_net/train/piano/piano_0014.npy,"(1024, 3)",False,False,PASS
datasets/lineB_downsampled_x4_up/strict_N/pu_net/train/piano/piano_0015.npy,"(1024, 3)",False,False,PASS
datasets/lineB_downsampled_x4_up/strict_N/pu_net/train/piano/piano_0016.npy,"(1024, 3)",False,False,PASS
datasets/lineB_downsampled_x4_up/strict_N/pu_net/train/piano/piano_0017.npy,"(1024, 3)",False,False,PASS
datasets/lineB_downsampled_x4_up/strict_N/pu_net/train/piano/piano_0018.npy,"(1024, 3)",False,False,PASS
datasets/lineB_downsampled_x4_up/strict_N/pu_net/train/piano/piano_0019.npy,"(1024, 3)",False,False,PASS
datasets/lineB_downsampled_x4_up/strict_N/pu_net/train/piano/piano_0020.npy,"(1024, 3)",False,False,PASS
datasets/lineB_downsampled_x4_up/strict_N/pu_net/train/piano/piano_0021.npy,"(1024, 3)",False,False,PASS
datasets/lineB_downsampled_x4_up/strict_N/pu_net/train/piano/piano_0022.npy,"(1024, 3)",False,False,PASS
datasets/lineB_downsampled_x4_up/strict_N/pu_net/train/piano/piano_0023.npy,"(1024, 3)",False,False,PASS
datasets/lineB_downsampled_x4_up/strict_N/pu_net/train/piano/piano_0024.npy,"(1024, 3)",False,False,PASS
datasets/lineB_downsampled_x4_up/strict_N/pu_net/train/piano/piano_0025.npy,"(1024, 3)",False,False,PASS
datasets/lineB_downsampled_x4_up/strict_N/pu_net/train/piano/piano_0026.npy,"(1024, 3)",False,False,PASS
datasets/lineB_downsampled_x4_up/strict_N/pu_net/train/piano/piano_0027.npy,"(1024, 3)",False,False,PASS
datasets/lineB_downsampled_x4_up/strict_N/pu_net/train/piano/piano_0028.npy,"(1024, 3)",False,False,PASS
datasets/lineB_downsampled_x4_up/strict_N/pu_net/train/piano/piano_0029.npy,"(1024, 3)",False,False,PASS
datasets/lineB_downsampled_x4_up/strict_N/pu_net/train/piano/piano_0030.npy,"(1024, 3)",False,False,PASS
datasets/lineB_downsampled_x4_up/strict_N/pu_net/train/piano/piano_0031.npy,"(1024, 3)",False,False,PASS
datasets/lineB_downsampled_x4_up/strict_N/pu_net/train/piano/piano_0032.npy,"(1024, 3)",False,False,PASS
datasets/lineB_downsampled_x4_up/strict_N/pu_net/train/piano/piano_0033.npy,"(1024, 3)",False,False,PASS
datasets/lineB_downsampled_x4_up/strict_N/pu_net/train/piano/piano_0034.npy,"(1024, 3)",False,False,PASS
datasets/lineB_downsampled_x4_up/strict_N/pu_net/train/piano/piano_0035.npy,"(1024, 3)",False,False,PASS
datasets/lineB_downsampled_x4_up/strict_N/pu_net/train/piano/piano_0036.npy,"(1024, 3)",False,False,PASS
datasets/lineB_downsampled_x4_up/strict_N/pu_net/train/piano/piano_0037.npy,"(1024, 3)",False,False,PASS
datasets/lineB_downsampled_x4_up/strict_N/pu_net/train/piano/piano_0038.npy,"(1024, 3)",False,False,PASS
datasets/lineB_downsampled_x4_up/strict_N/pu_net/train/piano/piano_0039.npy,"(1024, 3)",False,False,PASS
datasets/lineB_downsampled_x4_up/strict_N/pu_net/train/piano/piano_0040.npy,"(1024, 3)",False,False,PASS
datasets/lineB_downsampled_x4_up/strict_N/pu_net/train/piano/piano_0041.npy,"(1024, 3)",False,False,PASS
datasets/lineB_downsampled_x4_up/strict_N/pu_net/train/piano/piano_0042.npy,"(1024, 3)",False,False,PASS
datasets/lineB_downsampled_x4_up/strict_N/pu_net/train/piano/piano_0043.npy,"(1024, 3)",False,False,PASS
datasets/lineB_downsampled_x4_up/strict_N/pu_net/train/piano/piano_0044.npy,"(1024, 3)",False,False,PASS
datasets/lineB_downsampled_x4_up/strict_N/pu_net/train/piano/piano_0045.npy,"(1024, 3)",False,False,PASS
datasets/lineB_downsampled_x4_up/strict_N/pu_net/train/piano/piano_0046.npy,"(1024, 3)",False,False,PASS
datasets/lineB_downsampled_x4_up/strict_N/pu_net/train/piano/piano_0047.npy,"(1024, 3)",False,False,PASS
datasets/lineB_downsampled_x4_up/strict_N/pu_net/train/piano/piano_0048.npy,"(1024, 3)",False,False,PASS
datasets/lineB_downsampled_x4_up/strict_N/pu_net/train/piano/piano_0049.npy,"(1024, 3)",False,False,PASS
datasets/lineB_downsampled_x4_up/strict_N/pu_net/train/piano/piano_0050.npy,"(1024, 3)",False,False,PASS
datasets/lineB_downsampled_x4_up/strict_N/pu_net/train/piano/piano_0051.npy,"(1024, 3)",False,False,PASS
datasets/lineB_downsampled_x4_up/strict_N/pu_net/train/piano/piano_0052.npy,"(1024, 3)",False,False,PASS
datasets/lineB_downsampled_x4_up/strict_N/pu_net/train/piano/piano_0053.npy,"(1024, 3)",False,False,PASS
datasets/lineB_downsampled_x4_up/strict_N/pu_net/train/piano/piano_0054.npy,"(1024, 3)",False,False,PASS
datasets/lineB_downsampled_x4_up/strict_N/pu_net/train/piano/piano_0055.npy,"(1024, 3)",False,False,PASS
datasets/lineB_downsampled_x4_up/strict_N/pu_net/train/piano/piano_0056.npy,"(1024, 3)",False,False,PASS
datasets/lineB_downsampled_x4_up/strict_N/pu_net/train/piano/piano_0057.npy,"(1024, 3)",False,False,PASS
datasets/lineB_downsampled_x4_up/strict_N/pu_net/train/piano/piano_0058.npy,"(1024, 3)",False,False,PASS
datasets/lineB_downsampled_x4_up/strict_N/pu_net/train/piano/piano_0059.npy,"(1024, 3)",False,False,PASS
datasets/lineB_downsampled_x4_up/strict_N/pu_net/train/piano/piano_0060.npy,"(1024, 3)",False,False,PASS
datasets/lineB_downsampled_x4_up/strict_N/pu_net/train/piano/piano_0061.npy,"(1024, 3)",False,False,PASS
datasets/lineB_downsampled_x4_up/strict_N/pu_net/train/piano/piano_0062.npy,"(1024, 3)",False,False,PASS
datasets/lineB_downsampled_x4_up/strict_N/pu_net/train/piano/piano_0063.npy,"(1024, 3)",False,False,PASS
datasets/lineB_downsampled_x4_up/strict_N/pu_net/train/piano/piano_0064.npy,"(1024, 3)",False,False,PASS
datasets/lineB_downsampled_x4_up/strict_N/pu_net/train/piano/piano_0065.npy,"(1024, 3)",False,False,PASS
datasets/lineB_downsampled_x4_up/strict_N/pu_net/train/piano/piano_0066.npy,"(1024, 3)",False,False,PASS
datasets/lineB_downsampled_x4_up/strict_N/pu_net/train/piano/piano_0067.npy,"(1024, 3)",False,False,PASS
datasets/lineB_downsampled_x4_up/strict_N/pu_net/train/piano/piano_0068.npy,"(1024, 3)",False,False,PASS
datasets/lineB_downsampled_x4_up/strict_N/pu_net/train/piano/piano_0069.npy,"(1024, 3)",False,False,PASS
datasets/lineB_downsampled_x4_up/strict_N/pu_net/train/piano/piano_0070.npy,"(1024, 3)",False,False,PASS
datasets/lineB_downsampled_x4_up/strict_N/pu_net/train/piano/piano_0071.npy,"(1024, 3)",False,False,PASS
datasets/lineB_downsampled_x4_up/strict_N/pu_net/train/piano/piano_0072.npy,"(1024, 3)",False,False,PASS
datasets/lineB_downsampled_x4_up/strict_N/pu_net/train/piano/piano_0073.npy,"(1024, 3)",False,False,PASS
datasets/lineB_downsampled_x4_up/strict_N/pu_net/train/piano/piano_0074.npy,"(1024, 3)",False,False,PASS
datasets/lineB_downsampled_x4_up/strict_N/pu_net/train/piano/piano_0075.npy,"(1024, 3)",False,False,PASS
datasets/lineB_downsampled_x4_up/strict_N/pu_net/train/piano/piano_0076.npy,"(1024, 3)",False,False,PASS
datasets/lineB_downsampled_x4_up/strict_N/pu_net/train/piano/piano_0077.npy,"(1024, 3)",False,False,PASS
datasets/lineB_downsampled_x4_up/strict_N/pu_net/train/piano/piano_0078.npy,"(1024, 3)",False,False,PASS
datasets/lineB_downsampled_x4_up/strict_N/pu_net/train/piano/piano_0079.npy,"(1024, 3)",False,False,PASS
datasets/lineB_downsampled_x4_up/strict_N/pu_net/train/piano/piano_0080.npy,"(1024, 3)",False,False,PASS
datasets/lineB_downsampled_x4_up/strict_N/pu_net/train/piano/piano_0081.npy,"(1024, 3)",False,False,PASS
datasets/lineB_downsampled_x4_up/strict_N/pu_net/train/piano/piano_0082.npy,"(1024, 3)",False,False,PASS
datasets/lineB_downsampled_x4_up/strict_N/pu_net/train/piano/piano_0083.npy,"(1024, 3)",False,False,PASS
datasets/lineB_downsampled_x4_up/strict_N/pu_net/train/piano/piano_0084.npy,"(1024, 3)",False,False,PASS
datasets/lineB_downsampled_x4_up/strict_N/pu_net/train/piano/piano_0085.npy,"(1024, 3)",False,False,PASS
datasets/lineB_downsampled_x4_up/strict_N/pu_net/train/piano/piano_0086.npy,"(1024, 3)",False,False,PASS
datasets/lineB_downsampled_x4_up/strict_N/pu_net/train/piano/piano_0087.npy,"(1024, 3)",False,False,PASS
datasets/lineB_downsampled_x4_up/strict_N/pu_net/train/piano/piano_0088.npy,"(1024, 3)",False,False,PASS
datasets/lineB_downsampled_x4_up/strict_N/pu_net/train/piano/piano_0089.npy,"(1024, 3)",False,False,PASS
datasets/lineB_downsampled_x4_up/strict_N/pu_net/train/piano/piano_0090.npy,"(1024, 3)",False,False,PASS
datasets/lineB_downsampled_x4_up/strict_N/pu_net/train/piano/piano_0091.npy,"(1024, 3)",False,False,PASS
datasets/lineB_downsampled_x4_up/strict_N/pu_net/train/piano/piano_0092.npy,"(1024, 3)",False,False,PASS
datasets/lineB_downsampled_x4_up/strict_N/pu_net/train/piano/piano_0093.npy,"(1024, 3)",False,False,PASS
datasets/lineB_downsampled_x4_up/strict_N/pu_net/train/piano/piano_0094.npy,"(1024, 3)",False,False,PASS
datasets/lineB_downsampled_x4_up/strict_N/pu_net/train/piano/piano_0095.npy,"(1024, 3)",False,False,PASS
datasets/lineB_downsampled_x4_up/strict_N/pu_net/train/piano/piano_0096.npy,"(1024, 3)",False,False,PASS
datasets/lineB_downsampled_x4_up/strict_N/pu_net/train/piano/piano_0097.npy,"(1024, 3)",False,False,PASS
datasets/lineB_downsampled_x4_up/strict_N/pu_net/train/piano/piano_0098.npy,"(1024, 3)",False,False,PASS
datasets/lineB_downsampled_x4_up/strict_N/pu_net/train/piano/piano_0099.npy,"(1024, 3)",False,False,PASS
datasets/lineB_downsampled_x4_up/strict_N/pu_net/train/piano/piano_0100.npy,"(1024, 3)",False,False,PASS
datasets/lineB_downsampled_x4_up/strict_N/pu_net/train/piano/piano_0101.npy,"(1024, 3)",False,False,PASS
datasets/lineB_downsampled_x4_up/strict_N/pu_net/train/piano/piano_0102.npy,"(1024, 3)",False,False,PASS
datasets/lineB_downsampled_x4_up/strict_N/pu_net/train/piano/piano_0103.npy,"(1024, 3)",False,False,PASS
datasets/lineB_downsampled_x4_up/strict_N/pu_net/train/piano/piano_0104.npy,"(1024, 3)",False,False,PASS
datasets/lineB_downsampled_x4_up/strict_N/pu_net/train/piano/piano_0105.npy,"(1024, 3)",False,False,PASS
datasets/lineB_downsampled_x4_up/strict_N/pu_net/train/piano/piano_0106.npy,"(1024, 3)",False,False,PASS
datasets/lineB_downsampled_x4_up/strict_N/pu_net/train/piano/piano_0107.npy,"(1024, 3)",False,False,PASS
datasets/lineB_downsampled_x4_up/strict_N/pu_net/train/piano/piano_0108.npy,"(1024, 3)",False,False,PASS
datasets/lineB_downsampled_x4_up/strict_N/pu_net/train/piano/piano_0109.npy,"(1024, 3)",False,False,PASS
datasets/lineB_downsampled_x4_up/strict_N/pu_net/train/piano/piano_0110.npy,"(1024, 3)",False,False,PASS
datasets/lineB_downsampled_x4_up/strict_N/pu_net/train/piano/piano_0111.npy,"(1024, 3)",False,False,PASS
datasets/lineB_downsampled_x4_up/strict_N/pu_net/train/piano/piano_0112.npy,"(1024, 3)",False,False,PASS
datasets/lineB_downsampled_x4_up/strict_N/pu_net/train/piano/piano_0113.npy,"(1024, 3)",False,False,PASS
datasets/lineB_downsampled_x4_up/strict_N/pu_net/train/piano/piano_0114.npy,"(1024, 3)",False,False,PASS
datasets/lineB_downsampled_x4_up/strict_N/pu_net/train/piano/piano_0115.npy,"(1024, 3)",False,False,PASS
datasets/lineB_downsampled_x4_up/strict_N/pu_net/train/piano/piano_0116.npy,"(1024, 3)",False,False,PASS
datasets/lineB_downsampled_x4_up/strict_N/pu_net/train/piano/piano_0117.npy,"(1024, 3)",False,False,PASS
datasets/lineB_downsampled_x4_up/strict_N/pu_net/train/piano/piano_0118.npy,"(1024, 3)",False,False,PASS
datasets/lineB_downsampled_x4_up/strict_N/pu_net/train/piano/piano_0119.npy,"(1024, 3)",False,False,PASS
datasets/lineB_downsampled_x4_up/strict_N/pu_net/train/piano/piano_0120.npy,"(1024, 3)",False,False,PASS
datasets/lineB_downsampled_x4_up/strict_N/pu_net/train/piano/piano_0121.npy,"(1024, 3)",False,False,PASS
datasets/lineB_downsampled_x4_up/strict_N/pu_net/train/piano/piano_0122.npy,"(1024, 3)",False,False,PASS
datasets/lineB_downsampled_x4_up/strict_N/pu_net/train/piano/piano_0123.npy,"(1024, 3)",False,False,PASS
datasets/lineB_downsampled_x4_up/strict_N/pu_net/train/piano/piano_0124.npy,"(1024, 3)",False,False,PASS
datasets/lineB_downsampled_x4_up/strict_N/pu_net/train/piano/piano_0125.npy,"(1024, 3)",False,False,PASS
datasets/lineB_downsampled_x4_up/strict_N/pu_net/train/piano/piano_0126.npy,"(1024, 3)",False,False,PASS
datasets/lineB_downsampled_x4_up/strict_N/pu_net/train/piano/piano_0127.npy,"(1024, 3)",False,False,PASS
datasets/lineB_downsampled_x4_up/strict_N/pu_net/train/piano/piano_0128.npy,"(1024, 3)",False,False,PASS
datasets/lineB_downsampled_x4_up/strict_N/pu_net/train/piano/piano_0129.npy,"(1024, 3)",False,False,PASS
datasets/lineB_downsampled_x4_up/strict_N/pu_net/train/piano/piano_0130.npy,"(1024, 3)",False,False,PASS
datasets/lineB_downsampled_x4_up/strict_N/pu_net/train/piano/piano_0131.npy,"(1024, 3)",False,False,PASS
datasets/lineB_downsampled_x4_up/strict_N/pu_net/train/piano/piano_0132.npy,"(1024, 3)",False,False,PASS
datasets/lineB_downsampled_x4_up/strict_N/pu_net/train/piano/piano_0133.npy,"(1024, 3)",False,False,PASS
datasets/lineB_downsampled_x4_up/strict_N/pu_net/train/piano/piano_0134.npy,"(1024, 3)",False,False,PASS
datasets/lineB_downsampled_x4_up/strict_N/pu_net/train/piano/piano_0135.npy,"(1024, 3)",False,False,PASS
datasets/lineB_downsampled_x4_up/strict_N/pu_net/train/piano/piano_0136.npy,"(1024, 3)",False,False,PASS
datasets/lineB_downsampled_x4_up/strict_N/pu_net/train/piano/piano_0137.npy,"(1024, 3)",False,False,PASS
datasets/lineB_downsampled_x4_up/strict_N/pu_net/train/piano/piano_0138.npy,"(1024, 3)",False,False,PASS
datasets/lineB_downsampled_x4_up/strict_N/pu_net/train/piano/piano_0139.npy,"(1024, 3)",False,False,PASS
datasets/lineB_downsampled_x4_up/strict_N/pu_net/train/piano/piano_0140.npy,"(1024, 3)",False,False,PASS
datasets/lineB_downsampled_x4_up/strict_N/pu_net/train/piano/piano_0141.npy,"(1024, 3)",False,False,PASS
datasets/lineB_downsampled_x4_up/strict_N/pu_net/train/piano/piano_0142.npy,"(1024, 3)",False,False,PASS
datasets/lineB_downsampled_x4_up/strict_N/pu_net/train/piano/piano_0143.npy,"(1024, 3)",False,False,PASS
datasets/lineB_downsampled_x4_up/strict_N/pu_net/train/piano/piano_0144.npy,"(1024, 3)",False,False,PASS
datasets/lineB_downsampled_x4_up/strict_N/pu_net/train/piano/piano_0145.npy,"(1024, 3)",False,False,PASS
datasets/lineB_downsampled_x4_up/strict_N/pu_net/train/piano/piano_0146.npy,"(1024, 3)",False,False,PASS
datasets/lineB_downsampled_x4_up/strict_N/pu_net/train/piano/piano_0147.npy,"(1024, 3)",False,False,PASS
datasets/lineB_downsampled_x4_up/strict_N/pu_net/train/piano/piano_0148.npy,"(1024, 3)",False,False,PASS
datasets/lineB_downsampled_x4_up/strict_N/pu_net/train/piano/piano_0149.npy,"(1024, 3)",False,False,PASS
datasets/lineB_downsampled_x4_up/strict_N/pu_net/train/piano/piano_0150.npy,"(1024, 3)",False,False,PASS
datasets/lineB_downsampled_x4_up/strict_N/pu_net/train/piano/piano_0151.npy,"(1024, 3)",False,False,PASS
datasets/lineB_downsampled_x4_up/strict_N/pu_net/train/piano/piano_0152.npy,"(1024, 3)",False,False,PASS
datasets/lineB_downsampled_x4_up/strict_N/pu_net/train/piano/piano_0153.npy,"(1024, 3)",False,False,PASS
datasets/lineB_downsampled_x4_up/strict_N/pu_net/train/piano/piano_0154.npy,"(1024, 3)",False,False,PASS
datasets/lineB_downsampled_x4_up/strict_N/pu_net/train/piano/piano_0155.npy,"(1024, 3)",False,False,PASS
datasets/lineB_downsampled_x4_up/strict_N/pu_net/train/piano/piano_0156.npy,"(1024, 3)",False,False,PASS
datasets/lineB_downsampled_x4_up/strict_N/pu_net/train/piano/piano_0157.npy,"(1024, 3)",False,False,PASS
datasets/lineB_downsampled_x4_up/strict_N/pu_net/train/piano/piano_0158.npy,"(1024, 3)",False,False,PASS
datasets/lineB_downsampled_x4_up/strict_N/pu_net/train/piano/piano_0159.npy,"(1024, 3)",False,False,PASS
datasets/lineB_downsampled_x4_up/strict_N/pu_net/train/piano/piano_0160.npy,"(1024, 3)",False,False,PASS
datasets/lineB_downsampled_x4_up/strict_N/pu_net/train/piano/piano_0161.npy,"(1024, 3)",False,False,PASS
datasets/lineB_downsampled_x4_up/strict_N/pu_net/train/piano/piano_0162.npy,"(1024, 3)",False,False,PASS
datasets/lineB_downsampled_x4_up/strict_N/pu_net/train/piano/piano_0163.npy,"(1024, 3)",False,False,PASS
datasets/lineB_downsampled_x4_up/strict_N/pu_net/train/piano/piano_0164.npy,"(1024, 3)",False,False,PASS
datasets/lineB_downsampled_x4_up/strict_N/pu_net/train/piano/piano_0165.npy,"(1024, 3)",False,False,PASS
datasets/lineB_downsampled_x4_up/strict_N/pu_net/train/piano/piano_0166.npy,"(1024, 3)",False,False,PASS
datasets/lineB_downsampled_x4_up/strict_N/pu_net/train/piano/piano_0167.npy,"(1024, 3)",False,False,PASS
datasets/lineB_downsampled_x4_up/strict_N/pu_net/train/piano/piano_0168.npy,"(1024, 3)",False,False,PASS
datasets/lineB_downsampled_x4_up/strict_N/pu_net/train/piano/piano_0169.npy,"(1024, 3)",False,False,PASS
datasets/lineB_downsampled_x4_up/strict_N/pu_net/train/piano/piano_0170.npy,"(1024, 3)",False,False,PASS
datasets/lineB_downsampled_x4_up/strict_N/pu_net/train/piano/piano_0171.npy,"(1024, 3)",False,False,PASS
datasets/lineB_downsampled_x4_up/strict_N/pu_net/train/piano/piano_0172.npy,"(1024, 3)",False,False,PASS
datasets/lineB_downsampled_x4_up/strict_N/pu_net/train/piano/piano_0173.npy,"(1024, 3)",False,False,PASS
datasets/lineB_downsampled_x4_up/strict_N/pu_net/train/piano/piano_0174.npy,"(1024, 3)",False,False,PASS
datasets/lineB_downsampled_x4_up/strict_N/pu_net/train/piano/piano_0175.npy,"(1024, 3)",False,False,PASS
datasets/lineB_downsampled_x4_up/strict_N/pu_net/train/piano/piano_0176.npy,"(1024, 3)",False,False,PASS
datasets/lineB_downsampled_x4_up/strict_N/pu_net/train/piano/piano_0177.npy,"(1024, 3)",False,False,PASS
datasets/lineB_downsampled_x4_up/strict_N/pu_net/train/piano/piano_0178.npy,"(1024, 3)",False,False,PASS
datasets/lineB_downsampled_x4_up/strict_N/pu_net/train/piano/piano_0179.npy,"(1024, 3)",False,False,PASS
datasets/lineB_downsampled_x4_up/strict_N/pu_net/train/piano/piano_0180.npy,"(1024, 3)",False,False,PASS
datasets/lineB_downsampled_x4_up/strict_N/pu_net/train/piano/piano_0181.npy,"(1024, 3)",False,False,PASS
datasets/lineB_downsampled_x4_up/strict_N/pu_net/train/piano/piano_0182.npy,"(1024, 3)",False,False,PASS
datasets/lineB_downsampled_x4_up/strict_N/pu_net/train/piano/piano_0183.npy,"(1024, 3)",False,False,PASS
datasets/lineB_downsampled_x4_up/strict_N/pu_net/train/piano/piano_0184.npy,"(1024, 3)",False,False,PASS
datasets/lineB_downsampled_x4_up/strict_N/pu_net/train/piano/piano_0185.npy,"(1024, 3)",False,False,PASS
datasets/lineB_downsampled_x4_up/strict_N/pu_net/train/piano/piano_0186.npy,"(1024, 3)",False,False,PASS
datasets/lineB_downsampled_x4_up/strict_N/pu_net/train/piano/piano_0187.npy,"(1024, 3)",False,False,PASS
datasets/lineB_downsampled_x4_up/strict_N/pu_net/train/piano/piano_0188.npy,"(1024, 3)",False,False,PASS
datasets/lineB_downsampled_x4_up/strict_N/pu_net/train/piano/piano_0189.npy,"(1024, 3)",False,False,PASS
datasets/lineB_downsampled_x4_up/strict_N/pu_net/train/piano/piano_0190.npy,"(1024, 3)",False,False,PASS
datasets/lineB_downsampled_x4_up/strict_N/pu_net/train/piano/piano_0191.npy,"(1024, 3)",False,False,PASS
datasets/lineB_downsampled_x4_up/strict_N/pu_net/train/piano/piano_0192.npy,"(1024, 3)",False,False,PASS
datasets/lineB_downsampled_x4_up/strict_N/pu_net/train/piano/piano_0193.npy,"(1024, 3)",False,False,PASS
datasets/lineB_downsampled_x4_up/strict_N/pu_net/train/piano/piano_0194.npy,"(1024, 3)",False,False,PASS
datasets/lineB_downsampled_x4_up/strict_N/pu_net/train/radio/radio_0002.npy,"(1024, 3)",False,False,PASS
datasets/lineB_downsampled_x4_up/strict_N/pu_net/train/radio/radio_0003.npy,"(1024, 3)",False,False,PASS
datasets/lineB_downsampled_x4_up/strict_N/pu_net/train/radio/radio_0004.npy,"(1024, 3)",False,False,PASS
datasets/lineB_downsampled_x4_up/strict_N/pu_net/train/radio/radio_0005.npy,"(1024, 3)",False,False,PASS
datasets/lineB_downsampled_x4_up/strict_N/pu_net/train/radio/radio_0006.npy,"(1024, 3)",False,False,PASS
datasets/lineB_downsampled_x4_up/strict_N/pu_net/train/radio/radio_0007.npy,"(1024, 3)",False,False,PASS
datasets/lineB_downsampled_x4_up/strict_N/pu_net/train/radio/radio_0008.npy,"(1024, 3)",False,False,PASS
datasets/lineB_downsampled_x4_up/strict_N/pu_net/train/radio/radio_0009.npy,"(1024, 3)",False,False,PASS
datasets/lineB_downsampled_x4_up/strict_N/pu_net/train/radio/radio_0010.npy,"(1024, 3)",False,False,PASS
datasets/lineB_downsampled_x4_up/strict_N/pu_net/train/radio/radio_0011.npy,"(1024, 3)",False,False,PASS
datasets/lineB_downsampled_x4_up/strict_N/pu_net/train/radio/radio_0012.npy,"(1024, 3)",False,False,PASS
datasets/lineB_downsampled_x4_up/strict_N/pu_net/train/radio/radio_0013.npy,"(1024, 3)",False,False,PASS
datasets/lineB_downsampled_x4_up/strict_N/pu_net/train/radio/radio_0014.npy,"(1024, 3)",False,False,PASS
datasets/lineB_downsampled_x4_up/strict_N/pu_net/train/radio/radio_0015.npy,"(1024, 3)",False,False,PASS
datasets/lineB_downsampled_x4_up/strict_N/pu_net/train/radio/radio_0016.npy,"(1024, 3)",False,False,PASS
datasets/lineB_downsampled_x4_up/strict_N/pu_net/train/radio/radio_0017.npy,"(1024, 3)",False,False,PASS
datasets/lineB_downsampled_x4_up/strict_N/pu_net/train/radio/radio_0018.npy,"(1024, 3)",False,False,PASS
datasets/lineB_downsampled_x4_up/strict_N/pu_net/train/radio/radio_0019.npy,"(1024, 3)",False,False,PASS
datasets/lineB_downsampled_x4_up/strict_N/pu_net/train/radio/radio_0020.npy,"(1024, 3)",False,False,PASS
datasets/lineB_downsampled_x4_up/strict_N/pu_net/train/radio/radio_0021.npy,"(1024, 3)",False,False,PASS
datasets/lineB_downsampled_x4_up/strict_N/pu_net/train/radio/radio_0022.npy,"(1024, 3)",False,False,PASS
datasets/lineB_downsampled_x4_up/strict_N/pu_net/train/radio/radio_0023.npy,"(1024, 3)",False,False,PASS
datasets/lineB_downsampled_x4_up/strict_N/pu_net/train/radio/radio_0024.npy,"(1024, 3)",False,False,PASS
datasets/lineB_downsampled_x4_up/strict_N/pu_net/train/radio/radio_0025.npy,"(1024, 3)",False,False,PASS
datasets/lineB_downsampled_x4_up/strict_N/pu_net/train/radio/radio_0026.npy,"(1024, 3)",False,False,PASS
datasets/lineB_downsampled_x4_up/strict_N/pu_net/train/radio/radio_0027.npy,"(1024, 3)",False,False,PASS
datasets/lineB_downsampled_x4_up/strict_N/pu_net/train/radio/radio_0028.npy,"(1024, 3)",False,False,PASS
datasets/lineB_downsampled_x4_up/strict_N/pu_net/train/radio/radio_0029.npy,"(1024, 3)",False,False,PASS
datasets/lineB_downsampled_x4_up/strict_N/pu_net/train/radio/radio_0030.npy,"(1024, 3)",False,False,PASS
datasets/lineB_downsampled_x4_up/strict_N/pu_net/train/radio/radio_0031.npy,"(1024, 3)",False,False,PASS
datasets/lineB_downsampled_x4_up/strict_N/pu_net/train/radio/radio_0032.npy,"(1024, 3)",False,False,PASS
datasets/lineB_downsampled_x4_up/strict_N/pu_net/train/radio/radio_0033.npy,"(1024, 3)",False,False,PASS
datasets/lineB_downsampled_x4_up/strict_N/pu_net/train/radio/radio_0034.npy,"(1024, 3)",False,False,PASS
datasets/lineB_downsampled_x4_up/strict_N/pu_net/train/radio/radio_0035.npy,"(1024, 3)",False,False,PASS
datasets/lineB_downsampled_x4_up/strict_N/pu_net/train/radio/radio_0036.npy,"(1024, 3)",False,False,PASS
datasets/lineB_downsampled_x4_up/strict_N/pu_net/train/radio/radio_0037.npy,"(1024, 3)",False,False,PASS
datasets/lineB_downsampled_x4_up/strict_N/pu_net/train/radio/radio_0038.npy,"(1024, 3)",False,False,PASS
datasets/lineB_downsampled_x4_up/strict_N/pu_net/train/radio/radio_0039.npy,"(1024, 3)",False,False,PASS
datasets/lineB_downsampled_x4_up/strict_N/pu_net/train/radio/radio_0040.npy,"(1024, 3)",False,False,PASS
datasets/lineB_downsampled_x4_up/strict_N/pu_net/train/radio/radio_0041.npy,"(1024, 3)",False,False,PASS
datasets/lineB_downsampled_x4_up/strict_N/pu_net/train/radio/radio_0042.npy,"(1024, 3)",False,False,PASS
datasets/lineB_downsampled_x4_up/strict_N/pu_net/train/radio/radio_0043.npy,"(1024, 3)",False,False,PASS
datasets/lineB_downsampled_x4_up/strict_N/pu_net/train/radio/radio_0044.npy,"(1024, 3)",False,False,PASS
datasets/lineB_downsampled_x4_up/strict_N/pu_net/train/radio/radio_0045.npy,"(1024, 3)",False,False,PASS
datasets/lineB_downsampled_x4_up/strict_N/pu_net/train/radio/radio_0046.npy,"(1024, 3)",False,False,PASS
datasets/lineB_downsampled_x4_up/strict_N/pu_net/train/radio/radio_0047.npy,"(1024, 3)",False,False,PASS
datasets/lineB_downsampled_x4_up/strict_N/pu_net/train/radio/radio_0048.npy,"(1024, 3)",False,False,PASS
datasets/lineB_downsampled_x4_up/strict_N/pu_net/train/radio/radio_0049.npy,"(1024, 3)",False,False,PASS
datasets/lineB_downsampled_x4_up/strict_N/pu_net/train/radio/radio_0050.npy,"(1024, 3)",False,False,PASS
datasets/lineB_downsampled_x4_up/strict_N/pu_net/train/radio/radio_0051.npy,"(1024, 3)",False,False,PASS
datasets/lineB_downsampled_x4_up/strict_N/pu_net/train/radio/radio_0052.npy,"(1024, 3)",False,False,PASS
datasets/lineB_downsampled_x4_up/strict_N/pu_net/train/radio/radio_0053.npy,"(1024, 3)",False,False,PASS
datasets/lineB_downsampled_x4_up/strict_N/pu_net/train/radio/radio_0054.npy,"(1024, 3)",False,False,PASS
datasets/lineB_downsampled_x4_up/strict_N/pu_net/train/radio/radio_0055.npy,"(1024, 3)",False,False,PASS
datasets/lineB_downsampled_x4_up/strict_N/pu_net/train/radio/radio_0056.npy,"(1024, 3)",False,False,PASS
datasets/lineB_downsampled_x4_up/strict_N/pu_net/train/radio/radio_0057.npy,"(1024, 3)",False,False,PASS
datasets/lineB_downsampled_x4_up/strict_N/pu_net/train/radio/radio_0058.npy,"(1024, 3)",False,False,PASS
datasets/lineB_downsampled_x4_up/strict_N/pu_net/train/radio/radio_0059.npy,"(1024, 3)",False,False,PASS
datasets/lineB_downsampled_x4_up/strict_N/pu_net/train/radio/radio_0060.npy,"(1024, 3)",False,False,PASS
datasets/lineB_downsampled_x4_up/strict_N/pu_net/train/radio/radio_0061.npy,"(1024, 3)",False,False,PASS
datasets/lineB_downsampled_x4_up/strict_N/pu_net/train/radio/radio_0062.npy,"(1024, 3)",False,False,PASS
datasets/lineB_downsampled_x4_up/strict_N/pu_net/train/radio/radio_0063.npy,"(1024, 3)",False,False,PASS
datasets/lineB_downsampled_x4_up/strict_N/pu_net/train/radio/radio_0064.npy,"(1024, 3)",False,False,PASS
datasets/lineB_downsampled_x4_up/strict_N/pu_net/train/radio/radio_0065.npy,"(1024, 3)",False,False,PASS
datasets/lineB_downsampled_x4_up/strict_N/pu_net/train/radio/radio_0066.npy,"(1024, 3)",False,False,PASS
datasets/lineB_downsampled_x4_up/strict_N/pu_net/train/radio/radio_0067.npy,"(1024, 3)",False,False,PASS
datasets/lineB_downsampled_x4_up/strict_N/pu_net/train/radio/radio_0068.npy,"(1024, 3)",False,False,PASS
datasets/lineB_downsampled_x4_up/strict_N/pu_net/train/radio/radio_0069.npy,"(1024, 3)",False,False,PASS
datasets/lineB_downsampled_x4_up/strict_N/pu_net/train/radio/radio_0070.npy,"(1024, 3)",False,False,PASS
datasets/lineB_downsampled_x4_up/strict_N/pu_net/train/radio/radio_0071.npy,"(1024, 3)",False,False,PASS
datasets/lineB_downsampled_x4_up/strict_N/pu_net/train/radio/radio_0072.npy,"(1024, 3)",False,False,PASS
datasets/lineB_downsampled_x4_up/strict_N/pu_net/train/radio/radio_0073.npy,"(1024, 3)",False,False,PASS
datasets/lineB_downsampled_x4_up/strict_N/pu_net/train/radio/radio_0074.npy,"(1024, 3)",False,False,PASS
datasets/lineB_downsampled_x4_up/strict_N/pu_net/train/radio/radio_0075.npy,"(1024, 3)",False,False,PASS
datasets/lineB_downsampled_x4_up/strict_N/pu_net/train/radio/radio_0076.npy,"(1024, 3)",False,False,PASS
datasets/lineB_downsampled_x4_up/strict_N/pu_net/train/radio/radio_0077.npy,"(1024, 3)",False,False,PASS
datasets/lineB_downsampled_x4_up/strict_N/pu_net/train/radio/radio_0078.npy,"(1024, 3)",False,False,PASS
datasets/lineB_downsampled_x4_up/strict_N/pu_net/train/radio/radio_0079.npy,"(1024, 3)",False,False,PASS
datasets/lineB_downsampled_x4_up/strict_N/pu_net/train/radio/radio_0080.npy,"(1024, 3)",False,False,PASS
datasets/lineB_downsampled_x4_up/strict_N/pu_net/train/radio/radio_0081.npy,"(1024, 3)",False,False,PASS
datasets/lineB_downsampled_x4_up/strict_N/pu_net/train/radio/radio_0082.npy,"(1024, 3)",False,False,PASS
datasets/lineB_downsampled_x4_up/strict_N/pu_net/train/radio/radio_0083.npy,"(1024, 3)",False,False,PASS
datasets/lineB_downsampled_x4_up/strict_N/pu_net/train/radio/radio_0084.npy,"(1024, 3)",False,False,PASS
datasets/lineB_downsampled_x4_up/strict_N/pu_net/train/radio/radio_0085.npy,"(1024, 3)",False,False,PASS
datasets/lineB_downsampled_x4_up/strict_N/pu_net/train/radio/radio_0086.npy,"(1024, 3)",False,False,PASS
datasets/lineB_downsampled_x4_up/strict_N/pu_net/train/radio/radio_0087.npy,"(1024, 3)",False,False,PASS
datasets/lineB_downsampled_x4_up/strict_N/pu_net/train/radio/radio_0088.npy,"(1024, 3)",False,False,PASS
datasets/lineB_downsampled_x4_up/strict_N/pu_net/train/radio/radio_0089.npy,"(1024, 3)",False,False,PASS
datasets/lineB_downsampled_x4_up/strict_N/pu_net/train/radio/radio_0090.npy,"(1024, 3)",False,False,PASS
datasets/lineB_downsampled_x4_up/strict_N/pu_net/train/radio/radio_0091.npy,"(1024, 3)",False,False,PASS
datasets/lineB_downsampled_x4_up/strict_N/pu_net/train/radio/radio_0092.npy,"(1024, 3)",False,False,PASS
datasets/lineB_downsampled_x4_up/strict_N/pu_net/train/radio/radio_0093.npy,"(1024, 3)",False,False,PASS
datasets/lineB_downsampled_x4_up/strict_N/pu_net/train/radio/radio_0094.npy,"(1024, 3)",False,False,PASS
datasets/lineB_downsampled_x4_up/strict_N/pu_net/train/radio/radio_0095.npy,"(1024, 3)",False,False,PASS
datasets/lineB_downsampled_x4_up/strict_N/pu_net/train/radio/radio_0096.npy,"(1024, 3)",False,False,PASS
datasets/lineB_downsampled_x4_up/strict_N/pu_net/train/radio/radio_0097.npy,"(1024, 3)",False,False,PASS
datasets/lineB_downsampled_x4_up/strict_N/pu_net/train/radio/radio_0098.npy,"(1024, 3)",False,False,PASS
datasets/lineB_downsampled_x4_up/strict_N/pu_net/train/radio/radio_0099.npy,"(1024, 3)",False,False,PASS
datasets/lineB_downsampled_x4_up/strict_N/pu_net/train/radio/radio_0100.npy,"(1024, 3)",False,False,PASS
datasets/lineB_downsampled_x4_up/strict_N/pu_net/train/radio/radio_0101.npy,"(1024, 3)",False,False,PASS
datasets/lineB_downsampled_x4_up/strict_N/pu_net/train/radio/radio_0102.npy,"(1024, 3)",False,False,PASS
datasets/lineB_downsampled_x4_up/strict_N/pu_net/train/radio/radio_0103.npy,"(1024, 3)",False,False,PASS
datasets/lineB_downsampled_x4_up/strict_N/pu_net/train/radio/radio_0104.npy,"(1024, 3)",False,False,PASS
datasets/lineB_downsampled_x4_up/strict_N/pu_net/train/range_hood/range_hood_0001.npy,"(1024, 3)",False,False,PASS
datasets/lineB_downsampled_x4_up/strict_N/pu_net/train/range_hood/range_hood_0002.npy,"(1024, 3)",False,False,PASS
datasets/lineB_downsampled_x4_up/strict_N/pu_net/train/range_hood/range_hood_0003.npy,"(1024, 3)",False,False,PASS
datasets/lineB_downsampled_x4_up/strict_N/pu_net/train/range_hood/range_hood_0004.npy,"(1024, 3)",False,False,PASS
datasets/lineB_downsampled_x4_up/strict_N/pu_net/train/range_hood/range_hood_0005.npy,"(1024, 3)",False,False,PASS
datasets/lineB_downsampled_x4_up/strict_N/pu_net/train/range_hood/range_hood_0006.npy,"(1024, 3)",False,False,PASS
datasets/lineB_downsampled_x4_up/strict_N/pu_net/train/range_hood/range_hood_0007.npy,"(1024, 3)",False,False,PASS
datasets/lineB_downsampled_x4_up/strict_N/pu_net/train/range_hood/range_hood_0008.npy,"(1024, 3)",False,False,PASS
datasets/lineB_downsampled_x4_up/strict_N/pu_net/train/range_hood/range_hood_0009.npy,"(1024, 3)",False,False,PASS
datasets/lineB_downsampled_x4_up/strict_N/pu_net/train/range_hood/range_hood_0010.npy,"(1024, 3)",False,False,PASS
datasets/lineB_downsampled_x4_up/strict_N/pu_net/train/range_hood/range_hood_0011.npy,"(1024, 3)",False,False,PASS
datasets/lineB_downsampled_x4_up/strict_N/pu_net/train/range_hood/range_hood_0012.npy,"(1024, 3)",False,False,PASS
datasets/lineB_downsampled_x4_up/strict_N/pu_net/train/range_hood/range_hood_0013.npy,"(1024, 3)",False,False,PASS
datasets/lineB_downsampled_x4_up/strict_N/pu_net/train/range_hood/range_hood_0014.npy,"(1024, 3)",False,False,PASS
datasets/lineB_downsampled_x4_up/strict_N/pu_net/train/range_hood/range_hood_0015.npy,"(1024, 3)",False,False,PASS
datasets/lineB_downsampled_x4_up/strict_N/pu_net/train/range_hood/range_hood_0016.npy,"(1024, 3)",False,False,PASS
datasets/lineB_downsampled_x4_up/strict_N/pu_net/train/range_hood/range_hood_0017.npy,"(1024, 3)",False,False,PASS
datasets/lineB_downsampled_x4_up/strict_N/pu_net/train/range_hood/range_hood_0018.npy,"(1024, 3)",False,False,PASS
datasets/lineB_downsampled_x4_up/strict_N/pu_net/train/range_hood/range_hood_0019.npy,"(1024, 3)",False,False,PASS
datasets/lineB_downsampled_x4_up/strict_N/pu_net/train/range_hood/range_hood_0020.npy,"(1024, 3)",False,False,PASS
datasets/lineB_downsampled_x4_up/strict_N/pu_net/train/range_hood/range_hood_0021.npy,"(1024, 3)",False,False,PASS
datasets/lineB_downsampled_x4_up/strict_N/pu_net/train/range_hood/range_hood_0022.npy,"(1024, 3)",False,False,PASS
datasets/lineB_downsampled_x4_up/strict_N/pu_net/train/range_hood/range_hood_0023.npy,"(1024, 3)",False,False,PASS
datasets/lineB_downsampled_x4_up/strict_N/pu_net/train/range_hood/range_hood_0024.npy,"(1024, 3)",False,False,PASS
datasets/lineB_downsampled_x4_up/strict_N/pu_net/train/range_hood/range_hood_0025.npy,"(1024, 3)",False,False,PASS
datasets/lineB_downsampled_x4_up/strict_N/pu_net/train/range_hood/range_hood_0026.npy,"(1024, 3)",False,False,PASS
datasets/lineB_downsampled_x4_up/strict_N/pu_net/train/range_hood/range_hood_0027.npy,"(1024, 3)",False,False,PASS
datasets/lineB_downsampled_x4_up/strict_N/pu_net/train/range_hood/range_hood_0028.npy,"(1024, 3)",False,False,PASS
datasets/lineB_downsampled_x4_up/strict_N/pu_net/train/range_hood/range_hood_0029.npy,"(1024, 3)",False,False,PASS
datasets/lineB_downsampled_x4_up/strict_N/pu_net/train/range_hood/range_hood_0030.npy,"(1024, 3)",False,False,PASS
datasets/lineB_downsampled_x4_up/strict_N/pu_net/train/range_hood/range_hood_0031.npy,"(1024, 3)",False,False,PASS
datasets/lineB_downsampled_x4_up/strict_N/pu_net/train/range_hood/range_hood_0032.npy,"(1024, 3)",False,False,PASS
datasets/lineB_downsampled_x4_up/strict_N/pu_net/train/range_hood/range_hood_0033.npy,"(1024, 3)",False,False,PASS
datasets/lineB_downsampled_x4_up/strict_N/pu_net/train/range_hood/range_hood_0034.npy,"(1024, 3)",False,False,PASS
datasets/lineB_downsampled_x4_up/strict_N/pu_net/train/range_hood/range_hood_0035.npy,"(1024, 3)",False,False,PASS
datasets/lineB_downsampled_x4_up/strict_N/pu_net/train/range_hood/range_hood_0036.npy,"(1024, 3)",False,False,PASS
datasets/lineB_downsampled_x4_up/strict_N/pu_net/train/range_hood/range_hood_0037.npy,"(1024, 3)",False,False,PASS
datasets/lineB_downsampled_x4_up/strict_N/pu_net/train/range_hood/range_hood_0038.npy,"(1024, 3)",False,False,PASS
datasets/lineB_downsampled_x4_up/strict_N/pu_net/train/range_hood/range_hood_0039.npy,"(1024, 3)",False,False,PASS
datasets/lineB_downsampled_x4_up/strict_N/pu_net/train/range_hood/range_hood_0040.npy,"(1024, 3)",False,False,PASS
datasets/lineB_downsampled_x4_up/strict_N/pu_net/train/range_hood/range_hood_0041.npy,"(1024, 3)",False,False,PASS
datasets/lineB_downsampled_x4_up/strict_N/pu_net/train/range_hood/range_hood_0042.npy,"(1024, 3)",False,False,PASS
datasets/lineB_downsampled_x4_up/strict_N/pu_net/train/range_hood/range_hood_0043.npy,"(1024, 3)",False,False,PASS
datasets/lineB_downsampled_x4_up/strict_N/pu_net/train/range_hood/range_hood_0044.npy,"(1024, 3)",False,False,PASS
datasets/lineB_downsampled_x4_up/strict_N/pu_net/train/range_hood/range_hood_0045.npy,"(1024, 3)",False,False,PASS
datasets/lineB_downsampled_x4_up/strict_N/pu_net/train/range_hood/range_hood_0046.npy,"(1024, 3)",False,False,PASS
datasets/lineB_downsampled_x4_up/strict_N/pu_net/train/range_hood/range_hood_0047.npy,"(1024, 3)",False,False,PASS
datasets/lineB_downsampled_x4_up/strict_N/pu_net/train/range_hood/range_hood_0048.npy,"(1024, 3)",False,False,PASS
datasets/lineB_downsampled_x4_up/strict_N/pu_net/train/range_hood/range_hood_0049.npy,"(1024, 3)",False,False,PASS
datasets/lineB_downsampled_x4_up/strict_N/pu_net/train/range_hood/range_hood_0050.npy,"(1024, 3)",False,False,PASS
datasets/lineB_downsampled_x4_up/strict_N/pu_net/train/range_hood/range_hood_0051.npy,"(1024, 3)",False,False,PASS
datasets/lineB_downsampled_x4_up/strict_N/pu_net/train/range_hood/range_hood_0052.npy,"(1024, 3)",False,False,PASS
datasets/lineB_downsampled_x4_up/strict_N/pu_net/train/range_hood/range_hood_0053.npy,"(1024, 3)",False,False,PASS
datasets/lineB_downsampled_x4_up/strict_N/pu_net/train/range_hood/range_hood_0054.npy,"(1024, 3)",False,False,PASS
datasets/lineB_downsampled_x4_up/strict_N/pu_net/train/range_hood/range_hood_0055.npy,"(1024, 3)",False,False,PASS
datasets/lineB_downsampled_x4_up/strict_N/pu_net/train/range_hood/range_hood_0056.npy,"(1024, 3)",False,False,PASS
datasets/lineB_downsampled_x4_up/strict_N/pu_net/train/range_hood/range_hood_0057.npy,"(1024, 3)",False,False,PASS
datasets/lineB_downsampled_x4_up/strict_N/pu_net/train/range_hood/range_hood_0058.npy,"(1024, 3)",False,False,PASS
datasets/lineB_downsampled_x4_up/strict_N/pu_net/train/range_hood/range_hood_0059.npy,"(1024, 3)",False,False,PASS
datasets/lineB_downsampled_x4_up/strict_N/pu_net/train/range_hood/range_hood_0060.npy,"(1024, 3)",False,False,PASS
datasets/lineB_downsampled_x4_up/strict_N/pu_net/train/range_hood/range_hood_0061.npy,"(1024, 3)",False,False,PASS
datasets/lineB_downsampled_x4_up/strict_N/pu_net/train/range_hood/range_hood_0062.npy,"(1024, 3)",False,False,PASS
datasets/lineB_downsampled_x4_up/strict_N/pu_net/train/range_hood/range_hood_0063.npy,"(1024, 3)",False,False,PASS
datasets/lineB_downsampled_x4_up/strict_N/pu_net/train/range_hood/range_hood_0064.npy,"(1024, 3)",False,False,PASS
datasets/lineB_downsampled_x4_up/strict_N/pu_net/train/range_hood/range_hood_0065.npy,"(1024, 3)",False,False,PASS
datasets/lineB_downsampled_x4_up/strict_N/pu_net/train/range_hood/range_hood_0066.npy,"(1024, 3)",False,False,PASS
datasets/lineB_downsampled_x4_up/strict_N/pu_net/train/range_hood/range_hood_0067.npy,"(1024, 3)",False,False,PASS
datasets/lineB_downsampled_x4_up/strict_N/pu_net/train/range_hood/range_hood_0068.npy,"(1024, 3)",False,False,PASS
datasets/lineB_downsampled_x4_up/strict_N/pu_net/train/range_hood/range_hood_0069.npy,"(1024, 3)",False,False,PASS
datasets/lineB_downsampled_x4_up/strict_N/pu_net/train/range_hood/range_hood_0070.npy,"(1024, 3)",False,False,PASS
datasets/lineB_downsampled_x4_up/strict_N/pu_net/train/range_hood/range_hood_0071.npy,"(1024, 3)",False,False,PASS
datasets/lineB_downsampled_x4_up/strict_N/pu_net/train/range_hood/range_hood_0072.npy,"(1024, 3)",False,False,PASS
datasets/lineB_downsampled_x4_up/strict_N/pu_net/train/range_hood/range_hood_0073.npy,"(1024, 3)",False,False,PASS
datasets/lineB_downsampled_x4_up/strict_N/pu_net/train/range_hood/range_hood_0074.npy,"(1024, 3)",False,False,PASS
datasets/lineB_downsampled_x4_up/strict_N/pu_net/train/range_hood/range_hood_0075.npy,"(1024, 3)",False,False,PASS
datasets/lineB_downsampled_x4_up/strict_N/pu_net/train/range_hood/range_hood_0076.npy,"(1024, 3)",False,False,PASS
datasets/lineB_downsampled_x4_up/strict_N/pu_net/train/range_hood/range_hood_0077.npy,"(1024, 3)",False,False,PASS
datasets/lineB_downsampled_x4_up/strict_N/pu_net/train/range_hood/range_hood_0078.npy,"(1024, 3)",False,False,PASS
datasets/lineB_downsampled_x4_up/strict_N/pu_net/train/range_hood/range_hood_0079.npy,"(1024, 3)",False,False,PASS
datasets/lineB_downsampled_x4_up/strict_N/pu_net/train/range_hood/range_hood_0080.npy,"(1024, 3)",False,False,PASS
datasets/lineB_downsampled_x4_up/strict_N/pu_net/train/range_hood/range_hood_0081.npy,"(1024, 3)",False,False,PASS
datasets/lineB_downsampled_x4_up/strict_N/pu_net/train/range_hood/range_hood_0082.npy,"(1024, 3)",False,False,PASS
datasets/lineB_downsampled_x4_up/strict_N/pu_net/train/range_hood/range_hood_0083.npy,"(1024, 3)",False,False,PASS
datasets/lineB_downsampled_x4_up/strict_N/pu_net/train/range_hood/range_hood_0084.npy,"(1024, 3)",False,False,PASS
datasets/lineB_downsampled_x4_up/strict_N/pu_net/train/range_hood/range_hood_0085.npy,"(1024, 3)",False,False,PASS
datasets/lineB_downsampled_x4_up/strict_N/pu_net/train/range_hood/range_hood_0086.npy,"(1024, 3)",False,False,PASS
datasets/lineB_downsampled_x4_up/strict_N/pu_net/train/range_hood/range_hood_0087.npy,"(1024, 3)",False,False,PASS
datasets/lineB_downsampled_x4_up/strict_N/pu_net/train/range_hood/range_hood_0088.npy,"(1024, 3)",False,False,PASS
datasets/lineB_downsampled_x4_up/strict_N/pu_net/train/range_hood/range_hood_0089.npy,"(1024, 3)",False,False,PASS
datasets/lineB_downsampled_x4_up/strict_N/pu_net/train/range_hood/range_hood_0090.npy,"(1024, 3)",False,False,PASS
datasets/lineB_downsampled_x4_up/strict_N/pu_net/train/range_hood/range_hood_0091.npy,"(1024, 3)",False,False,PASS
datasets/lineB_downsampled_x4_up/strict_N/pu_net/train/range_hood/range_hood_0092.npy,"(1024, 3)",False,False,PASS
datasets/lineB_downsampled_x4_up/strict_N/pu_net/train/range_hood/range_hood_0093.npy,"(1024, 3)",False,False,PASS
datasets/lineB_downsampled_x4_up/strict_N/pu_net/train/range_hood/range_hood_0094.npy,"(1024, 3)",False,False,PASS
datasets/lineB_downsampled_x4_up/strict_N/pu_net/train/range_hood/range_hood_0095.npy,"(1024, 3)",False,False,PASS
datasets/lineB_downsampled_x4_up/strict_N/pu_net/train/range_hood/range_hood_0096.npy,"(1024, 3)",False,False,PASS
datasets/lineB_downsampled_x4_up/strict_N/pu_net/train/range_hood/range_hood_0097.npy,"(1024, 3)",False,False,PASS
datasets/lineB_downsampled_x4_up/strict_N/pu_net/train/range_hood/range_hood_0098.npy,"(1024, 3)",False,False,PASS
datasets/lineB_downsampled_x4_up/strict_N/pu_net/train/range_hood/range_hood_0099.npy,"(1024, 3)",False,False,PASS
datasets/lineB_downsampled_x4_up/strict_N/pu_net/train/range_hood/range_hood_0100.npy,"(1024, 3)",False,False,PASS
datasets/lineB_downsampled_x4_up/strict_N/pu_net/train/range_hood/range_hood_0101.npy,"(1024, 3)",False,False,PASS
datasets/lineB_downsampled_x4_up/strict_N/pu_net/train/range_hood/range_hood_0102.npy,"(1024, 3)",False,False,PASS
datasets/lineB_downsampled_x4_up/strict_N/pu_net/train/range_hood/range_hood_0103.npy,"(1024, 3)",False,False,PASS
datasets/lineB_downsampled_x4_up/strict_N/pu_net/train/range_hood/range_hood_0104.npy,"(1024, 3)",False,False,PASS
datasets/lineB_downsampled_x4_up/strict_N/pu_net/train/range_hood/range_hood_0105.npy,"(1024, 3)",False,False,PASS
datasets/lineB_downsampled_x4_up/strict_N/pu_net/train/range_hood/range_hood_0106.npy,"(1024, 3)",False,False,PASS
datasets/lineB_downsampled_x4_up/strict_N/pu_net/train/range_hood/range_hood_0107.npy,"(1024, 3)",False,False,PASS
datasets/lineB_downsampled_x4_up/strict_N/pu_net/train/range_hood/range_hood_0108.npy,"(1024, 3)",False,False,PASS
datasets/lineB_downsampled_x4_up/strict_N/pu_net/train/range_hood/range_hood_0109.npy,"(1024, 3)",False,False,PASS
datasets/lineB_downsampled_x4_up/strict_N/pu_net/train/range_hood/range_hood_0110.npy,"(1024, 3)",False,False,PASS
datasets/lineB_downsampled_x4_up/strict_N/pu_net/train/range_hood/range_hood_0111.npy,"(1024, 3)",False,False,PASS
datasets/lineB_downsampled_x4_up/strict_N/pu_net/train/range_hood/range_hood_0112.npy,"(1024, 3)",False,False,PASS
datasets/lineB_downsampled_x4_up/strict_N/pu_net/train/range_hood/range_hood_0113.npy,"(1024, 3)",False,False,PASS
datasets/lineB_downsampled_x4_up/strict_N/pu_net/train/range_hood/range_hood_0114.npy,"(1024, 3)",False,False,PASS
datasets/lineB_downsampled_x4_up/strict_N/pu_net/train/range_hood/range_hood_0115.npy,"(1024, 3)",False,False,PASS
datasets/lineB_downsampled_x4_up/strict_N/pu_net/train/sink/sink_0001.npy,"(1024, 3)",False,False,PASS
datasets/lineB_downsampled_x4_up/strict_N/pu_net/train/sink/sink_0002.npy,"(1024, 3)",False,False,PASS
datasets/lineB_downsampled_x4_up/strict_N/pu_net/train/sink/sink_0003.npy,"(1024, 3)",False,False,PASS
datasets/lineB_downsampled_x4_up/strict_N/pu_net/train/sink/sink_0004.npy,"(1024, 3)",False,False,PASS
datasets/lineB_downsampled_x4_up/strict_N/pu_net/train/sink/sink_0005.npy,"(1024, 3)",False,False,PASS
datasets/lineB_downsampled_x4_up/strict_N/pu_net/train/sink/sink_0006.npy,"(1024, 3)",False,False,PASS
datasets/lineB_downsampled_x4_up/strict_N/pu_net/train/sink/sink_0007.npy,"(1024, 3)",False,False,PASS
datasets/lineB_downsampled_x4_up/strict_N/pu_net/train/sink/sink_0008.npy,"(1024, 3)",False,False,PASS
datasets/lineB_downsampled_x4_up/strict_N/pu_net/train/sink/sink_0009.npy,"(1024, 3)",False,False,PASS
datasets/lineB_downsampled_x4_up/strict_N/pu_net/train/sink/sink_0010.npy,"(1024, 3)",False,False,PASS
datasets/lineB_downsampled_x4_up/strict_N/pu_net/train/sink/sink_0011.npy,"(1024, 3)",False,False,PASS
datasets/lineB_downsampled_x4_up/strict_N/pu_net/train/sink/sink_0012.npy,"(1024, 3)",False,False,PASS
datasets/lineB_downsampled_x4_up/strict_N/pu_net/train/sink/sink_0013.npy,"(1024, 3)",False,False,PASS
datasets/lineB_downsampled_x4_up/strict_N/pu_net/train/sink/sink_0014.npy,"(1024, 3)",False,False,PASS
datasets/lineB_downsampled_x4_up/strict_N/pu_net/train/sink/sink_0015.npy,"(1024, 3)",False,False,PASS
datasets/lineB_downsampled_x4_up/strict_N/pu_net/train/sink/sink_0016.npy,"(1024, 3)",False,False,PASS
datasets/lineB_downsampled_x4_up/strict_N/pu_net/train/sink/sink_0017.npy,"(1024, 3)",False,False,PASS
datasets/lineB_downsampled_x4_up/strict_N/pu_net/train/sink/sink_0018.npy,"(1024, 3)",False,False,PASS
datasets/lineB_downsampled_x4_up/strict_N/pu_net/train/sink/sink_0019.npy,"(1024, 3)",False,False,PASS
datasets/lineB_downsampled_x4_up/strict_N/pu_net/train/sink/sink_0020.npy,"(1024, 3)",False,False,PASS
datasets/lineB_downsampled_x4_up/strict_N/pu_net/train/sink/sink_0021.npy,"(1024, 3)",False,False,PASS
datasets/lineB_downsampled_x4_up/strict_N/pu_net/train/sink/sink_0022.npy,"(1024, 3)",False,False,PASS
datasets/lineB_downsampled_x4_up/strict_N/pu_net/train/sink/sink_0023.npy,"(1024, 3)",False,False,PASS
datasets/lineB_downsampled_x4_up/strict_N/pu_net/train/sink/sink_0024.npy,"(1024, 3)",False,False,PASS
datasets/lineB_downsampled_x4_up/strict_N/pu_net/train/sink/sink_0025.npy,"(1024, 3)",False,False,PASS
datasets/lineB_downsampled_x4_up/strict_N/pu_net/train/sink/sink_0026.npy,"(1024, 3)",False,False,PASS
datasets/lineB_downsampled_x4_up/strict_N/pu_net/train/sink/sink_0027.npy,"(1024, 3)",False,False,PASS
datasets/lineB_downsampled_x4_up/strict_N/pu_net/train/sink/sink_0028.npy,"(1024, 3)",False,False,PASS
datasets/lineB_downsampled_x4_up/strict_N/pu_net/train/sink/sink_0029.npy,"(1024, 3)",False,False,PASS
datasets/lineB_downsampled_x4_up/strict_N/pu_net/train/sink/sink_0030.npy,"(1024, 3)",False,False,PASS
datasets/lineB_downsampled_x4_up/strict_N/pu_net/train/sink/sink_0031.npy,"(1024, 3)",False,False,PASS
datasets/lineB_downsampled_x4_up/strict_N/pu_net/train/sink/sink_0032.npy,"(1024, 3)",False,False,PASS
datasets/lineB_downsampled_x4_up/strict_N/pu_net/train/sink/sink_0033.npy,"(1024, 3)",False,False,PASS
datasets/lineB_downsampled_x4_up/strict_N/pu_net/train/sink/sink_0034.npy,"(1024, 3)",False,False,PASS
datasets/lineB_downsampled_x4_up/strict_N/pu_net/train/sink/sink_0035.npy,"(1024, 3)",False,False,PASS
datasets/lineB_downsampled_x4_up/strict_N/pu_net/train/sink/sink_0036.npy,"(1024, 3)",False,False,PASS
datasets/lineB_downsampled_x4_up/strict_N/pu_net/train/sink/sink_0037.npy,"(1024, 3)",False,False,PASS
datasets/lineB_downsampled_x4_up/strict_N/pu_net/train/sink/sink_0038.npy,"(1024, 3)",False,False,PASS
datasets/lineB_downsampled_x4_up/strict_N/pu_net/train/sink/sink_0039.npy,"(1024, 3)",False,False,PASS
datasets/lineB_downsampled_x4_up/strict_N/pu_net/train/sink/sink_0040.npy,"(1024, 3)",False,False,PASS
datasets/lineB_downsampled_x4_up/strict_N/pu_net/train/sink/sink_0041.npy,"(1024, 3)",False,False,PASS
datasets/lineB_downsampled_x4_up/strict_N/pu_net/train/sink/sink_0042.npy,"(1024, 3)",False,False,PASS
datasets/lineB_downsampled_x4_up/strict_N/pu_net/train/sink/sink_0043.npy,"(1024, 3)",False,False,PASS
datasets/lineB_downsampled_x4_up/strict_N/pu_net/train/sink/sink_0044.npy,"(1024, 3)",False,False,PASS
datasets/lineB_downsampled_x4_up/strict_N/pu_net/train/sink/sink_0045.npy,"(1024, 3)",False,False,PASS
datasets/lineB_downsampled_x4_up/strict_N/pu_net/train/sink/sink_0046.npy,"(1024, 3)",False,False,PASS
datasets/lineB_downsampled_x4_up/strict_N/pu_net/train/sink/sink_0047.npy,"(1024, 3)",False,False,PASS
datasets/lineB_downsampled_x4_up/strict_N/pu_net/train/sink/sink_0048.npy,"(1024, 3)",False,False,PASS
datasets/lineB_downsampled_x4_up/strict_N/pu_net/train/sink/sink_0049.npy,"(1024, 3)",False,False,PASS
datasets/lineB_downsampled_x4_up/strict_N/pu_net/train/sink/sink_0050.npy,"(1024, 3)",False,False,PASS
datasets/lineB_downsampled_x4_up/strict_N/pu_net/train/sink/sink_0051.npy,"(1024, 3)",False,False,PASS
datasets/lineB_downsampled_x4_up/strict_N/pu_net/train/sink/sink_0052.npy,"(1024, 3)",False,False,PASS
datasets/lineB_downsampled_x4_up/strict_N/pu_net/train/sink/sink_0053.npy,"(1024, 3)",False,False,PASS
datasets/lineB_downsampled_x4_up/strict_N/pu_net/train/sink/sink_0054.npy,"(1024, 3)",False,False,PASS
datasets/lineB_downsampled_x4_up/strict_N/pu_net/train/sink/sink_0055.npy,"(1024, 3)",False,False,PASS
datasets/lineB_downsampled_x4_up/strict_N/pu_net/train/sink/sink_0056.npy,"(1024, 3)",False,False,PASS
datasets/lineB_downsampled_x4_up/strict_N/pu_net/train/sink/sink_0057.npy,"(1024, 3)",False,False,PASS
datasets/lineB_downsampled_x4_up/strict_N/pu_net/train/sink/sink_0058.npy,"(1024, 3)",False,False,PASS
datasets/lineB_downsampled_x4_up/strict_N/pu_net/train/sink/sink_0059.npy,"(1024, 3)",False,False,PASS
datasets/lineB_downsampled_x4_up/strict_N/pu_net/train/sink/sink_0060.npy,"(1024, 3)",False,False,PASS
datasets/lineB_downsampled_x4_up/strict_N/pu_net/train/sink/sink_0061.npy,"(1024, 3)",False,False,PASS
datasets/lineB_downsampled_x4_up/strict_N/pu_net/train/sink/sink_0062.npy,"(1024, 3)",False,False,PASS
datasets/lineB_downsampled_x4_up/strict_N/pu_net/train/sink/sink_0063.npy,"(1024, 3)",False,False,PASS
datasets/lineB_downsampled_x4_up/strict_N/pu_net/train/sink/sink_0064.npy,"(1024, 3)",False,False,PASS
datasets/lineB_downsampled_x4_up/strict_N/pu_net/train/sink/sink_0065.npy,"(1024, 3)",False,False,PASS
datasets/lineB_downsampled_x4_up/strict_N/pu_net/train/sink/sink_0066.npy,"(1024, 3)",False,False,PASS
datasets/lineB_downsampled_x4_up/strict_N/pu_net/train/sink/sink_0067.npy,"(1024, 3)",False,False,PASS
datasets/lineB_downsampled_x4_up/strict_N/pu_net/train/sink/sink_0068.npy,"(1024, 3)",False,False,PASS
datasets/lineB_downsampled_x4_up/strict_N/pu_net/train/sink/sink_0069.npy,"(1024, 3)",False,False,PASS
datasets/lineB_downsampled_x4_up/strict_N/pu_net/train/sink/sink_0070.npy,"(1024, 3)",False,False,PASS
datasets/lineB_downsampled_x4_up/strict_N/pu_net/train/sink/sink_0071.npy,"(1024, 3)",False,False,PASS
datasets/lineB_downsampled_x4_up/strict_N/pu_net/train/sink/sink_0072.npy,"(1024, 3)",False,False,PASS
datasets/lineB_downsampled_x4_up/strict_N/pu_net/train/sink/sink_0073.npy,"(1024, 3)",False,False,PASS
datasets/lineB_downsampled_x4_up/strict_N/pu_net/train/sink/sink_0074.npy,"(1024, 3)",False,False,PASS
datasets/lineB_downsampled_x4_up/strict_N/pu_net/train/sink/sink_0075.npy,"(1024, 3)",False,False,PASS
datasets/lineB_downsampled_x4_up/strict_N/pu_net/train/sink/sink_0076.npy,"(1024, 3)",False,False,PASS
datasets/lineB_downsampled_x4_up/strict_N/pu_net/train/sink/sink_0077.npy,"(1024, 3)",False,False,PASS
datasets/lineB_downsampled_x4_up/strict_N/pu_net/train/sink/sink_0078.npy,"(1024, 3)",False,False,PASS
datasets/lineB_downsampled_x4_up/strict_N/pu_net/train/sink/sink_0079.npy,"(1024, 3)",False,False,PASS
datasets/lineB_downsampled_x4_up/strict_N/pu_net/train/sink/sink_0080.npy,"(1024, 3)",False,False,PASS
datasets/lineB_downsampled_x4_up/strict_N/pu_net/train/sink/sink_0081.npy,"(1024, 3)",False,False,PASS
datasets/lineB_downsampled_x4_up/strict_N/pu_net/train/sink/sink_0082.npy,"(1024, 3)",False,False,PASS
datasets/lineB_downsampled_x4_up/strict_N/pu_net/train/sink/sink_0083.npy,"(1024, 3)",False,False,PASS
datasets/lineB_downsampled_x4_up/strict_N/pu_net/train/sink/sink_0084.npy,"(1024, 3)",False,False,PASS
datasets/lineB_downsampled_x4_up/strict_N/pu_net/train/sink/sink_0085.npy,"(1024, 3)",False,False,PASS
datasets/lineB_downsampled_x4_up/strict_N/pu_net/train/sink/sink_0086.npy,"(1024, 3)",False,False,PASS
datasets/lineB_downsampled_x4_up/strict_N/pu_net/train/sink/sink_0087.npy,"(1024, 3)",False,False,PASS
datasets/lineB_downsampled_x4_up/strict_N/pu_net/train/sink/sink_0088.npy,"(1024, 3)",False,False,PASS
datasets/lineB_downsampled_x4_up/strict_N/pu_net/train/sink/sink_0089.npy,"(1024, 3)",False,False,PASS
datasets/lineB_downsampled_x4_up/strict_N/pu_net/train/sink/sink_0090.npy,"(1024, 3)",False,False,PASS
datasets/lineB_downsampled_x4_up/strict_N/pu_net/train/sink/sink_0091.npy,"(1024, 3)",False,False,PASS
datasets/lineB_downsampled_x4_up/strict_N/pu_net/train/sink/sink_0092.npy,"(1024, 3)",False,False,PASS
datasets/lineB_downsampled_x4_up/strict_N/pu_net/train/sink/sink_0093.npy,"(1024, 3)",False,False,PASS
datasets/lineB_downsampled_x4_up/strict_N/pu_net/train/sink/sink_0094.npy,"(1024, 3)",False,False,PASS
datasets/lineB_downsampled_x4_up/strict_N/pu_net/train/sink/sink_0095.npy,"(1024, 3)",False,False,PASS
datasets/lineB_downsampled_x4_up/strict_N/pu_net/train/sink/sink_0096.npy,"(1024, 3)",False,False,PASS
datasets/lineB_downsampled_x4_up/strict_N/pu_net/train/sink/sink_0097.npy,"(1024, 3)",False,False,PASS
datasets/lineB_downsampled_x4_up/strict_N/pu_net/train/sink/sink_0098.npy,"(1024, 3)",False,False,PASS
datasets/lineB_downsampled_x4_up/strict_N/pu_net/train/sink/sink_0099.npy,"(1024, 3)",False,False,PASS
datasets/lineB_downsampled_x4_up/strict_N/pu_net/train/sink/sink_0100.npy,"(1024, 3)",False,False,PASS
datasets/lineB_downsampled_x4_up/strict_N/pu_net/train/sink/sink_0101.npy,"(1024, 3)",False,False,PASS
datasets/lineB_downsampled_x4_up/strict_N/pu_net/train/sink/sink_0102.npy,"(1024, 3)",False,False,PASS
datasets/lineB_downsampled_x4_up/strict_N/pu_net/train/sink/sink_0103.npy,"(1024, 3)",False,False,PASS
datasets/lineB_downsampled_x4_up/strict_N/pu_net/train/sink/sink_0104.npy,"(1024, 3)",False,False,PASS
datasets/lineB_downsampled_x4_up/strict_N/pu_net/train/sink/sink_0105.npy,"(1024, 3)",False,False,PASS
datasets/lineB_downsampled_x4_up/strict_N/pu_net/train/sink/sink_0106.npy,"(1024, 3)",False,False,PASS
datasets/lineB_downsampled_x4_up/strict_N/pu_net/train/sink/sink_0107.npy,"(1024, 3)",False,False,PASS
datasets/lineB_downsampled_x4_up/strict_N/pu_net/train/sink/sink_0108.npy,"(1024, 3)",False,False,PASS
datasets/lineB_downsampled_x4_up/strict_N/pu_net/train/sink/sink_0109.npy,"(1024, 3)",False,False,PASS
datasets/lineB_downsampled_x4_up/strict_N/pu_net/train/sink/sink_0110.npy,"(1024, 3)",False,False,PASS
datasets/lineB_downsampled_x4_up/strict_N/pu_net/train/sink/sink_0111.npy,"(1024, 3)",False,False,PASS
datasets/lineB_downsampled_x4_up/strict_N/pu_net/train/sink/sink_0112.npy,"(1024, 3)",False,False,PASS
datasets/lineB_downsampled_x4_up/strict_N/pu_net/train/sink/sink_0113.npy,"(1024, 3)",False,False,PASS
datasets/lineB_downsampled_x4_up/strict_N/pu_net/train/sink/sink_0114.npy,"(1024, 3)",False,False,PASS
datasets/lineB_downsampled_x4_up/strict_N/pu_net/train/sink/sink_0115.npy,"(1024, 3)",False,False,PASS
datasets/lineB_downsampled_x4_up/strict_N/pu_net/train/sink/sink_0116.npy,"(1024, 3)",False,False,PASS
datasets/lineB_downsampled_x4_up/strict_N/pu_net/train/sink/sink_0117.npy,"(1024, 3)",False,False,PASS
datasets/lineB_downsampled_x4_up/strict_N/pu_net/train/sink/sink_0118.npy,"(1024, 3)",False,False,PASS
datasets/lineB_downsampled_x4_up/strict_N/pu_net/train/sink/sink_0119.npy,"(1024, 3)",False,False,PASS
datasets/lineB_downsampled_x4_up/strict_N/pu_net/train/sink/sink_0120.npy,"(1024, 3)",False,False,PASS
datasets/lineB_downsampled_x4_up/strict_N/pu_net/train/sink/sink_0121.npy,"(1024, 3)",False,False,PASS
datasets/lineB_downsampled_x4_up/strict_N/pu_net/train/sink/sink_0122.npy,"(1024, 3)",False,False,PASS
datasets/lineB_downsampled_x4_up/strict_N/pu_net/train/sink/sink_0123.npy,"(1024, 3)",False,False,PASS
datasets/lineB_downsampled_x4_up/strict_N/pu_net/train/sink/sink_0124.npy,"(1024, 3)",False,False,PASS
datasets/lineB_downsampled_x4_up/strict_N/pu_net/train/sink/sink_0125.npy,"(1024, 3)",False,False,PASS
datasets/lineB_downsampled_x4_up/strict_N/pu_net/train/sink/sink_0126.npy,"(1024, 3)",False,False,PASS
datasets/lineB_downsampled_x4_up/strict_N/pu_net/train/sink/sink_0127.npy,"(1024, 3)",False,False,PASS
datasets/lineB_downsampled_x4_up/strict_N/pu_net/train/sink/sink_0128.npy,"(1024, 3)",False,False,PASS
datasets/lineB_downsampled_x4_up/strict_N/pu_net/train/sofa/sofa_0001.npy,"(1024, 3)",False,False,PASS
datasets/lineB_downsampled_x4_up/strict_N/pu_net/train/sofa/sofa_0002.npy,"(1024, 3)",False,False,PASS
datasets/lineB_downsampled_x4_up/strict_N/pu_net/train/sofa/sofa_0003.npy,"(1024, 3)",False,False,PASS
datasets/lineB_downsampled_x4_up/strict_N/pu_net/train/sofa/sofa_0004.npy,"(1024, 3)",False,False,PASS
datasets/lineB_downsampled_x4_up/strict_N/pu_net/train/sofa/sofa_0005.npy,"(1024, 3)",False,False,PASS
datasets/lineB_downsampled_x4_up/strict_N/pu_net/train/sofa/sofa_0006.npy,"(1024, 3)",False,False,PASS
datasets/lineB_downsampled_x4_up/strict_N/pu_net/train/sofa/sofa_0007.npy,"(1024, 3)",False,False,PASS
datasets/lineB_downsampled_x4_up/strict_N/pu_net/train/sofa/sofa_0008.npy,"(1024, 3)",False,False,PASS
datasets/lineB_downsampled_x4_up/strict_N/pu_net/train/sofa/sofa_0009.npy,"(1024, 3)",False,False,PASS
datasets/lineB_downsampled_x4_up/strict_N/pu_net/train/sofa/sofa_0010.npy,"(1024, 3)",False,False,PASS
datasets/lineB_downsampled_x4_up/strict_N/pu_net/train/sofa/sofa_0011.npy,"(1024, 3)",False,False,PASS
datasets/lineB_downsampled_x4_up/strict_N/pu_net/train/sofa/sofa_0012.npy,"(1024, 3)",False,False,PASS
datasets/lineB_downsampled_x4_up/strict_N/pu_net/train/sofa/sofa_0013.npy,"(1024, 3)",False,False,PASS
datasets/lineB_downsampled_x4_up/strict_N/pu_net/train/sofa/sofa_0014.npy,"(1024, 3)",False,False,PASS
datasets/lineB_downsampled_x4_up/strict_N/pu_net/train/sofa/sofa_0015.npy,"(1024, 3)",False,False,PASS
datasets/lineB_downsampled_x4_up/strict_N/pu_net/train/sofa/sofa_0016.npy,"(1024, 3)",False,False,PASS
datasets/lineB_downsampled_x4_up/strict_N/pu_net/train/sofa/sofa_0017.npy,"(1024, 3)",False,False,PASS
datasets/lineB_downsampled_x4_up/strict_N/pu_net/train/sofa/sofa_0018.npy,"(1024, 3)",False,False,PASS
datasets/lineB_downsampled_x4_up/strict_N/pu_net/train/sofa/sofa_0019.npy,"(1024, 3)",False,False,PASS
datasets/lineB_downsampled_x4_up/strict_N/pu_net/train/sofa/sofa_0020.npy,"(1024, 3)",False,False,PASS
datasets/lineB_downsampled_x4_up/strict_N/pu_net/train/sofa/sofa_0021.npy,"(1024, 3)",False,False,PASS
datasets/lineB_downsampled_x4_up/strict_N/pu_net/train/sofa/sofa_0022.npy,"(1024, 3)",False,False,PASS
datasets/lineB_downsampled_x4_up/strict_N/pu_net/train/sofa/sofa_0023.npy,"(1024, 3)",False,False,PASS
datasets/lineB_downsampled_x4_up/strict_N/pu_net/train/sofa/sofa_0024.npy,"(1024, 3)",False,False,PASS
datasets/lineB_downsampled_x4_up/strict_N/pu_net/train/sofa/sofa_0025.npy,"(1024, 3)",False,False,PASS
datasets/lineB_downsampled_x4_up/strict_N/pu_net/train/sofa/sofa_0026.npy,"(1024, 3)",False,False,PASS
datasets/lineB_downsampled_x4_up/strict_N/pu_net/train/sofa/sofa_0027.npy,"(1024, 3)",False,False,PASS
datasets/lineB_downsampled_x4_up/strict_N/pu_net/train/sofa/sofa_0028.npy,"(1024, 3)",False,False,PASS
datasets/lineB_downsampled_x4_up/strict_N/pu_net/train/sofa/sofa_0029.npy,"(1024, 3)",False,False,PASS
datasets/lineB_downsampled_x4_up/strict_N/pu_net/train/sofa/sofa_0030.npy,"(1024, 3)",False,False,PASS
datasets/lineB_downsampled_x4_up/strict_N/pu_net/train/sofa/sofa_0031.npy,"(1024, 3)",False,False,PASS
datasets/lineB_downsampled_x4_up/strict_N/pu_net/train/sofa/sofa_0032.npy,"(1024, 3)",False,False,PASS
datasets/lineB_downsampled_x4_up/strict_N/pu_net/train/sofa/sofa_0033.npy,"(1024, 3)",False,False,PASS
datasets/lineB_downsampled_x4_up/strict_N/pu_net/train/sofa/sofa_0034.npy,"(1024, 3)",False,False,PASS
datasets/lineB_downsampled_x4_up/strict_N/pu_net/train/sofa/sofa_0035.npy,"(1024, 3)",False,False,PASS
datasets/lineB_downsampled_x4_up/strict_N/pu_net/train/sofa/sofa_0036.npy,"(1024, 3)",False,False,PASS
datasets/lineB_downsampled_x4_up/strict_N/pu_net/train/sofa/sofa_0037.npy,"(1024, 3)",False,False,PASS
datasets/lineB_downsampled_x4_up/strict_N/pu_net/train/sofa/sofa_0038.npy,"(1024, 3)",False,False,PASS
datasets/lineB_downsampled_x4_up/strict_N/pu_net/train/sofa/sofa_0039.npy,"(1024, 3)",False,False,PASS
datasets/lineB_downsampled_x4_up/strict_N/pu_net/train/sofa/sofa_0040.npy,"(1024, 3)",False,False,PASS
datasets/lineB_downsampled_x4_up/strict_N/pu_net/train/sofa/sofa_0041.npy,"(1024, 3)",False,False,PASS
datasets/lineB_downsampled_x4_up/strict_N/pu_net/train/sofa/sofa_0042.npy,"(1024, 3)",False,False,PASS
datasets/lineB_downsampled_x4_up/strict_N/pu_net/train/sofa/sofa_0043.npy,"(1024, 3)",False,False,PASS
datasets/lineB_downsampled_x4_up/strict_N/pu_net/train/sofa/sofa_0044.npy,"(1024, 3)",False,False,PASS
datasets/lineB_downsampled_x4_up/strict_N/pu_net/train/sofa/sofa_0045.npy,"(1024, 3)",False,False,PASS
datasets/lineB_downsampled_x4_up/strict_N/pu_net/train/sofa/sofa_0046.npy,"(1024, 3)",False,False,PASS
datasets/lineB_downsampled_x4_up/strict_N/pu_net/train/sofa/sofa_0047.npy,"(1024, 3)",False,False,PASS
datasets/lineB_downsampled_x4_up/strict_N/pu_net/train/sofa/sofa_0048.npy,"(1024, 3)",False,False,PASS
datasets/lineB_downsampled_x4_up/strict_N/pu_net/train/sofa/sofa_0049.npy,"(1024, 3)",False,False,PASS
datasets/lineB_downsampled_x4_up/strict_N/pu_net/train/sofa/sofa_0050.npy,"(1024, 3)",False,False,PASS
datasets/lineB_downsampled_x4_up/strict_N/pu_net/train/sofa/sofa_0051.npy,"(1024, 3)",False,False,PASS
datasets/lineB_downsampled_x4_up/strict_N/pu_net/train/sofa/sofa_0052.npy,"(1024, 3)",False,False,PASS
datasets/lineB_downsampled_x4_up/strict_N/pu_net/train/sofa/sofa_0053.npy,"(1024, 3)",False,False,PASS
datasets/lineB_downsampled_x4_up/strict_N/pu_net/train/sofa/sofa_0054.npy,"(1024, 3)",False,False,PASS
datasets/lineB_downsampled_x4_up/strict_N/pu_net/train/sofa/sofa_0055.npy,"(1024, 3)",False,False,PASS
datasets/lineB_downsampled_x4_up/strict_N/pu_net/train/sofa/sofa_0056.npy,"(1024, 3)",False,False,PASS
datasets/lineB_downsampled_x4_up/strict_N/pu_net/train/sofa/sofa_0057.npy,"(1024, 3)",False,False,PASS
datasets/lineB_downsampled_x4_up/strict_N/pu_net/train/sofa/sofa_0058.npy,"(1024, 3)",False,False,PASS
datasets/lineB_downsampled_x4_up/strict_N/pu_net/train/sofa/sofa_0059.npy,"(1024, 3)",False,False,PASS
datasets/lineB_downsampled_x4_up/strict_N/pu_net/train/sofa/sofa_0060.npy,"(1024, 3)",False,False,PASS
datasets/lineB_downsampled_x4_up/strict_N/pu_net/train/sofa/sofa_0061.npy,"(1024, 3)",False,False,PASS
datasets/lineB_downsampled_x4_up/strict_N/pu_net/train/sofa/sofa_0062.npy,"(1024, 3)",False,False,PASS
datasets/lineB_downsampled_x4_up/strict_N/pu_net/train/sofa/sofa_0063.npy,"(1024, 3)",False,False,PASS
datasets/lineB_downsampled_x4_up/strict_N/pu_net/train/sofa/sofa_0064.npy,"(1024, 3)",False,False,PASS
datasets/lineB_downsampled_x4_up/strict_N/pu_net/train/sofa/sofa_0065.npy,"(1024, 3)",False,False,PASS
datasets/lineB_downsampled_x4_up/strict_N/pu_net/train/sofa/sofa_0066.npy,"(1024, 3)",False,False,PASS
datasets/lineB_downsampled_x4_up/strict_N/pu_net/train/sofa/sofa_0067.npy,"(1024, 3)",False,False,PASS
datasets/lineB_downsampled_x4_up/strict_N/pu_net/train/sofa/sofa_0068.npy,"(1024, 3)",False,False,PASS
datasets/lineB_downsampled_x4_up/strict_N/pu_net/train/sofa/sofa_0069.npy,"(1024, 3)",False,False,PASS
datasets/lineB_downsampled_x4_up/strict_N/pu_net/train/sofa/sofa_0070.npy,"(1024, 3)",False,False,PASS
datasets/lineB_downsampled_x4_up/strict_N/pu_net/train/sofa/sofa_0071.npy,"(1024, 3)",False,False,PASS
datasets/lineB_downsampled_x4_up/strict_N/pu_net/train/sofa/sofa_0072.npy,"(1024, 3)",False,False,PASS
datasets/lineB_downsampled_x4_up/strict_N/pu_net/train/sofa/sofa_0073.npy,"(1024, 3)",False,False,PASS
datasets/lineB_downsampled_x4_up/strict_N/pu_net/train/sofa/sofa_0074.npy,"(1024, 3)",False,False,PASS
datasets/lineB_downsampled_x4_up/strict_N/pu_net/train/sofa/sofa_0075.npy,"(1024, 3)",False,False,PASS
datasets/lineB_downsampled_x4_up/strict_N/pu_net/train/sofa/sofa_0076.npy,"(1024, 3)",False,False,PASS
datasets/lineB_downsampled_x4_up/strict_N/pu_net/train/sofa/sofa_0077.npy,"(1024, 3)",False,False,PASS
datasets/lineB_downsampled_x4_up/strict_N/pu_net/train/sofa/sofa_0078.npy,"(1024, 3)",False,False,PASS
datasets/lineB_downsampled_x4_up/strict_N/pu_net/train/sofa/sofa_0079.npy,"(1024, 3)",False,False,PASS
datasets/lineB_downsampled_x4_up/strict_N/pu_net/train/sofa/sofa_0080.npy,"(1024, 3)",False,False,PASS
datasets/lineB_downsampled_x4_up/strict_N/pu_net/train/sofa/sofa_0081.npy,"(1024, 3)",False,False,PASS
datasets/lineB_downsampled_x4_up/strict_N/pu_net/train/sofa/sofa_0082.npy,"(1024, 3)",False,False,PASS
datasets/lineB_downsampled_x4_up/strict_N/pu_net/train/sofa/sofa_0083.npy,"(1024, 3)",False,False,PASS
datasets/lineB_downsampled_x4_up/strict_N/pu_net/train/sofa/sofa_0084.npy,"(1024, 3)",False,False,PASS
datasets/lineB_downsampled_x4_up/strict_N/pu_net/train/sofa/sofa_0085.npy,"(1024, 3)",False,False,PASS
datasets/lineB_downsampled_x4_up/strict_N/pu_net/train/sofa/sofa_0086.npy,"(1024, 3)",False,False,PASS
datasets/lineB_downsampled_x4_up/strict_N/pu_net/train/sofa/sofa_0087.npy,"(1024, 3)",False,False,PASS
datasets/lineB_downsampled_x4_up/strict_N/pu_net/train/sofa/sofa_0088.npy,"(1024, 3)",False,False,PASS
datasets/lineB_downsampled_x4_up/strict_N/pu_net/train/sofa/sofa_0089.npy,"(1024, 3)",False,False,PASS
datasets/lineB_downsampled_x4_up/strict_N/pu_net/train/sofa/sofa_0090.npy,"(1024, 3)",False,False,PASS
datasets/lineB_downsampled_x4_up/strict_N/pu_net/train/sofa/sofa_0091.npy,"(1024, 3)",False,False,PASS
datasets/lineB_downsampled_x4_up/strict_N/pu_net/train/sofa/sofa_0092.npy,"(1024, 3)",False,False,PASS
datasets/lineB_downsampled_x4_up/strict_N/pu_net/train/sofa/sofa_0093.npy,"(1024, 3)",False,False,PASS
datasets/lineB_downsampled_x4_up/strict_N/pu_net/train/sofa/sofa_0094.npy,"(1024, 3)",False,False,PASS
datasets/lineB_downsampled_x4_up/strict_N/pu_net/train/sofa/sofa_0095.npy,"(1024, 3)",False,False,PASS
datasets/lineB_downsampled_x4_up/strict_N/pu_net/train/sofa/sofa_0096.npy,"(1024, 3)",False,False,PASS
datasets/lineB_downsampled_x4_up/strict_N/pu_net/train/sofa/sofa_0097.npy,"(1024, 3)",False,False,PASS
datasets/lineB_downsampled_x4_up/strict_N/pu_net/train/sofa/sofa_0098.npy,"(1024, 3)",False,False,PASS
datasets/lineB_downsampled_x4_up/strict_N/pu_net/train/sofa/sofa_0099.npy,"(1024, 3)",False,False,PASS
datasets/lineB_downsampled_x4_up/strict_N/pu_net/train/sofa/sofa_0100.npy,"(1024, 3)",False,False,PASS
datasets/lineB_downsampled_x4_up/strict_N/pu_net/train/sofa/sofa_0101.npy,"(1024, 3)",False,False,PASS
datasets/lineB_downsampled_x4_up/strict_N/pu_net/train/sofa/sofa_0102.npy,"(1024, 3)",False,False,PASS
datasets/lineB_downsampled_x4_up/strict_N/pu_net/train/sofa/sofa_0103.npy,"(1024, 3)",False,False,PASS
datasets/lineB_downsampled_x4_up/strict_N/pu_net/train/sofa/sofa_0104.npy,"(1024, 3)",False,False,PASS
datasets/lineB_downsampled_x4_up/strict_N/pu_net/train/sofa/sofa_0105.npy,"(1024, 3)",False,False,PASS
datasets/lineB_downsampled_x4_up/strict_N/pu_net/train/sofa/sofa_0106.npy,"(1024, 3)",False,False,PASS
datasets/lineB_downsampled_x4_up/strict_N/pu_net/train/sofa/sofa_0107.npy,"(1024, 3)",False,False,PASS
datasets/lineB_downsampled_x4_up/strict_N/pu_net/train/sofa/sofa_0108.npy,"(1024, 3)",False,False,PASS
datasets/lineB_downsampled_x4_up/strict_N/pu_net/train/sofa/sofa_0109.npy,"(1024, 3)",False,False,PASS
datasets/lineB_downsampled_x4_up/strict_N/pu_net/train/sofa/sofa_0110.npy,"(1024, 3)",False,False,PASS
datasets/lineB_downsampled_x4_up/strict_N/pu_net/train/sofa/sofa_0111.npy,"(1024, 3)",False,False,PASS
datasets/lineB_downsampled_x4_up/strict_N/pu_net/train/sofa/sofa_0112.npy,"(1024, 3)",False,False,PASS
datasets/lineB_downsampled_x4_up/strict_N/pu_net/train/sofa/sofa_0113.npy,"(1024, 3)",False,False,PASS
datasets/lineB_downsampled_x4_up/strict_N/pu_net/train/sofa/sofa_0114.npy,"(1024, 3)",False,False,PASS
datasets/lineB_downsampled_x4_up/strict_N/pu_net/train/sofa/sofa_0115.npy,"(1024, 3)",False,False,PASS
datasets/lineB_downsampled_x4_up/strict_N/pu_net/train/sofa/sofa_0116.npy,"(1024, 3)",False,False,PASS
datasets/lineB_downsampled_x4_up/strict_N/pu_net/train/sofa/sofa_0117.npy,"(1024, 3)",False,False,PASS
datasets/lineB_downsampled_x4_up/strict_N/pu_net/train/sofa/sofa_0118.npy,"(1024, 3)",False,False,PASS
datasets/lineB_downsampled_x4_up/strict_N/pu_net/train/sofa/sofa_0119.npy,"(1024, 3)",False,False,PASS
datasets/lineB_downsampled_x4_up/strict_N/pu_net/train/sofa/sofa_0120.npy,"(1024, 3)",False,False,PASS
datasets/lineB_downsampled_x4_up/strict_N/pu_net/train/sofa/sofa_0121.npy,"(1024, 3)",False,False,PASS
datasets/lineB_downsampled_x4_up/strict_N/pu_net/train/sofa/sofa_0122.npy,"(1024, 3)",False,False,PASS
datasets/lineB_downsampled_x4_up/strict_N/pu_net/train/sofa/sofa_0123.npy,"(1024, 3)",False,False,PASS
datasets/lineB_downsampled_x4_up/strict_N/pu_net/train/sofa/sofa_0124.npy,"(1024, 3)",False,False,PASS
datasets/lineB_downsampled_x4_up/strict_N/pu_net/train/sofa/sofa_0125.npy,"(1024, 3)",False,False,PASS
datasets/lineB_downsampled_x4_up/strict_N/pu_net/train/sofa/sofa_0126.npy,"(1024, 3)",False,False,PASS
datasets/lineB_downsampled_x4_up/strict_N/pu_net/train/sofa/sofa_0127.npy,"(1024, 3)",False,False,PASS
datasets/lineB_downsampled_x4_up/strict_N/pu_net/train/sofa/sofa_0128.npy,"(1024, 3)",False,False,PASS
datasets/lineB_downsampled_x4_up/strict_N/pu_net/train/sofa/sofa_0129.npy,"(1024, 3)",False,False,PASS
datasets/lineB_downsampled_x4_up/strict_N/pu_net/train/sofa/sofa_0130.npy,"(1024, 3)",False,False,PASS
datasets/lineB_downsampled_x4_up/strict_N/pu_net/train/sofa/sofa_0131.npy,"(1024, 3)",False,False,PASS
datasets/lineB_downsampled_x4_up/strict_N/pu_net/train/sofa/sofa_0132.npy,"(1024, 3)",False,False,PASS
datasets/lineB_downsampled_x4_up/strict_N/pu_net/train/sofa/sofa_0425.npy,"(1024, 3)",False,False,PASS
datasets/lineB_downsampled_x4_up/strict_N/pu_net/train/sofa/sofa_0426.npy,"(1024, 3)",False,False,PASS
datasets/lineB_downsampled_x4_up/strict_N/pu_net/train/sofa/sofa_0427.npy,"(1024, 3)",False,False,PASS
datasets/lineB_downsampled_x4_up/strict_N/pu_net/train/sofa/sofa_0428.npy,"(1024, 3)",False,False,PASS
datasets/lineB_downsampled_x4_up/strict_N/pu_net/train/sofa/sofa_0429.npy,"(1024, 3)",False,False,PASS
datasets/lineB_downsampled_x4_up/strict_N/pu_net/train/sofa/sofa_0430.npy,"(1024, 3)",False,False,PASS
datasets/lineB_downsampled_x4_up/strict_N/pu_net/train/sofa/sofa_0431.npy,"(1024, 3)",False,False,PASS
datasets/lineB_downsampled_x4_up/strict_N/pu_net/train/sofa/sofa_0432.npy,"(1024, 3)",False,False,PASS
datasets/lineB_downsampled_x4_up/strict_N/pu_net/train/sofa/sofa_0433.npy,"(1024, 3)",False,False,PASS
datasets/lineB_downsampled_x4_up/strict_N/pu_net/train/sofa/sofa_0434.npy,"(1024, 3)",False,False,PASS
datasets/lineB_downsampled_x4_up/strict_N/pu_net/train/sofa/sofa_0435.npy,"(1024, 3)",False,False,PASS
datasets/lineB_downsampled_x4_up/strict_N/pu_net/train/sofa/sofa_0436.npy,"(1024, 3)",False,False,PASS
datasets/lineB_downsampled_x4_up/strict_N/pu_net/train/sofa/sofa_0437.npy,"(1024, 3)",False,False,PASS
datasets/lineB_downsampled_x4_up/strict_N/pu_net/train/sofa/sofa_0438.npy,"(1024, 3)",False,False,PASS
datasets/lineB_downsampled_x4_up/strict_N/pu_net/train/sofa/sofa_0439.npy,"(1024, 3)",False,False,PASS
datasets/lineB_downsampled_x4_up/strict_N/pu_net/train/sofa/sofa_0440.npy,"(1024, 3)",False,False,PASS
datasets/lineB_downsampled_x4_up/strict_N/pu_net/train/sofa/sofa_0441.npy,"(1024, 3)",False,False,PASS
datasets/lineB_downsampled_x4_up/strict_N/pu_net/train/sofa/sofa_0442.npy,"(1024, 3)",False,False,PASS
datasets/lineB_downsampled_x4_up/strict_N/pu_net/train/sofa/sofa_0443.npy,"(1024, 3)",False,False,PASS
datasets/lineB_downsampled_x4_up/strict_N/pu_net/train/sofa/sofa_0444.npy,"(1024, 3)",False,False,PASS
datasets/lineB_downsampled_x4_up/strict_N/pu_net/train/sofa/sofa_0445.npy,"(1024, 3)",False,False,PASS
datasets/lineB_downsampled_x4_up/strict_N/pu_net/train/sofa/sofa_0446.npy,"(1024, 3)",False,False,PASS
datasets/lineB_downsampled_x4_up/strict_N/pu_net/train/sofa/sofa_0447.npy,"(1024, 3)",False,False,PASS
datasets/lineB_downsampled_x4_up/strict_N/pu_net/train/sofa/sofa_0448.npy,"(1024, 3)",False,False,PASS
datasets/lineB_downsampled_x4_up/strict_N/pu_net/train/sofa/sofa_0449.npy,"(1024, 3)",False,False,PASS
datasets/lineB_downsampled_x4_up/strict_N/pu_net/train/sofa/sofa_0450.npy,"(1024, 3)",False,False,PASS
datasets/lineB_downsampled_x4_up/strict_N/pu_net/train/sofa/sofa_0451.npy,"(1024, 3)",False,False,PASS
datasets/lineB_downsampled_x4_up/strict_N/pu_net/train/sofa/sofa_0452.npy,"(1024, 3)",False,False,PASS
datasets/lineB_downsampled_x4_up/strict_N/pu_net/train/sofa/sofa_0453.npy,"(1024, 3)",False,False,PASS
datasets/lineB_downsampled_x4_up/strict_N/pu_net/train/sofa/sofa_0454.npy,"(1024, 3)",False,False,PASS
datasets/lineB_downsampled_x4_up/strict_N/pu_net/train/sofa/sofa_0455.npy,"(1024, 3)",False,False,PASS
datasets/lineB_downsampled_x4_up/strict_N/pu_net/train/sofa/sofa_0456.npy,"(1024, 3)",False,False,PASS
datasets/lineB_downsampled_x4_up/strict_N/pu_net/train/sofa/sofa_0457.npy,"(1024, 3)",False,False,PASS
datasets/lineB_downsampled_x4_up/strict_N/pu_net/train/sofa/sofa_0458.npy,"(1024, 3)",False,False,PASS
datasets/lineB_downsampled_x4_up/strict_N/pu_net/train/sofa/sofa_0459.npy,"(1024, 3)",False,False,PASS
datasets/lineB_downsampled_x4_up/strict_N/pu_net/train/sofa/sofa_0460.npy,"(1024, 3)",False,False,PASS
datasets/lineB_downsampled_x4_up/strict_N/pu_net/train/sofa/sofa_0461.npy,"(1024, 3)",False,False,PASS
datasets/lineB_downsampled_x4_up/strict_N/pu_net/train/sofa/sofa_0462.npy,"(1024, 3)",False,False,PASS
datasets/lineB_downsampled_x4_up/strict_N/pu_net/train/sofa/sofa_0463.npy,"(1024, 3)",False,False,PASS
datasets/lineB_downsampled_x4_up/strict_N/pu_net/train/sofa/sofa_0464.npy,"(1024, 3)",False,False,PASS
datasets/lineB_downsampled_x4_up/strict_N/pu_net/train/sofa/sofa_0465.npy,"(1024, 3)",False,False,PASS
datasets/lineB_downsampled_x4_up/strict_N/pu_net/train/sofa/sofa_0466.npy,"(1024, 3)",False,False,PASS
datasets/lineB_downsampled_x4_up/strict_N/pu_net/train/sofa/sofa_0467.npy,"(1024, 3)",False,False,PASS
datasets/lineB_downsampled_x4_up/strict_N/pu_net/train/sofa/sofa_0468.npy,"(1024, 3)",False,False,PASS
datasets/lineB_downsampled_x4_up/strict_N/pu_net/train/sofa/sofa_0469.npy,"(1024, 3)",False,False,PASS
datasets/lineB_downsampled_x4_up/strict_N/pu_net/train/sofa/sofa_0470.npy,"(1024, 3)",False,False,PASS
datasets/lineB_downsampled_x4_up/strict_N/pu_net/train/sofa/sofa_0471.npy,"(1024, 3)",False,False,PASS
datasets/lineB_downsampled_x4_up/strict_N/pu_net/train/sofa/sofa_0472.npy,"(1024, 3)",False,False,PASS
datasets/lineB_downsampled_x4_up/strict_N/pu_net/train/sofa/sofa_0473.npy,"(1024, 3)",False,False,PASS
datasets/lineB_downsampled_x4_up/strict_N/pu_net/train/sofa/sofa_0474.npy,"(1024, 3)",False,False,PASS
datasets/lineB_downsampled_x4_up/strict_N/pu_net/train/sofa/sofa_0475.npy,"(1024, 3)",False,False,PASS
datasets/lineB_downsampled_x4_up/strict_N/pu_net/train/sofa/sofa_0476.npy,"(1024, 3)",False,False,PASS
datasets/lineB_downsampled_x4_up/strict_N/pu_net/train/sofa/sofa_0477.npy,"(1024, 3)",False,False,PASS
datasets/lineB_downsampled_x4_up/strict_N/pu_net/train/sofa/sofa_0478.npy,"(1024, 3)",False,False,PASS
datasets/lineB_downsampled_x4_up/strict_N/pu_net/train/sofa/sofa_0479.npy,"(1024, 3)",False,False,PASS
datasets/lineB_downsampled_x4_up/strict_N/pu_net/train/sofa/sofa_0480.npy,"(1024, 3)",False,False,PASS
datasets/lineB_downsampled_x4_up/strict_N/pu_net/train/sofa/sofa_0481.npy,"(1024, 3)",False,False,PASS
datasets/lineB_downsampled_x4_up/strict_N/pu_net/train/sofa/sofa_0482.npy,"(1024, 3)",False,False,PASS
datasets/lineB_downsampled_x4_up/strict_N/pu_net/train/sofa/sofa_0483.npy,"(1024, 3)",False,False,PASS
datasets/lineB_downsampled_x4_up/strict_N/pu_net/train/sofa/sofa_0484.npy,"(1024, 3)",False,False,PASS
datasets/lineB_downsampled_x4_up/strict_N/pu_net/train/sofa/sofa_0485.npy,"(1024, 3)",False,False,PASS
datasets/lineB_downsampled_x4_up/strict_N/pu_net/train/sofa/sofa_0486.npy,"(1024, 3)",False,False,PASS
datasets/lineB_downsampled_x4_up/strict_N/pu_net/train/sofa/sofa_0487.npy,"(1024, 3)",False,False,PASS
datasets/lineB_downsampled_x4_up/strict_N/pu_net/train/sofa/sofa_0488.npy,"(1024, 3)",False,False,PASS
datasets/lineB_downsampled_x4_up/strict_N/pu_net/train/sofa/sofa_0489.npy,"(1024, 3)",False,False,PASS
datasets/lineB_downsampled_x4_up/strict_N/pu_net/train/sofa/sofa_0490.npy,"(1024, 3)",False,False,PASS
datasets/lineB_downsampled_x4_up/strict_N/pu_net/train/sofa/sofa_0491.npy,"(1024, 3)",False,False,PASS
datasets/lineB_downsampled_x4_up/strict_N/pu_net/train/sofa/sofa_0492.npy,"(1024, 3)",False,False,PASS
datasets/lineB_downsampled_x4_up/strict_N/pu_net/train/sofa/sofa_0493.npy,"(1024, 3)",False,False,PASS
datasets/lineB_downsampled_x4_up/strict_N/pu_net/train/sofa/sofa_0494.npy,"(1024, 3)",False,False,PASS
datasets/lineB_downsampled_x4_up/strict_N/pu_net/train/sofa/sofa_0495.npy,"(1024, 3)",False,False,PASS
datasets/lineB_downsampled_x4_up/strict_N/pu_net/train/sofa/sofa_0496.npy,"(1024, 3)",False,False,PASS
datasets/lineB_downsampled_x4_up/strict_N/pu_net/train/sofa/sofa_0497.npy,"(1024, 3)",False,False,PASS
datasets/lineB_downsampled_x4_up/strict_N/pu_net/train/sofa/sofa_0498.npy,"(1024, 3)",False,False,PASS
datasets/lineB_downsampled_x4_up/strict_N/pu_net/train/sofa/sofa_0499.npy,"(1024, 3)",False,False,PASS
datasets/lineB_downsampled_x4_up/strict_N/pu_net/train/sofa/sofa_0500.npy,"(1024, 3)",False,False,PASS
datasets/lineB_downsampled_x4_up/strict_N/pu_net/train/sofa/sofa_0501.npy,"(1024, 3)",False,False,PASS
datasets/lineB_downsampled_x4_up/strict_N/pu_net/train/sofa/sofa_0502.npy,"(1024, 3)",False,False,PASS
datasets/lineB_downsampled_x4_up/strict_N/pu_net/train/sofa/sofa_0503.npy,"(1024, 3)",False,False,PASS
datasets/lineB_downsampled_x4_up/strict_N/pu_net/train/sofa/sofa_0504.npy,"(1024, 3)",False,False,PASS
datasets/lineB_downsampled_x4_up/strict_N/pu_net/train/sofa/sofa_0505.npy,"(1024, 3)",False,False,PASS
datasets/lineB_downsampled_x4_up/strict_N/pu_net/train/sofa/sofa_0506.npy,"(1024, 3)",False,False,PASS
datasets/lineB_downsampled_x4_up/strict_N/pu_net/train/sofa/sofa_0507.npy,"(1024, 3)",False,False,PASS
datasets/lineB_downsampled_x4_up/strict_N/pu_net/train/sofa/sofa_0508.npy,"(1024, 3)",False,False,PASS
datasets/lineB_downsampled_x4_up/strict_N/pu_net/train/sofa/sofa_0509.npy,"(1024, 3)",False,False,PASS
datasets/lineB_downsampled_x4_up/strict_N/pu_net/train/sofa/sofa_0510.npy,"(1024, 3)",False,False,PASS
datasets/lineB_downsampled_x4_up/strict_N/pu_net/train/sofa/sofa_0511.npy,"(1024, 3)",False,False,PASS
datasets/lineB_downsampled_x4_up/strict_N/pu_net/train/sofa/sofa_0512.npy,"(1024, 3)",False,False,PASS
datasets/lineB_downsampled_x4_up/strict_N/pu_net/train/sofa/sofa_0513.npy,"(1024, 3)",False,False,PASS
datasets/lineB_downsampled_x4_up/strict_N/pu_net/train/sofa/sofa_0514.npy,"(1024, 3)",False,False,PASS
datasets/lineB_downsampled_x4_up/strict_N/pu_net/train/sofa/sofa_0515.npy,"(1024, 3)",False,False,PASS
datasets/lineB_downsampled_x4_up/strict_N/pu_net/train/sofa/sofa_0516.npy,"(1024, 3)",False,False,PASS
datasets/lineB_downsampled_x4_up/strict_N/pu_net/train/sofa/sofa_0517.npy,"(1024, 3)",False,False,PASS
datasets/lineB_downsampled_x4_up/strict_N/pu_net/train/sofa/sofa_0518.npy,"(1024, 3)",False,False,PASS
datasets/lineB_downsampled_x4_up/strict_N/pu_net/train/sofa/sofa_0519.npy,"(1024, 3)",False,False,PASS
datasets/lineB_downsampled_x4_up/strict_N/pu_net/train/sofa/sofa_0520.npy,"(1024, 3)",False,False,PASS
datasets/lineB_downsampled_x4_up/strict_N/pu_net/train/sofa/sofa_0521.npy,"(1024, 3)",False,False,PASS
datasets/lineB_downsampled_x4_up/strict_N/pu_net/train/sofa/sofa_0522.npy,"(1024, 3)",False,False,PASS
datasets/lineB_downsampled_x4_up/strict_N/pu_net/train/sofa/sofa_0523.npy,"(1024, 3)",False,False,PASS
datasets/lineB_downsampled_x4_up/strict_N/pu_net/train/sofa/sofa_0524.npy,"(1024, 3)",False,False,PASS
datasets/lineB_downsampled_x4_up/strict_N/pu_net/train/sofa/sofa_0525.npy,"(1024, 3)",False,False,PASS
datasets/lineB_downsampled_x4_up/strict_N/pu_net/train/sofa/sofa_0526.npy,"(1024, 3)",False,False,PASS
datasets/lineB_downsampled_x4_up/strict_N/pu_net/train/sofa/sofa_0527.npy,"(1024, 3)",False,False,PASS
datasets/lineB_downsampled_x4_up/strict_N/pu_net/train/sofa/sofa_0528.npy,"(1024, 3)",False,False,PASS
datasets/lineB_downsampled_x4_up/strict_N/pu_net/train/sofa/sofa_0529.npy,"(1024, 3)",False,False,PASS
datasets/lineB_downsampled_x4_up/strict_N/pu_net/train/sofa/sofa_0530.npy,"(1024, 3)",False,False,PASS
datasets/lineB_downsampled_x4_up/strict_N/pu_net/train/sofa/sofa_0531.npy,"(1024, 3)",False,False,PASS
datasets/lineB_downsampled_x4_up/strict_N/pu_net/train/sofa/sofa_0532.npy,"(1024, 3)",False,False,PASS
datasets/lineB_downsampled_x4_up/strict_N/pu_net/train/sofa/sofa_0533.npy,"(1024, 3)",False,False,PASS
datasets/lineB_downsampled_x4_up/strict_N/pu_net/train/sofa/sofa_0534.npy,"(1024, 3)",False,False,PASS
datasets/lineB_downsampled_x4_up/strict_N/pu_net/train/sofa/sofa_0535.npy,"(1024, 3)",False,False,PASS
datasets/lineB_downsampled_x4_up/strict_N/pu_net/train/sofa/sofa_0536.npy,"(1024, 3)",False,False,PASS
datasets/lineB_downsampled_x4_up/strict_N/pu_net/train/sofa/sofa_0537.npy,"(1024, 3)",False,False,PASS
datasets/lineB_downsampled_x4_up/strict_N/pu_net/train/sofa/sofa_0538.npy,"(1024, 3)",False,False,PASS
datasets/lineB_downsampled_x4_up/strict_N/pu_net/train/sofa/sofa_0539.npy,"(1024, 3)",False,False,PASS
datasets/lineB_downsampled_x4_up/strict_N/pu_net/train/sofa/sofa_0540.npy,"(1024, 3)",False,False,PASS
datasets/lineB_downsampled_x4_up/strict_N/pu_net/train/sofa/sofa_0541.npy,"(1024, 3)",False,False,PASS
datasets/lineB_downsampled_x4_up/strict_N/pu_net/train/sofa/sofa_0542.npy,"(1024, 3)",False,False,PASS
datasets/lineB_downsampled_x4_up/strict_N/pu_net/train/sofa/sofa_0543.npy,"(1024, 3)",False,False,PASS
datasets/lineB_downsampled_x4_up/strict_N/pu_net/train/sofa/sofa_0544.npy,"(1024, 3)",False,False,PASS
datasets/lineB_downsampled_x4_up/strict_N/pu_net/train/sofa/sofa_0545.npy,"(1024, 3)",False,False,PASS
datasets/lineB_downsampled_x4_up/strict_N/pu_net/train/sofa/sofa_0546.npy,"(1024, 3)",False,False,PASS
datasets/lineB_downsampled_x4_up/strict_N/pu_net/train/sofa/sofa_0547.npy,"(1024, 3)",False,False,PASS
datasets/lineB_downsampled_x4_up/strict_N/pu_net/train/sofa/sofa_0548.npy,"(1024, 3)",False,False,PASS
datasets/lineB_downsampled_x4_up/strict_N/pu_net/train/sofa/sofa_0549.npy,"(1024, 3)",False,False,PASS
datasets/lineB_downsampled_x4_up/strict_N/pu_net/train/sofa/sofa_0550.npy,"(1024, 3)",False,False,PASS
datasets/lineB_downsampled_x4_up/strict_N/pu_net/train/sofa/sofa_0551.npy,"(1024, 3)",False,False,PASS
datasets/lineB_downsampled_x4_up/strict_N/pu_net/train/sofa/sofa_0552.npy,"(1024, 3)",False,False,PASS
datasets/lineB_downsampled_x4_up/strict_N/pu_net/train/sofa/sofa_0553.npy,"(1024, 3)",False,False,PASS
datasets/lineB_downsampled_x4_up/strict_N/pu_net/train/sofa/sofa_0554.npy,"(1024, 3)",False,False,PASS
datasets/lineB_downsampled_x4_up/strict_N/pu_net/train/sofa/sofa_0555.npy,"(1024, 3)",False,False,PASS
datasets/lineB_downsampled_x4_up/strict_N/pu_net/train/sofa/sofa_0556.npy,"(1024, 3)",False,False,PASS
datasets/lineB_downsampled_x4_up/strict_N/pu_net/train/sofa/sofa_0557.npy,"(1024, 3)",False,False,PASS
datasets/lineB_downsampled_x4_up/strict_N/pu_net/train/sofa/sofa_0558.npy,"(1024, 3)",False,False,PASS
datasets/lineB_downsampled_x4_up/strict_N/pu_net/train/sofa/sofa_0559.npy,"(1024, 3)",False,False,PASS
datasets/lineB_downsampled_x4_up/strict_N/pu_net/train/sofa/sofa_0560.npy,"(1024, 3)",False,False,PASS
datasets/lineB_downsampled_x4_up/strict_N/pu_net/train/sofa/sofa_0561.npy,"(1024, 3)",False,False,PASS
datasets/lineB_downsampled_x4_up/strict_N/pu_net/train/sofa/sofa_0562.npy,"(1024, 3)",False,False,PASS
datasets/lineB_downsampled_x4_up/strict_N/pu_net/train/sofa/sofa_0563.npy,"(1024, 3)",False,False,PASS
datasets/lineB_downsampled_x4_up/strict_N/pu_net/train/sofa/sofa_0564.npy,"(1024, 3)",False,False,PASS
datasets/lineB_downsampled_x4_up/strict_N/pu_net/train/sofa/sofa_0565.npy,"(1024, 3)",False,False,PASS
datasets/lineB_downsampled_x4_up/strict_N/pu_net/train/sofa/sofa_0566.npy,"(1024, 3)",False,False,PASS
datasets/lineB_downsampled_x4_up/strict_N/pu_net/train/sofa/sofa_0567.npy,"(1024, 3)",False,False,PASS
datasets/lineB_downsampled_x4_up/strict_N/pu_net/train/sofa/sofa_0568.npy,"(1024, 3)",False,False,PASS
datasets/lineB_downsampled_x4_up/strict_N/pu_net/train/sofa/sofa_0569.npy,"(1024, 3)",False,False,PASS
datasets/lineB_downsampled_x4_up/strict_N/pu_net/train/sofa/sofa_0570.npy,"(1024, 3)",False,False,PASS
datasets/lineB_downsampled_x4_up/strict_N/pu_net/train/sofa/sofa_0571.npy,"(1024, 3)",False,False,PASS
datasets/lineB_downsampled_x4_up/strict_N/pu_net/train/sofa/sofa_0572.npy,"(1024, 3)",False,False,PASS
datasets/lineB_downsampled_x4_up/strict_N/pu_net/train/sofa/sofa_0573.npy,"(1024, 3)",False,False,PASS
datasets/lineB_downsampled_x4_up/strict_N/pu_net/train/sofa/sofa_0574.npy,"(1024, 3)",False,False,PASS
datasets/lineB_downsampled_x4_up/strict_N/pu_net/train/sofa/sofa_0575.npy,"(1024, 3)",False,False,PASS
datasets/lineB_downsampled_x4_up/strict_N/pu_net/train/sofa/sofa_0576.npy,"(1024, 3)",False,False,PASS
datasets/lineB_downsampled_x4_up/strict_N/pu_net/train/sofa/sofa_0577.npy,"(1024, 3)",False,False,PASS
datasets/lineB_downsampled_x4_up/strict_N/pu_net/train/sofa/sofa_0578.npy,"(1024, 3)",False,False,PASS
datasets/lineB_downsampled_x4_up/strict_N/pu_net/train/sofa/sofa_0579.npy,"(1024, 3)",False,False,PASS
datasets/lineB_downsampled_x4_up/strict_N/pu_net/train/sofa/sofa_0580.npy,"(1024, 3)",False,False,PASS
datasets/lineB_downsampled_x4_up/strict_N/pu_net/train/sofa/sofa_0581.npy,"(1024, 3)",False,False,PASS
datasets/lineB_downsampled_x4_up/strict_N/pu_net/train/sofa/sofa_0582.npy,"(1024, 3)",False,False,PASS
datasets/lineB_downsampled_x4_up/strict_N/pu_net/train/sofa/sofa_0583.npy,"(1024, 3)",False,False,PASS
datasets/lineB_downsampled_x4_up/strict_N/pu_net/train/sofa/sofa_0584.npy,"(1024, 3)",False,False,PASS
datasets/lineB_downsampled_x4_up/strict_N/pu_net/train/sofa/sofa_0585.npy,"(1024, 3)",False,False,PASS
datasets/lineB_downsampled_x4_up/strict_N/pu_net/train/sofa/sofa_0586.npy,"(1024, 3)",False,False,PASS
datasets/lineB_downsampled_x4_up/strict_N/pu_net/train/sofa/sofa_0587.npy,"(1024, 3)",False,False,PASS
datasets/lineB_downsampled_x4_up/strict_N/pu_net/train/sofa/sofa_0588.npy,"(1024, 3)",False,False,PASS
datasets/lineB_downsampled_x4_up/strict_N/pu_net/train/sofa/sofa_0589.npy,"(1024, 3)",False,False,PASS
datasets/lineB_downsampled_x4_up/strict_N/pu_net/train/sofa/sofa_0590.npy,"(1024, 3)",False,False,PASS
datasets/lineB_downsampled_x4_up/strict_N/pu_net/train/sofa/sofa_0591.npy,"(1024, 3)",False,False,PASS
datasets/lineB_downsampled_x4_up/strict_N/pu_net/train/sofa/sofa_0592.npy,"(1024, 3)",False,False,PASS
datasets/lineB_downsampled_x4_up/strict_N/pu_net/train/sofa/sofa_0593.npy,"(1024, 3)",False,False,PASS
datasets/lineB_downsampled_x4_up/strict_N/pu_net/train/sofa/sofa_0594.npy,"(1024, 3)",False,False,PASS
datasets/lineB_downsampled_x4_up/strict_N/pu_net/train/sofa/sofa_0595.npy,"(1024, 3)",False,False,PASS
datasets/lineB_downsampled_x4_up/strict_N/pu_net/train/sofa/sofa_0596.npy,"(1024, 3)",False,False,PASS
datasets/lineB_downsampled_x4_up/strict_N/pu_net/train/sofa/sofa_0597.npy,"(1024, 3)",False,False,PASS
datasets/lineB_downsampled_x4_up/strict_N/pu_net/train/sofa/sofa_0598.npy,"(1024, 3)",False,False,PASS
datasets/lineB_downsampled_x4_up/strict_N/pu_net/train/sofa/sofa_0599.npy,"(1024, 3)",False,False,PASS
datasets/lineB_downsampled_x4_up/strict_N/pu_net/train/sofa/sofa_0600.npy,"(1024, 3)",False,False,PASS
datasets/lineB_downsampled_x4_up/strict_N/pu_net/train/sofa/sofa_0601.npy,"(1024, 3)",False,False,PASS
datasets/lineB_downsampled_x4_up/strict_N/pu_net/train/sofa/sofa_0602.npy,"(1024, 3)",False,False,PASS
datasets/lineB_downsampled_x4_up/strict_N/pu_net/train/sofa/sofa_0603.npy,"(1024, 3)",False,False,PASS
datasets/lineB_downsampled_x4_up/strict_N/pu_net/train/sofa/sofa_0604.npy,"(1024, 3)",False,False,PASS
datasets/lineB_downsampled_x4_up/strict_N/pu_net/train/sofa/sofa_0605.npy,"(1024, 3)",False,False,PASS
datasets/lineB_downsampled_x4_up/strict_N/pu_net/train/sofa/sofa_0606.npy,"(1024, 3)",False,False,PASS
datasets/lineB_downsampled_x4_up/strict_N/pu_net/train/sofa/sofa_0607.npy,"(1024, 3)",False,False,PASS
datasets/lineB_downsampled_x4_up/strict_N/pu_net/train/sofa/sofa_0608.npy,"(1024, 3)",False,False,PASS
datasets/lineB_downsampled_x4_up/strict_N/pu_net/train/sofa/sofa_0609.npy,"(1024, 3)",False,False,PASS
datasets/lineB_downsampled_x4_up/strict_N/pu_net/train/sofa/sofa_0610.npy,"(1024, 3)",False,False,PASS
datasets/lineB_downsampled_x4_up/strict_N/pu_net/train/sofa/sofa_0611.npy,"(1024, 3)",False,False,PASS
datasets/lineB_downsampled_x4_up/strict_N/pu_net/train/sofa/sofa_0612.npy,"(1024, 3)",False,False,PASS
datasets/lineB_downsampled_x4_up/strict_N/pu_net/train/sofa/sofa_0613.npy,"(1024, 3)",False,False,PASS
datasets/lineB_downsampled_x4_up/strict_N/pu_net/train/sofa/sofa_0614.npy,"(1024, 3)",False,False,PASS
datasets/lineB_downsampled_x4_up/strict_N/pu_net/train/sofa/sofa_0615.npy,"(1024, 3)",False,False,PASS
datasets/lineB_downsampled_x4_up/strict_N/pu_net/train/sofa/sofa_0616.npy,"(1024, 3)",False,False,PASS
datasets/lineB_downsampled_x4_up/strict_N/pu_net/train/sofa/sofa_0617.npy,"(1024, 3)",False,False,PASS
datasets/lineB_downsampled_x4_up/strict_N/pu_net/train/sofa/sofa_0618.npy,"(1024, 3)",False,False,PASS
datasets/lineB_downsampled_x4_up/strict_N/pu_net/train/sofa/sofa_0619.npy,"(1024, 3)",False,False,PASS
datasets/lineB_downsampled_x4_up/strict_N/pu_net/train/sofa/sofa_0620.npy,"(1024, 3)",False,False,PASS
datasets/lineB_downsampled_x4_up/strict_N/pu_net/train/sofa/sofa_0621.npy,"(1024, 3)",False,False,PASS
datasets/lineB_downsampled_x4_up/strict_N/pu_net/train/sofa/sofa_0622.npy,"(1024, 3)",False,False,PASS
datasets/lineB_downsampled_x4_up/strict_N/pu_net/train/sofa/sofa_0623.npy,"(1024, 3)",False,False,PASS
datasets/lineB_downsampled_x4_up/strict_N/pu_net/train/sofa/sofa_0624.npy,"(1024, 3)",False,False,PASS
datasets/lineB_downsampled_x4_up/strict_N/pu_net/train/sofa/sofa_0625.npy,"(1024, 3)",False,False,PASS
datasets/lineB_downsampled_x4_up/strict_N/pu_net/train/sofa/sofa_0626.npy,"(1024, 3)",False,False,PASS
datasets/lineB_downsampled_x4_up/strict_N/pu_net/train/sofa/sofa_0627.npy,"(1024, 3)",False,False,PASS
datasets/lineB_downsampled_x4_up/strict_N/pu_net/train/sofa/sofa_0628.npy,"(1024, 3)",False,False,PASS
datasets/lineB_downsampled_x4_up/strict_N/pu_net/train/sofa/sofa_0629.npy,"(1024, 3)",False,False,PASS
datasets/lineB_downsampled_x4_up/strict_N/pu_net/train/sofa/sofa_0630.npy,"(1024, 3)",False,False,PASS
datasets/lineB_downsampled_x4_up/strict_N/pu_net/train/sofa/sofa_0631.npy,"(1024, 3)",False,False,PASS
datasets/lineB_downsampled_x4_up/strict_N/pu_net/train/sofa/sofa_0632.npy,"(1024, 3)",False,False,PASS
datasets/lineB_downsampled_x4_up/strict_N/pu_net/train/sofa/sofa_0633.npy,"(1024, 3)",False,False,PASS
datasets/lineB_downsampled_x4_up/strict_N/pu_net/train/sofa/sofa_0634.npy,"(1024, 3)",False,False,PASS
datasets/lineB_downsampled_x4_up/strict_N/pu_net/train/sofa/sofa_0635.npy,"(1024, 3)",False,False,PASS
datasets/lineB_downsampled_x4_up/strict_N/pu_net/train/sofa/sofa_0636.npy,"(1024, 3)",False,False,PASS
datasets/lineB_downsampled_x4_up/strict_N/pu_net/train/sofa/sofa_0637.npy,"(1024, 3)",False,False,PASS
datasets/lineB_downsampled_x4_up/strict_N/pu_net/train/sofa/sofa_0638.npy,"(1024, 3)",False,False,PASS
datasets/lineB_downsampled_x4_up/strict_N/pu_net/train/sofa/sofa_0639.npy,"(1024, 3)",False,False,PASS
datasets/lineB_downsampled_x4_up/strict_N/pu_net/train/sofa/sofa_0640.npy,"(1024, 3)",False,False,PASS
datasets/lineB_downsampled_x4_up/strict_N/pu_net/train/sofa/sofa_0641.npy,"(1024, 3)",False,False,PASS
datasets/lineB_downsampled_x4_up/strict_N/pu_net/train/sofa/sofa_0642.npy,"(1024, 3)",False,False,PASS
datasets/lineB_downsampled_x4_up/strict_N/pu_net/train/sofa/sofa_0643.npy,"(1024, 3)",False,False,PASS
datasets/lineB_downsampled_x4_up/strict_N/pu_net/train/sofa/sofa_0644.npy,"(1024, 3)",False,False,PASS
datasets/lineB_downsampled_x4_up/strict_N/pu_net/train/sofa/sofa_0645.npy,"(1024, 3)",False,False,PASS
datasets/lineB_downsampled_x4_up/strict_N/pu_net/train/sofa/sofa_0646.npy,"(1024, 3)",False,False,PASS
datasets/lineB_downsampled_x4_up/strict_N/pu_net/train/sofa/sofa_0647.npy,"(1024, 3)",False,False,PASS
datasets/lineB_downsampled_x4_up/strict_N/pu_net/train/sofa/sofa_0648.npy,"(1024, 3)",False,False,PASS
datasets/lineB_downsampled_x4_up/strict_N/pu_net/train/sofa/sofa_0649.npy,"(1024, 3)",False,False,PASS
datasets/lineB_downsampled_x4_up/strict_N/pu_net/train/sofa/sofa_0650.npy,"(1024, 3)",False,False,PASS
datasets/lineB_downsampled_x4_up/strict_N/pu_net/train/sofa/sofa_0651.npy,"(1024, 3)",False,False,PASS
datasets/lineB_downsampled_x4_up/strict_N/pu_net/train/sofa/sofa_0652.npy,"(1024, 3)",False,False,PASS
datasets/lineB_downsampled_x4_up/strict_N/pu_net/train/sofa/sofa_0653.npy,"(1024, 3)",False,False,PASS
datasets/lineB_downsampled_x4_up/strict_N/pu_net/train/sofa/sofa_0654.npy,"(1024, 3)",False,False,PASS
datasets/lineB_downsampled_x4_up/strict_N/pu_net/train/sofa/sofa_0655.npy,"(1024, 3)",False,False,PASS
datasets/lineB_downsampled_x4_up/strict_N/pu_net/train/sofa/sofa_0656.npy,"(1024, 3)",False,False,PASS
datasets/lineB_downsampled_x4_up/strict_N/pu_net/train/sofa/sofa_0657.npy,"(1024, 3)",False,False,PASS
datasets/lineB_downsampled_x4_up/strict_N/pu_net/train/sofa/sofa_0658.npy,"(1024, 3)",False,False,PASS
datasets/lineB_downsampled_x4_up/strict_N/pu_net/train/sofa/sofa_0659.npy,"(1024, 3)",False,False,PASS
datasets/lineB_downsampled_x4_up/strict_N/pu_net/train/sofa/sofa_0660.npy,"(1024, 3)",False,False,PASS
datasets/lineB_downsampled_x4_up/strict_N/pu_net/train/sofa/sofa_0661.npy,"(1024, 3)",False,False,PASS
datasets/lineB_downsampled_x4_up/strict_N/pu_net/train/sofa/sofa_0662.npy,"(1024, 3)",False,False,PASS
datasets/lineB_downsampled_x4_up/strict_N/pu_net/train/sofa/sofa_0663.npy,"(1024, 3)",False,False,PASS
datasets/lineB_downsampled_x4_up/strict_N/pu_net/train/sofa/sofa_0664.npy,"(1024, 3)",False,False,PASS
datasets/lineB_downsampled_x4_up/strict_N/pu_net/train/sofa/sofa_0665.npy,"(1024, 3)",False,False,PASS
datasets/lineB_downsampled_x4_up/strict_N/pu_net/train/sofa/sofa_0666.npy,"(1024, 3)",False,False,PASS
datasets/lineB_downsampled_x4_up/strict_N/pu_net/train/sofa/sofa_0667.npy,"(1024, 3)",False,False,PASS
datasets/lineB_downsampled_x4_up/strict_N/pu_net/train/sofa/sofa_0668.npy,"(1024, 3)",False,False,PASS
datasets/lineB_downsampled_x4_up/strict_N/pu_net/train/sofa/sofa_0669.npy,"(1024, 3)",False,False,PASS
datasets/lineB_downsampled_x4_up/strict_N/pu_net/train/sofa/sofa_0670.npy,"(1024, 3)",False,False,PASS
datasets/lineB_downsampled_x4_up/strict_N/pu_net/train/sofa/sofa_0671.npy,"(1024, 3)",False,False,PASS
datasets/lineB_downsampled_x4_up/strict_N/pu_net/train/sofa/sofa_0672.npy,"(1024, 3)",False,False,PASS
datasets/lineB_downsampled_x4_up/strict_N/pu_net/train/sofa/sofa_0673.npy,"(1024, 3)",False,False,PASS
datasets/lineB_downsampled_x4_up/strict_N/pu_net/train/sofa/sofa_0674.npy,"(1024, 3)",False,False,PASS
datasets/lineB_downsampled_x4_up/strict_N/pu_net/train/sofa/sofa_0675.npy,"(1024, 3)",False,False,PASS
datasets/lineB_downsampled_x4_up/strict_N/pu_net/train/sofa/sofa_0676.npy,"(1024, 3)",False,False,PASS
datasets/lineB_downsampled_x4_up/strict_N/pu_net/train/sofa/sofa_0677.npy,"(1024, 3)",False,False,PASS
datasets/lineB_downsampled_x4_up/strict_N/pu_net/train/sofa/sofa_0678.npy,"(1024, 3)",False,False,PASS
datasets/lineB_downsampled_x4_up/strict_N/pu_net/train/sofa/sofa_0679.npy,"(1024, 3)",False,False,PASS
datasets/lineB_downsampled_x4_up/strict_N/pu_net/train/sofa/sofa_0680.npy,"(1024, 3)",False,False,PASS
datasets/lineB_downsampled_x4_up/strict_N/pu_net/train/stairs/stairs_0001.npy,"(1024, 3)",False,False,PASS
datasets/lineB_downsampled_x4_up/strict_N/pu_net/train/stairs/stairs_0002.npy,"(1024, 3)",False,False,PASS
datasets/lineB_downsampled_x4_up/strict_N/pu_net/train/stairs/stairs_0003.npy,"(1024, 3)",False,False,PASS
datasets/lineB_downsampled_x4_up/strict_N/pu_net/train/stairs/stairs_0004.npy,"(1024, 3)",False,False,PASS
datasets/lineB_downsampled_x4_up/strict_N/pu_net/train/stairs/stairs_0005.npy,"(1024, 3)",False,False,PASS
datasets/lineB_downsampled_x4_up/strict_N/pu_net/train/stairs/stairs_0006.npy,"(1024, 3)",False,False,PASS
datasets/lineB_downsampled_x4_up/strict_N/pu_net/train/stairs/stairs_0007.npy,"(1024, 3)",False,False,PASS
datasets/lineB_downsampled_x4_up/strict_N/pu_net/train/stairs/stairs_0008.npy,"(1024, 3)",False,False,PASS
datasets/lineB_downsampled_x4_up/strict_N/pu_net/train/stairs/stairs_0009.npy,"(1024, 3)",False,False,PASS
datasets/lineB_downsampled_x4_up/strict_N/pu_net/train/stairs/stairs_0010.npy,"(1024, 3)",False,False,PASS
datasets/lineB_downsampled_x4_up/strict_N/pu_net/train/stairs/stairs_0011.npy,"(1024, 3)",False,False,PASS
datasets/lineB_downsampled_x4_up/strict_N/pu_net/train/stairs/stairs_0012.npy,"(1024, 3)",False,False,PASS
datasets/lineB_downsampled_x4_up/strict_N/pu_net/train/stairs/stairs_0013.npy,"(1024, 3)",False,False,PASS
datasets/lineB_downsampled_x4_up/strict_N/pu_net/train/stairs/stairs_0014.npy,"(1024, 3)",False,False,PASS
datasets/lineB_downsampled_x4_up/strict_N/pu_net/train/stairs/stairs_0015.npy,"(1024, 3)",False,False,PASS
datasets/lineB_downsampled_x4_up/strict_N/pu_net/train/stairs/stairs_0016.npy,"(1024, 3)",False,False,PASS
datasets/lineB_downsampled_x4_up/strict_N/pu_net/train/stairs/stairs_0017.npy,"(1024, 3)",False,False,PASS
datasets/lineB_downsampled_x4_up/strict_N/pu_net/train/stairs/stairs_0018.npy,"(1024, 3)",False,False,PASS
datasets/lineB_downsampled_x4_up/strict_N/pu_net/train/stairs/stairs_0019.npy,"(1024, 3)",False,False,PASS
datasets/lineB_downsampled_x4_up/strict_N/pu_net/train/stairs/stairs_0020.npy,"(1024, 3)",False,False,PASS
datasets/lineB_downsampled_x4_up/strict_N/pu_net/train/stairs/stairs_0021.npy,"(1024, 3)",False,False,PASS
datasets/lineB_downsampled_x4_up/strict_N/pu_net/train/stairs/stairs_0022.npy,"(1024, 3)",False,False,PASS
datasets/lineB_downsampled_x4_up/strict_N/pu_net/train/stairs/stairs_0023.npy,"(1024, 3)",False,False,PASS
datasets/lineB_downsampled_x4_up/strict_N/pu_net/train/stairs/stairs_0024.npy,"(1024, 3)",False,False,PASS
datasets/lineB_downsampled_x4_up/strict_N/pu_net/train/stairs/stairs_0025.npy,"(1024, 3)",False,False,PASS
datasets/lineB_downsampled_x4_up/strict_N/pu_net/train/stairs/stairs_0026.npy,"(1024, 3)",False,False,PASS
datasets/lineB_downsampled_x4_up/strict_N/pu_net/train/stairs/stairs_0027.npy,"(1024, 3)",False,False,PASS
datasets/lineB_downsampled_x4_up/strict_N/pu_net/train/stairs/stairs_0028.npy,"(1024, 3)",False,False,PASS
datasets/lineB_downsampled_x4_up/strict_N/pu_net/train/stairs/stairs_0029.npy,"(1024, 3)",False,False,PASS
datasets/lineB_downsampled_x4_up/strict_N/pu_net/train/stairs/stairs_0030.npy,"(1024, 3)",False,False,PASS
datasets/lineB_downsampled_x4_up/strict_N/pu_net/train/stairs/stairs_0031.npy,"(1024, 3)",False,False,PASS
datasets/lineB_downsampled_x4_up/strict_N/pu_net/train/stairs/stairs_0032.npy,"(1024, 3)",False,False,PASS
datasets/lineB_downsampled_x4_up/strict_N/pu_net/train/stairs/stairs_0033.npy,"(1024, 3)",False,False,PASS
datasets/lineB_downsampled_x4_up/strict_N/pu_net/train/stairs/stairs_0034.npy,"(1024, 3)",False,False,PASS
datasets/lineB_downsampled_x4_up/strict_N/pu_net/train/stairs/stairs_0035.npy,"(1024, 3)",False,False,PASS
datasets/lineB_downsampled_x4_up/strict_N/pu_net/train/stairs/stairs_0036.npy,"(1024, 3)",False,False,PASS
datasets/lineB_downsampled_x4_up/strict_N/pu_net/train/stairs/stairs_0037.npy,"(1024, 3)",False,False,PASS
datasets/lineB_downsampled_x4_up/strict_N/pu_net/train/stairs/stairs_0038.npy,"(1024, 3)",False,False,PASS
datasets/lineB_downsampled_x4_up/strict_N/pu_net/train/stairs/stairs_0039.npy,"(1024, 3)",False,False,PASS
datasets/lineB_downsampled_x4_up/strict_N/pu_net/train/stairs/stairs_0040.npy,"(1024, 3)",False,False,PASS
datasets/lineB_downsampled_x4_up/strict_N/pu_net/train/stairs/stairs_0041.npy,"(1024, 3)",False,False,PASS
datasets/lineB_downsampled_x4_up/strict_N/pu_net/train/stairs/stairs_0042.npy,"(1024, 3)",False,False,PASS
datasets/lineB_downsampled_x4_up/strict_N/pu_net/train/stairs/stairs_0043.npy,"(1024, 3)",False,False,PASS
datasets/lineB_downsampled_x4_up/strict_N/pu_net/train/stairs/stairs_0044.npy,"(1024, 3)",False,False,PASS
datasets/lineB_downsampled_x4_up/strict_N/pu_net/train/stairs/stairs_0045.npy,"(1024, 3)",False,False,PASS
datasets/lineB_downsampled_x4_up/strict_N/pu_net/train/stairs/stairs_0046.npy,"(1024, 3)",False,False,PASS
datasets/lineB_downsampled_x4_up/strict_N/pu_net/train/stairs/stairs_0047.npy,"(1024, 3)",False,False,PASS
datasets/lineB_downsampled_x4_up/strict_N/pu_net/train/stairs/stairs_0048.npy,"(1024, 3)",False,False,PASS
datasets/lineB_downsampled_x4_up/strict_N/pu_net/train/stairs/stairs_0049.npy,"(1024, 3)",False,False,PASS
datasets/lineB_downsampled_x4_up/strict_N/pu_net/train/stairs/stairs_0050.npy,"(1024, 3)",False,False,PASS
datasets/lineB_downsampled_x4_up/strict_N/pu_net/train/stairs/stairs_0051.npy,"(1024, 3)",False,False,PASS
datasets/lineB_downsampled_x4_up/strict_N/pu_net/train/stairs/stairs_0052.npy,"(1024, 3)",False,False,PASS
datasets/lineB_downsampled_x4_up/strict_N/pu_net/train/stairs/stairs_0053.npy,"(1024, 3)",False,False,PASS
datasets/lineB_downsampled_x4_up/strict_N/pu_net/train/stairs/stairs_0054.npy,"(1024, 3)",False,False,PASS
datasets/lineB_downsampled_x4_up/strict_N/pu_net/train/stairs/stairs_0055.npy,"(1024, 3)",False,False,PASS
datasets/lineB_downsampled_x4_up/strict_N/pu_net/train/stairs/stairs_0056.npy,"(1024, 3)",False,False,PASS
datasets/lineB_downsampled_x4_up/strict_N/pu_net/train/stairs/stairs_0057.npy,"(1024, 3)",False,False,PASS
datasets/lineB_downsampled_x4_up/strict_N/pu_net/train/stairs/stairs_0058.npy,"(1024, 3)",False,False,PASS
datasets/lineB_downsampled_x4_up/strict_N/pu_net/train/stairs/stairs_0059.npy,"(1024, 3)",False,False,PASS
datasets/lineB_downsampled_x4_up/strict_N/pu_net/train/stairs/stairs_0060.npy,"(1024, 3)",False,False,PASS
datasets/lineB_downsampled_x4_up/strict_N/pu_net/train/stairs/stairs_0061.npy,"(1024, 3)",False,False,PASS
datasets/lineB_downsampled_x4_up/strict_N/pu_net/train/stairs/stairs_0062.npy,"(1024, 3)",False,False,PASS
datasets/lineB_downsampled_x4_up/strict_N/pu_net/train/stairs/stairs_0063.npy,"(1024, 3)",False,False,PASS
datasets/lineB_downsampled_x4_up/strict_N/pu_net/train/stairs/stairs_0064.npy,"(1024, 3)",False,False,PASS
datasets/lineB_downsampled_x4_up/strict_N/pu_net/train/stairs/stairs_0065.npy,"(1024, 3)",False,False,PASS
datasets/lineB_downsampled_x4_up/strict_N/pu_net/train/stairs/stairs_0066.npy,"(1024, 3)",False,False,PASS
datasets/lineB_downsampled_x4_up/strict_N/pu_net/train/stairs/stairs_0067.npy,"(1024, 3)",False,False,PASS
datasets/lineB_downsampled_x4_up/strict_N/pu_net/train/stairs/stairs_0068.npy,"(1024, 3)",False,False,PASS
datasets/lineB_downsampled_x4_up/strict_N/pu_net/train/stairs/stairs_0069.npy,"(1024, 3)",False,False,PASS
datasets/lineB_downsampled_x4_up/strict_N/pu_net/train/stairs/stairs_0070.npy,"(1024, 3)",False,False,PASS
datasets/lineB_downsampled_x4_up/strict_N/pu_net/train/stairs/stairs_0071.npy,"(1024, 3)",False,False,PASS
datasets/lineB_downsampled_x4_up/strict_N/pu_net/train/stairs/stairs_0072.npy,"(1024, 3)",False,False,PASS
datasets/lineB_downsampled_x4_up/strict_N/pu_net/train/stairs/stairs_0073.npy,"(1024, 3)",False,False,PASS
datasets/lineB_downsampled_x4_up/strict_N/pu_net/train/stairs/stairs_0074.npy,"(1024, 3)",False,False,PASS
datasets/lineB_downsampled_x4_up/strict_N/pu_net/train/stairs/stairs_0075.npy,"(1024, 3)",False,False,PASS
datasets/lineB_downsampled_x4_up/strict_N/pu_net/train/stairs/stairs_0076.npy,"(1024, 3)",False,False,PASS
datasets/lineB_downsampled_x4_up/strict_N/pu_net/train/stairs/stairs_0077.npy,"(1024, 3)",False,False,PASS
datasets/lineB_downsampled_x4_up/strict_N/pu_net/train/stairs/stairs_0078.npy,"(1024, 3)",False,False,PASS
datasets/lineB_downsampled_x4_up/strict_N/pu_net/train/stairs/stairs_0079.npy,"(1024, 3)",False,False,PASS
datasets/lineB_downsampled_x4_up/strict_N/pu_net/train/stairs/stairs_0080.npy,"(1024, 3)",False,False,PASS
datasets/lineB_downsampled_x4_up/strict_N/pu_net/train/stairs/stairs_0081.npy,"(1024, 3)",False,False,PASS
datasets/lineB_downsampled_x4_up/strict_N/pu_net/train/stairs/stairs_0082.npy,"(1024, 3)",False,False,PASS
datasets/lineB_downsampled_x4_up/strict_N/pu_net/train/stairs/stairs_0083.npy,"(1024, 3)",False,False,PASS
datasets/lineB_downsampled_x4_up/strict_N/pu_net/train/stairs/stairs_0084.npy,"(1024, 3)",False,False,PASS
datasets/lineB_downsampled_x4_up/strict_N/pu_net/train/stairs/stairs_0085.npy,"(1024, 3)",False,False,PASS
datasets/lineB_downsampled_x4_up/strict_N/pu_net/train/stairs/stairs_0086.npy,"(1024, 3)",False,False,PASS
datasets/lineB_downsampled_x4_up/strict_N/pu_net/train/stairs/stairs_0087.npy,"(1024, 3)",False,False,PASS
datasets/lineB_downsampled_x4_up/strict_N/pu_net/train/stairs/stairs_0088.npy,"(1024, 3)",False,False,PASS
datasets/lineB_downsampled_x4_up/strict_N/pu_net/train/stairs/stairs_0089.npy,"(1024, 3)",False,False,PASS
datasets/lineB_downsampled_x4_up/strict_N/pu_net/train/stairs/stairs_0090.npy,"(1024, 3)",False,False,PASS
datasets/lineB_downsampled_x4_up/strict_N/pu_net/train/stairs/stairs_0091.npy,"(1024, 3)",False,False,PASS
datasets/lineB_downsampled_x4_up/strict_N/pu_net/train/stairs/stairs_0092.npy,"(1024, 3)",False,False,PASS
datasets/lineB_downsampled_x4_up/strict_N/pu_net/train/stairs/stairs_0093.npy,"(1024, 3)",False,False,PASS
datasets/lineB_downsampled_x4_up/strict_N/pu_net/train/stairs/stairs_0094.npy,"(1024, 3)",False,False,PASS
datasets/lineB_downsampled_x4_up/strict_N/pu_net/train/stairs/stairs_0095.npy,"(1024, 3)",False,False,PASS
datasets/lineB_downsampled_x4_up/strict_N/pu_net/train/stairs/stairs_0096.npy,"(1024, 3)",False,False,PASS
datasets/lineB_downsampled_x4_up/strict_N/pu_net/train/stairs/stairs_0097.npy,"(1024, 3)",False,False,PASS
datasets/lineB_downsampled_x4_up/strict_N/pu_net/train/stairs/stairs_0098.npy,"(1024, 3)",False,False,PASS
datasets/lineB_downsampled_x4_up/strict_N/pu_net/train/stairs/stairs_0099.npy,"(1024, 3)",False,False,PASS
datasets/lineB_downsampled_x4_up/strict_N/pu_net/train/stairs/stairs_0100.npy,"(1024, 3)",False,False,PASS
datasets/lineB_downsampled_x4_up/strict_N/pu_net/train/stairs/stairs_0101.npy,"(1024, 3)",False,False,PASS
datasets/lineB_downsampled_x4_up/strict_N/pu_net/train/stairs/stairs_0102.npy,"(1024, 3)",False,False,PASS
datasets/lineB_downsampled_x4_up/strict_N/pu_net/train/stairs/stairs_0103.npy,"(1024, 3)",False,False,PASS
datasets/lineB_downsampled_x4_up/strict_N/pu_net/train/stairs/stairs_0104.npy,"(1024, 3)",False,False,PASS
datasets/lineB_downsampled_x4_up/strict_N/pu_net/train/stairs/stairs_0105.npy,"(1024, 3)",False,False,PASS
datasets/lineB_downsampled_x4_up/strict_N/pu_net/train/stairs/stairs_0106.npy,"(1024, 3)",False,False,PASS
datasets/lineB_downsampled_x4_up/strict_N/pu_net/train/stairs/stairs_0107.npy,"(1024, 3)",False,False,PASS
datasets/lineB_downsampled_x4_up/strict_N/pu_net/train/stairs/stairs_0108.npy,"(1024, 3)",False,False,PASS
datasets/lineB_downsampled_x4_up/strict_N/pu_net/train/stairs/stairs_0109.npy,"(1024, 3)",False,False,PASS
datasets/lineB_downsampled_x4_up/strict_N/pu_net/train/stairs/stairs_0110.npy,"(1024, 3)",False,False,PASS
datasets/lineB_downsampled_x4_up/strict_N/pu_net/train/stairs/stairs_0111.npy,"(1024, 3)",False,False,PASS
datasets/lineB_downsampled_x4_up/strict_N/pu_net/train/stairs/stairs_0112.npy,"(1024, 3)",False,False,PASS
datasets/lineB_downsampled_x4_up/strict_N/pu_net/train/stairs/stairs_0113.npy,"(1024, 3)",False,False,PASS
datasets/lineB_downsampled_x4_up/strict_N/pu_net/train/stairs/stairs_0114.npy,"(1024, 3)",False,False,PASS
datasets/lineB_downsampled_x4_up/strict_N/pu_net/train/stairs/stairs_0115.npy,"(1024, 3)",False,False,PASS
datasets/lineB_downsampled_x4_up/strict_N/pu_net/train/stairs/stairs_0116.npy,"(1024, 3)",False,False,PASS
datasets/lineB_downsampled_x4_up/strict_N/pu_net/train/stairs/stairs_0117.npy,"(1024, 3)",False,False,PASS
datasets/lineB_downsampled_x4_up/strict_N/pu_net/train/stairs/stairs_0118.npy,"(1024, 3)",False,False,PASS
datasets/lineB_downsampled_x4_up/strict_N/pu_net/train/stairs/stairs_0119.npy,"(1024, 3)",False,False,PASS
datasets/lineB_downsampled_x4_up/strict_N/pu_net/train/stairs/stairs_0120.npy,"(1024, 3)",False,False,PASS
datasets/lineB_downsampled_x4_up/strict_N/pu_net/train/stairs/stairs_0121.npy,"(1024, 3)",False,False,PASS
datasets/lineB_downsampled_x4_up/strict_N/pu_net/train/stairs/stairs_0122.npy,"(1024, 3)",False,False,PASS
datasets/lineB_downsampled_x4_up/strict_N/pu_net/train/stairs/stairs_0123.npy,"(1024, 3)",False,False,PASS
datasets/lineB_downsampled_x4_up/strict_N/pu_net/train/stairs/stairs_0124.npy,"(1024, 3)",False,False,PASS
datasets/lineB_downsampled_x4_up/strict_N/pu_net/train/stool/stool_0001.npy,"(1024, 3)",False,False,PASS
datasets/lineB_downsampled_x4_up/strict_N/pu_net/train/stool/stool_0002.npy,"(1024, 3)",False,False,PASS
datasets/lineB_downsampled_x4_up/strict_N/pu_net/train/stool/stool_0003.npy,"(1024, 3)",False,False,PASS
datasets/lineB_downsampled_x4_up/strict_N/pu_net/train/stool/stool_0004.npy,"(1024, 3)",False,False,PASS
datasets/lineB_downsampled_x4_up/strict_N/pu_net/train/stool/stool_0005.npy,"(1024, 3)",False,False,PASS
datasets/lineB_downsampled_x4_up/strict_N/pu_net/train/stool/stool_0006.npy,"(1024, 3)",False,False,PASS
datasets/lineB_downsampled_x4_up/strict_N/pu_net/train/stool/stool_0007.npy,"(1024, 3)",False,False,PASS
datasets/lineB_downsampled_x4_up/strict_N/pu_net/train/stool/stool_0008.npy,"(1024, 3)",False,False,PASS
datasets/lineB_downsampled_x4_up/strict_N/pu_net/train/stool/stool_0009.npy,"(1024, 3)",False,False,PASS
datasets/lineB_downsampled_x4_up/strict_N/pu_net/train/stool/stool_0010.npy,"(1024, 3)",False,False,PASS
datasets/lineB_downsampled_x4_up/strict_N/pu_net/train/stool/stool_0011.npy,"(1024, 3)",False,False,PASS
datasets/lineB_downsampled_x4_up/strict_N/pu_net/train/stool/stool_0012.npy,"(1024, 3)",False,False,PASS
datasets/lineB_downsampled_x4_up/strict_N/pu_net/train/stool/stool_0013.npy,"(1024, 3)",False,False,PASS
datasets/lineB_downsampled_x4_up/strict_N/pu_net/train/stool/stool_0014.npy,"(1024, 3)",False,False,PASS
datasets/lineB_downsampled_x4_up/strict_N/pu_net/train/stool/stool_0015.npy,"(1024, 3)",False,False,PASS
datasets/lineB_downsampled_x4_up/strict_N/pu_net/train/stool/stool_0016.npy,"(1024, 3)",False,False,PASS
datasets/lineB_downsampled_x4_up/strict_N/pu_net/train/stool/stool_0017.npy,"(1024, 3)",False,False,PASS
datasets/lineB_downsampled_x4_up/strict_N/pu_net/train/stool/stool_0018.npy,"(1024, 3)",False,False,PASS
datasets/lineB_downsampled_x4_up/strict_N/pu_net/train/stool/stool_0019.npy,"(1024, 3)",False,False,PASS
datasets/lineB_downsampled_x4_up/strict_N/pu_net/train/stool/stool_0020.npy,"(1024, 3)",False,False,PASS
datasets/lineB_downsampled_x4_up/strict_N/pu_net/train/stool/stool_0021.npy,"(1024, 3)",False,False,PASS
datasets/lineB_downsampled_x4_up/strict_N/pu_net/train/stool/stool_0022.npy,"(1024, 3)",False,False,PASS
datasets/lineB_downsampled_x4_up/strict_N/pu_net/train/stool/stool_0023.npy,"(1024, 3)",False,False,PASS
datasets/lineB_downsampled_x4_up/strict_N/pu_net/train/stool/stool_0024.npy,"(1024, 3)",False,False,PASS
datasets/lineB_downsampled_x4_up/strict_N/pu_net/train/stool/stool_0025.npy,"(1024, 3)",False,False,PASS
datasets/lineB_downsampled_x4_up/strict_N/pu_net/train/stool/stool_0026.npy,"(1024, 3)",False,False,PASS
datasets/lineB_downsampled_x4_up/strict_N/pu_net/train/stool/stool_0027.npy,"(1024, 3)",False,False,PASS
datasets/lineB_downsampled_x4_up/strict_N/pu_net/train/stool/stool_0028.npy,"(1024, 3)",False,False,PASS
datasets/lineB_downsampled_x4_up/strict_N/pu_net/train/stool/stool_0029.npy,"(1024, 3)",False,False,PASS
datasets/lineB_downsampled_x4_up/strict_N/pu_net/train/stool/stool_0030.npy,"(1024, 3)",False,False,PASS
datasets/lineB_downsampled_x4_up/strict_N/pu_net/train/stool/stool_0031.npy,"(1024, 3)",False,False,PASS
datasets/lineB_downsampled_x4_up/strict_N/pu_net/train/stool/stool_0032.npy,"(1024, 3)",False,False,PASS
datasets/lineB_downsampled_x4_up/strict_N/pu_net/train/stool/stool_0033.npy,"(1024, 3)",False,False,PASS
datasets/lineB_downsampled_x4_up/strict_N/pu_net/train/stool/stool_0034.npy,"(1024, 3)",False,False,PASS
datasets/lineB_downsampled_x4_up/strict_N/pu_net/train/stool/stool_0035.npy,"(1024, 3)",False,False,PASS
datasets/lineB_downsampled_x4_up/strict_N/pu_net/train/stool/stool_0036.npy,"(1024, 3)",False,False,PASS
datasets/lineB_downsampled_x4_up/strict_N/pu_net/train/stool/stool_0037.npy,"(1024, 3)",False,False,PASS
datasets/lineB_downsampled_x4_up/strict_N/pu_net/train/stool/stool_0038.npy,"(1024, 3)",False,False,PASS
datasets/lineB_downsampled_x4_up/strict_N/pu_net/train/stool/stool_0039.npy,"(1024, 3)",False,False,PASS
datasets/lineB_downsampled_x4_up/strict_N/pu_net/train/stool/stool_0040.npy,"(1024, 3)",False,False,PASS
datasets/lineB_downsampled_x4_up/strict_N/pu_net/train/stool/stool_0041.npy,"(1024, 3)",False,False,PASS
datasets/lineB_downsampled_x4_up/strict_N/pu_net/train/stool/stool_0042.npy,"(1024, 3)",False,False,PASS
datasets/lineB_downsampled_x4_up/strict_N/pu_net/train/stool/stool_0043.npy,"(1024, 3)",False,False,PASS
datasets/lineB_downsampled_x4_up/strict_N/pu_net/train/stool/stool_0044.npy,"(1024, 3)",False,False,PASS
datasets/lineB_downsampled_x4_up/strict_N/pu_net/train/stool/stool_0045.npy,"(1024, 3)",False,False,PASS
datasets/lineB_downsampled_x4_up/strict_N/pu_net/train/stool/stool_0046.npy,"(1024, 3)",False,False,PASS
datasets/lineB_downsampled_x4_up/strict_N/pu_net/train/stool/stool_0047.npy,"(1024, 3)",False,False,PASS
datasets/lineB_downsampled_x4_up/strict_N/pu_net/train/stool/stool_0048.npy,"(1024, 3)",False,False,PASS
datasets/lineB_downsampled_x4_up/strict_N/pu_net/train/stool/stool_0049.npy,"(1024, 3)",False,False,PASS
datasets/lineB_downsampled_x4_up/strict_N/pu_net/train/stool/stool_0050.npy,"(1024, 3)",False,False,PASS
datasets/lineB_downsampled_x4_up/strict_N/pu_net/train/stool/stool_0051.npy,"(1024, 3)",False,False,PASS
datasets/lineB_downsampled_x4_up/strict_N/pu_net/train/stool/stool_0052.npy,"(1024, 3)",False,False,PASS
datasets/lineB_downsampled_x4_up/strict_N/pu_net/train/stool/stool_0053.npy,"(1024, 3)",False,False,PASS
datasets/lineB_downsampled_x4_up/strict_N/pu_net/train/stool/stool_0054.npy,"(1024, 3)",False,False,PASS
datasets/lineB_downsampled_x4_up/strict_N/pu_net/train/stool/stool_0055.npy,"(1024, 3)",False,False,PASS
datasets/lineB_downsampled_x4_up/strict_N/pu_net/train/stool/stool_0056.npy,"(1024, 3)",False,False,PASS
datasets/lineB_downsampled_x4_up/strict_N/pu_net/train/stool/stool_0057.npy,"(1024, 3)",False,False,PASS
datasets/lineB_downsampled_x4_up/strict_N/pu_net/train/stool/stool_0058.npy,"(1024, 3)",False,False,PASS
datasets/lineB_downsampled_x4_up/strict_N/pu_net/train/stool/stool_0059.npy,"(1024, 3)",False,False,PASS
datasets/lineB_downsampled_x4_up/strict_N/pu_net/train/stool/stool_0060.npy,"(1024, 3)",False,False,PASS
datasets/lineB_downsampled_x4_up/strict_N/pu_net/train/stool/stool_0061.npy,"(1024, 3)",False,False,PASS
datasets/lineB_downsampled_x4_up/strict_N/pu_net/train/stool/stool_0062.npy,"(1024, 3)",False,False,PASS
datasets/lineB_downsampled_x4_up/strict_N/pu_net/train/stool/stool_0063.npy,"(1024, 3)",False,False,PASS
datasets/lineB_downsampled_x4_up/strict_N/pu_net/train/stool/stool_0064.npy,"(1024, 3)",False,False,PASS
datasets/lineB_downsampled_x4_up/strict_N/pu_net/train/stool/stool_0065.npy,"(1024, 3)",False,False,PASS
datasets/lineB_downsampled_x4_up/strict_N/pu_net/train/stool/stool_0066.npy,"(1024, 3)",False,False,PASS
datasets/lineB_downsampled_x4_up/strict_N/pu_net/train/stool/stool_0067.npy,"(1024, 3)",False,False,PASS
datasets/lineB_downsampled_x4_up/strict_N/pu_net/train/stool/stool_0068.npy,"(1024, 3)",False,False,PASS
datasets/lineB_downsampled_x4_up/strict_N/pu_net/train/stool/stool_0069.npy,"(1024, 3)",False,False,PASS
datasets/lineB_downsampled_x4_up/strict_N/pu_net/train/stool/stool_0070.npy,"(1024, 3)",False,False,PASS
datasets/lineB_downsampled_x4_up/strict_N/pu_net/train/stool/stool_0071.npy,"(1024, 3)",False,False,PASS
datasets/lineB_downsampled_x4_up/strict_N/pu_net/train/stool/stool_0072.npy,"(1024, 3)",False,False,PASS
datasets/lineB_downsampled_x4_up/strict_N/pu_net/train/stool/stool_0073.npy,"(1024, 3)",False,False,PASS
datasets/lineB_downsampled_x4_up/strict_N/pu_net/train/stool/stool_0074.npy,"(1024, 3)",False,False,PASS
datasets/lineB_downsampled_x4_up/strict_N/pu_net/train/stool/stool_0075.npy,"(1024, 3)",False,False,PASS
datasets/lineB_downsampled_x4_up/strict_N/pu_net/train/stool/stool_0076.npy,"(1024, 3)",False,False,PASS
datasets/lineB_downsampled_x4_up/strict_N/pu_net/train/stool/stool_0077.npy,"(1024, 3)",False,False,PASS
datasets/lineB_downsampled_x4_up/strict_N/pu_net/train/stool/stool_0078.npy,"(1024, 3)",False,False,PASS
datasets/lineB_downsampled_x4_up/strict_N/pu_net/train/stool/stool_0079.npy,"(1024, 3)",False,False,PASS
datasets/lineB_downsampled_x4_up/strict_N/pu_net/train/stool/stool_0080.npy,"(1024, 3)",False,False,PASS
datasets/lineB_downsampled_x4_up/strict_N/pu_net/train/stool/stool_0081.npy,"(1024, 3)",False,False,PASS
datasets/lineB_downsampled_x4_up/strict_N/pu_net/train/stool/stool_0082.npy,"(1024, 3)",False,False,PASS
datasets/lineB_downsampled_x4_up/strict_N/pu_net/train/stool/stool_0083.npy,"(1024, 3)",False,False,PASS
datasets/lineB_downsampled_x4_up/strict_N/pu_net/train/stool/stool_0084.npy,"(1024, 3)",False,False,PASS
datasets/lineB_downsampled_x4_up/strict_N/pu_net/train/stool/stool_0085.npy,"(1024, 3)",False,False,PASS
datasets/lineB_downsampled_x4_up/strict_N/pu_net/train/stool/stool_0086.npy,"(1024, 3)",False,False,PASS
datasets/lineB_downsampled_x4_up/strict_N/pu_net/train/stool/stool_0087.npy,"(1024, 3)",False,False,PASS
datasets/lineB_downsampled_x4_up/strict_N/pu_net/train/stool/stool_0088.npy,"(1024, 3)",False,False,PASS
datasets/lineB_downsampled_x4_up/strict_N/pu_net/train/stool/stool_0089.npy,"(1024, 3)",False,False,PASS
datasets/lineB_downsampled_x4_up/strict_N/pu_net/train/stool/stool_0090.npy,"(1024, 3)",False,False,PASS
datasets/lineB_downsampled_x4_up/strict_N/pu_net/train/table/table_0001.npy,"(1024, 3)",False,False,PASS
datasets/lineB_downsampled_x4_up/strict_N/pu_net/train/table/table_0002.npy,"(1024, 3)",False,False,PASS
datasets/lineB_downsampled_x4_up/strict_N/pu_net/train/table/table_0003.npy,"(1024, 3)",False,False,PASS
datasets/lineB_downsampled_x4_up/strict_N/pu_net/train/table/table_0004.npy,"(1024, 3)",False,False,PASS
datasets/lineB_downsampled_x4_up/strict_N/pu_net/train/table/table_0005.npy,"(1024, 3)",False,False,PASS
datasets/lineB_downsampled_x4_up/strict_N/pu_net/train/table/table_0006.npy,"(1024, 3)",False,False,PASS
datasets/lineB_downsampled_x4_up/strict_N/pu_net/train/table/table_0007.npy,"(1024, 3)",False,False,PASS
datasets/lineB_downsampled_x4_up/strict_N/pu_net/train/table/table_0008.npy,"(1024, 3)",False,False,PASS
datasets/lineB_downsampled_x4_up/strict_N/pu_net/train/table/table_0009.npy,"(1024, 3)",False,False,PASS
datasets/lineB_downsampled_x4_up/strict_N/pu_net/train/table/table_0010.npy,"(1024, 3)",False,False,PASS
datasets/lineB_downsampled_x4_up/strict_N/pu_net/train/table/table_0011.npy,"(1024, 3)",False,False,PASS
datasets/lineB_downsampled_x4_up/strict_N/pu_net/train/table/table_0012.npy,"(1024, 3)",False,False,PASS
datasets/lineB_downsampled_x4_up/strict_N/pu_net/train/table/table_0013.npy,"(1024, 3)",False,False,PASS
datasets/lineB_downsampled_x4_up/strict_N/pu_net/train/table/table_0014.npy,"(1024, 3)",False,False,PASS
datasets/lineB_downsampled_x4_up/strict_N/pu_net/train/table/table_0015.npy,"(1024, 3)",False,False,PASS
datasets/lineB_downsampled_x4_up/strict_N/pu_net/train/table/table_0016.npy,"(1024, 3)",False,False,PASS
datasets/lineB_downsampled_x4_up/strict_N/pu_net/train/table/table_0017.npy,"(1024, 3)",False,False,PASS
datasets/lineB_downsampled_x4_up/strict_N/pu_net/train/table/table_0301.npy,"(1024, 3)",False,False,PASS
datasets/lineB_downsampled_x4_up/strict_N/pu_net/train/table/table_0302.npy,"(1024, 3)",False,False,PASS
datasets/lineB_downsampled_x4_up/strict_N/pu_net/train/table/table_0303.npy,"(1024, 3)",False,False,PASS
datasets/lineB_downsampled_x4_up/strict_N/pu_net/train/table/table_0304.npy,"(1024, 3)",False,False,PASS
datasets/lineB_downsampled_x4_up/strict_N/pu_net/train/table/table_0305.npy,"(1024, 3)",False,False,PASS
datasets/lineB_downsampled_x4_up/strict_N/pu_net/train/table/table_0306.npy,"(1024, 3)",False,False,PASS
datasets/lineB_downsampled_x4_up/strict_N/pu_net/train/table/table_0307.npy,"(1024, 3)",False,False,PASS
datasets/lineB_downsampled_x4_up/strict_N/pu_net/train/table/table_0308.npy,"(1024, 3)",False,False,PASS
datasets/lineB_downsampled_x4_up/strict_N/pu_net/train/table/table_0309.npy,"(1024, 3)",False,False,PASS
datasets/lineB_downsampled_x4_up/strict_N/pu_net/train/table/table_0310.npy,"(1024, 3)",False,False,PASS
datasets/lineB_downsampled_x4_up/strict_N/pu_net/train/table/table_0311.npy,"(1024, 3)",False,False,PASS
datasets/lineB_downsampled_x4_up/strict_N/pu_net/train/table/table_0312.npy,"(1024, 3)",False,False,PASS
datasets/lineB_downsampled_x4_up/strict_N/pu_net/train/table/table_0313.npy,"(1024, 3)",False,False,PASS
datasets/lineB_downsampled_x4_up/strict_N/pu_net/train/table/table_0314.npy,"(1024, 3)",False,False,PASS
datasets/lineB_downsampled_x4_up/strict_N/pu_net/train/table/table_0315.npy,"(1024, 3)",False,False,PASS
datasets/lineB_downsampled_x4_up/strict_N/pu_net/train/table/table_0316.npy,"(1024, 3)",False,False,PASS
datasets/lineB_downsampled_x4_up/strict_N/pu_net/train/table/table_0317.npy,"(1024, 3)",False,False,PASS
datasets/lineB_downsampled_x4_up/strict_N/pu_net/train/table/table_0318.npy,"(1024, 3)",False,False,PASS
datasets/lineB_downsampled_x4_up/strict_N/pu_net/train/table/table_0319.npy,"(1024, 3)",False,False,PASS
datasets/lineB_downsampled_x4_up/strict_N/pu_net/train/table/table_0320.npy,"(1024, 3)",False,False,PASS
datasets/lineB_downsampled_x4_up/strict_N/pu_net/train/table/table_0321.npy,"(1024, 3)",False,False,PASS
datasets/lineB_downsampled_x4_up/strict_N/pu_net/train/table/table_0322.npy,"(1024, 3)",False,False,PASS
datasets/lineB_downsampled_x4_up/strict_N/pu_net/train/table/table_0323.npy,"(1024, 3)",False,False,PASS
datasets/lineB_downsampled_x4_up/strict_N/pu_net/train/table/table_0324.npy,"(1024, 3)",False,False,PASS
datasets/lineB_downsampled_x4_up/strict_N/pu_net/train/table/table_0325.npy,"(1024, 3)",False,False,PASS
datasets/lineB_downsampled_x4_up/strict_N/pu_net/train/table/table_0326.npy,"(1024, 3)",False,False,PASS
datasets/lineB_downsampled_x4_up/strict_N/pu_net/train/table/table_0327.npy,"(1024, 3)",False,False,PASS
datasets/lineB_downsampled_x4_up/strict_N/pu_net/train/table/table_0328.npy,"(1024, 3)",False,False,PASS
datasets/lineB_downsampled_x4_up/strict_N/pu_net/train/table/table_0329.npy,"(1024, 3)",False,False,PASS
datasets/lineB_downsampled_x4_up/strict_N/pu_net/train/table/table_0330.npy,"(1024, 3)",False,False,PASS
datasets/lineB_downsampled_x4_up/strict_N/pu_net/train/table/table_0331.npy,"(1024, 3)",False,False,PASS
datasets/lineB_downsampled_x4_up/strict_N/pu_net/train/table/table_0332.npy,"(1024, 3)",False,False,PASS
datasets/lineB_downsampled_x4_up/strict_N/pu_net/train/table/table_0333.npy,"(1024, 3)",False,False,PASS
datasets/lineB_downsampled_x4_up/strict_N/pu_net/train/table/table_0334.npy,"(1024, 3)",False,False,PASS
datasets/lineB_downsampled_x4_up/strict_N/pu_net/train/table/table_0335.npy,"(1024, 3)",False,False,PASS
datasets/lineB_downsampled_x4_up/strict_N/pu_net/train/table/table_0336.npy,"(1024, 3)",False,False,PASS
datasets/lineB_downsampled_x4_up/strict_N/pu_net/train/table/table_0337.npy,"(1024, 3)",False,False,PASS
datasets/lineB_downsampled_x4_up/strict_N/pu_net/train/table/table_0338.npy,"(1024, 3)",False,False,PASS
datasets/lineB_downsampled_x4_up/strict_N/pu_net/train/table/table_0339.npy,"(1024, 3)",False,False,PASS
datasets/lineB_downsampled_x4_up/strict_N/pu_net/train/table/table_0340.npy,"(1024, 3)",False,False,PASS
datasets/lineB_downsampled_x4_up/strict_N/pu_net/train/table/table_0341.npy,"(1024, 3)",False,False,PASS
datasets/lineB_downsampled_x4_up/strict_N/pu_net/train/table/table_0342.npy,"(1024, 3)",False,False,PASS
datasets/lineB_downsampled_x4_up/strict_N/pu_net/train/table/table_0343.npy,"(1024, 3)",False,False,PASS
datasets/lineB_downsampled_x4_up/strict_N/pu_net/train/table/table_0344.npy,"(1024, 3)",False,False,PASS
datasets/lineB_downsampled_x4_up/strict_N/pu_net/train/table/table_0345.npy,"(1024, 3)",False,False,PASS
datasets/lineB_downsampled_x4_up/strict_N/pu_net/train/table/table_0346.npy,"(1024, 3)",False,False,PASS
datasets/lineB_downsampled_x4_up/strict_N/pu_net/train/table/table_0347.npy,"(1024, 3)",False,False,PASS
datasets/lineB_downsampled_x4_up/strict_N/pu_net/train/table/table_0348.npy,"(1024, 3)",False,False,PASS
datasets/lineB_downsampled_x4_up/strict_N/pu_net/train/table/table_0349.npy,"(1024, 3)",False,False,PASS
datasets/lineB_downsampled_x4_up/strict_N/pu_net/train/table/table_0350.npy,"(1024, 3)",False,False,PASS
datasets/lineB_downsampled_x4_up/strict_N/pu_net/train/table/table_0351.npy,"(1024, 3)",False,False,PASS
datasets/lineB_downsampled_x4_up/strict_N/pu_net/train/table/table_0352.npy,"(1024, 3)",False,False,PASS
datasets/lineB_downsampled_x4_up/strict_N/pu_net/train/table/table_0353.npy,"(1024, 3)",False,False,PASS
datasets/lineB_downsampled_x4_up/strict_N/pu_net/train/table/table_0354.npy,"(1024, 3)",False,False,PASS
datasets/lineB_downsampled_x4_up/strict_N/pu_net/train/table/table_0355.npy,"(1024, 3)",False,False,PASS
datasets/lineB_downsampled_x4_up/strict_N/pu_net/train/table/table_0356.npy,"(1024, 3)",False,False,PASS
datasets/lineB_downsampled_x4_up/strict_N/pu_net/train/table/table_0357.npy,"(1024, 3)",False,False,PASS
datasets/lineB_downsampled_x4_up/strict_N/pu_net/train/table/table_0358.npy,"(1024, 3)",False,False,PASS
datasets/lineB_downsampled_x4_up/strict_N/pu_net/train/table/table_0359.npy,"(1024, 3)",False,False,PASS
datasets/lineB_downsampled_x4_up/strict_N/pu_net/train/table/table_0360.npy,"(1024, 3)",False,False,PASS
datasets/lineB_downsampled_x4_up/strict_N/pu_net/train/table/table_0361.npy,"(1024, 3)",False,False,PASS
datasets/lineB_downsampled_x4_up/strict_N/pu_net/train/table/table_0362.npy,"(1024, 3)",False,False,PASS
datasets/lineB_downsampled_x4_up/strict_N/pu_net/train/table/table_0363.npy,"(1024, 3)",False,False,PASS
datasets/lineB_downsampled_x4_up/strict_N/pu_net/train/table/table_0364.npy,"(1024, 3)",False,False,PASS
datasets/lineB_downsampled_x4_up/strict_N/pu_net/train/table/table_0365.npy,"(1024, 3)",False,False,PASS
datasets/lineB_downsampled_x4_up/strict_N/pu_net/train/table/table_0366.npy,"(1024, 3)",False,False,PASS
datasets/lineB_downsampled_x4_up/strict_N/pu_net/train/table/table_0367.npy,"(1024, 3)",False,False,PASS
datasets/lineB_downsampled_x4_up/strict_N/pu_net/train/table/table_0368.npy,"(1024, 3)",False,False,PASS
datasets/lineB_downsampled_x4_up/strict_N/pu_net/train/table/table_0369.npy,"(1024, 3)",False,False,PASS
datasets/lineB_downsampled_x4_up/strict_N/pu_net/train/table/table_0370.npy,"(1024, 3)",False,False,PASS
datasets/lineB_downsampled_x4_up/strict_N/pu_net/train/table/table_0371.npy,"(1024, 3)",False,False,PASS
datasets/lineB_downsampled_x4_up/strict_N/pu_net/train/table/table_0372.npy,"(1024, 3)",False,False,PASS
datasets/lineB_downsampled_x4_up/strict_N/pu_net/train/table/table_0373.npy,"(1024, 3)",False,False,PASS
datasets/lineB_downsampled_x4_up/strict_N/pu_net/train/table/table_0374.npy,"(1024, 3)",False,False,PASS
datasets/lineB_downsampled_x4_up/strict_N/pu_net/train/table/table_0375.npy,"(1024, 3)",False,False,PASS
datasets/lineB_downsampled_x4_up/strict_N/pu_net/train/table/table_0376.npy,"(1024, 3)",False,False,PASS
datasets/lineB_downsampled_x4_up/strict_N/pu_net/train/table/table_0377.npy,"(1024, 3)",False,False,PASS
datasets/lineB_downsampled_x4_up/strict_N/pu_net/train/table/table_0378.npy,"(1024, 3)",False,False,PASS
datasets/lineB_downsampled_x4_up/strict_N/pu_net/train/table/table_0379.npy,"(1024, 3)",False,False,PASS
datasets/lineB_downsampled_x4_up/strict_N/pu_net/train/table/table_0380.npy,"(1024, 3)",False,False,PASS
datasets/lineB_downsampled_x4_up/strict_N/pu_net/train/table/table_0381.npy,"(1024, 3)",False,False,PASS
datasets/lineB_downsampled_x4_up/strict_N/pu_net/train/table/table_0382.npy,"(1024, 3)",False,False,PASS
datasets/lineB_downsampled_x4_up/strict_N/pu_net/train/table/table_0383.npy,"(1024, 3)",False,False,PASS
datasets/lineB_downsampled_x4_up/strict_N/pu_net/train/table/table_0384.npy,"(1024, 3)",False,False,PASS
datasets/lineB_downsampled_x4_up/strict_N/pu_net/train/table/table_0385.npy,"(1024, 3)",False,False,PASS
datasets/lineB_downsampled_x4_up/strict_N/pu_net/train/table/table_0386.npy,"(1024, 3)",False,False,PASS
datasets/lineB_downsampled_x4_up/strict_N/pu_net/train/table/table_0387.npy,"(1024, 3)",False,False,PASS
datasets/lineB_downsampled_x4_up/strict_N/pu_net/train/table/table_0388.npy,"(1024, 3)",False,False,PASS
datasets/lineB_downsampled_x4_up/strict_N/pu_net/train/table/table_0389.npy,"(1024, 3)",False,False,PASS
datasets/lineB_downsampled_x4_up/strict_N/pu_net/train/table/table_0390.npy,"(1024, 3)",False,False,PASS
datasets/lineB_downsampled_x4_up/strict_N/pu_net/train/table/table_0391.npy,"(1024, 3)",False,False,PASS
datasets/lineB_downsampled_x4_up/strict_N/pu_net/train/table/table_0392.npy,"(1024, 3)",False,False,PASS
datasets/lineB_downsampled_x4_up/strict_N/pu_net/train/tent/tent_0001.npy,"(1024, 3)",False,False,PASS
datasets/lineB_downsampled_x4_up/strict_N/pu_net/train/tent/tent_0002.npy,"(1024, 3)",False,False,PASS
datasets/lineB_downsampled_x4_up/strict_N/pu_net/train/tent/tent_0003.npy,"(1024, 3)",False,False,PASS
datasets/lineB_downsampled_x4_up/strict_N/pu_net/train/tent/tent_0004.npy,"(1024, 3)",False,False,PASS
datasets/lineB_downsampled_x4_up/strict_N/pu_net/train/tent/tent_0005.npy,"(1024, 3)",False,False,PASS
datasets/lineB_downsampled_x4_up/strict_N/pu_net/train/tent/tent_0006.npy,"(1024, 3)",False,False,PASS
datasets/lineB_downsampled_x4_up/strict_N/pu_net/train/tent/tent_0007.npy,"(1024, 3)",False,False,PASS
datasets/lineB_downsampled_x4_up/strict_N/pu_net/train/tent/tent_0008.npy,"(1024, 3)",False,False,PASS
datasets/lineB_downsampled_x4_up/strict_N/pu_net/train/tent/tent_0009.npy,"(1024, 3)",False,False,PASS
datasets/lineB_downsampled_x4_up/strict_N/pu_net/train/tent/tent_0010.npy,"(1024, 3)",False,False,PASS
datasets/lineB_downsampled_x4_up/strict_N/pu_net/train/tent/tent_0011.npy,"(1024, 3)",False,False,PASS
datasets/lineB_downsampled_x4_up/strict_N/pu_net/train/tent/tent_0012.npy,"(1024, 3)",False,False,PASS
datasets/lineB_downsampled_x4_up/strict_N/pu_net/train/tent/tent_0013.npy,"(1024, 3)",False,False,PASS
datasets/lineB_downsampled_x4_up/strict_N/pu_net/train/tent/tent_0014.npy,"(1024, 3)",False,False,PASS
datasets/lineB_downsampled_x4_up/strict_N/pu_net/train/tent/tent_0015.npy,"(1024, 3)",False,False,PASS
datasets/lineB_downsampled_x4_up/strict_N/pu_net/train/tent/tent_0016.npy,"(1024, 3)",False,False,PASS
datasets/lineB_downsampled_x4_up/strict_N/pu_net/train/tent/tent_0017.npy,"(1024, 3)",False,False,PASS
datasets/lineB_downsampled_x4_up/strict_N/pu_net/train/tent/tent_0018.npy,"(1024, 3)",False,False,PASS
datasets/lineB_downsampled_x4_up/strict_N/pu_net/train/tent/tent_0019.npy,"(1024, 3)",False,False,PASS
datasets/lineB_downsampled_x4_up/strict_N/pu_net/train/tent/tent_0020.npy,"(1024, 3)",False,False,PASS
datasets/lineB_downsampled_x4_up/strict_N/pu_net/train/tent/tent_0021.npy,"(1024, 3)",False,False,PASS
datasets/lineB_downsampled_x4_up/strict_N/pu_net/train/tent/tent_0022.npy,"(1024, 3)",False,False,PASS
datasets/lineB_downsampled_x4_up/strict_N/pu_net/train/tent/tent_0023.npy,"(1024, 3)",False,False,PASS
datasets/lineB_downsampled_x4_up/strict_N/pu_net/train/tent/tent_0024.npy,"(1024, 3)",False,False,PASS
datasets/lineB_downsampled_x4_up/strict_N/pu_net/train/tent/tent_0025.npy,"(1024, 3)",False,False,PASS
datasets/lineB_downsampled_x4_up/strict_N/pu_net/train/tent/tent_0026.npy,"(1024, 3)",False,False,PASS
datasets/lineB_downsampled_x4_up/strict_N/pu_net/train/tent/tent_0027.npy,"(1024, 3)",False,False,PASS
datasets/lineB_downsampled_x4_up/strict_N/pu_net/train/tent/tent_0028.npy,"(1024, 3)",False,False,PASS
datasets/lineB_downsampled_x4_up/strict_N/pu_net/train/tent/tent_0029.npy,"(1024, 3)",False,False,PASS
datasets/lineB_downsampled_x4_up/strict_N/pu_net/train/tent/tent_0030.npy,"(1024, 3)",False,False,PASS
datasets/lineB_downsampled_x4_up/strict_N/pu_net/train/tent/tent_0031.npy,"(1024, 3)",False,False,PASS
datasets/lineB_downsampled_x4_up/strict_N/pu_net/train/tent/tent_0032.npy,"(1024, 3)",False,False,PASS
datasets/lineB_downsampled_x4_up/strict_N/pu_net/train/tent/tent_0033.npy,"(1024, 3)",False,False,PASS
datasets/lineB_downsampled_x4_up/strict_N/pu_net/train/tent/tent_0034.npy,"(1024, 3)",False,False,PASS
datasets/lineB_downsampled_x4_up/strict_N/pu_net/train/tent/tent_0035.npy,"(1024, 3)",False,False,PASS
datasets/lineB_downsampled_x4_up/strict_N/pu_net/train/tent/tent_0036.npy,"(1024, 3)",False,False,PASS
datasets/lineB_downsampled_x4_up/strict_N/pu_net/train/tent/tent_0037.npy,"(1024, 3)",False,False,PASS
datasets/lineB_downsampled_x4_up/strict_N/pu_net/train/tent/tent_0038.npy,"(1024, 3)",False,False,PASS
datasets/lineB_downsampled_x4_up/strict_N/pu_net/train/tent/tent_0039.npy,"(1024, 3)",False,False,PASS
datasets/lineB_downsampled_x4_up/strict_N/pu_net/train/tent/tent_0040.npy,"(1024, 3)",False,False,PASS
datasets/lineB_downsampled_x4_up/strict_N/pu_net/train/tent/tent_0041.npy,"(1024, 3)",False,False,PASS
datasets/lineB_downsampled_x4_up/strict_N/pu_net/train/tent/tent_0042.npy,"(1024, 3)",False,False,PASS
datasets/lineB_downsampled_x4_up/strict_N/pu_net/train/tent/tent_0043.npy,"(1024, 3)",False,False,PASS
datasets/lineB_downsampled_x4_up/strict_N/pu_net/train/tent/tent_0044.npy,"(1024, 3)",False,False,PASS
datasets/lineB_downsampled_x4_up/strict_N/pu_net/train/tent/tent_0045.npy,"(1024, 3)",False,False,PASS
datasets/lineB_downsampled_x4_up/strict_N/pu_net/train/tent/tent_0046.npy,"(1024, 3)",False,False,PASS
datasets/lineB_downsampled_x4_up/strict_N/pu_net/train/tent/tent_0047.npy,"(1024, 3)",False,False,PASS
datasets/lineB_downsampled_x4_up/strict_N/pu_net/train/tent/tent_0048.npy,"(1024, 3)",False,False,PASS
datasets/lineB_downsampled_x4_up/strict_N/pu_net/train/tent/tent_0049.npy,"(1024, 3)",False,False,PASS
datasets/lineB_downsampled_x4_up/strict_N/pu_net/train/tent/tent_0050.npy,"(1024, 3)",False,False,PASS
datasets/lineB_downsampled_x4_up/strict_N/pu_net/train/tent/tent_0051.npy,"(1024, 3)",False,False,PASS
datasets/lineB_downsampled_x4_up/strict_N/pu_net/train/tent/tent_0052.npy,"(1024, 3)",False,False,PASS
datasets/lineB_downsampled_x4_up/strict_N/pu_net/train/tent/tent_0053.npy,"(1024, 3)",False,False,PASS
datasets/lineB_downsampled_x4_up/strict_N/pu_net/train/tent/tent_0054.npy,"(1024, 3)",False,False,PASS
datasets/lineB_downsampled_x4_up/strict_N/pu_net/train/tent/tent_0055.npy,"(1024, 3)",False,False,PASS
datasets/lineB_downsampled_x4_up/strict_N/pu_net/train/tent/tent_0056.npy,"(1024, 3)",False,False,PASS
datasets/lineB_downsampled_x4_up/strict_N/pu_net/train/tent/tent_0057.npy,"(1024, 3)",False,False,PASS
datasets/lineB_downsampled_x4_up/strict_N/pu_net/train/tent/tent_0058.npy,"(1024, 3)",False,False,PASS
datasets/lineB_downsampled_x4_up/strict_N/pu_net/train/tent/tent_0059.npy,"(1024, 3)",False,False,PASS
datasets/lineB_downsampled_x4_up/strict_N/pu_net/train/tent/tent_0060.npy,"(1024, 3)",False,False,PASS
datasets/lineB_downsampled_x4_up/strict_N/pu_net/train/tent/tent_0061.npy,"(1024, 3)",False,False,PASS
datasets/lineB_downsampled_x4_up/strict_N/pu_net/train/tent/tent_0062.npy,"(1024, 3)",False,False,PASS
datasets/lineB_downsampled_x4_up/strict_N/pu_net/train/tent/tent_0063.npy,"(1024, 3)",False,False,PASS
datasets/lineB_downsampled_x4_up/strict_N/pu_net/train/tent/tent_0064.npy,"(1024, 3)",False,False,PASS
datasets/lineB_downsampled_x4_up/strict_N/pu_net/train/tent/tent_0065.npy,"(1024, 3)",False,False,PASS
datasets/lineB_downsampled_x4_up/strict_N/pu_net/train/tent/tent_0066.npy,"(1024, 3)",False,False,PASS
datasets/lineB_downsampled_x4_up/strict_N/pu_net/train/tent/tent_0067.npy,"(1024, 3)",False,False,PASS
datasets/lineB_downsampled_x4_up/strict_N/pu_net/train/tent/tent_0068.npy,"(1024, 3)",False,False,PASS
datasets/lineB_downsampled_x4_up/strict_N/pu_net/train/tent/tent_0069.npy,"(1024, 3)",False,False,PASS
datasets/lineB_downsampled_x4_up/strict_N/pu_net/train/tent/tent_0070.npy,"(1024, 3)",False,False,PASS
datasets/lineB_downsampled_x4_up/strict_N/pu_net/train/tent/tent_0071.npy,"(1024, 3)",False,False,PASS
datasets/lineB_downsampled_x4_up/strict_N/pu_net/train/tent/tent_0072.npy,"(1024, 3)",False,False,PASS
datasets/lineB_downsampled_x4_up/strict_N/pu_net/train/tent/tent_0073.npy,"(1024, 3)",False,False,PASS
datasets/lineB_downsampled_x4_up/strict_N/pu_net/train/tent/tent_0074.npy,"(1024, 3)",False,False,PASS
datasets/lineB_downsampled_x4_up/strict_N/pu_net/train/tent/tent_0075.npy,"(1024, 3)",False,False,PASS
datasets/lineB_downsampled_x4_up/strict_N/pu_net/train/tent/tent_0076.npy,"(1024, 3)",False,False,PASS
datasets/lineB_downsampled_x4_up/strict_N/pu_net/train/tent/tent_0077.npy,"(1024, 3)",False,False,PASS
datasets/lineB_downsampled_x4_up/strict_N/pu_net/train/tent/tent_0078.npy,"(1024, 3)",False,False,PASS
datasets/lineB_downsampled_x4_up/strict_N/pu_net/train/tent/tent_0079.npy,"(1024, 3)",False,False,PASS
datasets/lineB_downsampled_x4_up/strict_N/pu_net/train/tent/tent_0080.npy,"(1024, 3)",False,False,PASS
datasets/lineB_downsampled_x4_up/strict_N/pu_net/train/tent/tent_0081.npy,"(1024, 3)",False,False,PASS
datasets/lineB_downsampled_x4_up/strict_N/pu_net/train/tent/tent_0082.npy,"(1024, 3)",False,False,PASS
datasets/lineB_downsampled_x4_up/strict_N/pu_net/train/tent/tent_0083.npy,"(1024, 3)",False,False,PASS
datasets/lineB_downsampled_x4_up/strict_N/pu_net/train/tent/tent_0084.npy,"(1024, 3)",False,False,PASS
datasets/lineB_downsampled_x4_up/strict_N/pu_net/train/tent/tent_0085.npy,"(1024, 3)",False,False,PASS
datasets/lineB_downsampled_x4_up/strict_N/pu_net/train/tent/tent_0086.npy,"(1024, 3)",False,False,PASS
datasets/lineB_downsampled_x4_up/strict_N/pu_net/train/tent/tent_0087.npy,"(1024, 3)",False,False,PASS
datasets/lineB_downsampled_x4_up/strict_N/pu_net/train/tent/tent_0088.npy,"(1024, 3)",False,False,PASS
datasets/lineB_downsampled_x4_up/strict_N/pu_net/train/tent/tent_0089.npy,"(1024, 3)",False,False,PASS
datasets/lineB_downsampled_x4_up/strict_N/pu_net/train/tent/tent_0090.npy,"(1024, 3)",False,False,PASS
datasets/lineB_downsampled_x4_up/strict_N/pu_net/train/tent/tent_0091.npy,"(1024, 3)",False,False,PASS
datasets/lineB_downsampled_x4_up/strict_N/pu_net/train/tent/tent_0092.npy,"(1024, 3)",False,False,PASS
datasets/lineB_downsampled_x4_up/strict_N/pu_net/train/tent/tent_0093.npy,"(1024, 3)",False,False,PASS
datasets/lineB_downsampled_x4_up/strict_N/pu_net/train/tent/tent_0094.npy,"(1024, 3)",False,False,PASS
datasets/lineB_downsampled_x4_up/strict_N/pu_net/train/tent/tent_0095.npy,"(1024, 3)",False,False,PASS
datasets/lineB_downsampled_x4_up/strict_N/pu_net/train/tent/tent_0096.npy,"(1024, 3)",False,False,PASS
datasets/lineB_downsampled_x4_up/strict_N/pu_net/train/tent/tent_0097.npy,"(1024, 3)",False,False,PASS
datasets/lineB_downsampled_x4_up/strict_N/pu_net/train/tent/tent_0098.npy,"(1024, 3)",False,False,PASS
datasets/lineB_downsampled_x4_up/strict_N/pu_net/train/tent/tent_0099.npy,"(1024, 3)",False,False,PASS
datasets/lineB_downsampled_x4_up/strict_N/pu_net/train/tent/tent_0100.npy,"(1024, 3)",False,False,PASS
datasets/lineB_downsampled_x4_up/strict_N/pu_net/train/tent/tent_0101.npy,"(1024, 3)",False,False,PASS
datasets/lineB_downsampled_x4_up/strict_N/pu_net/train/tent/tent_0102.npy,"(1024, 3)",False,False,PASS
datasets/lineB_downsampled_x4_up/strict_N/pu_net/train/tent/tent_0103.npy,"(1024, 3)",False,False,PASS
datasets/lineB_downsampled_x4_up/strict_N/pu_net/train/tent/tent_0104.npy,"(1024, 3)",False,False,PASS
datasets/lineB_downsampled_x4_up/strict_N/pu_net/train/tent/tent_0105.npy,"(1024, 3)",False,False,PASS
datasets/lineB_downsampled_x4_up/strict_N/pu_net/train/tent/tent_0106.npy,"(1024, 3)",False,False,PASS
datasets/lineB_downsampled_x4_up/strict_N/pu_net/train/tent/tent_0107.npy,"(1024, 3)",False,False,PASS
datasets/lineB_downsampled_x4_up/strict_N/pu_net/train/tent/tent_0108.npy,"(1024, 3)",False,False,PASS
datasets/lineB_downsampled_x4_up/strict_N/pu_net/train/tent/tent_0109.npy,"(1024, 3)",False,False,PASS
datasets/lineB_downsampled_x4_up/strict_N/pu_net/train/tent/tent_0110.npy,"(1024, 3)",False,False,PASS
datasets/lineB_downsampled_x4_up/strict_N/pu_net/train/tent/tent_0111.npy,"(1024, 3)",False,False,PASS
datasets/lineB_downsampled_x4_up/strict_N/pu_net/train/tent/tent_0112.npy,"(1024, 3)",False,False,PASS
datasets/lineB_downsampled_x4_up/strict_N/pu_net/train/tent/tent_0113.npy,"(1024, 3)",False,False,PASS
datasets/lineB_downsampled_x4_up/strict_N/pu_net/train/tent/tent_0114.npy,"(1024, 3)",False,False,PASS
datasets/lineB_downsampled_x4_up/strict_N/pu_net/train/tent/tent_0115.npy,"(1024, 3)",False,False,PASS
datasets/lineB_downsampled_x4_up/strict_N/pu_net/train/tent/tent_0116.npy,"(1024, 3)",False,False,PASS
datasets/lineB_downsampled_x4_up/strict_N/pu_net/train/tent/tent_0117.npy,"(1024, 3)",False,False,PASS
datasets/lineB_downsampled_x4_up/strict_N/pu_net/train/tent/tent_0118.npy,"(1024, 3)",False,False,PASS
datasets/lineB_downsampled_x4_up/strict_N/pu_net/train/tent/tent_0119.npy,"(1024, 3)",False,False,PASS
datasets/lineB_downsampled_x4_up/strict_N/pu_net/train/tent/tent_0120.npy,"(1024, 3)",False,False,PASS
datasets/lineB_downsampled_x4_up/strict_N/pu_net/train/tent/tent_0121.npy,"(1024, 3)",False,False,PASS
datasets/lineB_downsampled_x4_up/strict_N/pu_net/train/tent/tent_0122.npy,"(1024, 3)",False,False,PASS
datasets/lineB_downsampled_x4_up/strict_N/pu_net/train/tent/tent_0123.npy,"(1024, 3)",False,False,PASS
datasets/lineB_downsampled_x4_up/strict_N/pu_net/train/tent/tent_0124.npy,"(1024, 3)",False,False,PASS
datasets/lineB_downsampled_x4_up/strict_N/pu_net/train/tent/tent_0125.npy,"(1024, 3)",False,False,PASS
datasets/lineB_downsampled_x4_up/strict_N/pu_net/train/tent/tent_0126.npy,"(1024, 3)",False,False,PASS
datasets/lineB_downsampled_x4_up/strict_N/pu_net/train/tent/tent_0127.npy,"(1024, 3)",False,False,PASS
datasets/lineB_downsampled_x4_up/strict_N/pu_net/train/tent/tent_0128.npy,"(1024, 3)",False,False,PASS
datasets/lineB_downsampled_x4_up/strict_N/pu_net/train/tent/tent_0129.npy,"(1024, 3)",False,False,PASS
datasets/lineB_downsampled_x4_up/strict_N/pu_net/train/tent/tent_0130.npy,"(1024, 3)",False,False,PASS
datasets/lineB_downsampled_x4_up/strict_N/pu_net/train/tent/tent_0131.npy,"(1024, 3)",False,False,PASS
datasets/lineB_downsampled_x4_up/strict_N/pu_net/train/tent/tent_0132.npy,"(1024, 3)",False,False,PASS
datasets/lineB_downsampled_x4_up/strict_N/pu_net/train/tent/tent_0133.npy,"(1024, 3)",False,False,PASS
datasets/lineB_downsampled_x4_up/strict_N/pu_net/train/tent/tent_0134.npy,"(1024, 3)",False,False,PASS
datasets/lineB_downsampled_x4_up/strict_N/pu_net/train/tent/tent_0135.npy,"(1024, 3)",False,False,PASS
datasets/lineB_downsampled_x4_up/strict_N/pu_net/train/tent/tent_0136.npy,"(1024, 3)",False,False,PASS
datasets/lineB_downsampled_x4_up/strict_N/pu_net/train/tent/tent_0137.npy,"(1024, 3)",False,False,PASS
datasets/lineB_downsampled_x4_up/strict_N/pu_net/train/tent/tent_0138.npy,"(1024, 3)",False,False,PASS
datasets/lineB_downsampled_x4_up/strict_N/pu_net/train/tent/tent_0139.npy,"(1024, 3)",False,False,PASS
datasets/lineB_downsampled_x4_up/strict_N/pu_net/train/tent/tent_0140.npy,"(1024, 3)",False,False,PASS
datasets/lineB_downsampled_x4_up/strict_N/pu_net/train/tent/tent_0141.npy,"(1024, 3)",False,False,PASS
datasets/lineB_downsampled_x4_up/strict_N/pu_net/train/tent/tent_0142.npy,"(1024, 3)",False,False,PASS
datasets/lineB_downsampled_x4_up/strict_N/pu_net/train/tent/tent_0143.npy,"(1024, 3)",False,False,PASS
datasets/lineB_downsampled_x4_up/strict_N/pu_net/train/tent/tent_0144.npy,"(1024, 3)",False,False,PASS
datasets/lineB_downsampled_x4_up/strict_N/pu_net/train/tent/tent_0145.npy,"(1024, 3)",False,False,PASS
datasets/lineB_downsampled_x4_up/strict_N/pu_net/train/tent/tent_0146.npy,"(1024, 3)",False,False,PASS
datasets/lineB_downsampled_x4_up/strict_N/pu_net/train/tent/tent_0147.npy,"(1024, 3)",False,False,PASS
datasets/lineB_downsampled_x4_up/strict_N/pu_net/train/tent/tent_0148.npy,"(1024, 3)",False,False,PASS
datasets/lineB_downsampled_x4_up/strict_N/pu_net/train/tent/tent_0149.npy,"(1024, 3)",False,False,PASS
datasets/lineB_downsampled_x4_up/strict_N/pu_net/train/tent/tent_0150.npy,"(1024, 3)",False,False,PASS
datasets/lineB_downsampled_x4_up/strict_N/pu_net/train/tent/tent_0151.npy,"(1024, 3)",False,False,PASS
datasets/lineB_downsampled_x4_up/strict_N/pu_net/train/tent/tent_0152.npy,"(1024, 3)",False,False,PASS
datasets/lineB_downsampled_x4_up/strict_N/pu_net/train/tent/tent_0153.npy,"(1024, 3)",False,False,PASS
datasets/lineB_downsampled_x4_up/strict_N/pu_net/train/tent/tent_0154.npy,"(1024, 3)",False,False,PASS
datasets/lineB_downsampled_x4_up/strict_N/pu_net/train/tent/tent_0155.npy,"(1024, 3)",False,False,PASS
datasets/lineB_downsampled_x4_up/strict_N/pu_net/train/tent/tent_0156.npy,"(1024, 3)",False,False,PASS
datasets/lineB_downsampled_x4_up/strict_N/pu_net/train/tent/tent_0157.npy,"(1024, 3)",False,False,PASS
datasets/lineB_downsampled_x4_up/strict_N/pu_net/train/tent/tent_0158.npy,"(1024, 3)",False,False,PASS
datasets/lineB_downsampled_x4_up/strict_N/pu_net/train/tent/tent_0159.npy,"(1024, 3)",False,False,PASS
datasets/lineB_downsampled_x4_up/strict_N/pu_net/train/tent/tent_0160.npy,"(1024, 3)",False,False,PASS
datasets/lineB_downsampled_x4_up/strict_N/pu_net/train/tent/tent_0161.npy,"(1024, 3)",False,False,PASS
datasets/lineB_downsampled_x4_up/strict_N/pu_net/train/tent/tent_0162.npy,"(1024, 3)",False,False,PASS
datasets/lineB_downsampled_x4_up/strict_N/pu_net/train/tent/tent_0163.npy,"(1024, 3)",False,False,PASS
datasets/lineB_downsampled_x4_up/strict_N/pu_net/train/toilet/toilet_0001.npy,"(1024, 3)",False,False,PASS
datasets/lineB_downsampled_x4_up/strict_N/pu_net/train/toilet/toilet_0002.npy,"(1024, 3)",False,False,PASS
datasets/lineB_downsampled_x4_up/strict_N/pu_net/train/toilet/toilet_0003.npy,"(1024, 3)",False,False,PASS
datasets/lineB_downsampled_x4_up/strict_N/pu_net/train/toilet/toilet_0004.npy,"(1024, 3)",False,False,PASS
datasets/lineB_downsampled_x4_up/strict_N/pu_net/train/toilet/toilet_0005.npy,"(1024, 3)",False,False,PASS
datasets/lineB_downsampled_x4_up/strict_N/pu_net/train/toilet/toilet_0006.npy,"(1024, 3)",False,False,PASS
datasets/lineB_downsampled_x4_up/strict_N/pu_net/train/toilet/toilet_0007.npy,"(1024, 3)",False,False,PASS
datasets/lineB_downsampled_x4_up/strict_N/pu_net/train/toilet/toilet_0008.npy,"(1024, 3)",False,False,PASS
datasets/lineB_downsampled_x4_up/strict_N/pu_net/train/toilet/toilet_0009.npy,"(1024, 3)",False,False,PASS
datasets/lineB_downsampled_x4_up/strict_N/pu_net/train/toilet/toilet_0010.npy,"(1024, 3)",False,False,PASS
datasets/lineB_downsampled_x4_up/strict_N/pu_net/train/toilet/toilet_0011.npy,"(1024, 3)",False,False,PASS
datasets/lineB_downsampled_x4_up/strict_N/pu_net/train/toilet/toilet_0012.npy,"(1024, 3)",False,False,PASS
datasets/lineB_downsampled_x4_up/strict_N/pu_net/train/toilet/toilet_0013.npy,"(1024, 3)",False,False,PASS
datasets/lineB_downsampled_x4_up/strict_N/pu_net/train/toilet/toilet_0014.npy,"(1024, 3)",False,False,PASS
datasets/lineB_downsampled_x4_up/strict_N/pu_net/train/toilet/toilet_0015.npy,"(1024, 3)",False,False,PASS
datasets/lineB_downsampled_x4_up/strict_N/pu_net/train/toilet/toilet_0016.npy,"(1024, 3)",False,False,PASS
datasets/lineB_downsampled_x4_up/strict_N/pu_net/train/toilet/toilet_0017.npy,"(1024, 3)",False,False,PASS
datasets/lineB_downsampled_x4_up/strict_N/pu_net/train/toilet/toilet_0018.npy,"(1024, 3)",False,False,PASS
datasets/lineB_downsampled_x4_up/strict_N/pu_net/train/toilet/toilet_0019.npy,"(1024, 3)",False,False,PASS
datasets/lineB_downsampled_x4_up/strict_N/pu_net/train/toilet/toilet_0020.npy,"(1024, 3)",False,False,PASS
datasets/lineB_downsampled_x4_up/strict_N/pu_net/train/toilet/toilet_0021.npy,"(1024, 3)",False,False,PASS
datasets/lineB_downsampled_x4_up/strict_N/pu_net/train/toilet/toilet_0022.npy,"(1024, 3)",False,False,PASS
datasets/lineB_downsampled_x4_up/strict_N/pu_net/train/toilet/toilet_0023.npy,"(1024, 3)",False,False,PASS
datasets/lineB_downsampled_x4_up/strict_N/pu_net/train/toilet/toilet_0024.npy,"(1024, 3)",False,False,PASS
datasets/lineB_downsampled_x4_up/strict_N/pu_net/train/toilet/toilet_0025.npy,"(1024, 3)",False,False,PASS
datasets/lineB_downsampled_x4_up/strict_N/pu_net/train/toilet/toilet_0026.npy,"(1024, 3)",False,False,PASS
datasets/lineB_downsampled_x4_up/strict_N/pu_net/train/toilet/toilet_0027.npy,"(1024, 3)",False,False,PASS
datasets/lineB_downsampled_x4_up/strict_N/pu_net/train/toilet/toilet_0028.npy,"(1024, 3)",False,False,PASS
datasets/lineB_downsampled_x4_up/strict_N/pu_net/train/toilet/toilet_0029.npy,"(1024, 3)",False,False,PASS
datasets/lineB_downsampled_x4_up/strict_N/pu_net/train/toilet/toilet_0030.npy,"(1024, 3)",False,False,PASS
datasets/lineB_downsampled_x4_up/strict_N/pu_net/train/toilet/toilet_0031.npy,"(1024, 3)",False,False,PASS
datasets/lineB_downsampled_x4_up/strict_N/pu_net/train/toilet/toilet_0032.npy,"(1024, 3)",False,False,PASS
datasets/lineB_downsampled_x4_up/strict_N/pu_net/train/toilet/toilet_0033.npy,"(1024, 3)",False,False,PASS
datasets/lineB_downsampled_x4_up/strict_N/pu_net/train/toilet/toilet_0034.npy,"(1024, 3)",False,False,PASS
datasets/lineB_downsampled_x4_up/strict_N/pu_net/train/toilet/toilet_0035.npy,"(1024, 3)",False,False,PASS
datasets/lineB_downsampled_x4_up/strict_N/pu_net/train/toilet/toilet_0036.npy,"(1024, 3)",False,False,PASS
datasets/lineB_downsampled_x4_up/strict_N/pu_net/train/toilet/toilet_0037.npy,"(1024, 3)",False,False,PASS
datasets/lineB_downsampled_x4_up/strict_N/pu_net/train/toilet/toilet_0038.npy,"(1024, 3)",False,False,PASS
datasets/lineB_downsampled_x4_up/strict_N/pu_net/train/toilet/toilet_0039.npy,"(1024, 3)",False,False,PASS
datasets/lineB_downsampled_x4_up/strict_N/pu_net/train/toilet/toilet_0040.npy,"(1024, 3)",False,False,PASS
datasets/lineB_downsampled_x4_up/strict_N/pu_net/train/toilet/toilet_0041.npy,"(1024, 3)",False,False,PASS
datasets/lineB_downsampled_x4_up/strict_N/pu_net/train/toilet/toilet_0042.npy,"(1024, 3)",False,False,PASS
datasets/lineB_downsampled_x4_up/strict_N/pu_net/train/toilet/toilet_0043.npy,"(1024, 3)",False,False,PASS
datasets/lineB_downsampled_x4_up/strict_N/pu_net/train/toilet/toilet_0044.npy,"(1024, 3)",False,False,PASS
datasets/lineB_downsampled_x4_up/strict_N/pu_net/train/toilet/toilet_0045.npy,"(1024, 3)",False,False,PASS
datasets/lineB_downsampled_x4_up/strict_N/pu_net/train/toilet/toilet_0046.npy,"(1024, 3)",False,False,PASS
datasets/lineB_downsampled_x4_up/strict_N/pu_net/train/toilet/toilet_0047.npy,"(1024, 3)",False,False,PASS
datasets/lineB_downsampled_x4_up/strict_N/pu_net/train/toilet/toilet_0048.npy,"(1024, 3)",False,False,PASS
datasets/lineB_downsampled_x4_up/strict_N/pu_net/train/toilet/toilet_0049.npy,"(1024, 3)",False,False,PASS
datasets/lineB_downsampled_x4_up/strict_N/pu_net/train/toilet/toilet_0050.npy,"(1024, 3)",False,False,PASS
datasets/lineB_downsampled_x4_up/strict_N/pu_net/train/toilet/toilet_0051.npy,"(1024, 3)",False,False,PASS
datasets/lineB_downsampled_x4_up/strict_N/pu_net/train/toilet/toilet_0052.npy,"(1024, 3)",False,False,PASS
datasets/lineB_downsampled_x4_up/strict_N/pu_net/train/toilet/toilet_0053.npy,"(1024, 3)",False,False,PASS
datasets/lineB_downsampled_x4_up/strict_N/pu_net/train/toilet/toilet_0054.npy,"(1024, 3)",False,False,PASS
datasets/lineB_downsampled_x4_up/strict_N/pu_net/train/toilet/toilet_0055.npy,"(1024, 3)",False,False,PASS
datasets/lineB_downsampled_x4_up/strict_N/pu_net/train/toilet/toilet_0056.npy,"(1024, 3)",False,False,PASS
datasets/lineB_downsampled_x4_up/strict_N/pu_net/train/toilet/toilet_0057.npy,"(1024, 3)",False,False,PASS
datasets/lineB_downsampled_x4_up/strict_N/pu_net/train/toilet/toilet_0058.npy,"(1024, 3)",False,False,PASS
datasets/lineB_downsampled_x4_up/strict_N/pu_net/train/toilet/toilet_0059.npy,"(1024, 3)",False,False,PASS
datasets/lineB_downsampled_x4_up/strict_N/pu_net/train/toilet/toilet_0060.npy,"(1024, 3)",False,False,PASS
datasets/lineB_downsampled_x4_up/strict_N/pu_net/train/toilet/toilet_0061.npy,"(1024, 3)",False,False,PASS
datasets/lineB_downsampled_x4_up/strict_N/pu_net/train/toilet/toilet_0062.npy,"(1024, 3)",False,False,PASS
datasets/lineB_downsampled_x4_up/strict_N/pu_net/train/toilet/toilet_0063.npy,"(1024, 3)",False,False,PASS
datasets/lineB_downsampled_x4_up/strict_N/pu_net/train/toilet/toilet_0064.npy,"(1024, 3)",False,False,PASS
datasets/lineB_downsampled_x4_up/strict_N/pu_net/train/toilet/toilet_0065.npy,"(1024, 3)",False,False,PASS
datasets/lineB_downsampled_x4_up/strict_N/pu_net/train/toilet/toilet_0066.npy,"(1024, 3)",False,False,PASS
datasets/lineB_downsampled_x4_up/strict_N/pu_net/train/toilet/toilet_0067.npy,"(1024, 3)",False,False,PASS
datasets/lineB_downsampled_x4_up/strict_N/pu_net/train/toilet/toilet_0068.npy,"(1024, 3)",False,False,PASS
datasets/lineB_downsampled_x4_up/strict_N/pu_net/train/toilet/toilet_0069.npy,"(1024, 3)",False,False,PASS
datasets/lineB_downsampled_x4_up/strict_N/pu_net/train/toilet/toilet_0070.npy,"(1024, 3)",False,False,PASS
datasets/lineB_downsampled_x4_up/strict_N/pu_net/train/toilet/toilet_0071.npy,"(1024, 3)",False,False,PASS
datasets/lineB_downsampled_x4_up/strict_N/pu_net/train/toilet/toilet_0072.npy,"(1024, 3)",False,False,PASS
datasets/lineB_downsampled_x4_up/strict_N/pu_net/train/toilet/toilet_0073.npy,"(1024, 3)",False,False,PASS
datasets/lineB_downsampled_x4_up/strict_N/pu_net/train/toilet/toilet_0074.npy,"(1024, 3)",False,False,PASS
datasets/lineB_downsampled_x4_up/strict_N/pu_net/train/toilet/toilet_0075.npy,"(1024, 3)",False,False,PASS
datasets/lineB_downsampled_x4_up/strict_N/pu_net/train/toilet/toilet_0076.npy,"(1024, 3)",False,False,PASS
datasets/lineB_downsampled_x4_up/strict_N/pu_net/train/toilet/toilet_0077.npy,"(1024, 3)",False,False,PASS
datasets/lineB_downsampled_x4_up/strict_N/pu_net/train/toilet/toilet_0078.npy,"(1024, 3)",False,False,PASS
datasets/lineB_downsampled_x4_up/strict_N/pu_net/train/toilet/toilet_0079.npy,"(1024, 3)",False,False,PASS
datasets/lineB_downsampled_x4_up/strict_N/pu_net/train/toilet/toilet_0080.npy,"(1024, 3)",False,False,PASS
datasets/lineB_downsampled_x4_up/strict_N/pu_net/train/toilet/toilet_0081.npy,"(1024, 3)",False,False,PASS
datasets/lineB_downsampled_x4_up/strict_N/pu_net/train/toilet/toilet_0082.npy,"(1024, 3)",False,False,PASS
datasets/lineB_downsampled_x4_up/strict_N/pu_net/train/toilet/toilet_0083.npy,"(1024, 3)",False,False,PASS
datasets/lineB_downsampled_x4_up/strict_N/pu_net/train/toilet/toilet_0084.npy,"(1024, 3)",False,False,PASS
datasets/lineB_downsampled_x4_up/strict_N/pu_net/train/toilet/toilet_0085.npy,"(1024, 3)",False,False,PASS
datasets/lineB_downsampled_x4_up/strict_N/pu_net/train/toilet/toilet_0086.npy,"(1024, 3)",False,False,PASS
datasets/lineB_downsampled_x4_up/strict_N/pu_net/train/toilet/toilet_0087.npy,"(1024, 3)",False,False,PASS
datasets/lineB_downsampled_x4_up/strict_N/pu_net/train/toilet/toilet_0088.npy,"(1024, 3)",False,False,PASS
datasets/lineB_downsampled_x4_up/strict_N/pu_net/train/toilet/toilet_0089.npy,"(1024, 3)",False,False,PASS
datasets/lineB_downsampled_x4_up/strict_N/pu_net/train/toilet/toilet_0090.npy,"(1024, 3)",False,False,PASS
datasets/lineB_downsampled_x4_up/strict_N/pu_net/train/toilet/toilet_0091.npy,"(1024, 3)",False,False,PASS
datasets/lineB_downsampled_x4_up/strict_N/pu_net/train/toilet/toilet_0092.npy,"(1024, 3)",False,False,PASS
datasets/lineB_downsampled_x4_up/strict_N/pu_net/train/toilet/toilet_0093.npy,"(1024, 3)",False,False,PASS
datasets/lineB_downsampled_x4_up/strict_N/pu_net/train/toilet/toilet_0094.npy,"(1024, 3)",False,False,PASS
datasets/lineB_downsampled_x4_up/strict_N/pu_net/train/toilet/toilet_0095.npy,"(1024, 3)",False,False,PASS
datasets/lineB_downsampled_x4_up/strict_N/pu_net/train/toilet/toilet_0096.npy,"(1024, 3)",False,False,PASS
datasets/lineB_downsampled_x4_up/strict_N/pu_net/train/toilet/toilet_0097.npy,"(1024, 3)",False,False,PASS
datasets/lineB_downsampled_x4_up/strict_N/pu_net/train/toilet/toilet_0098.npy,"(1024, 3)",False,False,PASS
datasets/lineB_downsampled_x4_up/strict_N/pu_net/train/toilet/toilet_0099.npy,"(1024, 3)",False,False,PASS
datasets/lineB_downsampled_x4_up/strict_N/pu_net/train/toilet/toilet_0100.npy,"(1024, 3)",False,False,PASS
datasets/lineB_downsampled_x4_up/strict_N/pu_net/train/toilet/toilet_0101.npy,"(1024, 3)",False,False,PASS
datasets/lineB_downsampled_x4_up/strict_N/pu_net/train/toilet/toilet_0102.npy,"(1024, 3)",False,False,PASS
datasets/lineB_downsampled_x4_up/strict_N/pu_net/train/toilet/toilet_0103.npy,"(1024, 3)",False,False,PASS
datasets/lineB_downsampled_x4_up/strict_N/pu_net/train/toilet/toilet_0104.npy,"(1024, 3)",False,False,PASS
datasets/lineB_downsampled_x4_up/strict_N/pu_net/train/toilet/toilet_0105.npy,"(1024, 3)",False,False,PASS
datasets/lineB_downsampled_x4_up/strict_N/pu_net/train/toilet/toilet_0106.npy,"(1024, 3)",False,False,PASS
datasets/lineB_downsampled_x4_up/strict_N/pu_net/train/toilet/toilet_0107.npy,"(1024, 3)",False,False,PASS
datasets/lineB_downsampled_x4_up/strict_N/pu_net/train/toilet/toilet_0108.npy,"(1024, 3)",False,False,PASS
datasets/lineB_downsampled_x4_up/strict_N/pu_net/train/toilet/toilet_0109.npy,"(1024, 3)",False,False,PASS
datasets/lineB_downsampled_x4_up/strict_N/pu_net/train/toilet/toilet_0110.npy,"(1024, 3)",False,False,PASS
datasets/lineB_downsampled_x4_up/strict_N/pu_net/train/toilet/toilet_0111.npy,"(1024, 3)",False,False,PASS
datasets/lineB_downsampled_x4_up/strict_N/pu_net/train/toilet/toilet_0112.npy,"(1024, 3)",False,False,PASS
datasets/lineB_downsampled_x4_up/strict_N/pu_net/train/toilet/toilet_0113.npy,"(1024, 3)",False,False,PASS
datasets/lineB_downsampled_x4_up/strict_N/pu_net/train/toilet/toilet_0114.npy,"(1024, 3)",False,False,PASS
datasets/lineB_downsampled_x4_up/strict_N/pu_net/train/toilet/toilet_0115.npy,"(1024, 3)",False,False,PASS
datasets/lineB_downsampled_x4_up/strict_N/pu_net/train/toilet/toilet_0116.npy,"(1024, 3)",False,False,PASS
datasets/lineB_downsampled_x4_up/strict_N/pu_net/train/toilet/toilet_0117.npy,"(1024, 3)",False,False,PASS
datasets/lineB_downsampled_x4_up/strict_N/pu_net/train/toilet/toilet_0118.npy,"(1024, 3)",False,False,PASS
datasets/lineB_downsampled_x4_up/strict_N/pu_net/train/toilet/toilet_0119.npy,"(1024, 3)",False,False,PASS
datasets/lineB_downsampled_x4_up/strict_N/pu_net/train/toilet/toilet_0120.npy,"(1024, 3)",False,False,PASS
datasets/lineB_downsampled_x4_up/strict_N/pu_net/train/toilet/toilet_0121.npy,"(1024, 3)",False,False,PASS
datasets/lineB_downsampled_x4_up/strict_N/pu_net/train/toilet/toilet_0122.npy,"(1024, 3)",False,False,PASS
datasets/lineB_downsampled_x4_up/strict_N/pu_net/train/toilet/toilet_0123.npy,"(1024, 3)",False,False,PASS
datasets/lineB_downsampled_x4_up/strict_N/pu_net/train/toilet/toilet_0124.npy,"(1024, 3)",False,False,PASS
datasets/lineB_downsampled_x4_up/strict_N/pu_net/train/toilet/toilet_0125.npy,"(1024, 3)",False,False,PASS
datasets/lineB_downsampled_x4_up/strict_N/pu_net/train/toilet/toilet_0126.npy,"(1024, 3)",False,False,PASS
datasets/lineB_downsampled_x4_up/strict_N/pu_net/train/toilet/toilet_0127.npy,"(1024, 3)",False,False,PASS
datasets/lineB_downsampled_x4_up/strict_N/pu_net/train/toilet/toilet_0128.npy,"(1024, 3)",False,False,PASS
datasets/lineB_downsampled_x4_up/strict_N/pu_net/train/toilet/toilet_0129.npy,"(1024, 3)",False,False,PASS
datasets/lineB_downsampled_x4_up/strict_N/pu_net/train/toilet/toilet_0130.npy,"(1024, 3)",False,False,PASS
datasets/lineB_downsampled_x4_up/strict_N/pu_net/train/toilet/toilet_0131.npy,"(1024, 3)",False,False,PASS
datasets/lineB_downsampled_x4_up/strict_N/pu_net/train/toilet/toilet_0132.npy,"(1024, 3)",False,False,PASS
datasets/lineB_downsampled_x4_up/strict_N/pu_net/train/toilet/toilet_0133.npy,"(1024, 3)",False,False,PASS
datasets/lineB_downsampled_x4_up/strict_N/pu_net/train/toilet/toilet_0134.npy,"(1024, 3)",False,False,PASS
datasets/lineB_downsampled_x4_up/strict_N/pu_net/train/toilet/toilet_0135.npy,"(1024, 3)",False,False,PASS
datasets/lineB_downsampled_x4_up/strict_N/pu_net/train/toilet/toilet_0136.npy,"(1024, 3)",False,False,PASS
datasets/lineB_downsampled_x4_up/strict_N/pu_net/train/toilet/toilet_0137.npy,"(1024, 3)",False,False,PASS
datasets/lineB_downsampled_x4_up/strict_N/pu_net/train/toilet/toilet_0138.npy,"(1024, 3)",False,False,PASS
datasets/lineB_downsampled_x4_up/strict_N/pu_net/train/toilet/toilet_0139.npy,"(1024, 3)",False,False,PASS
datasets/lineB_downsampled_x4_up/strict_N/pu_net/train/toilet/toilet_0140.npy,"(1024, 3)",False,False,PASS
datasets/lineB_downsampled_x4_up/strict_N/pu_net/train/toilet/toilet_0141.npy,"(1024, 3)",False,False,PASS
datasets/lineB_downsampled_x4_up/strict_N/pu_net/train/toilet/toilet_0142.npy,"(1024, 3)",False,False,PASS
datasets/lineB_downsampled_x4_up/strict_N/pu_net/train/toilet/toilet_0143.npy,"(1024, 3)",False,False,PASS
datasets/lineB_downsampled_x4_up/strict_N/pu_net/train/toilet/toilet_0144.npy,"(1024, 3)",False,False,PASS
datasets/lineB_downsampled_x4_up/strict_N/pu_net/train/toilet/toilet_0145.npy,"(1024, 3)",False,False,PASS
datasets/lineB_downsampled_x4_up/strict_N/pu_net/train/toilet/toilet_0146.npy,"(1024, 3)",False,False,PASS
datasets/lineB_downsampled_x4_up/strict_N/pu_net/train/toilet/toilet_0147.npy,"(1024, 3)",False,False,PASS
datasets/lineB_downsampled_x4_up/strict_N/pu_net/train/toilet/toilet_0148.npy,"(1024, 3)",False,False,PASS
datasets/lineB_downsampled_x4_up/strict_N/pu_net/train/toilet/toilet_0149.npy,"(1024, 3)",False,False,PASS
datasets/lineB_downsampled_x4_up/strict_N/pu_net/train/toilet/toilet_0150.npy,"(1024, 3)",False,False,PASS
datasets/lineB_downsampled_x4_up/strict_N/pu_net/train/toilet/toilet_0151.npy,"(1024, 3)",False,False,PASS
datasets/lineB_downsampled_x4_up/strict_N/pu_net/train/toilet/toilet_0152.npy,"(1024, 3)",False,False,PASS
datasets/lineB_downsampled_x4_up/strict_N/pu_net/train/toilet/toilet_0153.npy,"(1024, 3)",False,False,PASS
datasets/lineB_downsampled_x4_up/strict_N/pu_net/train/toilet/toilet_0154.npy,"(1024, 3)",False,False,PASS
datasets/lineB_downsampled_x4_up/strict_N/pu_net/train/toilet/toilet_0155.npy,"(1024, 3)",False,False,PASS
datasets/lineB_downsampled_x4_up/strict_N/pu_net/train/toilet/toilet_0156.npy,"(1024, 3)",False,False,PASS
datasets/lineB_downsampled_x4_up/strict_N/pu_net/train/toilet/toilet_0157.npy,"(1024, 3)",False,False,PASS
datasets/lineB_downsampled_x4_up/strict_N/pu_net/train/toilet/toilet_0158.npy,"(1024, 3)",False,False,PASS
datasets/lineB_downsampled_x4_up/strict_N/pu_net/train/toilet/toilet_0159.npy,"(1024, 3)",False,False,PASS
datasets/lineB_downsampled_x4_up/strict_N/pu_net/train/toilet/toilet_0160.npy,"(1024, 3)",False,False,PASS
datasets/lineB_downsampled_x4_up/strict_N/pu_net/train/toilet/toilet_0161.npy,"(1024, 3)",False,False,PASS
datasets/lineB_downsampled_x4_up/strict_N/pu_net/train/toilet/toilet_0162.npy,"(1024, 3)",False,False,PASS
datasets/lineB_downsampled_x4_up/strict_N/pu_net/train/toilet/toilet_0163.npy,"(1024, 3)",False,False,PASS
datasets/lineB_downsampled_x4_up/strict_N/pu_net/train/toilet/toilet_0164.npy,"(1024, 3)",False,False,PASS
datasets/lineB_downsampled_x4_up/strict_N/pu_net/train/toilet/toilet_0165.npy,"(1024, 3)",False,False,PASS
datasets/lineB_downsampled_x4_up/strict_N/pu_net/train/toilet/toilet_0166.npy,"(1024, 3)",False,False,PASS
datasets/lineB_downsampled_x4_up/strict_N/pu_net/train/toilet/toilet_0167.npy,"(1024, 3)",False,False,PASS
datasets/lineB_downsampled_x4_up/strict_N/pu_net/train/toilet/toilet_0168.npy,"(1024, 3)",False,False,PASS
datasets/lineB_downsampled_x4_up/strict_N/pu_net/train/toilet/toilet_0169.npy,"(1024, 3)",False,False,PASS
datasets/lineB_downsampled_x4_up/strict_N/pu_net/train/toilet/toilet_0170.npy,"(1024, 3)",False,False,PASS
datasets/lineB_downsampled_x4_up/strict_N/pu_net/train/toilet/toilet_0171.npy,"(1024, 3)",False,False,PASS
datasets/lineB_downsampled_x4_up/strict_N/pu_net/train/toilet/toilet_0172.npy,"(1024, 3)",False,False,PASS
datasets/lineB_downsampled_x4_up/strict_N/pu_net/train/toilet/toilet_0173.npy,"(1024, 3)",False,False,PASS
datasets/lineB_downsampled_x4_up/strict_N/pu_net/train/toilet/toilet_0174.npy,"(1024, 3)",False,False,PASS
datasets/lineB_downsampled_x4_up/strict_N/pu_net/train/toilet/toilet_0175.npy,"(1024, 3)",False,False,PASS
datasets/lineB_downsampled_x4_up/strict_N/pu_net/train/toilet/toilet_0176.npy,"(1024, 3)",False,False,PASS
datasets/lineB_downsampled_x4_up/strict_N/pu_net/train/toilet/toilet_0177.npy,"(1024, 3)",False,False,PASS
datasets/lineB_downsampled_x4_up/strict_N/pu_net/train/toilet/toilet_0178.npy,"(1024, 3)",False,False,PASS
datasets/lineB_downsampled_x4_up/strict_N/pu_net/train/toilet/toilet_0179.npy,"(1024, 3)",False,False,PASS
datasets/lineB_downsampled_x4_up/strict_N/pu_net/train/toilet/toilet_0180.npy,"(1024, 3)",False,False,PASS
datasets/lineB_downsampled_x4_up/strict_N/pu_net/train/toilet/toilet_0181.npy,"(1024, 3)",False,False,PASS
datasets/lineB_downsampled_x4_up/strict_N/pu_net/train/toilet/toilet_0182.npy,"(1024, 3)",False,False,PASS
datasets/lineB_downsampled_x4_up/strict_N/pu_net/train/toilet/toilet_0183.npy,"(1024, 3)",False,False,PASS
datasets/lineB_downsampled_x4_up/strict_N/pu_net/train/toilet/toilet_0184.npy,"(1024, 3)",False,False,PASS
datasets/lineB_downsampled_x4_up/strict_N/pu_net/train/toilet/toilet_0185.npy,"(1024, 3)",False,False,PASS
datasets/lineB_downsampled_x4_up/strict_N/pu_net/train/toilet/toilet_0186.npy,"(1024, 3)",False,False,PASS
datasets/lineB_downsampled_x4_up/strict_N/pu_net/train/toilet/toilet_0187.npy,"(1024, 3)",False,False,PASS
datasets/lineB_downsampled_x4_up/strict_N/pu_net/train/toilet/toilet_0188.npy,"(1024, 3)",False,False,PASS
datasets/lineB_downsampled_x4_up/strict_N/pu_net/train/toilet/toilet_0189.npy,"(1024, 3)",False,False,PASS
datasets/lineB_downsampled_x4_up/strict_N/pu_net/train/toilet/toilet_0190.npy,"(1024, 3)",False,False,PASS
datasets/lineB_downsampled_x4_up/strict_N/pu_net/train/toilet/toilet_0191.npy,"(1024, 3)",False,False,PASS
datasets/lineB_downsampled_x4_up/strict_N/pu_net/train/toilet/toilet_0192.npy,"(1024, 3)",False,False,PASS
datasets/lineB_downsampled_x4_up/strict_N/pu_net/train/toilet/toilet_0193.npy,"(1024, 3)",False,False,PASS
datasets/lineB_downsampled_x4_up/strict_N/pu_net/train/toilet/toilet_0194.npy,"(1024, 3)",False,False,PASS
datasets/lineB_downsampled_x4_up/strict_N/pu_net/train/toilet/toilet_0195.npy,"(1024, 3)",False,False,PASS
datasets/lineB_downsampled_x4_up/strict_N/pu_net/train/toilet/toilet_0196.npy,"(1024, 3)",False,False,PASS
datasets/lineB_downsampled_x4_up/strict_N/pu_net/train/toilet/toilet_0197.npy,"(1024, 3)",False,False,PASS
datasets/lineB_downsampled_x4_up/strict_N/pu_net/train/toilet/toilet_0198.npy,"(1024, 3)",False,False,PASS
datasets/lineB_downsampled_x4_up/strict_N/pu_net/train/toilet/toilet_0199.npy,"(1024, 3)",False,False,PASS
datasets/lineB_downsampled_x4_up/strict_N/pu_net/train/toilet/toilet_0200.npy,"(1024, 3)",False,False,PASS
datasets/lineB_downsampled_x4_up/strict_N/pu_net/train/toilet/toilet_0201.npy,"(1024, 3)",False,False,PASS
datasets/lineB_downsampled_x4_up/strict_N/pu_net/train/toilet/toilet_0202.npy,"(1024, 3)",False,False,PASS
datasets/lineB_downsampled_x4_up/strict_N/pu_net/train/toilet/toilet_0203.npy,"(1024, 3)",False,False,PASS
datasets/lineB_downsampled_x4_up/strict_N/pu_net/train/toilet/toilet_0204.npy,"(1024, 3)",False,False,PASS
datasets/lineB_downsampled_x4_up/strict_N/pu_net/train/toilet/toilet_0205.npy,"(1024, 3)",False,False,PASS
datasets/lineB_downsampled_x4_up/strict_N/pu_net/train/toilet/toilet_0206.npy,"(1024, 3)",False,False,PASS
datasets/lineB_downsampled_x4_up/strict_N/pu_net/train/toilet/toilet_0207.npy,"(1024, 3)",False,False,PASS
datasets/lineB_downsampled_x4_up/strict_N/pu_net/train/toilet/toilet_0208.npy,"(1024, 3)",False,False,PASS
datasets/lineB_downsampled_x4_up/strict_N/pu_net/train/toilet/toilet_0209.npy,"(1024, 3)",False,False,PASS
datasets/lineB_downsampled_x4_up/strict_N/pu_net/train/toilet/toilet_0210.npy,"(1024, 3)",False,False,PASS
datasets/lineB_downsampled_x4_up/strict_N/pu_net/train/toilet/toilet_0211.npy,"(1024, 3)",False,False,PASS
datasets/lineB_downsampled_x4_up/strict_N/pu_net/train/toilet/toilet_0212.npy,"(1024, 3)",False,False,PASS
datasets/lineB_downsampled_x4_up/strict_N/pu_net/train/toilet/toilet_0213.npy,"(1024, 3)",False,False,PASS
datasets/lineB_downsampled_x4_up/strict_N/pu_net/train/toilet/toilet_0214.npy,"(1024, 3)",False,False,PASS
datasets/lineB_downsampled_x4_up/strict_N/pu_net/train/toilet/toilet_0215.npy,"(1024, 3)",False,False,PASS
datasets/lineB_downsampled_x4_up/strict_N/pu_net/train/toilet/toilet_0216.npy,"(1024, 3)",False,False,PASS
datasets/lineB_downsampled_x4_up/strict_N/pu_net/train/toilet/toilet_0217.npy,"(1024, 3)",False,False,PASS
datasets/lineB_downsampled_x4_up/strict_N/pu_net/train/toilet/toilet_0218.npy,"(1024, 3)",False,False,PASS
datasets/lineB_downsampled_x4_up/strict_N/pu_net/train/toilet/toilet_0219.npy,"(1024, 3)",False,False,PASS
datasets/lineB_downsampled_x4_up/strict_N/pu_net/train/toilet/toilet_0220.npy,"(1024, 3)",False,False,PASS
datasets/lineB_downsampled_x4_up/strict_N/pu_net/train/toilet/toilet_0221.npy,"(1024, 3)",False,False,PASS
datasets/lineB_downsampled_x4_up/strict_N/pu_net/train/toilet/toilet_0222.npy,"(1024, 3)",False,False,PASS
datasets/lineB_downsampled_x4_up/strict_N/pu_net/train/toilet/toilet_0223.npy,"(1024, 3)",False,False,PASS
datasets/lineB_downsampled_x4_up/strict_N/pu_net/train/toilet/toilet_0224.npy,"(1024, 3)",False,False,PASS
datasets/lineB_downsampled_x4_up/strict_N/pu_net/train/toilet/toilet_0225.npy,"(1024, 3)",False,False,PASS
datasets/lineB_downsampled_x4_up/strict_N/pu_net/train/toilet/toilet_0226.npy,"(1024, 3)",False,False,PASS
datasets/lineB_downsampled_x4_up/strict_N/pu_net/train/toilet/toilet_0227.npy,"(1024, 3)",False,False,PASS
datasets/lineB_downsampled_x4_up/strict_N/pu_net/train/toilet/toilet_0228.npy,"(1024, 3)",False,False,PASS
datasets/lineB_downsampled_x4_up/strict_N/pu_net/train/toilet/toilet_0229.npy,"(1024, 3)",False,False,PASS
datasets/lineB_downsampled_x4_up/strict_N/pu_net/train/toilet/toilet_0230.npy,"(1024, 3)",False,False,PASS
datasets/lineB_downsampled_x4_up/strict_N/pu_net/train/toilet/toilet_0231.npy,"(1024, 3)",False,False,PASS
datasets/lineB_downsampled_x4_up/strict_N/pu_net/train/toilet/toilet_0232.npy,"(1024, 3)",False,False,PASS
datasets/lineB_downsampled_x4_up/strict_N/pu_net/train/tv_stand/tv_stand_0172.npy,"(1024, 3)",False,False,PASS
datasets/lineB_downsampled_x4_up/strict_N/pu_net/train/tv_stand/tv_stand_0173.npy,"(1024, 3)",False,False,PASS
datasets/lineB_downsampled_x4_up/strict_N/pu_net/train/tv_stand/tv_stand_0174.npy,"(1024, 3)",False,False,PASS
datasets/lineB_downsampled_x4_up/strict_N/pu_net/train/tv_stand/tv_stand_0175.npy,"(1024, 3)",False,False,PASS
datasets/lineB_downsampled_x4_up/strict_N/pu_net/train/tv_stand/tv_stand_0176.npy,"(1024, 3)",False,False,PASS
datasets/lineB_downsampled_x4_up/strict_N/pu_net/train/tv_stand/tv_stand_0177.npy,"(1024, 3)",False,False,PASS
datasets/lineB_downsampled_x4_up/strict_N/pu_net/train/tv_stand/tv_stand_0178.npy,"(1024, 3)",False,False,PASS
datasets/lineB_downsampled_x4_up/strict_N/pu_net/train/tv_stand/tv_stand_0179.npy,"(1024, 3)",False,False,PASS
datasets/lineB_downsampled_x4_up/strict_N/pu_net/train/tv_stand/tv_stand_0180.npy,"(1024, 3)",False,False,PASS
datasets/lineB_downsampled_x4_up/strict_N/pu_net/train/tv_stand/tv_stand_0181.npy,"(1024, 3)",False,False,PASS
datasets/lineB_downsampled_x4_up/strict_N/pu_net/train/tv_stand/tv_stand_0182.npy,"(1024, 3)",False,False,PASS
datasets/lineB_downsampled_x4_up/strict_N/pu_net/train/tv_stand/tv_stand_0183.npy,"(1024, 3)",False,False,PASS
datasets/lineB_downsampled_x4_up/strict_N/pu_net/train/tv_stand/tv_stand_0184.npy,"(1024, 3)",False,False,PASS
datasets/lineB_downsampled_x4_up/strict_N/pu_net/train/tv_stand/tv_stand_0185.npy,"(1024, 3)",False,False,PASS
datasets/lineB_downsampled_x4_up/strict_N/pu_net/train/tv_stand/tv_stand_0186.npy,"(1024, 3)",False,False,PASS
datasets/lineB_downsampled_x4_up/strict_N/pu_net/train/tv_stand/tv_stand_0187.npy,"(1024, 3)",False,False,PASS
datasets/lineB_downsampled_x4_up/strict_N/pu_net/train/tv_stand/tv_stand_0188.npy,"(1024, 3)",False,False,PASS
datasets/lineB_downsampled_x4_up/strict_N/pu_net/train/tv_stand/tv_stand_0189.npy,"(1024, 3)",False,False,PASS
datasets/lineB_downsampled_x4_up/strict_N/pu_net/train/tv_stand/tv_stand_0190.npy,"(1024, 3)",False,False,PASS
datasets/lineB_downsampled_x4_up/strict_N/pu_net/train/tv_stand/tv_stand_0191.npy,"(1024, 3)",False,False,PASS
datasets/lineB_downsampled_x4_up/strict_N/pu_net/train/tv_stand/tv_stand_0192.npy,"(1024, 3)",False,False,PASS
datasets/lineB_downsampled_x4_up/strict_N/pu_net/train/tv_stand/tv_stand_0193.npy,"(1024, 3)",False,False,PASS
datasets/lineB_downsampled_x4_up/strict_N/pu_net/train/tv_stand/tv_stand_0194.npy,"(1024, 3)",False,False,PASS
datasets/lineB_downsampled_x4_up/strict_N/pu_net/train/tv_stand/tv_stand_0195.npy,"(1024, 3)",False,False,PASS
datasets/lineB_downsampled_x4_up/strict_N/pu_net/train/tv_stand/tv_stand_0196.npy,"(1024, 3)",False,False,PASS
datasets/lineB_downsampled_x4_up/strict_N/pu_net/train/tv_stand/tv_stand_0197.npy,"(1024, 3)",False,False,PASS
datasets/lineB_downsampled_x4_up/strict_N/pu_net/train/tv_stand/tv_stand_0198.npy,"(1024, 3)",False,False,PASS
datasets/lineB_downsampled_x4_up/strict_N/pu_net/train/tv_stand/tv_stand_0199.npy,"(1024, 3)",False,False,PASS
datasets/lineB_downsampled_x4_up/strict_N/pu_net/train/tv_stand/tv_stand_0200.npy,"(1024, 3)",False,False,PASS
datasets/lineB_downsampled_x4_up/strict_N/pu_net/train/tv_stand/tv_stand_0201.npy,"(1024, 3)",False,False,PASS
datasets/lineB_downsampled_x4_up/strict_N/pu_net/train/tv_stand/tv_stand_0202.npy,"(1024, 3)",False,False,PASS
datasets/lineB_downsampled_x4_up/strict_N/pu_net/train/tv_stand/tv_stand_0203.npy,"(1024, 3)",False,False,PASS
datasets/lineB_downsampled_x4_up/strict_N/pu_net/train/tv_stand/tv_stand_0204.npy,"(1024, 3)",False,False,PASS
datasets/lineB_downsampled_x4_up/strict_N/pu_net/train/tv_stand/tv_stand_0205.npy,"(1024, 3)",False,False,PASS
datasets/lineB_downsampled_x4_up/strict_N/pu_net/train/tv_stand/tv_stand_0206.npy,"(1024, 3)",False,False,PASS
datasets/lineB_downsampled_x4_up/strict_N/pu_net/train/tv_stand/tv_stand_0207.npy,"(1024, 3)",False,False,PASS
datasets/lineB_downsampled_x4_up/strict_N/pu_net/train/tv_stand/tv_stand_0208.npy,"(1024, 3)",False,False,PASS
datasets/lineB_downsampled_x4_up/strict_N/pu_net/train/tv_stand/tv_stand_0209.npy,"(1024, 3)",False,False,PASS
datasets/lineB_downsampled_x4_up/strict_N/pu_net/train/tv_stand/tv_stand_0210.npy,"(1024, 3)",False,False,PASS
datasets/lineB_downsampled_x4_up/strict_N/pu_net/train/tv_stand/tv_stand_0211.npy,"(1024, 3)",False,False,PASS
datasets/lineB_downsampled_x4_up/strict_N/pu_net/train/tv_stand/tv_stand_0212.npy,"(1024, 3)",False,False,PASS
datasets/lineB_downsampled_x4_up/strict_N/pu_net/train/tv_stand/tv_stand_0213.npy,"(1024, 3)",False,False,PASS
datasets/lineB_downsampled_x4_up/strict_N/pu_net/train/tv_stand/tv_stand_0214.npy,"(1024, 3)",False,False,PASS
datasets/lineB_downsampled_x4_up/strict_N/pu_net/train/tv_stand/tv_stand_0215.npy,"(1024, 3)",False,False,PASS
datasets/lineB_downsampled_x4_up/strict_N/pu_net/train/tv_stand/tv_stand_0216.npy,"(1024, 3)",False,False,PASS
datasets/lineB_downsampled_x4_up/strict_N/pu_net/train/tv_stand/tv_stand_0217.npy,"(1024, 3)",False,False,PASS
datasets/lineB_downsampled_x4_up/strict_N/pu_net/train/tv_stand/tv_stand_0218.npy,"(1024, 3)",False,False,PASS
datasets/lineB_downsampled_x4_up/strict_N/pu_net/train/tv_stand/tv_stand_0219.npy,"(1024, 3)",False,False,PASS
datasets/lineB_downsampled_x4_up/strict_N/pu_net/train/tv_stand/tv_stand_0220.npy,"(1024, 3)",False,False,PASS
datasets/lineB_downsampled_x4_up/strict_N/pu_net/train/tv_stand/tv_stand_0221.npy,"(1024, 3)",False,False,PASS
datasets/lineB_downsampled_x4_up/strict_N/pu_net/train/tv_stand/tv_stand_0222.npy,"(1024, 3)",False,False,PASS
datasets/lineB_downsampled_x4_up/strict_N/pu_net/train/tv_stand/tv_stand_0223.npy,"(1024, 3)",False,False,PASS
datasets/lineB_downsampled_x4_up/strict_N/pu_net/train/tv_stand/tv_stand_0224.npy,"(1024, 3)",False,False,PASS
datasets/lineB_downsampled_x4_up/strict_N/pu_net/train/tv_stand/tv_stand_0225.npy,"(1024, 3)",False,False,PASS
datasets/lineB_downsampled_x4_up/strict_N/pu_net/train/tv_stand/tv_stand_0226.npy,"(1024, 3)",False,False,PASS
datasets/lineB_downsampled_x4_up/strict_N/pu_net/train/tv_stand/tv_stand_0227.npy,"(1024, 3)",False,False,PASS
datasets/lineB_downsampled_x4_up/strict_N/pu_net/train/tv_stand/tv_stand_0228.npy,"(1024, 3)",False,False,PASS
datasets/lineB_downsampled_x4_up/strict_N/pu_net/train/tv_stand/tv_stand_0229.npy,"(1024, 3)",False,False,PASS
datasets/lineB_downsampled_x4_up/strict_N/pu_net/train/tv_stand/tv_stand_0230.npy,"(1024, 3)",False,False,PASS
datasets/lineB_downsampled_x4_up/strict_N/pu_net/train/tv_stand/tv_stand_0231.npy,"(1024, 3)",False,False,PASS
datasets/lineB_downsampled_x4_up/strict_N/pu_net/train/tv_stand/tv_stand_0232.npy,"(1024, 3)",False,False,PASS
datasets/lineB_downsampled_x4_up/strict_N/pu_net/train/tv_stand/tv_stand_0233.npy,"(1024, 3)",False,False,PASS
datasets/lineB_downsampled_x4_up/strict_N/pu_net/train/tv_stand/tv_stand_0234.npy,"(1024, 3)",False,False,PASS
datasets/lineB_downsampled_x4_up/strict_N/pu_net/train/tv_stand/tv_stand_0235.npy,"(1024, 3)",False,False,PASS
datasets/lineB_downsampled_x4_up/strict_N/pu_net/train/tv_stand/tv_stand_0236.npy,"(1024, 3)",False,False,PASS
datasets/lineB_downsampled_x4_up/strict_N/pu_net/train/tv_stand/tv_stand_0237.npy,"(1024, 3)",False,False,PASS
datasets/lineB_downsampled_x4_up/strict_N/pu_net/train/tv_stand/tv_stand_0238.npy,"(1024, 3)",False,False,PASS
datasets/lineB_downsampled_x4_up/strict_N/pu_net/train/tv_stand/tv_stand_0239.npy,"(1024, 3)",False,False,PASS
datasets/lineB_downsampled_x4_up/strict_N/pu_net/train/tv_stand/tv_stand_0240.npy,"(1024, 3)",False,False,PASS
datasets/lineB_downsampled_x4_up/strict_N/pu_net/train/tv_stand/tv_stand_0241.npy,"(1024, 3)",False,False,PASS
datasets/lineB_downsampled_x4_up/strict_N/pu_net/train/tv_stand/tv_stand_0242.npy,"(1024, 3)",False,False,PASS
datasets/lineB_downsampled_x4_up/strict_N/pu_net/train/tv_stand/tv_stand_0243.npy,"(1024, 3)",False,False,PASS
datasets/lineB_downsampled_x4_up/strict_N/pu_net/train/tv_stand/tv_stand_0244.npy,"(1024, 3)",False,False,PASS
datasets/lineB_downsampled_x4_up/strict_N/pu_net/train/tv_stand/tv_stand_0245.npy,"(1024, 3)",False,False,PASS
datasets/lineB_downsampled_x4_up/strict_N/pu_net/train/tv_stand/tv_stand_0246.npy,"(1024, 3)",False,False,PASS
datasets/lineB_downsampled_x4_up/strict_N/pu_net/train/tv_stand/tv_stand_0247.npy,"(1024, 3)",False,False,PASS
datasets/lineB_downsampled_x4_up/strict_N/pu_net/train/tv_stand/tv_stand_0248.npy,"(1024, 3)",False,False,PASS
datasets/lineB_downsampled_x4_up/strict_N/pu_net/train/tv_stand/tv_stand_0249.npy,"(1024, 3)",False,False,PASS
datasets/lineB_downsampled_x4_up/strict_N/pu_net/train/tv_stand/tv_stand_0250.npy,"(1024, 3)",False,False,PASS
datasets/lineB_downsampled_x4_up/strict_N/pu_net/train/tv_stand/tv_stand_0251.npy,"(1024, 3)",False,False,PASS
datasets/lineB_downsampled_x4_up/strict_N/pu_net/train/tv_stand/tv_stand_0252.npy,"(1024, 3)",False,False,PASS
datasets/lineB_downsampled_x4_up/strict_N/pu_net/train/tv_stand/tv_stand_0253.npy,"(1024, 3)",False,False,PASS
datasets/lineB_downsampled_x4_up/strict_N/pu_net/train/tv_stand/tv_stand_0254.npy,"(1024, 3)",False,False,PASS
datasets/lineB_downsampled_x4_up/strict_N/pu_net/train/tv_stand/tv_stand_0255.npy,"(1024, 3)",False,False,PASS
datasets/lineB_downsampled_x4_up/strict_N/pu_net/train/tv_stand/tv_stand_0256.npy,"(1024, 3)",False,False,PASS
datasets/lineB_downsampled_x4_up/strict_N/pu_net/train/tv_stand/tv_stand_0257.npy,"(1024, 3)",False,False,PASS
datasets/lineB_downsampled_x4_up/strict_N/pu_net/train/tv_stand/tv_stand_0258.npy,"(1024, 3)",False,False,PASS
datasets/lineB_downsampled_x4_up/strict_N/pu_net/train/tv_stand/tv_stand_0259.npy,"(1024, 3)",False,False,PASS
datasets/lineB_downsampled_x4_up/strict_N/pu_net/train/tv_stand/tv_stand_0260.npy,"(1024, 3)",False,False,PASS
datasets/lineB_downsampled_x4_up/strict_N/pu_net/train/tv_stand/tv_stand_0261.npy,"(1024, 3)",False,False,PASS
datasets/lineB_downsampled_x4_up/strict_N/pu_net/train/tv_stand/tv_stand_0262.npy,"(1024, 3)",False,False,PASS
datasets/lineB_downsampled_x4_up/strict_N/pu_net/train/tv_stand/tv_stand_0263.npy,"(1024, 3)",False,False,PASS
datasets/lineB_downsampled_x4_up/strict_N/pu_net/train/tv_stand/tv_stand_0264.npy,"(1024, 3)",False,False,PASS
datasets/lineB_downsampled_x4_up/strict_N/pu_net/train/tv_stand/tv_stand_0265.npy,"(1024, 3)",False,False,PASS
datasets/lineB_downsampled_x4_up/strict_N/pu_net/train/tv_stand/tv_stand_0266.npy,"(1024, 3)",False,False,PASS
datasets/lineB_downsampled_x4_up/strict_N/pu_net/train/tv_stand/tv_stand_0267.npy,"(1024, 3)",False,False,PASS
datasets/lineB_downsampled_x4_up/strict_N/pu_net/train/vase/vase_0001.npy,"(1024, 3)",False,False,PASS
datasets/lineB_downsampled_x4_up/strict_N/pu_net/train/vase/vase_0002.npy,"(1024, 3)",False,False,PASS
datasets/lineB_downsampled_x4_up/strict_N/pu_net/train/vase/vase_0003.npy,"(1024, 3)",False,False,PASS
datasets/lineB_downsampled_x4_up/strict_N/pu_net/train/vase/vase_0004.npy,"(1024, 3)",False,False,PASS
datasets/lineB_downsampled_x4_up/strict_N/pu_net/train/vase/vase_0005.npy,"(1024, 3)",False,False,PASS
datasets/lineB_downsampled_x4_up/strict_N/pu_net/train/vase/vase_0006.npy,"(1024, 3)",False,False,PASS
datasets/lineB_downsampled_x4_up/strict_N/pu_net/train/vase/vase_0007.npy,"(1024, 3)",False,False,PASS
datasets/lineB_downsampled_x4_up/strict_N/pu_net/train/vase/vase_0008.npy,"(1024, 3)",False,False,PASS
datasets/lineB_downsampled_x4_up/strict_N/pu_net/train/vase/vase_0009.npy,"(1024, 3)",False,False,PASS
datasets/lineB_downsampled_x4_up/strict_N/pu_net/train/vase/vase_0010.npy,"(1024, 3)",False,False,PASS
datasets/lineB_downsampled_x4_up/strict_N/pu_net/train/vase/vase_0011.npy,"(1024, 3)",False,False,PASS
datasets/lineB_downsampled_x4_up/strict_N/pu_net/train/vase/vase_0012.npy,"(1024, 3)",False,False,PASS
datasets/lineB_downsampled_x4_up/strict_N/pu_net/train/vase/vase_0013.npy,"(1024, 3)",False,False,PASS
datasets/lineB_downsampled_x4_up/strict_N/pu_net/train/vase/vase_0014.npy,"(1024, 3)",False,False,PASS
datasets/lineB_downsampled_x4_up/strict_N/pu_net/train/vase/vase_0015.npy,"(1024, 3)",False,False,PASS
datasets/lineB_downsampled_x4_up/strict_N/pu_net/train/vase/vase_0016.npy,"(1024, 3)",False,False,PASS
datasets/lineB_downsampled_x4_up/strict_N/pu_net/train/vase/vase_0017.npy,"(1024, 3)",False,False,PASS
datasets/lineB_downsampled_x4_up/strict_N/pu_net/train/vase/vase_0018.npy,"(1024, 3)",False,False,PASS
datasets/lineB_downsampled_x4_up/strict_N/pu_net/train/vase/vase_0019.npy,"(1024, 3)",False,False,PASS
datasets/lineB_downsampled_x4_up/strict_N/pu_net/train/vase/vase_0020.npy,"(1024, 3)",False,False,PASS
datasets/lineB_downsampled_x4_up/strict_N/pu_net/train/vase/vase_0021.npy,"(1024, 3)",False,False,PASS
datasets/lineB_downsampled_x4_up/strict_N/pu_net/train/vase/vase_0022.npy,"(1024, 3)",False,False,PASS
datasets/lineB_downsampled_x4_up/strict_N/pu_net/train/vase/vase_0023.npy,"(1024, 3)",False,False,PASS
datasets/lineB_downsampled_x4_up/strict_N/pu_net/train/vase/vase_0024.npy,"(1024, 3)",False,False,PASS
datasets/lineB_downsampled_x4_up/strict_N/pu_net/train/vase/vase_0025.npy,"(1024, 3)",False,False,PASS
datasets/lineB_downsampled_x4_up/strict_N/pu_net/train/vase/vase_0026.npy,"(1024, 3)",False,False,PASS
datasets/lineB_downsampled_x4_up/strict_N/pu_net/train/vase/vase_0027.npy,"(1024, 3)",False,False,PASS
datasets/lineB_downsampled_x4_up/strict_N/pu_net/train/vase/vase_0028.npy,"(1024, 3)",False,False,PASS
datasets/lineB_downsampled_x4_up/strict_N/pu_net/train/vase/vase_0029.npy,"(1024, 3)",False,False,PASS
datasets/lineB_downsampled_x4_up/strict_N/pu_net/train/vase/vase_0030.npy,"(1024, 3)",False,False,PASS
datasets/lineB_downsampled_x4_up/strict_N/pu_net/train/vase/vase_0031.npy,"(1024, 3)",False,False,PASS
datasets/lineB_downsampled_x4_up/strict_N/pu_net/train/vase/vase_0032.npy,"(1024, 3)",False,False,PASS
datasets/lineB_downsampled_x4_up/strict_N/pu_net/train/vase/vase_0033.npy,"(1024, 3)",False,False,PASS
datasets/lineB_downsampled_x4_up/strict_N/pu_net/train/vase/vase_0034.npy,"(1024, 3)",False,False,PASS
datasets/lineB_downsampled_x4_up/strict_N/pu_net/train/vase/vase_0035.npy,"(1024, 3)",False,False,PASS
datasets/lineB_downsampled_x4_up/strict_N/pu_net/train/vase/vase_0036.npy,"(1024, 3)",False,False,PASS
datasets/lineB_downsampled_x4_up/strict_N/pu_net/train/vase/vase_0037.npy,"(1024, 3)",False,False,PASS
datasets/lineB_downsampled_x4_up/strict_N/pu_net/train/vase/vase_0038.npy,"(1024, 3)",False,False,PASS
datasets/lineB_downsampled_x4_up/strict_N/pu_net/train/vase/vase_0039.npy,"(1024, 3)",False,False,PASS
datasets/lineB_downsampled_x4_up/strict_N/pu_net/train/vase/vase_0040.npy,"(1024, 3)",False,False,PASS
datasets/lineB_downsampled_x4_up/strict_N/pu_net/train/vase/vase_0041.npy,"(1024, 3)",False,False,PASS
datasets/lineB_downsampled_x4_up/strict_N/pu_net/train/vase/vase_0042.npy,"(1024, 3)",False,False,PASS
datasets/lineB_downsampled_x4_up/strict_N/pu_net/train/vase/vase_0043.npy,"(1024, 3)",False,False,PASS
datasets/lineB_downsampled_x4_up/strict_N/pu_net/train/vase/vase_0044.npy,"(1024, 3)",False,False,PASS
datasets/lineB_downsampled_x4_up/strict_N/pu_net/train/vase/vase_0045.npy,"(1024, 3)",False,False,PASS
datasets/lineB_downsampled_x4_up/strict_N/pu_net/train/vase/vase_0046.npy,"(1024, 3)",False,False,PASS
datasets/lineB_downsampled_x4_up/strict_N/pu_net/train/vase/vase_0047.npy,"(1024, 3)",False,False,PASS
datasets/lineB_downsampled_x4_up/strict_N/pu_net/train/vase/vase_0048.npy,"(1024, 3)",False,False,PASS
datasets/lineB_downsampled_x4_up/strict_N/pu_net/train/vase/vase_0049.npy,"(1024, 3)",False,False,PASS
datasets/lineB_downsampled_x4_up/strict_N/pu_net/train/vase/vase_0050.npy,"(1024, 3)",False,False,PASS
datasets/lineB_downsampled_x4_up/strict_N/pu_net/train/vase/vase_0051.npy,"(1024, 3)",False,False,PASS
datasets/lineB_downsampled_x4_up/strict_N/pu_net/train/vase/vase_0052.npy,"(1024, 3)",False,False,PASS
datasets/lineB_downsampled_x4_up/strict_N/pu_net/train/vase/vase_0053.npy,"(1024, 3)",False,False,PASS
datasets/lineB_downsampled_x4_up/strict_N/pu_net/train/vase/vase_0054.npy,"(1024, 3)",False,False,PASS
datasets/lineB_downsampled_x4_up/strict_N/pu_net/train/vase/vase_0055.npy,"(1024, 3)",False,False,PASS
datasets/lineB_downsampled_x4_up/strict_N/pu_net/train/vase/vase_0056.npy,"(1024, 3)",False,False,PASS
datasets/lineB_downsampled_x4_up/strict_N/pu_net/train/vase/vase_0057.npy,"(1024, 3)",False,False,PASS
datasets/lineB_downsampled_x4_up/strict_N/pu_net/train/vase/vase_0058.npy,"(1024, 3)",False,False,PASS
datasets/lineB_downsampled_x4_up/strict_N/pu_net/train/vase/vase_0059.npy,"(1024, 3)",False,False,PASS
datasets/lineB_downsampled_x4_up/strict_N/pu_net/train/vase/vase_0060.npy,"(1024, 3)",False,False,PASS
datasets/lineB_downsampled_x4_up/strict_N/pu_net/train/vase/vase_0061.npy,"(1024, 3)",False,False,PASS
datasets/lineB_downsampled_x4_up/strict_N/pu_net/train/vase/vase_0062.npy,"(1024, 3)",False,False,PASS
datasets/lineB_downsampled_x4_up/strict_N/pu_net/train/vase/vase_0063.npy,"(1024, 3)",False,False,PASS
datasets/lineB_downsampled_x4_up/strict_N/pu_net/train/vase/vase_0064.npy,"(1024, 3)",False,False,PASS
datasets/lineB_downsampled_x4_up/strict_N/pu_net/train/vase/vase_0065.npy,"(1024, 3)",False,False,PASS
datasets/lineB_downsampled_x4_up/strict_N/pu_net/train/vase/vase_0066.npy,"(1024, 3)",False,False,PASS
datasets/lineB_downsampled_x4_up/strict_N/pu_net/train/vase/vase_0067.npy,"(1024, 3)",False,False,PASS
datasets/lineB_downsampled_x4_up/strict_N/pu_net/train/vase/vase_0068.npy,"(1024, 3)",False,False,PASS
datasets/lineB_downsampled_x4_up/strict_N/pu_net/train/vase/vase_0069.npy,"(1024, 3)",False,False,PASS
datasets/lineB_downsampled_x4_up/strict_N/pu_net/train/vase/vase_0070.npy,"(1024, 3)",False,False,PASS
datasets/lineB_downsampled_x4_up/strict_N/pu_net/train/vase/vase_0071.npy,"(1024, 3)",False,False,PASS
datasets/lineB_downsampled_x4_up/strict_N/pu_net/train/vase/vase_0072.npy,"(1024, 3)",False,False,PASS
datasets/lineB_downsampled_x4_up/strict_N/pu_net/train/vase/vase_0073.npy,"(1024, 3)",False,False,PASS
datasets/lineB_downsampled_x4_up/strict_N/pu_net/train/vase/vase_0074.npy,"(1024, 3)",False,False,PASS
datasets/lineB_downsampled_x4_up/strict_N/pu_net/train/vase/vase_0075.npy,"(1024, 3)",False,False,PASS
datasets/lineB_downsampled_x4_up/strict_N/pu_net/train/vase/vase_0076.npy,"(1024, 3)",False,False,PASS
datasets/lineB_downsampled_x4_up/strict_N/pu_net/train/vase/vase_0077.npy,"(1024, 3)",False,False,PASS
datasets/lineB_downsampled_x4_up/strict_N/pu_net/train/vase/vase_0078.npy,"(1024, 3)",False,False,PASS
datasets/lineB_downsampled_x4_up/strict_N/pu_net/train/vase/vase_0079.npy,"(1024, 3)",False,False,PASS
datasets/lineB_downsampled_x4_up/strict_N/pu_net/train/vase/vase_0080.npy,"(1024, 3)",False,False,PASS
datasets/lineB_downsampled_x4_up/strict_N/pu_net/train/vase/vase_0081.npy,"(1024, 3)",False,False,PASS
datasets/lineB_downsampled_x4_up/strict_N/pu_net/train/vase/vase_0082.npy,"(1024, 3)",False,False,PASS
datasets/lineB_downsampled_x4_up/strict_N/pu_net/train/vase/vase_0083.npy,"(1024, 3)",False,False,PASS
datasets/lineB_downsampled_x4_up/strict_N/pu_net/train/vase/vase_0084.npy,"(1024, 3)",False,False,PASS
datasets/lineB_downsampled_x4_up/strict_N/pu_net/train/vase/vase_0085.npy,"(1024, 3)",False,False,PASS
datasets/lineB_downsampled_x4_up/strict_N/pu_net/train/vase/vase_0086.npy,"(1024, 3)",False,False,PASS
datasets/lineB_downsampled_x4_up/strict_N/pu_net/train/vase/vase_0087.npy,"(1024, 3)",False,False,PASS
datasets/lineB_downsampled_x4_up/strict_N/pu_net/train/vase/vase_0088.npy,"(1024, 3)",False,False,PASS
datasets/lineB_downsampled_x4_up/strict_N/pu_net/train/vase/vase_0089.npy,"(1024, 3)",False,False,PASS
datasets/lineB_downsampled_x4_up/strict_N/pu_net/train/vase/vase_0090.npy,"(1024, 3)",False,False,PASS
datasets/lineB_downsampled_x4_up/strict_N/pu_net/train/vase/vase_0091.npy,"(1024, 3)",False,False,PASS
datasets/lineB_downsampled_x4_up/strict_N/pu_net/train/vase/vase_0092.npy,"(1024, 3)",False,False,PASS
datasets/lineB_downsampled_x4_up/strict_N/pu_net/train/vase/vase_0093.npy,"(1024, 3)",False,False,PASS
datasets/lineB_downsampled_x4_up/strict_N/pu_net/train/vase/vase_0094.npy,"(1024, 3)",False,False,PASS
datasets/lineB_downsampled_x4_up/strict_N/pu_net/train/vase/vase_0095.npy,"(1024, 3)",False,False,PASS
datasets/lineB_downsampled_x4_up/strict_N/pu_net/train/vase/vase_0096.npy,"(1024, 3)",False,False,PASS
datasets/lineB_downsampled_x4_up/strict_N/pu_net/train/vase/vase_0097.npy,"(1024, 3)",False,False,PASS
datasets/lineB_downsampled_x4_up/strict_N/pu_net/train/vase/vase_0098.npy,"(1024, 3)",False,False,PASS
datasets/lineB_downsampled_x4_up/strict_N/pu_net/train/vase/vase_0099.npy,"(1024, 3)",False,False,PASS
datasets/lineB_downsampled_x4_up/strict_N/pu_net/train/vase/vase_0100.npy,"(1024, 3)",False,False,PASS
datasets/lineB_downsampled_x4_up/strict_N/pu_net/train/vase/vase_0101.npy,"(1024, 3)",False,False,PASS
datasets/lineB_downsampled_x4_up/strict_N/pu_net/train/vase/vase_0102.npy,"(1024, 3)",False,False,PASS
datasets/lineB_downsampled_x4_up/strict_N/pu_net/train/vase/vase_0103.npy,"(1024, 3)",False,False,PASS
datasets/lineB_downsampled_x4_up/strict_N/pu_net/train/vase/vase_0104.npy,"(1024, 3)",False,False,PASS
datasets/lineB_downsampled_x4_up/strict_N/pu_net/train/vase/vase_0105.npy,"(1024, 3)",False,False,PASS
datasets/lineB_downsampled_x4_up/strict_N/pu_net/train/vase/vase_0106.npy,"(1024, 3)",False,False,PASS
datasets/lineB_downsampled_x4_up/strict_N/pu_net/train/vase/vase_0107.npy,"(1024, 3)",False,False,PASS
datasets/lineB_downsampled_x4_up/strict_N/pu_net/train/vase/vase_0108.npy,"(1024, 3)",False,False,PASS
datasets/lineB_downsampled_x4_up/strict_N/pu_net/train/vase/vase_0109.npy,"(1024, 3)",False,False,PASS
datasets/lineB_downsampled_x4_up/strict_N/pu_net/train/vase/vase_0110.npy,"(1024, 3)",False,False,PASS
datasets/lineB_downsampled_x4_up/strict_N/pu_net/train/vase/vase_0111.npy,"(1024, 3)",False,False,PASS
datasets/lineB_downsampled_x4_up/strict_N/pu_net/train/vase/vase_0112.npy,"(1024, 3)",False,False,PASS
datasets/lineB_downsampled_x4_up/strict_N/pu_net/train/vase/vase_0113.npy,"(1024, 3)",False,False,PASS
datasets/lineB_downsampled_x4_up/strict_N/pu_net/train/vase/vase_0114.npy,"(1024, 3)",False,False,PASS
datasets/lineB_downsampled_x4_up/strict_N/pu_net/train/vase/vase_0115.npy,"(1024, 3)",False,False,PASS
datasets/lineB_downsampled_x4_up/strict_N/pu_net/train/vase/vase_0116.npy,"(1024, 3)",False,False,PASS
datasets/lineB_downsampled_x4_up/strict_N/pu_net/train/vase/vase_0117.npy,"(1024, 3)",False,False,PASS
datasets/lineB_downsampled_x4_up/strict_N/pu_net/train/vase/vase_0118.npy,"(1024, 3)",False,False,PASS
datasets/lineB_downsampled_x4_up/strict_N/pu_net/train/vase/vase_0119.npy,"(1024, 3)",False,False,PASS
datasets/lineB_downsampled_x4_up/strict_N/pu_net/train/vase/vase_0120.npy,"(1024, 3)",False,False,PASS
datasets/lineB_downsampled_x4_up/strict_N/pu_net/train/vase/vase_0121.npy,"(1024, 3)",False,False,PASS
datasets/lineB_downsampled_x4_up/strict_N/pu_net/train/vase/vase_0122.npy,"(1024, 3)",False,False,PASS
datasets/lineB_downsampled_x4_up/strict_N/pu_net/train/vase/vase_0123.npy,"(1024, 3)",False,False,PASS
datasets/lineB_downsampled_x4_up/strict_N/pu_net/train/vase/vase_0124.npy,"(1024, 3)",False,False,PASS
datasets/lineB_downsampled_x4_up/strict_N/pu_net/train/vase/vase_0125.npy,"(1024, 3)",False,False,PASS
datasets/lineB_downsampled_x4_up/strict_N/pu_net/train/vase/vase_0126.npy,"(1024, 3)",False,False,PASS
datasets/lineB_downsampled_x4_up/strict_N/pu_net/train/vase/vase_0127.npy,"(1024, 3)",False,False,PASS
datasets/lineB_downsampled_x4_up/strict_N/pu_net/train/vase/vase_0128.npy,"(1024, 3)",False,False,PASS
datasets/lineB_downsampled_x4_up/strict_N/pu_net/train/vase/vase_0129.npy,"(1024, 3)",False,False,PASS
datasets/lineB_downsampled_x4_up/strict_N/pu_net/train/vase/vase_0130.npy,"(1024, 3)",False,False,PASS
datasets/lineB_downsampled_x4_up/strict_N/pu_net/train/vase/vase_0131.npy,"(1024, 3)",False,False,PASS
datasets/lineB_downsampled_x4_up/strict_N/pu_net/train/vase/vase_0132.npy,"(1024, 3)",False,False,PASS
datasets/lineB_downsampled_x4_up/strict_N/pu_net/train/vase/vase_0133.npy,"(1024, 3)",False,False,PASS
datasets/lineB_downsampled_x4_up/strict_N/pu_net/train/vase/vase_0134.npy,"(1024, 3)",False,False,PASS
datasets/lineB_downsampled_x4_up/strict_N/pu_net/train/vase/vase_0135.npy,"(1024, 3)",False,False,PASS
datasets/lineB_downsampled_x4_up/strict_N/pu_net/train/vase/vase_0136.npy,"(1024, 3)",False,False,PASS
datasets/lineB_downsampled_x4_up/strict_N/pu_net/train/vase/vase_0137.npy,"(1024, 3)",False,False,PASS
datasets/lineB_downsampled_x4_up/strict_N/pu_net/train/vase/vase_0138.npy,"(1024, 3)",False,False,PASS
datasets/lineB_downsampled_x4_up/strict_N/pu_net/train/vase/vase_0139.npy,"(1024, 3)",False,False,PASS
datasets/lineB_downsampled_x4_up/strict_N/pu_net/train/vase/vase_0140.npy,"(1024, 3)",False,False,PASS
datasets/lineB_downsampled_x4_up/strict_N/pu_net/train/vase/vase_0141.npy,"(1024, 3)",False,False,PASS
datasets/lineB_downsampled_x4_up/strict_N/pu_net/train/vase/vase_0142.npy,"(1024, 3)",False,False,PASS
datasets/lineB_downsampled_x4_up/strict_N/pu_net/train/vase/vase_0143.npy,"(1024, 3)",False,False,PASS
datasets/lineB_downsampled_x4_up/strict_N/pu_net/train/vase/vase_0144.npy,"(1024, 3)",False,False,PASS
datasets/lineB_downsampled_x4_up/strict_N/pu_net/train/vase/vase_0145.npy,"(1024, 3)",False,False,PASS
datasets/lineB_downsampled_x4_up/strict_N/pu_net/train/vase/vase_0146.npy,"(1024, 3)",False,False,PASS
datasets/lineB_downsampled_x4_up/strict_N/pu_net/train/vase/vase_0147.npy,"(1024, 3)",False,False,PASS
datasets/lineB_downsampled_x4_up/strict_N/pu_net/train/vase/vase_0148.npy,"(1024, 3)",False,False,PASS
datasets/lineB_downsampled_x4_up/strict_N/pu_net/train/vase/vase_0149.npy,"(1024, 3)",False,False,PASS
datasets/lineB_downsampled_x4_up/strict_N/pu_net/train/vase/vase_0150.npy,"(1024, 3)",False,False,PASS
datasets/lineB_downsampled_x4_up/strict_N/pu_net/train/vase/vase_0151.npy,"(1024, 3)",False,False,PASS
datasets/lineB_downsampled_x4_up/strict_N/pu_net/train/vase/vase_0152.npy,"(1024, 3)",False,False,PASS
datasets/lineB_downsampled_x4_up/strict_N/pu_net/train/vase/vase_0153.npy,"(1024, 3)",False,False,PASS
datasets/lineB_downsampled_x4_up/strict_N/pu_net/train/vase/vase_0154.npy,"(1024, 3)",False,False,PASS
datasets/lineB_downsampled_x4_up/strict_N/pu_net/train/vase/vase_0155.npy,"(1024, 3)",False,False,PASS
datasets/lineB_downsampled_x4_up/strict_N/pu_net/train/vase/vase_0156.npy,"(1024, 3)",False,False,PASS
datasets/lineB_downsampled_x4_up/strict_N/pu_net/train/vase/vase_0157.npy,"(1024, 3)",False,False,PASS
datasets/lineB_downsampled_x4_up/strict_N/pu_net/train/vase/vase_0158.npy,"(1024, 3)",False,False,PASS
datasets/lineB_downsampled_x4_up/strict_N/pu_net/train/vase/vase_0159.npy,"(1024, 3)",False,False,PASS
datasets/lineB_downsampled_x4_up/strict_N/pu_net/train/vase/vase_0160.npy,"(1024, 3)",False,False,PASS
datasets/lineB_downsampled_x4_up/strict_N/pu_net/train/vase/vase_0161.npy,"(1024, 3)",False,False,PASS
datasets/lineB_downsampled_x4_up/strict_N/pu_net/train/vase/vase_0162.npy,"(1024, 3)",False,False,PASS
datasets/lineB_downsampled_x4_up/strict_N/pu_net/train/vase/vase_0163.npy,"(1024, 3)",False,False,PASS
datasets/lineB_downsampled_x4_up/strict_N/pu_net/train/vase/vase_0164.npy,"(1024, 3)",False,False,PASS
datasets/lineB_downsampled_x4_up/strict_N/pu_net/train/vase/vase_0165.npy,"(1024, 3)",False,False,PASS
datasets/lineB_downsampled_x4_up/strict_N/pu_net/train/vase/vase_0166.npy,"(1024, 3)",False,False,PASS
datasets/lineB_downsampled_x4_up/strict_N/pu_net/train/vase/vase_0167.npy,"(1024, 3)",False,False,PASS
datasets/lineB_downsampled_x4_up/strict_N/pu_net/train/vase/vase_0168.npy,"(1024, 3)",False,False,PASS
datasets/lineB_downsampled_x4_up/strict_N/pu_net/train/vase/vase_0169.npy,"(1024, 3)",False,False,PASS
datasets/lineB_downsampled_x4_up/strict_N/pu_net/train/vase/vase_0170.npy,"(1024, 3)",False,False,PASS
datasets/lineB_downsampled_x4_up/strict_N/pu_net/train/vase/vase_0171.npy,"(1024, 3)",False,False,PASS
datasets/lineB_downsampled_x4_up/strict_N/pu_net/train/vase/vase_0172.npy,"(1024, 3)",False,False,PASS
datasets/lineB_downsampled_x4_up/strict_N/pu_net/train/vase/vase_0173.npy,"(1024, 3)",False,False,PASS
datasets/lineB_downsampled_x4_up/strict_N/pu_net/train/vase/vase_0174.npy,"(1024, 3)",False,False,PASS
datasets/lineB_downsampled_x4_up/strict_N/pu_net/train/vase/vase_0175.npy,"(1024, 3)",False,False,PASS
datasets/lineB_downsampled_x4_up/strict_N/pu_net/train/vase/vase_0176.npy,"(1024, 3)",False,False,PASS
datasets/lineB_downsampled_x4_up/strict_N/pu_net/train/vase/vase_0177.npy,"(1024, 3)",False,False,PASS
datasets/lineB_downsampled_x4_up/strict_N/pu_net/train/vase/vase_0178.npy,"(1024, 3)",False,False,PASS
datasets/lineB_downsampled_x4_up/strict_N/pu_net/train/vase/vase_0179.npy,"(1024, 3)",False,False,PASS
datasets/lineB_downsampled_x4_up/strict_N/pu_net/train/vase/vase_0180.npy,"(1024, 3)",False,False,PASS
datasets/lineB_downsampled_x4_up/strict_N/pu_net/train/vase/vase_0181.npy,"(1024, 3)",False,False,PASS
datasets/lineB_downsampled_x4_up/strict_N/pu_net/train/vase/vase_0182.npy,"(1024, 3)",False,False,PASS
datasets/lineB_downsampled_x4_up/strict_N/pu_net/train/vase/vase_0183.npy,"(1024, 3)",False,False,PASS
datasets/lineB_downsampled_x4_up/strict_N/pu_net/train/vase/vase_0184.npy,"(1024, 3)",False,False,PASS
datasets/lineB_downsampled_x4_up/strict_N/pu_net/train/vase/vase_0185.npy,"(1024, 3)",False,False,PASS
datasets/lineB_downsampled_x4_up/strict_N/pu_net/train/vase/vase_0186.npy,"(1024, 3)",False,False,PASS
datasets/lineB_downsampled_x4_up/strict_N/pu_net/train/vase/vase_0187.npy,"(1024, 3)",False,False,PASS
datasets/lineB_downsampled_x4_up/strict_N/pu_net/train/vase/vase_0188.npy,"(1024, 3)",False,False,PASS
datasets/lineB_downsampled_x4_up/strict_N/pu_net/train/vase/vase_0189.npy,"(1024, 3)",False,False,PASS
datasets/lineB_downsampled_x4_up/strict_N/pu_net/train/vase/vase_0190.npy,"(1024, 3)",False,False,PASS
datasets/lineB_downsampled_x4_up/strict_N/pu_net/train/vase/vase_0191.npy,"(1024, 3)",False,False,PASS
datasets/lineB_downsampled_x4_up/strict_N/pu_net/train/vase/vase_0192.npy,"(1024, 3)",False,False,PASS
datasets/lineB_downsampled_x4_up/strict_N/pu_net/train/vase/vase_0193.npy,"(1024, 3)",False,False,PASS
datasets/lineB_downsampled_x4_up/strict_N/pu_net/train/vase/vase_0194.npy,"(1024, 3)",False,False,PASS
datasets/lineB_downsampled_x4_up/strict_N/pu_net/train/vase/vase_0195.npy,"(1024, 3)",False,False,PASS
datasets/lineB_downsampled_x4_up/strict_N/pu_net/train/vase/vase_0196.npy,"(1024, 3)",False,False,PASS
datasets/lineB_downsampled_x4_up/strict_N/pu_net/train/vase/vase_0197.npy,"(1024, 3)",False,False,PASS
datasets/lineB_downsampled_x4_up/strict_N/pu_net/train/vase/vase_0198.npy,"(1024, 3)",False,False,PASS
datasets/lineB_downsampled_x4_up/strict_N/pu_net/train/vase/vase_0199.npy,"(1024, 3)",False,False,PASS
datasets/lineB_downsampled_x4_up/strict_N/pu_net/train/vase/vase_0200.npy,"(1024, 3)",False,False,PASS
datasets/lineB_downsampled_x4_up/strict_N/pu_net/train/vase/vase_0201.npy,"(1024, 3)",False,False,PASS
datasets/lineB_downsampled_x4_up/strict_N/pu_net/train/vase/vase_0202.npy,"(1024, 3)",False,False,PASS
datasets/lineB_downsampled_x4_up/strict_N/pu_net/train/vase/vase_0203.npy,"(1024, 3)",False,False,PASS
datasets/lineB_downsampled_x4_up/strict_N/pu_net/train/vase/vase_0204.npy,"(1024, 3)",False,False,PASS
datasets/lineB_downsampled_x4_up/strict_N/pu_net/train/vase/vase_0205.npy,"(1024, 3)",False,False,PASS
datasets/lineB_downsampled_x4_up/strict_N/pu_net/train/vase/vase_0206.npy,"(1024, 3)",False,False,PASS
datasets/lineB_downsampled_x4_up/strict_N/pu_net/train/vase/vase_0207.npy,"(1024, 3)",False,False,PASS
datasets/lineB_downsampled_x4_up/strict_N/pu_net/train/vase/vase_0208.npy,"(1024, 3)",False,False,PASS
datasets/lineB_downsampled_x4_up/strict_N/pu_net/train/vase/vase_0209.npy,"(1024, 3)",False,False,PASS
datasets/lineB_downsampled_x4_up/strict_N/pu_net/train/vase/vase_0210.npy,"(1024, 3)",False,False,PASS
datasets/lineB_downsampled_x4_up/strict_N/pu_net/train/vase/vase_0211.npy,"(1024, 3)",False,False,PASS
datasets/lineB_downsampled_x4_up/strict_N/pu_net/train/vase/vase_0212.npy,"(1024, 3)",False,False,PASS
datasets/lineB_downsampled_x4_up/strict_N/pu_net/train/vase/vase_0213.npy,"(1024, 3)",False,False,PASS
datasets/lineB_downsampled_x4_up/strict_N/pu_net/train/vase/vase_0214.npy,"(1024, 3)",False,False,PASS
datasets/lineB_downsampled_x4_up/strict_N/pu_net/train/vase/vase_0215.npy,"(1024, 3)",False,False,PASS
datasets/lineB_downsampled_x4_up/strict_N/pu_net/train/vase/vase_0216.npy,"(1024, 3)",False,False,PASS
datasets/lineB_downsampled_x4_up/strict_N/pu_net/train/vase/vase_0217.npy,"(1024, 3)",False,False,PASS
datasets/lineB_downsampled_x4_up/strict_N/pu_net/train/vase/vase_0218.npy,"(1024, 3)",False,False,PASS
datasets/lineB_downsampled_x4_up/strict_N/pu_net/train/vase/vase_0219.npy,"(1024, 3)",False,False,PASS
datasets/lineB_downsampled_x4_up/strict_N/pu_net/train/vase/vase_0220.npy,"(1024, 3)",False,False,PASS
datasets/lineB_downsampled_x4_up/strict_N/pu_net/train/vase/vase_0221.npy,"(1024, 3)",False,False,PASS
datasets/lineB_downsampled_x4_up/strict_N/pu_net/train/vase/vase_0222.npy,"(1024, 3)",False,False,PASS
datasets/lineB_downsampled_x4_up/strict_N/pu_net/train/vase/vase_0223.npy,"(1024, 3)",False,False,PASS
datasets/lineB_downsampled_x4_up/strict_N/pu_net/train/vase/vase_0224.npy,"(1024, 3)",False,False,PASS
datasets/lineB_downsampled_x4_up/strict_N/pu_net/train/vase/vase_0225.npy,"(1024, 3)",False,False,PASS
datasets/lineB_downsampled_x4_up/strict_N/pu_net/train/vase/vase_0226.npy,"(1024, 3)",False,False,PASS
datasets/lineB_downsampled_x4_up/strict_N/pu_net/train/vase/vase_0227.npy,"(1024, 3)",False,False,PASS
datasets/lineB_downsampled_x4_up/strict_N/pu_net/train/vase/vase_0228.npy,"(1024, 3)",False,False,PASS
datasets/lineB_downsampled_x4_up/strict_N/pu_net/train/vase/vase_0229.npy,"(1024, 3)",False,False,PASS
datasets/lineB_downsampled_x4_up/strict_N/pu_net/train/vase/vase_0230.npy,"(1024, 3)",False,False,PASS
datasets/lineB_downsampled_x4_up/strict_N/pu_net/train/vase/vase_0231.npy,"(1024, 3)",False,False,PASS
datasets/lineB_downsampled_x4_up/strict_N/pu_net/train/vase/vase_0232.npy,"(1024, 3)",False,False,PASS
datasets/lineB_downsampled_x4_up/strict_N/pu_net/train/vase/vase_0233.npy,"(1024, 3)",False,False,PASS
datasets/lineB_downsampled_x4_up/strict_N/pu_net/train/vase/vase_0234.npy,"(1024, 3)",False,False,PASS
datasets/lineB_downsampled_x4_up/strict_N/pu_net/train/vase/vase_0235.npy,"(1024, 3)",False,False,PASS
datasets/lineB_downsampled_x4_up/strict_N/pu_net/train/vase/vase_0236.npy,"(1024, 3)",False,False,PASS
datasets/lineB_downsampled_x4_up/strict_N/pu_net/train/vase/vase_0237.npy,"(1024, 3)",False,False,PASS
datasets/lineB_downsampled_x4_up/strict_N/pu_net/train/vase/vase_0238.npy,"(1024, 3)",False,False,PASS
datasets/lineB_downsampled_x4_up/strict_N/pu_net/train/vase/vase_0239.npy,"(1024, 3)",False,False,PASS
datasets/lineB_downsampled_x4_up/strict_N/pu_net/train/vase/vase_0240.npy,"(1024, 3)",False,False,PASS
datasets/lineB_downsampled_x4_up/strict_N/pu_net/train/vase/vase_0241.npy,"(1024, 3)",False,False,PASS
datasets/lineB_downsampled_x4_up/strict_N/pu_net/train/vase/vase_0242.npy,"(1024, 3)",False,False,PASS
datasets/lineB_downsampled_x4_up/strict_N/pu_net/train/vase/vase_0243.npy,"(1024, 3)",False,False,PASS
datasets/lineB_downsampled_x4_up/strict_N/pu_net/train/vase/vase_0244.npy,"(1024, 3)",False,False,PASS
datasets/lineB_downsampled_x4_up/strict_N/pu_net/train/vase/vase_0245.npy,"(1024, 3)",False,False,PASS
datasets/lineB_downsampled_x4_up/strict_N/pu_net/train/vase/vase_0246.npy,"(1024, 3)",False,False,PASS
datasets/lineB_downsampled_x4_up/strict_N/pu_net/train/vase/vase_0247.npy,"(1024, 3)",False,False,PASS
datasets/lineB_downsampled_x4_up/strict_N/pu_net/train/vase/vase_0248.npy,"(1024, 3)",False,False,PASS
datasets/lineB_downsampled_x4_up/strict_N/pu_net/train/vase/vase_0249.npy,"(1024, 3)",False,False,PASS
datasets/lineB_downsampled_x4_up/strict_N/pu_net/train/vase/vase_0250.npy,"(1024, 3)",False,False,PASS
datasets/lineB_downsampled_x4_up/strict_N/pu_net/train/vase/vase_0251.npy,"(1024, 3)",False,False,PASS
datasets/lineB_downsampled_x4_up/strict_N/pu_net/train/vase/vase_0252.npy,"(1024, 3)",False,False,PASS
datasets/lineB_downsampled_x4_up/strict_N/pu_net/train/vase/vase_0253.npy,"(1024, 3)",False,False,PASS
datasets/lineB_downsampled_x4_up/strict_N/pu_net/train/vase/vase_0254.npy,"(1024, 3)",False,False,PASS
datasets/lineB_downsampled_x4_up/strict_N/pu_net/train/vase/vase_0255.npy,"(1024, 3)",False,False,PASS
datasets/lineB_downsampled_x4_up/strict_N/pu_net/train/vase/vase_0256.npy,"(1024, 3)",False,False,PASS
datasets/lineB_downsampled_x4_up/strict_N/pu_net/train/vase/vase_0257.npy,"(1024, 3)",False,False,PASS
datasets/lineB_downsampled_x4_up/strict_N/pu_net/train/vase/vase_0258.npy,"(1024, 3)",False,False,PASS
datasets/lineB_downsampled_x4_up/strict_N/pu_net/train/vase/vase_0259.npy,"(1024, 3)",False,False,PASS
datasets/lineB_downsampled_x4_up/strict_N/pu_net/train/vase/vase_0260.npy,"(1024, 3)",False,False,PASS
datasets/lineB_downsampled_x4_up/strict_N/pu_net/train/vase/vase_0261.npy,"(1024, 3)",False,False,PASS
datasets/lineB_downsampled_x4_up/strict_N/pu_net/train/vase/vase_0262.npy,"(1024, 3)",False,False,PASS
datasets/lineB_downsampled_x4_up/strict_N/pu_net/train/vase/vase_0263.npy,"(1024, 3)",False,False,PASS
datasets/lineB_downsampled_x4_up/strict_N/pu_net/train/vase/vase_0264.npy,"(1024, 3)",False,False,PASS
datasets/lineB_downsampled_x4_up/strict_N/pu_net/train/vase/vase_0265.npy,"(1024, 3)",False,False,PASS
datasets/lineB_downsampled_x4_up/strict_N/pu_net/train/vase/vase_0266.npy,"(1024, 3)",False,False,PASS
datasets/lineB_downsampled_x4_up/strict_N/pu_net/train/vase/vase_0267.npy,"(1024, 3)",False,False,PASS
datasets/lineB_downsampled_x4_up/strict_N/pu_net/train/vase/vase_0268.npy,"(1024, 3)",False,False,PASS
datasets/lineB_downsampled_x4_up/strict_N/pu_net/train/vase/vase_0269.npy,"(1024, 3)",False,False,PASS
datasets/lineB_downsampled_x4_up/strict_N/pu_net/train/vase/vase_0270.npy,"(1024, 3)",False,False,PASS
datasets/lineB_downsampled_x4_up/strict_N/pu_net/train/vase/vase_0271.npy,"(1024, 3)",False,False,PASS
datasets/lineB_downsampled_x4_up/strict_N/pu_net/train/vase/vase_0272.npy,"(1024, 3)",False,False,PASS
datasets/lineB_downsampled_x4_up/strict_N/pu_net/train/vase/vase_0273.npy,"(1024, 3)",False,False,PASS
datasets/lineB_downsampled_x4_up/strict_N/pu_net/train/vase/vase_0274.npy,"(1024, 3)",False,False,PASS
datasets/lineB_downsampled_x4_up/strict_N/pu_net/train/vase/vase_0275.npy,"(1024, 3)",False,False,PASS
datasets/lineB_downsampled_x4_up/strict_N/pu_net/train/vase/vase_0276.npy,"(1024, 3)",False,False,PASS
datasets/lineB_downsampled_x4_up/strict_N/pu_net/train/vase/vase_0277.npy,"(1024, 3)",False,False,PASS
datasets/lineB_downsampled_x4_up/strict_N/pu_net/train/vase/vase_0278.npy,"(1024, 3)",False,False,PASS
datasets/lineB_downsampled_x4_up/strict_N/pu_net/train/vase/vase_0279.npy,"(1024, 3)",False,False,PASS
datasets/lineB_downsampled_x4_up/strict_N/pu_net/train/vase/vase_0280.npy,"(1024, 3)",False,False,PASS
datasets/lineB_downsampled_x4_up/strict_N/pu_net/train/vase/vase_0281.npy,"(1024, 3)",False,False,PASS
datasets/lineB_downsampled_x4_up/strict_N/pu_net/train/vase/vase_0282.npy,"(1024, 3)",False,False,PASS
datasets/lineB_downsampled_x4_up/strict_N/pu_net/train/vase/vase_0283.npy,"(1024, 3)",False,False,PASS
datasets/lineB_downsampled_x4_up/strict_N/pu_net/train/vase/vase_0284.npy,"(1024, 3)",False,False,PASS
datasets/lineB_downsampled_x4_up/strict_N/pu_net/train/vase/vase_0285.npy,"(1024, 3)",False,False,PASS
datasets/lineB_downsampled_x4_up/strict_N/pu_net/train/vase/vase_0286.npy,"(1024, 3)",False,False,PASS
datasets/lineB_downsampled_x4_up/strict_N/pu_net/train/vase/vase_0287.npy,"(1024, 3)",False,False,PASS
datasets/lineB_downsampled_x4_up/strict_N/pu_net/train/vase/vase_0288.npy,"(1024, 3)",False,False,PASS
datasets/lineB_downsampled_x4_up/strict_N/pu_net/train/vase/vase_0289.npy,"(1024, 3)",False,False,PASS
datasets/lineB_downsampled_x4_up/strict_N/pu_net/train/vase/vase_0290.npy,"(1024, 3)",False,False,PASS
datasets/lineB_downsampled_x4_up/strict_N/pu_net/train/vase/vase_0291.npy,"(1024, 3)",False,False,PASS
datasets/lineB_downsampled_x4_up/strict_N/pu_net/train/vase/vase_0292.npy,"(1024, 3)",False,False,PASS
datasets/lineB_downsampled_x4_up/strict_N/pu_net/train/vase/vase_0293.npy,"(1024, 3)",False,False,PASS
datasets/lineB_downsampled_x4_up/strict_N/pu_net/train/vase/vase_0294.npy,"(1024, 3)",False,False,PASS
datasets/lineB_downsampled_x4_up/strict_N/pu_net/train/vase/vase_0295.npy,"(1024, 3)",False,False,PASS
datasets/lineB_downsampled_x4_up/strict_N/pu_net/train/vase/vase_0296.npy,"(1024, 3)",False,False,PASS
datasets/lineB_downsampled_x4_up/strict_N/pu_net/train/vase/vase_0297.npy,"(1024, 3)",False,False,PASS
datasets/lineB_downsampled_x4_up/strict_N/pu_net/train/vase/vase_0298.npy,"(1024, 3)",False,False,PASS
datasets/lineB_downsampled_x4_up/strict_N/pu_net/train/vase/vase_0299.npy,"(1024, 3)",False,False,PASS
datasets/lineB_downsampled_x4_up/strict_N/pu_net/train/vase/vase_0300.npy,"(1024, 3)",False,False,PASS
datasets/lineB_downsampled_x4_up/strict_N/pu_net/train/vase/vase_0301.npy,"(1024, 3)",False,False,PASS
datasets/lineB_downsampled_x4_up/strict_N/pu_net/train/vase/vase_0302.npy,"(1024, 3)",False,False,PASS
datasets/lineB_downsampled_x4_up/strict_N/pu_net/train/vase/vase_0303.npy,"(1024, 3)",False,False,PASS
datasets/lineB_downsampled_x4_up/strict_N/pu_net/train/vase/vase_0304.npy,"(1024, 3)",False,False,PASS
datasets/lineB_downsampled_x4_up/strict_N/pu_net/train/vase/vase_0305.npy,"(1024, 3)",False,False,PASS
datasets/lineB_downsampled_x4_up/strict_N/pu_net/train/vase/vase_0306.npy,"(1024, 3)",False,False,PASS
datasets/lineB_downsampled_x4_up/strict_N/pu_net/train/vase/vase_0307.npy,"(1024, 3)",False,False,PASS
datasets/lineB_downsampled_x4_up/strict_N/pu_net/train/vase/vase_0308.npy,"(1024, 3)",False,False,PASS
datasets/lineB_downsampled_x4_up/strict_N/pu_net/train/vase/vase_0309.npy,"(1024, 3)",False,False,PASS
datasets/lineB_downsampled_x4_up/strict_N/pu_net/train/vase/vase_0310.npy,"(1024, 3)",False,False,PASS
datasets/lineB_downsampled_x4_up/strict_N/pu_net/train/vase/vase_0311.npy,"(1024, 3)",False,False,PASS
datasets/lineB_downsampled_x4_up/strict_N/pu_net/train/vase/vase_0312.npy,"(1024, 3)",False,False,PASS
datasets/lineB_downsampled_x4_up/strict_N/pu_net/train/vase/vase_0313.npy,"(1024, 3)",False,False,PASS
datasets/lineB_downsampled_x4_up/strict_N/pu_net/train/vase/vase_0314.npy,"(1024, 3)",False,False,PASS
datasets/lineB_downsampled_x4_up/strict_N/pu_net/train/vase/vase_0315.npy,"(1024, 3)",False,False,PASS
datasets/lineB_downsampled_x4_up/strict_N/pu_net/train/vase/vase_0316.npy,"(1024, 3)",False,False,PASS
datasets/lineB_downsampled_x4_up/strict_N/pu_net/train/vase/vase_0317.npy,"(1024, 3)",False,False,PASS
datasets/lineB_downsampled_x4_up/strict_N/pu_net/train/vase/vase_0318.npy,"(1024, 3)",False,False,PASS
datasets/lineB_downsampled_x4_up/strict_N/pu_net/train/vase/vase_0319.npy,"(1024, 3)",False,False,PASS
datasets/lineB_downsampled_x4_up/strict_N/pu_net/train/vase/vase_0320.npy,"(1024, 3)",False,False,PASS
datasets/lineB_downsampled_x4_up/strict_N/pu_net/train/vase/vase_0321.npy,"(1024, 3)",False,False,PASS
datasets/lineB_downsampled_x4_up/strict_N/pu_net/train/vase/vase_0322.npy,"(1024, 3)",False,False,PASS
datasets/lineB_downsampled_x4_up/strict_N/pu_net/train/vase/vase_0323.npy,"(1024, 3)",False,False,PASS
datasets/lineB_downsampled_x4_up/strict_N/pu_net/train/vase/vase_0324.npy,"(1024, 3)",False,False,PASS
datasets/lineB_downsampled_x4_up/strict_N/pu_net/train/vase/vase_0325.npy,"(1024, 3)",False,False,PASS
datasets/lineB_downsampled_x4_up/strict_N/pu_net/train/vase/vase_0326.npy,"(1024, 3)",False,False,PASS
datasets/lineB_downsampled_x4_up/strict_N/pu_net/train/vase/vase_0327.npy,"(1024, 3)",False,False,PASS
datasets/lineB_downsampled_x4_up/strict_N/pu_net/train/vase/vase_0328.npy,"(1024, 3)",False,False,PASS
datasets/lineB_downsampled_x4_up/strict_N/pu_net/train/vase/vase_0329.npy,"(1024, 3)",False,False,PASS
datasets/lineB_downsampled_x4_up/strict_N/pu_net/train/vase/vase_0330.npy,"(1024, 3)",False,False,PASS
datasets/lineB_downsampled_x4_up/strict_N/pu_net/train/vase/vase_0331.npy,"(1024, 3)",False,False,PASS
datasets/lineB_downsampled_x4_up/strict_N/pu_net/train/vase/vase_0332.npy,"(1024, 3)",False,False,PASS
datasets/lineB_downsampled_x4_up/strict_N/pu_net/train/vase/vase_0333.npy,"(1024, 3)",False,False,PASS
datasets/lineB_downsampled_x4_up/strict_N/pu_net/train/vase/vase_0334.npy,"(1024, 3)",False,False,PASS
datasets/lineB_downsampled_x4_up/strict_N/pu_net/train/vase/vase_0335.npy,"(1024, 3)",False,False,PASS
datasets/lineB_downsampled_x4_up/strict_N/pu_net/train/vase/vase_0336.npy,"(1024, 3)",False,False,PASS
datasets/lineB_downsampled_x4_up/strict_N/pu_net/train/vase/vase_0337.npy,"(1024, 3)",False,False,PASS
datasets/lineB_downsampled_x4_up/strict_N/pu_net/train/vase/vase_0338.npy,"(1024, 3)",False,False,PASS
datasets/lineB_downsampled_x4_up/strict_N/pu_net/train/vase/vase_0339.npy,"(1024, 3)",False,False,PASS
datasets/lineB_downsampled_x4_up/strict_N/pu_net/train/vase/vase_0340.npy,"(1024, 3)",False,False,PASS
datasets/lineB_downsampled_x4_up/strict_N/pu_net/train/vase/vase_0341.npy,"(1024, 3)",False,False,PASS
datasets/lineB_downsampled_x4_up/strict_N/pu_net/train/vase/vase_0342.npy,"(1024, 3)",False,False,PASS
datasets/lineB_downsampled_x4_up/strict_N/pu_net/train/vase/vase_0343.npy,"(1024, 3)",False,False,PASS
datasets/lineB_downsampled_x4_up/strict_N/pu_net/train/vase/vase_0344.npy,"(1024, 3)",False,False,PASS
datasets/lineB_downsampled_x4_up/strict_N/pu_net/train/vase/vase_0345.npy,"(1024, 3)",False,False,PASS
datasets/lineB_downsampled_x4_up/strict_N/pu_net/train/vase/vase_0346.npy,"(1024, 3)",False,False,PASS
datasets/lineB_downsampled_x4_up/strict_N/pu_net/train/vase/vase_0347.npy,"(1024, 3)",False,False,PASS
datasets/lineB_downsampled_x4_up/strict_N/pu_net/train/vase/vase_0348.npy,"(1024, 3)",False,False,PASS
datasets/lineB_downsampled_x4_up/strict_N/pu_net/train/vase/vase_0349.npy,"(1024, 3)",False,False,PASS
datasets/lineB_downsampled_x4_up/strict_N/pu_net/train/vase/vase_0350.npy,"(1024, 3)",False,False,PASS
datasets/lineB_downsampled_x4_up/strict_N/pu_net/train/vase/vase_0351.npy,"(1024, 3)",False,False,PASS
datasets/lineB_downsampled_x4_up/strict_N/pu_net/train/vase/vase_0352.npy,"(1024, 3)",False,False,PASS
datasets/lineB_downsampled_x4_up/strict_N/pu_net/train/vase/vase_0353.npy,"(1024, 3)",False,False,PASS
datasets/lineB_downsampled_x4_up/strict_N/pu_net/train/vase/vase_0354.npy,"(1024, 3)",False,False,PASS
datasets/lineB_downsampled_x4_up/strict_N/pu_net/train/vase/vase_0355.npy,"(1024, 3)",False,False,PASS
datasets/lineB_downsampled_x4_up/strict_N/pu_net/train/vase/vase_0356.npy,"(1024, 3)",False,False,PASS
datasets/lineB_downsampled_x4_up/strict_N/pu_net/train/vase/vase_0357.npy,"(1024, 3)",False,False,PASS
datasets/lineB_downsampled_x4_up/strict_N/pu_net/train/vase/vase_0358.npy,"(1024, 3)",False,False,PASS
datasets/lineB_downsampled_x4_up/strict_N/pu_net/train/vase/vase_0359.npy,"(1024, 3)",False,False,PASS
datasets/lineB_downsampled_x4_up/strict_N/pu_net/train/vase/vase_0360.npy,"(1024, 3)",False,False,PASS
datasets/lineB_downsampled_x4_up/strict_N/pu_net/train/vase/vase_0361.npy,"(1024, 3)",False,False,PASS
datasets/lineB_downsampled_x4_up/strict_N/pu_net/train/vase/vase_0362.npy,"(1024, 3)",False,False,PASS
datasets/lineB_downsampled_x4_up/strict_N/pu_net/train/vase/vase_0363.npy,"(1024, 3)",False,False,PASS
datasets/lineB_downsampled_x4_up/strict_N/pu_net/train/vase/vase_0364.npy,"(1024, 3)",False,False,PASS
datasets/lineB_downsampled_x4_up/strict_N/pu_net/train/vase/vase_0365.npy,"(1024, 3)",False,False,PASS
datasets/lineB_downsampled_x4_up/strict_N/pu_net/train/vase/vase_0366.npy,"(1024, 3)",False,False,PASS
datasets/lineB_downsampled_x4_up/strict_N/pu_net/train/vase/vase_0367.npy,"(1024, 3)",False,False,PASS
datasets/lineB_downsampled_x4_up/strict_N/pu_net/train/vase/vase_0368.npy,"(1024, 3)",False,False,PASS
datasets/lineB_downsampled_x4_up/strict_N/pu_net/train/vase/vase_0369.npy,"(1024, 3)",False,False,PASS
datasets/lineB_downsampled_x4_up/strict_N/pu_net/train/vase/vase_0370.npy,"(1024, 3)",False,False,PASS
datasets/lineB_downsampled_x4_up/strict_N/pu_net/train/vase/vase_0371.npy,"(1024, 3)",False,False,PASS
datasets/lineB_downsampled_x4_up/strict_N/pu_net/train/vase/vase_0372.npy,"(1024, 3)",False,False,PASS
datasets/lineB_downsampled_x4_up/strict_N/pu_net/train/vase/vase_0373.npy,"(1024, 3)",False,False,PASS
datasets/lineB_downsampled_x4_up/strict_N/pu_net/train/vase/vase_0374.npy,"(1024, 3)",False,False,PASS
datasets/lineB_downsampled_x4_up/strict_N/pu_net/train/vase/vase_0375.npy,"(1024, 3)",False,False,PASS
datasets/lineB_downsampled_x4_up/strict_N/pu_net/train/vase/vase_0376.npy,"(1024, 3)",False,False,PASS
datasets/lineB_downsampled_x4_up/strict_N/pu_net/train/vase/vase_0377.npy,"(1024, 3)",False,False,PASS
datasets/lineB_downsampled_x4_up/strict_N/pu_net/train/vase/vase_0378.npy,"(1024, 3)",False,False,PASS
datasets/lineB_downsampled_x4_up/strict_N/pu_net/train/vase/vase_0379.npy,"(1024, 3)",False,False,PASS
datasets/lineB_downsampled_x4_up/strict_N/pu_net/train/vase/vase_0380.npy,"(1024, 3)",False,False,PASS
datasets/lineB_downsampled_x4_up/strict_N/pu_net/train/vase/vase_0381.npy,"(1024, 3)",False,False,PASS
datasets/lineB_downsampled_x4_up/strict_N/pu_net/train/vase/vase_0382.npy,"(1024, 3)",False,False,PASS
datasets/lineB_downsampled_x4_up/strict_N/pu_net/train/vase/vase_0383.npy,"(1024, 3)",False,False,PASS
datasets/lineB_downsampled_x4_up/strict_N/pu_net/train/vase/vase_0384.npy,"(1024, 3)",False,False,PASS
datasets/lineB_downsampled_x4_up/strict_N/pu_net/train/vase/vase_0385.npy,"(1024, 3)",False,False,PASS
datasets/lineB_downsampled_x4_up/strict_N/pu_net/train/vase/vase_0386.npy,"(1024, 3)",False,False,PASS
