method,line,split,class_name,label,shape_id,source_variant,input_path,input_points,target_points,method_raw_points,final_output_path,final_points,actual_ratio,status,error_message
pugcn,B,train,airplane,0,airplane_0001,downsampled50,/home/woody/iwnt/iwnt189h/thesis_pointcloud/modelnet40_pointnet2_upsampling/datasets/smoke_inputs/downsampled50/train/airplane/airplane_0001.npy,512,2048,,/home/woody/iwnt/iwnt189h/thesis_pointcloud/modelnet40_pointnet2_upsampling/datasets/modelnet40_downsampled50_up/pugcn_x4_smoke_rerun/train/airplane/airplane_0001.npy,,,failed,"PU-GCN inference failed (rc=1):
stdout:

stderr:
Traceback (most recent call last):
  File ""main.py"", line 2, in <module>
    from Upsampling.model import Model
  File ""/home/woody/iwnt/iwnt189h/thesis_pointcloud/modelnet40_experiments/external_lab_migrated/PU-GCN/Upsampling/model.py"", line 9, in <module>
    from Upsampling.discriminator import Discriminator
  File ""/home/woody/iwnt/iwnt189h/thesis_pointcloud/modelnet40_experiments/external_lab_migrated/PU-GCN/Upsampling/discriminator.py"", line 8, in <module>
    from Common import ops
  File ""/home/woody/iwnt/iwnt189h/thesis_pointcloud/modelnet40_experiments/external_lab_migrated/PU-GCN/Common/ops.py"", line 4, in <module>
    from tf_ops.grouping.tf_grouping import knn_point_2
  File ""/home/woody/iwnt/iwnt189h/thesis_pointcloud/modelnet40_experiments/external_lab_migrated/PU-GCN/tf_ops/grouping/tf_grouping.py"", line 11, in <module>
    os.path.join(BASE_DIR, 'tf_grouping_so.so'))
  File ""/home/hpc/iwnt/iwnt189h/.conda/envs/tf15_upsampling/lib/python3.7/site-packages/tensorflow_core/python/framework/load_library.py"", line 61, in load_op_library
    lib_handle = py_tf.TF_LoadLibrary(library_filename)
tensorflow.python.framework.errors_impl.NotFoundError: libcudart.so.10.0: cannot open shared object file: No such file or directory

Traceback (most recent call last):
  File ""scripts/run_upsampling_x4_smoke.py"", line 72, in process_sample
    raw_xyz = upsampler.upsample_xyz(points, sample_name=sample_name)
  File ""/home/woody/iwnt/iwnt189h/thesis_pointcloud/modelnet40_pointnet2_upsampling/scripts/pugcn_modelnet40_utils.py"", line 115, in upsample_xyz
    f""PU-GCN inference failed (rc={proc.returncode}):\n""
RuntimeError: PU-GCN inference failed (rc=1):
stdout:

stderr:
Traceback (most recent call last):
  File ""main.py"", line 2, in <module>
    from Upsampling.model import Model
  File ""/home/woody/iwnt/iwnt189h/thesis_pointcloud/modelnet40_experiments/external_lab_migrated/PU-GCN/Upsampling/model.py"", line 9, in <module>
    from Upsampling.discriminator import Discriminator
  File ""/home/woody/iwnt/iwnt189h/thesis_pointcloud/modelnet40_experiments/external_lab_migrated/PU-GCN/Upsampling/discriminator.py"", line 8, in <module>
    from Common import ops
  File ""/home/woody/iwnt/iwnt189h/thesis_pointcloud/modelnet40_experiments/external_lab_migrated/PU-GCN/Common/ops.py"", line 4, in <module>
    from tf_ops.grouping.tf_grouping import knn_point_2
  File ""/home/woody/iwnt/iwnt189h/thesis_pointcloud/modelnet40_experiments/external_lab_migrated/PU-GCN/tf_ops/grouping/tf_grouping.py"", line 11, in <module>
    os.path.join(BASE_DIR, 'tf_grouping_so.so'))
  File ""/home/hpc/iwnt/iwnt189h/.conda/envs/tf15_upsampling/lib/python3.7/site-packages/tensorflow_core/python/framework/load_library.py"", line 61, in load_op_library
    lib_handle = py_tf.TF_LoadLibrary(library_filename)
tensorflow.python.framework.errors_impl.NotFoundError: libcudart.so.10.0: cannot open shared object file: No such file or directory

"
pugcn,B,train,bathtub,1,bathtub_0001,downsampled50,/home/woody/iwnt/iwnt189h/thesis_pointcloud/modelnet40_pointnet2_upsampling/datasets/smoke_inputs/downsampled50/train/bathtub/bathtub_0001.npy,512,2048,,/home/woody/iwnt/iwnt189h/thesis_pointcloud/modelnet40_pointnet2_upsampling/datasets/modelnet40_downsampled50_up/pugcn_x4_smoke_rerun/train/bathtub/bathtub_0001.npy,,,failed,"Cannot call rmtree on a symbolic link
Traceback (most recent call last):
  File ""scripts/run_upsampling_x4_smoke.py"", line 72, in process_sample
    raw_xyz = upsampler.upsample_xyz(points, sample_name=sample_name)
  File ""/home/woody/iwnt/iwnt189h/thesis_pointcloud/modelnet40_pointnet2_upsampling/scripts/pugcn_modelnet40_utils.py"", line 69, in upsample_xyz
    shutil.rmtree(result_dir)
  File ""/home/hpc/iwnt/iwnt189h/.conda/envs/tf15_upsampling/lib/python3.7/shutil.py"", line 504, in rmtree
    onerror(os.path.islink, path, sys.exc_info())
  File ""/home/hpc/iwnt/iwnt189h/.conda/envs/tf15_upsampling/lib/python3.7/shutil.py"", line 502, in rmtree
    raise OSError(""Cannot call rmtree on a symbolic link"")
OSError: Cannot call rmtree on a symbolic link
"
pugcn,B,train,bed,2,bed_0001,downsampled50,/home/woody/iwnt/iwnt189h/thesis_pointcloud/modelnet40_pointnet2_upsampling/datasets/smoke_inputs/downsampled50/train/bed/bed_0001.npy,512,2048,,/home/woody/iwnt/iwnt189h/thesis_pointcloud/modelnet40_pointnet2_upsampling/datasets/modelnet40_downsampled50_up/pugcn_x4_smoke_rerun/train/bed/bed_0001.npy,,,failed,"PU-GCN inference failed (rc=1):
stdout:

stderr:
Traceback (most recent call last):
  File ""main.py"", line 2, in <module>
    from Upsampling.model import Model
  File ""/home/woody/iwnt/iwnt189h/thesis_pointcloud/modelnet40_experiments/external_lab_migrated/PU-GCN/Upsampling/model.py"", line 9, in <module>
    from Upsampling.discriminator import Discriminator
  File ""/home/woody/iwnt/iwnt189h/thesis_pointcloud/modelnet40_experiments/external_lab_migrated/PU-GCN/Upsampling/discriminator.py"", line 8, in <module>
    from Common import ops
  File ""/home/woody/iwnt/iwnt189h/thesis_pointcloud/modelnet40_experiments/external_lab_migrated/PU-GCN/Common/ops.py"", line 4, in <module>
    from tf_ops.grouping.tf_grouping import knn_point_2
  File ""/home/woody/iwnt/iwnt189h/thesis_pointcloud/modelnet40_experiments/external_lab_migrated/PU-GCN/tf_ops/grouping/tf_grouping.py"", line 11, in <module>
    os.path.join(BASE_DIR, 'tf_grouping_so.so'))
  File ""/home/hpc/iwnt/iwnt189h/.conda/envs/tf15_upsampling/lib/python3.7/site-packages/tensorflow_core/python/framework/load_library.py"", line 61, in load_op_library
    lib_handle = py_tf.TF_LoadLibrary(library_filename)
tensorflow.python.framework.errors_impl.NotFoundError: libcudart.so.10.0: cannot open shared object file: No such file or directory

Traceback (most recent call last):
  File ""scripts/run_upsampling_x4_smoke.py"", line 72, in process_sample
    raw_xyz = upsampler.upsample_xyz(points, sample_name=sample_name)
  File ""/home/woody/iwnt/iwnt189h/thesis_pointcloud/modelnet40_pointnet2_upsampling/scripts/pugcn_modelnet40_utils.py"", line 115, in upsample_xyz
    f""PU-GCN inference failed (rc={proc.returncode}):\n""
RuntimeError: PU-GCN inference failed (rc=1):
stdout:

stderr:
Traceback (most recent call last):
  File ""main.py"", line 2, in <module>
    from Upsampling.model import Model
  File ""/home/woody/iwnt/iwnt189h/thesis_pointcloud/modelnet40_experiments/external_lab_migrated/PU-GCN/Upsampling/model.py"", line 9, in <module>
    from Upsampling.discriminator import Discriminator
  File ""/home/woody/iwnt/iwnt189h/thesis_pointcloud/modelnet40_experiments/external_lab_migrated/PU-GCN/Upsampling/discriminator.py"", line 8, in <module>
    from Common import ops
  File ""/home/woody/iwnt/iwnt189h/thesis_pointcloud/modelnet40_experiments/external_lab_migrated/PU-GCN/Common/ops.py"", line 4, in <module>
    from tf_ops.grouping.tf_grouping import knn_point_2
  File ""/home/woody/iwnt/iwnt189h/thesis_pointcloud/modelnet40_experiments/external_lab_migrated/PU-GCN/tf_ops/grouping/tf_grouping.py"", line 11, in <module>
    os.path.join(BASE_DIR, 'tf_grouping_so.so'))
  File ""/home/hpc/iwnt/iwnt189h/.conda/envs/tf15_upsampling/lib/python3.7/site-packages/tensorflow_core/python/framework/load_library.py"", line 61, in load_op_library
    lib_handle = py_tf.TF_LoadLibrary(library_filename)
tensorflow.python.framework.errors_impl.NotFoundError: libcudart.so.10.0: cannot open shared object file: No such file or directory

"
pugcn,B,train,bench,3,bench_0001,downsampled50,/home/woody/iwnt/iwnt189h/thesis_pointcloud/modelnet40_pointnet2_upsampling/datasets/smoke_inputs/downsampled50/train/bench/bench_0001.npy,512,2048,,/home/woody/iwnt/iwnt189h/thesis_pointcloud/modelnet40_pointnet2_upsampling/datasets/modelnet40_downsampled50_up/pugcn_x4_smoke_rerun/train/bench/bench_0001.npy,,,failed,"Cannot call rmtree on a symbolic link
Traceback (most recent call last):
  File ""scripts/run_upsampling_x4_smoke.py"", line 72, in process_sample
    raw_xyz = upsampler.upsample_xyz(points, sample_name=sample_name)
  File ""/home/woody/iwnt/iwnt189h/thesis_pointcloud/modelnet40_pointnet2_upsampling/scripts/pugcn_modelnet40_utils.py"", line 69, in upsample_xyz
    shutil.rmtree(result_dir)
  File ""/home/hpc/iwnt/iwnt189h/.conda/envs/tf15_upsampling/lib/python3.7/shutil.py"", line 504, in rmtree
    onerror(os.path.islink, path, sys.exc_info())
  File ""/home/hpc/iwnt/iwnt189h/.conda/envs/tf15_upsampling/lib/python3.7/shutil.py"", line 502, in rmtree
    raise OSError(""Cannot call rmtree on a symbolic link"")
OSError: Cannot call rmtree on a symbolic link
"
pugcn,B,train,bookshelf,4,bookshelf_0001,downsampled50,/home/woody/iwnt/iwnt189h/thesis_pointcloud/modelnet40_pointnet2_upsampling/datasets/smoke_inputs/downsampled50/train/bookshelf/bookshelf_0001.npy,512,2048,,/home/woody/iwnt/iwnt189h/thesis_pointcloud/modelnet40_pointnet2_upsampling/datasets/modelnet40_downsampled50_up/pugcn_x4_smoke_rerun/train/bookshelf/bookshelf_0001.npy,,,failed,"PU-GCN inference failed (rc=1):
stdout:

stderr:
Traceback (most recent call last):
  File ""main.py"", line 2, in <module>
    from Upsampling.model import Model
  File ""/home/woody/iwnt/iwnt189h/thesis_pointcloud/modelnet40_experiments/external_lab_migrated/PU-GCN/Upsampling/model.py"", line 9, in <module>
    from Upsampling.discriminator import Discriminator
  File ""/home/woody/iwnt/iwnt189h/thesis_pointcloud/modelnet40_experiments/external_lab_migrated/PU-GCN/Upsampling/discriminator.py"", line 8, in <module>
    from Common import ops
  File ""/home/woody/iwnt/iwnt189h/thesis_pointcloud/modelnet40_experiments/external_lab_migrated/PU-GCN/Common/ops.py"", line 4, in <module>
    from tf_ops.grouping.tf_grouping import knn_point_2
  File ""/home/woody/iwnt/iwnt189h/thesis_pointcloud/modelnet40_experiments/external_lab_migrated/PU-GCN/tf_ops/grouping/tf_grouping.py"", line 11, in <module>
    os.path.join(BASE_DIR, 'tf_grouping_so.so'))
  File ""/home/hpc/iwnt/iwnt189h/.conda/envs/tf15_upsampling/lib/python3.7/site-packages/tensorflow_core/python/framework/load_library.py"", line 61, in load_op_library
    lib_handle = py_tf.TF_LoadLibrary(library_filename)
tensorflow.python.framework.errors_impl.NotFoundError: libcudart.so.10.0: cannot open shared object file: No such file or directory

Traceback (most recent call last):
  File ""scripts/run_upsampling_x4_smoke.py"", line 72, in process_sample
    raw_xyz = upsampler.upsample_xyz(points, sample_name=sample_name)
  File ""/home/woody/iwnt/iwnt189h/thesis_pointcloud/modelnet40_pointnet2_upsampling/scripts/pugcn_modelnet40_utils.py"", line 115, in upsample_xyz
    f""PU-GCN inference failed (rc={proc.returncode}):\n""
RuntimeError: PU-GCN inference failed (rc=1):
stdout:

stderr:
Traceback (most recent call last):
  File ""main.py"", line 2, in <module>
    from Upsampling.model import Model
  File ""/home/woody/iwnt/iwnt189h/thesis_pointcloud/modelnet40_experiments/external_lab_migrated/PU-GCN/Upsampling/model.py"", line 9, in <module>
    from Upsampling.discriminator import Discriminator
  File ""/home/woody/iwnt/iwnt189h/thesis_pointcloud/modelnet40_experiments/external_lab_migrated/PU-GCN/Upsampling/discriminator.py"", line 8, in <module>
    from Common import ops
  File ""/home/woody/iwnt/iwnt189h/thesis_pointcloud/modelnet40_experiments/external_lab_migrated/PU-GCN/Common/ops.py"", line 4, in <module>
    from tf_ops.grouping.tf_grouping import knn_point_2
  File ""/home/woody/iwnt/iwnt189h/thesis_pointcloud/modelnet40_experiments/external_lab_migrated/PU-GCN/tf_ops/grouping/tf_grouping.py"", line 11, in <module>
    os.path.join(BASE_DIR, 'tf_grouping_so.so'))
  File ""/home/hpc/iwnt/iwnt189h/.conda/envs/tf15_upsampling/lib/python3.7/site-packages/tensorflow_core/python/framework/load_library.py"", line 61, in load_op_library
    lib_handle = py_tf.TF_LoadLibrary(library_filename)
tensorflow.python.framework.errors_impl.NotFoundError: libcudart.so.10.0: cannot open shared object file: No such file or directory

"
pugcn,B,train,bottle,5,bottle_0001,downsampled50,/home/woody/iwnt/iwnt189h/thesis_pointcloud/modelnet40_pointnet2_upsampling/datasets/smoke_inputs/downsampled50/train/bottle/bottle_0001.npy,512,2048,,/home/woody/iwnt/iwnt189h/thesis_pointcloud/modelnet40_pointnet2_upsampling/datasets/modelnet40_downsampled50_up/pugcn_x4_smoke_rerun/train/bottle/bottle_0001.npy,,,failed,"Cannot call rmtree on a symbolic link
Traceback (most recent call last):
  File ""scripts/run_upsampling_x4_smoke.py"", line 72, in process_sample
    raw_xyz = upsampler.upsample_xyz(points, sample_name=sample_name)
  File ""/home/woody/iwnt/iwnt189h/thesis_pointcloud/modelnet40_pointnet2_upsampling/scripts/pugcn_modelnet40_utils.py"", line 69, in upsample_xyz
    shutil.rmtree(result_dir)
  File ""/home/hpc/iwnt/iwnt189h/.conda/envs/tf15_upsampling/lib/python3.7/shutil.py"", line 504, in rmtree
    onerror(os.path.islink, path, sys.exc_info())
  File ""/home/hpc/iwnt/iwnt189h/.conda/envs/tf15_upsampling/lib/python3.7/shutil.py"", line 502, in rmtree
    raise OSError(""Cannot call rmtree on a symbolic link"")
OSError: Cannot call rmtree on a symbolic link
"
pugcn,B,train,bowl,6,bowl_0001,downsampled50,/home/woody/iwnt/iwnt189h/thesis_pointcloud/modelnet40_pointnet2_upsampling/datasets/smoke_inputs/downsampled50/train/bowl/bowl_0001.npy,512,2048,,/home/woody/iwnt/iwnt189h/thesis_pointcloud/modelnet40_pointnet2_upsampling/datasets/modelnet40_downsampled50_up/pugcn_x4_smoke_rerun/train/bowl/bowl_0001.npy,,,failed,"PU-GCN inference failed (rc=1):
stdout:

stderr:
Traceback (most recent call last):
  File ""main.py"", line 2, in <module>
    from Upsampling.model import Model
  File ""/home/woody/iwnt/iwnt189h/thesis_pointcloud/modelnet40_experiments/external_lab_migrated/PU-GCN/Upsampling/model.py"", line 9, in <module>
    from Upsampling.discriminator import Discriminator
  File ""/home/woody/iwnt/iwnt189h/thesis_pointcloud/modelnet40_experiments/external_lab_migrated/PU-GCN/Upsampling/discriminator.py"", line 8, in <module>
    from Common import ops
  File ""/home/woody/iwnt/iwnt189h/thesis_pointcloud/modelnet40_experiments/external_lab_migrated/PU-GCN/Common/ops.py"", line 4, in <module>
    from tf_ops.grouping.tf_grouping import knn_point_2
  File ""/home/woody/iwnt/iwnt189h/thesis_pointcloud/modelnet40_experiments/external_lab_migrated/PU-GCN/tf_ops/grouping/tf_grouping.py"", line 11, in <module>
    os.path.join(BASE_DIR, 'tf_grouping_so.so'))
  File ""/home/hpc/iwnt/iwnt189h/.conda/envs/tf15_upsampling/lib/python3.7/site-packages/tensorflow_core/python/framework/load_library.py"", line 61, in load_op_library
    lib_handle = py_tf.TF_LoadLibrary(library_filename)
tensorflow.python.framework.errors_impl.NotFoundError: libcudart.so.10.0: cannot open shared object file: No such file or directory

Traceback (most recent call last):
  File ""scripts/run_upsampling_x4_smoke.py"", line 72, in process_sample
    raw_xyz = upsampler.upsample_xyz(points, sample_name=sample_name)
  File ""/home/woody/iwnt/iwnt189h/thesis_pointcloud/modelnet40_pointnet2_upsampling/scripts/pugcn_modelnet40_utils.py"", line 115, in upsample_xyz
    f""PU-GCN inference failed (rc={proc.returncode}):\n""
RuntimeError: PU-GCN inference failed (rc=1):
stdout:

stderr:
Traceback (most recent call last):
  File ""main.py"", line 2, in <module>
    from Upsampling.model import Model
  File ""/home/woody/iwnt/iwnt189h/thesis_pointcloud/modelnet40_experiments/external_lab_migrated/PU-GCN/Upsampling/model.py"", line 9, in <module>
    from Upsampling.discriminator import Discriminator
  File ""/home/woody/iwnt/iwnt189h/thesis_pointcloud/modelnet40_experiments/external_lab_migrated/PU-GCN/Upsampling/discriminator.py"", line 8, in <module>
    from Common import ops
  File ""/home/woody/iwnt/iwnt189h/thesis_pointcloud/modelnet40_experiments/external_lab_migrated/PU-GCN/Common/ops.py"", line 4, in <module>
    from tf_ops.grouping.tf_grouping import knn_point_2
  File ""/home/woody/iwnt/iwnt189h/thesis_pointcloud/modelnet40_experiments/external_lab_migrated/PU-GCN/tf_ops/grouping/tf_grouping.py"", line 11, in <module>
    os.path.join(BASE_DIR, 'tf_grouping_so.so'))
  File ""/home/hpc/iwnt/iwnt189h/.conda/envs/tf15_upsampling/lib/python3.7/site-packages/tensorflow_core/python/framework/load_library.py"", line 61, in load_op_library
    lib_handle = py_tf.TF_LoadLibrary(library_filename)
tensorflow.python.framework.errors_impl.NotFoundError: libcudart.so.10.0: cannot open shared object file: No such file or directory

"
pugcn,B,train,car,7,car_0001,downsampled50,/home/woody/iwnt/iwnt189h/thesis_pointcloud/modelnet40_pointnet2_upsampling/datasets/smoke_inputs/downsampled50/train/car/car_0001.npy,512,2048,,/home/woody/iwnt/iwnt189h/thesis_pointcloud/modelnet40_pointnet2_upsampling/datasets/modelnet40_downsampled50_up/pugcn_x4_smoke_rerun/train/car/car_0001.npy,,,failed,"Cannot call rmtree on a symbolic link
Traceback (most recent call last):
  File ""scripts/run_upsampling_x4_smoke.py"", line 72, in process_sample
    raw_xyz = upsampler.upsample_xyz(points, sample_name=sample_name)
  File ""/home/woody/iwnt/iwnt189h/thesis_pointcloud/modelnet40_pointnet2_upsampling/scripts/pugcn_modelnet40_utils.py"", line 69, in upsample_xyz
    shutil.rmtree(result_dir)
  File ""/home/hpc/iwnt/iwnt189h/.conda/envs/tf15_upsampling/lib/python3.7/shutil.py"", line 504, in rmtree
    onerror(os.path.islink, path, sys.exc_info())
  File ""/home/hpc/iwnt/iwnt189h/.conda/envs/tf15_upsampling/lib/python3.7/shutil.py"", line 502, in rmtree
    raise OSError(""Cannot call rmtree on a symbolic link"")
OSError: Cannot call rmtree on a symbolic link
"
pugcn,B,train,chair,8,chair_0001,downsampled50,/home/woody/iwnt/iwnt189h/thesis_pointcloud/modelnet40_pointnet2_upsampling/datasets/smoke_inputs/downsampled50/train/chair/chair_0001.npy,512,2048,,/home/woody/iwnt/iwnt189h/thesis_pointcloud/modelnet40_pointnet2_upsampling/datasets/modelnet40_downsampled50_up/pugcn_x4_smoke_rerun/train/chair/chair_0001.npy,,,failed,"PU-GCN inference failed (rc=1):
stdout:

stderr:
Traceback (most recent call last):
  File ""main.py"", line 2, in <module>
    from Upsampling.model import Model
  File ""/home/woody/iwnt/iwnt189h/thesis_pointcloud/modelnet40_experiments/external_lab_migrated/PU-GCN/Upsampling/model.py"", line 9, in <module>
    from Upsampling.discriminator import Discriminator
  File ""/home/woody/iwnt/iwnt189h/thesis_pointcloud/modelnet40_experiments/external_lab_migrated/PU-GCN/Upsampling/discriminator.py"", line 8, in <module>
    from Common import ops
  File ""/home/woody/iwnt/iwnt189h/thesis_pointcloud/modelnet40_experiments/external_lab_migrated/PU-GCN/Common/ops.py"", line 4, in <module>
    from tf_ops.grouping.tf_grouping import knn_point_2
  File ""/home/woody/iwnt/iwnt189h/thesis_pointcloud/modelnet40_experiments/external_lab_migrated/PU-GCN/tf_ops/grouping/tf_grouping.py"", line 11, in <module>
    os.path.join(BASE_DIR, 'tf_grouping_so.so'))
  File ""/home/hpc/iwnt/iwnt189h/.conda/envs/tf15_upsampling/lib/python3.7/site-packages/tensorflow_core/python/framework/load_library.py"", line 61, in load_op_library
    lib_handle = py_tf.TF_LoadLibrary(library_filename)
tensorflow.python.framework.errors_impl.NotFoundError: libcudart.so.10.0: cannot open shared object file: No such file or directory

Traceback (most recent call last):
  File ""scripts/run_upsampling_x4_smoke.py"", line 72, in process_sample
    raw_xyz = upsampler.upsample_xyz(points, sample_name=sample_name)
  File ""/home/woody/iwnt/iwnt189h/thesis_pointcloud/modelnet40_pointnet2_upsampling/scripts/pugcn_modelnet40_utils.py"", line 115, in upsample_xyz
    f""PU-GCN inference failed (rc={proc.returncode}):\n""
RuntimeError: PU-GCN inference failed (rc=1):
stdout:

stderr:
Traceback (most recent call last):
  File ""main.py"", line 2, in <module>
    from Upsampling.model import Model
  File ""/home/woody/iwnt/iwnt189h/thesis_pointcloud/modelnet40_experiments/external_lab_migrated/PU-GCN/Upsampling/model.py"", line 9, in <module>
    from Upsampling.discriminator import Discriminator
  File ""/home/woody/iwnt/iwnt189h/thesis_pointcloud/modelnet40_experiments/external_lab_migrated/PU-GCN/Upsampling/discriminator.py"", line 8, in <module>
    from Common import ops
  File ""/home/woody/iwnt/iwnt189h/thesis_pointcloud/modelnet40_experiments/external_lab_migrated/PU-GCN/Common/ops.py"", line 4, in <module>
    from tf_ops.grouping.tf_grouping import knn_point_2
  File ""/home/woody/iwnt/iwnt189h/thesis_pointcloud/modelnet40_experiments/external_lab_migrated/PU-GCN/tf_ops/grouping/tf_grouping.py"", line 11, in <module>
    os.path.join(BASE_DIR, 'tf_grouping_so.so'))
  File ""/home/hpc/iwnt/iwnt189h/.conda/envs/tf15_upsampling/lib/python3.7/site-packages/tensorflow_core/python/framework/load_library.py"", line 61, in load_op_library
    lib_handle = py_tf.TF_LoadLibrary(library_filename)
tensorflow.python.framework.errors_impl.NotFoundError: libcudart.so.10.0: cannot open shared object file: No such file or directory

"
pugcn,B,train,cone,9,cone_0001,downsampled50,/home/woody/iwnt/iwnt189h/thesis_pointcloud/modelnet40_pointnet2_upsampling/datasets/smoke_inputs/downsampled50/train/cone/cone_0001.npy,512,2048,,/home/woody/iwnt/iwnt189h/thesis_pointcloud/modelnet40_pointnet2_upsampling/datasets/modelnet40_downsampled50_up/pugcn_x4_smoke_rerun/train/cone/cone_0001.npy,,,failed,"Cannot call rmtree on a symbolic link
Traceback (most recent call last):
  File ""scripts/run_upsampling_x4_smoke.py"", line 72, in process_sample
    raw_xyz = upsampler.upsample_xyz(points, sample_name=sample_name)
  File ""/home/woody/iwnt/iwnt189h/thesis_pointcloud/modelnet40_pointnet2_upsampling/scripts/pugcn_modelnet40_utils.py"", line 69, in upsample_xyz
    shutil.rmtree(result_dir)
  File ""/home/hpc/iwnt/iwnt189h/.conda/envs/tf15_upsampling/lib/python3.7/shutil.py"", line 504, in rmtree
    onerror(os.path.islink, path, sys.exc_info())
  File ""/home/hpc/iwnt/iwnt189h/.conda/envs/tf15_upsampling/lib/python3.7/shutil.py"", line 502, in rmtree
    raise OSError(""Cannot call rmtree on a symbolic link"")
OSError: Cannot call rmtree on a symbolic link
"
pugcn,B,train,cup,10,cup_0001,downsampled50,/home/woody/iwnt/iwnt189h/thesis_pointcloud/modelnet40_pointnet2_upsampling/datasets/smoke_inputs/downsampled50/train/cup/cup_0001.npy,512,2048,,/home/woody/iwnt/iwnt189h/thesis_pointcloud/modelnet40_pointnet2_upsampling/datasets/modelnet40_downsampled50_up/pugcn_x4_smoke_rerun/train/cup/cup_0001.npy,,,failed,"PU-GCN inference failed (rc=1):
stdout:

stderr:
Traceback (most recent call last):
  File ""main.py"", line 2, in <module>
    from Upsampling.model import Model
  File ""/home/woody/iwnt/iwnt189h/thesis_pointcloud/modelnet40_experiments/external_lab_migrated/PU-GCN/Upsampling/model.py"", line 9, in <module>
    from Upsampling.discriminator import Discriminator
  File ""/home/woody/iwnt/iwnt189h/thesis_pointcloud/modelnet40_experiments/external_lab_migrated/PU-GCN/Upsampling/discriminator.py"", line 8, in <module>
    from Common import ops
  File ""/home/woody/iwnt/iwnt189h/thesis_pointcloud/modelnet40_experiments/external_lab_migrated/PU-GCN/Common/ops.py"", line 4, in <module>
    from tf_ops.grouping.tf_grouping import knn_point_2
  File ""/home/woody/iwnt/iwnt189h/thesis_pointcloud/modelnet40_experiments/external_lab_migrated/PU-GCN/tf_ops/grouping/tf_grouping.py"", line 11, in <module>
    os.path.join(BASE_DIR, 'tf_grouping_so.so'))
  File ""/home/hpc/iwnt/iwnt189h/.conda/envs/tf15_upsampling/lib/python3.7/site-packages/tensorflow_core/python/framework/load_library.py"", line 61, in load_op_library
    lib_handle = py_tf.TF_LoadLibrary(library_filename)
tensorflow.python.framework.errors_impl.NotFoundError: libcudart.so.10.0: cannot open shared object file: No such file or directory

Traceback (most recent call last):
  File ""scripts/run_upsampling_x4_smoke.py"", line 72, in process_sample
    raw_xyz = upsampler.upsample_xyz(points, sample_name=sample_name)
  File ""/home/woody/iwnt/iwnt189h/thesis_pointcloud/modelnet40_pointnet2_upsampling/scripts/pugcn_modelnet40_utils.py"", line 115, in upsample_xyz
    f""PU-GCN inference failed (rc={proc.returncode}):\n""
RuntimeError: PU-GCN inference failed (rc=1):
stdout:

stderr:
Traceback (most recent call last):
  File ""main.py"", line 2, in <module>
    from Upsampling.model import Model
  File ""/home/woody/iwnt/iwnt189h/thesis_pointcloud/modelnet40_experiments/external_lab_migrated/PU-GCN/Upsampling/model.py"", line 9, in <module>
    from Upsampling.discriminator import Discriminator
  File ""/home/woody/iwnt/iwnt189h/thesis_pointcloud/modelnet40_experiments/external_lab_migrated/PU-GCN/Upsampling/discriminator.py"", line 8, in <module>
    from Common import ops
  File ""/home/woody/iwnt/iwnt189h/thesis_pointcloud/modelnet40_experiments/external_lab_migrated/PU-GCN/Common/ops.py"", line 4, in <module>
    from tf_ops.grouping.tf_grouping import knn_point_2
  File ""/home/woody/iwnt/iwnt189h/thesis_pointcloud/modelnet40_experiments/external_lab_migrated/PU-GCN/tf_ops/grouping/tf_grouping.py"", line 11, in <module>
    os.path.join(BASE_DIR, 'tf_grouping_so.so'))
  File ""/home/hpc/iwnt/iwnt189h/.conda/envs/tf15_upsampling/lib/python3.7/site-packages/tensorflow_core/python/framework/load_library.py"", line 61, in load_op_library
    lib_handle = py_tf.TF_LoadLibrary(library_filename)
tensorflow.python.framework.errors_impl.NotFoundError: libcudart.so.10.0: cannot open shared object file: No such file or directory

"
pugcn,B,train,curtain,11,curtain_0001,downsampled50,/home/woody/iwnt/iwnt189h/thesis_pointcloud/modelnet40_pointnet2_upsampling/datasets/smoke_inputs/downsampled50/train/curtain/curtain_0001.npy,512,2048,,/home/woody/iwnt/iwnt189h/thesis_pointcloud/modelnet40_pointnet2_upsampling/datasets/modelnet40_downsampled50_up/pugcn_x4_smoke_rerun/train/curtain/curtain_0001.npy,,,failed,"Cannot call rmtree on a symbolic link
Traceback (most recent call last):
  File ""scripts/run_upsampling_x4_smoke.py"", line 72, in process_sample
    raw_xyz = upsampler.upsample_xyz(points, sample_name=sample_name)
  File ""/home/woody/iwnt/iwnt189h/thesis_pointcloud/modelnet40_pointnet2_upsampling/scripts/pugcn_modelnet40_utils.py"", line 69, in upsample_xyz
    shutil.rmtree(result_dir)
  File ""/home/hpc/iwnt/iwnt189h/.conda/envs/tf15_upsampling/lib/python3.7/shutil.py"", line 504, in rmtree
    onerror(os.path.islink, path, sys.exc_info())
  File ""/home/hpc/iwnt/iwnt189h/.conda/envs/tf15_upsampling/lib/python3.7/shutil.py"", line 502, in rmtree
    raise OSError(""Cannot call rmtree on a symbolic link"")
OSError: Cannot call rmtree on a symbolic link
"
pugcn,B,train,desk,12,desk_0001,downsampled50,/home/woody/iwnt/iwnt189h/thesis_pointcloud/modelnet40_pointnet2_upsampling/datasets/smoke_inputs/downsampled50/train/desk/desk_0001.npy,512,2048,,/home/woody/iwnt/iwnt189h/thesis_pointcloud/modelnet40_pointnet2_upsampling/datasets/modelnet40_downsampled50_up/pugcn_x4_smoke_rerun/train/desk/desk_0001.npy,,,failed,"PU-GCN inference failed (rc=1):
stdout:

stderr:
Traceback (most recent call last):
  File ""main.py"", line 2, in <module>
    from Upsampling.model import Model
  File ""/home/woody/iwnt/iwnt189h/thesis_pointcloud/modelnet40_experiments/external_lab_migrated/PU-GCN/Upsampling/model.py"", line 9, in <module>
    from Upsampling.discriminator import Discriminator
  File ""/home/woody/iwnt/iwnt189h/thesis_pointcloud/modelnet40_experiments/external_lab_migrated/PU-GCN/Upsampling/discriminator.py"", line 8, in <module>
    from Common import ops
  File ""/home/woody/iwnt/iwnt189h/thesis_pointcloud/modelnet40_experiments/external_lab_migrated/PU-GCN/Common/ops.py"", line 4, in <module>
    from tf_ops.grouping.tf_grouping import knn_point_2
  File ""/home/woody/iwnt/iwnt189h/thesis_pointcloud/modelnet40_experiments/external_lab_migrated/PU-GCN/tf_ops/grouping/tf_grouping.py"", line 11, in <module>
    os.path.join(BASE_DIR, 'tf_grouping_so.so'))
  File ""/home/hpc/iwnt/iwnt189h/.conda/envs/tf15_upsampling/lib/python3.7/site-packages/tensorflow_core/python/framework/load_library.py"", line 61, in load_op_library
    lib_handle = py_tf.TF_LoadLibrary(library_filename)
tensorflow.python.framework.errors_impl.NotFoundError: libcudart.so.10.0: cannot open shared object file: No such file or directory

Traceback (most recent call last):
  File ""scripts/run_upsampling_x4_smoke.py"", line 72, in process_sample
    raw_xyz = upsampler.upsample_xyz(points, sample_name=sample_name)
  File ""/home/woody/iwnt/iwnt189h/thesis_pointcloud/modelnet40_pointnet2_upsampling/scripts/pugcn_modelnet40_utils.py"", line 115, in upsample_xyz
    f""PU-GCN inference failed (rc={proc.returncode}):\n""
RuntimeError: PU-GCN inference failed (rc=1):
stdout:

stderr:
Traceback (most recent call last):
  File ""main.py"", line 2, in <module>
    from Upsampling.model import Model
  File ""/home/woody/iwnt/iwnt189h/thesis_pointcloud/modelnet40_experiments/external_lab_migrated/PU-GCN/Upsampling/model.py"", line 9, in <module>
    from Upsampling.discriminator import Discriminator
  File ""/home/woody/iwnt/iwnt189h/thesis_pointcloud/modelnet40_experiments/external_lab_migrated/PU-GCN/Upsampling/discriminator.py"", line 8, in <module>
    from Common import ops
  File ""/home/woody/iwnt/iwnt189h/thesis_pointcloud/modelnet40_experiments/external_lab_migrated/PU-GCN/Common/ops.py"", line 4, in <module>
    from tf_ops.grouping.tf_grouping import knn_point_2
  File ""/home/woody/iwnt/iwnt189h/thesis_pointcloud/modelnet40_experiments/external_lab_migrated/PU-GCN/tf_ops/grouping/tf_grouping.py"", line 11, in <module>
    os.path.join(BASE_DIR, 'tf_grouping_so.so'))
  File ""/home/hpc/iwnt/iwnt189h/.conda/envs/tf15_upsampling/lib/python3.7/site-packages/tensorflow_core/python/framework/load_library.py"", line 61, in load_op_library
    lib_handle = py_tf.TF_LoadLibrary(library_filename)
tensorflow.python.framework.errors_impl.NotFoundError: libcudart.so.10.0: cannot open shared object file: No such file or directory

"
pugcn,B,train,door,13,door_0001,downsampled50,/home/woody/iwnt/iwnt189h/thesis_pointcloud/modelnet40_pointnet2_upsampling/datasets/smoke_inputs/downsampled50/train/door/door_0001.npy,512,2048,,/home/woody/iwnt/iwnt189h/thesis_pointcloud/modelnet40_pointnet2_upsampling/datasets/modelnet40_downsampled50_up/pugcn_x4_smoke_rerun/train/door/door_0001.npy,,,failed,"Cannot call rmtree on a symbolic link
Traceback (most recent call last):
  File ""scripts/run_upsampling_x4_smoke.py"", line 72, in process_sample
    raw_xyz = upsampler.upsample_xyz(points, sample_name=sample_name)
  File ""/home/woody/iwnt/iwnt189h/thesis_pointcloud/modelnet40_pointnet2_upsampling/scripts/pugcn_modelnet40_utils.py"", line 69, in upsample_xyz
    shutil.rmtree(result_dir)
  File ""/home/hpc/iwnt/iwnt189h/.conda/envs/tf15_upsampling/lib/python3.7/shutil.py"", line 504, in rmtree
    onerror(os.path.islink, path, sys.exc_info())
  File ""/home/hpc/iwnt/iwnt189h/.conda/envs/tf15_upsampling/lib/python3.7/shutil.py"", line 502, in rmtree
    raise OSError(""Cannot call rmtree on a symbolic link"")
OSError: Cannot call rmtree on a symbolic link
"
pugcn,B,train,dresser,14,dresser_0001,downsampled50,/home/woody/iwnt/iwnt189h/thesis_pointcloud/modelnet40_pointnet2_upsampling/datasets/smoke_inputs/downsampled50/train/dresser/dresser_0001.npy,512,2048,,/home/woody/iwnt/iwnt189h/thesis_pointcloud/modelnet40_pointnet2_upsampling/datasets/modelnet40_downsampled50_up/pugcn_x4_smoke_rerun/train/dresser/dresser_0001.npy,,,failed,"PU-GCN inference failed (rc=1):
stdout:

stderr:
Traceback (most recent call last):
  File ""main.py"", line 2, in <module>
    from Upsampling.model import Model
  File ""/home/woody/iwnt/iwnt189h/thesis_pointcloud/modelnet40_experiments/external_lab_migrated/PU-GCN/Upsampling/model.py"", line 9, in <module>
    from Upsampling.discriminator import Discriminator
  File ""/home/woody/iwnt/iwnt189h/thesis_pointcloud/modelnet40_experiments/external_lab_migrated/PU-GCN/Upsampling/discriminator.py"", line 8, in <module>
    from Common import ops
  File ""/home/woody/iwnt/iwnt189h/thesis_pointcloud/modelnet40_experiments/external_lab_migrated/PU-GCN/Common/ops.py"", line 4, in <module>
    from tf_ops.grouping.tf_grouping import knn_point_2
  File ""/home/woody/iwnt/iwnt189h/thesis_pointcloud/modelnet40_experiments/external_lab_migrated/PU-GCN/tf_ops/grouping/tf_grouping.py"", line 11, in <module>
    os.path.join(BASE_DIR, 'tf_grouping_so.so'))
  File ""/home/hpc/iwnt/iwnt189h/.conda/envs/tf15_upsampling/lib/python3.7/site-packages/tensorflow_core/python/framework/load_library.py"", line 61, in load_op_library
    lib_handle = py_tf.TF_LoadLibrary(library_filename)
tensorflow.python.framework.errors_impl.NotFoundError: libcudart.so.10.0: cannot open shared object file: No such file or directory

Traceback (most recent call last):
  File ""scripts/run_upsampling_x4_smoke.py"", line 72, in process_sample
    raw_xyz = upsampler.upsample_xyz(points, sample_name=sample_name)
  File ""/home/woody/iwnt/iwnt189h/thesis_pointcloud/modelnet40_pointnet2_upsampling/scripts/pugcn_modelnet40_utils.py"", line 115, in upsample_xyz
    f""PU-GCN inference failed (rc={proc.returncode}):\n""
RuntimeError: PU-GCN inference failed (rc=1):
stdout:

stderr:
Traceback (most recent call last):
  File ""main.py"", line 2, in <module>
    from Upsampling.model import Model
  File ""/home/woody/iwnt/iwnt189h/thesis_pointcloud/modelnet40_experiments/external_lab_migrated/PU-GCN/Upsampling/model.py"", line 9, in <module>
    from Upsampling.discriminator import Discriminator
  File ""/home/woody/iwnt/iwnt189h/thesis_pointcloud/modelnet40_experiments/external_lab_migrated/PU-GCN/Upsampling/discriminator.py"", line 8, in <module>
    from Common import ops
  File ""/home/woody/iwnt/iwnt189h/thesis_pointcloud/modelnet40_experiments/external_lab_migrated/PU-GCN/Common/ops.py"", line 4, in <module>
    from tf_ops.grouping.tf_grouping import knn_point_2
  File ""/home/woody/iwnt/iwnt189h/thesis_pointcloud/modelnet40_experiments/external_lab_migrated/PU-GCN/tf_ops/grouping/tf_grouping.py"", line 11, in <module>
    os.path.join(BASE_DIR, 'tf_grouping_so.so'))
  File ""/home/hpc/iwnt/iwnt189h/.conda/envs/tf15_upsampling/lib/python3.7/site-packages/tensorflow_core/python/framework/load_library.py"", line 61, in load_op_library
    lib_handle = py_tf.TF_LoadLibrary(library_filename)
tensorflow.python.framework.errors_impl.NotFoundError: libcudart.so.10.0: cannot open shared object file: No such file or directory

"
pugcn,B,train,flower_pot,15,flower_pot_0001,downsampled50,/home/woody/iwnt/iwnt189h/thesis_pointcloud/modelnet40_pointnet2_upsampling/datasets/smoke_inputs/downsampled50/train/flower_pot/flower_pot_0001.npy,512,2048,,/home/woody/iwnt/iwnt189h/thesis_pointcloud/modelnet40_pointnet2_upsampling/datasets/modelnet40_downsampled50_up/pugcn_x4_smoke_rerun/train/flower_pot/flower_pot_0001.npy,,,failed,"Cannot call rmtree on a symbolic link
Traceback (most recent call last):
  File ""scripts/run_upsampling_x4_smoke.py"", line 72, in process_sample
    raw_xyz = upsampler.upsample_xyz(points, sample_name=sample_name)
  File ""/home/woody/iwnt/iwnt189h/thesis_pointcloud/modelnet40_pointnet2_upsampling/scripts/pugcn_modelnet40_utils.py"", line 69, in upsample_xyz
    shutil.rmtree(result_dir)
  File ""/home/hpc/iwnt/iwnt189h/.conda/envs/tf15_upsampling/lib/python3.7/shutil.py"", line 504, in rmtree
    onerror(os.path.islink, path, sys.exc_info())
  File ""/home/hpc/iwnt/iwnt189h/.conda/envs/tf15_upsampling/lib/python3.7/shutil.py"", line 502, in rmtree
    raise OSError(""Cannot call rmtree on a symbolic link"")
OSError: Cannot call rmtree on a symbolic link
"
pugcn,B,train,glass_box,16,glass_box_0001,downsampled50,/home/woody/iwnt/iwnt189h/thesis_pointcloud/modelnet40_pointnet2_upsampling/datasets/smoke_inputs/downsampled50/train/glass_box/glass_box_0001.npy,512,2048,,/home/woody/iwnt/iwnt189h/thesis_pointcloud/modelnet40_pointnet2_upsampling/datasets/modelnet40_downsampled50_up/pugcn_x4_smoke_rerun/train/glass_box/glass_box_0001.npy,,,failed,"PU-GCN inference failed (rc=1):
stdout:

stderr:
Traceback (most recent call last):
  File ""main.py"", line 2, in <module>
    from Upsampling.model import Model
  File ""/home/woody/iwnt/iwnt189h/thesis_pointcloud/modelnet40_experiments/external_lab_migrated/PU-GCN/Upsampling/model.py"", line 9, in <module>
    from Upsampling.discriminator import Discriminator
  File ""/home/woody/iwnt/iwnt189h/thesis_pointcloud/modelnet40_experiments/external_lab_migrated/PU-GCN/Upsampling/discriminator.py"", line 8, in <module>
    from Common import ops
  File ""/home/woody/iwnt/iwnt189h/thesis_pointcloud/modelnet40_experiments/external_lab_migrated/PU-GCN/Common/ops.py"", line 4, in <module>
    from tf_ops.grouping.tf_grouping import knn_point_2
  File ""/home/woody/iwnt/iwnt189h/thesis_pointcloud/modelnet40_experiments/external_lab_migrated/PU-GCN/tf_ops/grouping/tf_grouping.py"", line 11, in <module>
    os.path.join(BASE_DIR, 'tf_grouping_so.so'))
  File ""/home/hpc/iwnt/iwnt189h/.conda/envs/tf15_upsampling/lib/python3.7/site-packages/tensorflow_core/python/framework/load_library.py"", line 61, in load_op_library
    lib_handle = py_tf.TF_LoadLibrary(library_filename)
tensorflow.python.framework.errors_impl.NotFoundError: libcudart.so.10.0: cannot open shared object file: No such file or directory

Traceback (most recent call last):
  File ""scripts/run_upsampling_x4_smoke.py"", line 72, in process_sample
    raw_xyz = upsampler.upsample_xyz(points, sample_name=sample_name)
  File ""/home/woody/iwnt/iwnt189h/thesis_pointcloud/modelnet40_pointnet2_upsampling/scripts/pugcn_modelnet40_utils.py"", line 115, in upsample_xyz
    f""PU-GCN inference failed (rc={proc.returncode}):\n""
RuntimeError: PU-GCN inference failed (rc=1):
stdout:

stderr:
Traceback (most recent call last):
  File ""main.py"", line 2, in <module>
    from Upsampling.model import Model
  File ""/home/woody/iwnt/iwnt189h/thesis_pointcloud/modelnet40_experiments/external_lab_migrated/PU-GCN/Upsampling/model.py"", line 9, in <module>
    from Upsampling.discriminator import Discriminator
  File ""/home/woody/iwnt/iwnt189h/thesis_pointcloud/modelnet40_experiments/external_lab_migrated/PU-GCN/Upsampling/discriminator.py"", line 8, in <module>
    from Common import ops
  File ""/home/woody/iwnt/iwnt189h/thesis_pointcloud/modelnet40_experiments/external_lab_migrated/PU-GCN/Common/ops.py"", line 4, in <module>
    from tf_ops.grouping.tf_grouping import knn_point_2
  File ""/home/woody/iwnt/iwnt189h/thesis_pointcloud/modelnet40_experiments/external_lab_migrated/PU-GCN/tf_ops/grouping/tf_grouping.py"", line 11, in <module>
    os.path.join(BASE_DIR, 'tf_grouping_so.so'))
  File ""/home/hpc/iwnt/iwnt189h/.conda/envs/tf15_upsampling/lib/python3.7/site-packages/tensorflow_core/python/framework/load_library.py"", line 61, in load_op_library
    lib_handle = py_tf.TF_LoadLibrary(library_filename)
tensorflow.python.framework.errors_impl.NotFoundError: libcudart.so.10.0: cannot open shared object file: No such file or directory

"
pugcn,B,train,guitar,17,guitar_0001,downsampled50,/home/woody/iwnt/iwnt189h/thesis_pointcloud/modelnet40_pointnet2_upsampling/datasets/smoke_inputs/downsampled50/train/guitar/guitar_0001.npy,512,2048,,/home/woody/iwnt/iwnt189h/thesis_pointcloud/modelnet40_pointnet2_upsampling/datasets/modelnet40_downsampled50_up/pugcn_x4_smoke_rerun/train/guitar/guitar_0001.npy,,,failed,"Cannot call rmtree on a symbolic link
Traceback (most recent call last):
  File ""scripts/run_upsampling_x4_smoke.py"", line 72, in process_sample
    raw_xyz = upsampler.upsample_xyz(points, sample_name=sample_name)
  File ""/home/woody/iwnt/iwnt189h/thesis_pointcloud/modelnet40_pointnet2_upsampling/scripts/pugcn_modelnet40_utils.py"", line 69, in upsample_xyz
    shutil.rmtree(result_dir)
  File ""/home/hpc/iwnt/iwnt189h/.conda/envs/tf15_upsampling/lib/python3.7/shutil.py"", line 504, in rmtree
    onerror(os.path.islink, path, sys.exc_info())
  File ""/home/hpc/iwnt/iwnt189h/.conda/envs/tf15_upsampling/lib/python3.7/shutil.py"", line 502, in rmtree
    raise OSError(""Cannot call rmtree on a symbolic link"")
OSError: Cannot call rmtree on a symbolic link
"
pugcn,B,train,keyboard,18,keyboard_0001,downsampled50,/home/woody/iwnt/iwnt189h/thesis_pointcloud/modelnet40_pointnet2_upsampling/datasets/smoke_inputs/downsampled50/train/keyboard/keyboard_0001.npy,512,2048,,/home/woody/iwnt/iwnt189h/thesis_pointcloud/modelnet40_pointnet2_upsampling/datasets/modelnet40_downsampled50_up/pugcn_x4_smoke_rerun/train/keyboard/keyboard_0001.npy,,,failed,"PU-GCN inference failed (rc=1):
stdout:

stderr:
Traceback (most recent call last):
  File ""main.py"", line 2, in <module>
    from Upsampling.model import Model
  File ""/home/woody/iwnt/iwnt189h/thesis_pointcloud/modelnet40_experiments/external_lab_migrated/PU-GCN/Upsampling/model.py"", line 9, in <module>
    from Upsampling.discriminator import Discriminator
  File ""/home/woody/iwnt/iwnt189h/thesis_pointcloud/modelnet40_experiments/external_lab_migrated/PU-GCN/Upsampling/discriminator.py"", line 8, in <module>
    from Common import ops
  File ""/home/woody/iwnt/iwnt189h/thesis_pointcloud/modelnet40_experiments/external_lab_migrated/PU-GCN/Common/ops.py"", line 4, in <module>
    from tf_ops.grouping.tf_grouping import knn_point_2
  File ""/home/woody/iwnt/iwnt189h/thesis_pointcloud/modelnet40_experiments/external_lab_migrated/PU-GCN/tf_ops/grouping/tf_grouping.py"", line 11, in <module>
    os.path.join(BASE_DIR, 'tf_grouping_so.so'))
  File ""/home/hpc/iwnt/iwnt189h/.conda/envs/tf15_upsampling/lib/python3.7/site-packages/tensorflow_core/python/framework/load_library.py"", line 61, in load_op_library
    lib_handle = py_tf.TF_LoadLibrary(library_filename)
tensorflow.python.framework.errors_impl.NotFoundError: libcudart.so.10.0: cannot open shared object file: No such file or directory

Traceback (most recent call last):
  File ""scripts/run_upsampling_x4_smoke.py"", line 72, in process_sample
    raw_xyz = upsampler.upsample_xyz(points, sample_name=sample_name)
  File ""/home/woody/iwnt/iwnt189h/thesis_pointcloud/modelnet40_pointnet2_upsampling/scripts/pugcn_modelnet40_utils.py"", line 115, in upsample_xyz
    f""PU-GCN inference failed (rc={proc.returncode}):\n""
RuntimeError: PU-GCN inference failed (rc=1):
stdout:

stderr:
Traceback (most recent call last):
  File ""main.py"", line 2, in <module>
    from Upsampling.model import Model
  File ""/home/woody/iwnt/iwnt189h/thesis_pointcloud/modelnet40_experiments/external_lab_migrated/PU-GCN/Upsampling/model.py"", line 9, in <module>
    from Upsampling.discriminator import Discriminator
  File ""/home/woody/iwnt/iwnt189h/thesis_pointcloud/modelnet40_experiments/external_lab_migrated/PU-GCN/Upsampling/discriminator.py"", line 8, in <module>
    from Common import ops
  File ""/home/woody/iwnt/iwnt189h/thesis_pointcloud/modelnet40_experiments/external_lab_migrated/PU-GCN/Common/ops.py"", line 4, in <module>
    from tf_ops.grouping.tf_grouping import knn_point_2
  File ""/home/woody/iwnt/iwnt189h/thesis_pointcloud/modelnet40_experiments/external_lab_migrated/PU-GCN/tf_ops/grouping/tf_grouping.py"", line 11, in <module>
    os.path.join(BASE_DIR, 'tf_grouping_so.so'))
  File ""/home/hpc/iwnt/iwnt189h/.conda/envs/tf15_upsampling/lib/python3.7/site-packages/tensorflow_core/python/framework/load_library.py"", line 61, in load_op_library
    lib_handle = py_tf.TF_LoadLibrary(library_filename)
tensorflow.python.framework.errors_impl.NotFoundError: libcudart.so.10.0: cannot open shared object file: No such file or directory

"
pugcn,B,train,lamp,19,lamp_0001,downsampled50,/home/woody/iwnt/iwnt189h/thesis_pointcloud/modelnet40_pointnet2_upsampling/datasets/smoke_inputs/downsampled50/train/lamp/lamp_0001.npy,512,2048,,/home/woody/iwnt/iwnt189h/thesis_pointcloud/modelnet40_pointnet2_upsampling/datasets/modelnet40_downsampled50_up/pugcn_x4_smoke_rerun/train/lamp/lamp_0001.npy,,,failed,"Cannot call rmtree on a symbolic link
Traceback (most recent call last):
  File ""scripts/run_upsampling_x4_smoke.py"", line 72, in process_sample
    raw_xyz = upsampler.upsample_xyz(points, sample_name=sample_name)
  File ""/home/woody/iwnt/iwnt189h/thesis_pointcloud/modelnet40_pointnet2_upsampling/scripts/pugcn_modelnet40_utils.py"", line 69, in upsample_xyz
    shutil.rmtree(result_dir)
  File ""/home/hpc/iwnt/iwnt189h/.conda/envs/tf15_upsampling/lib/python3.7/shutil.py"", line 504, in rmtree
    onerror(os.path.islink, path, sys.exc_info())
  File ""/home/hpc/iwnt/iwnt189h/.conda/envs/tf15_upsampling/lib/python3.7/shutil.py"", line 502, in rmtree
    raise OSError(""Cannot call rmtree on a symbolic link"")
OSError: Cannot call rmtree on a symbolic link
"
pugcn,B,test,airplane,0,airplane_0627,downsampled50,/home/woody/iwnt/iwnt189h/thesis_pointcloud/modelnet40_pointnet2_upsampling/datasets/smoke_inputs/downsampled50/test/airplane/airplane_0627.npy,512,2048,,/home/woody/iwnt/iwnt189h/thesis_pointcloud/modelnet40_pointnet2_upsampling/datasets/modelnet40_downsampled50_up/pugcn_x4_smoke_rerun/test/airplane/airplane_0627.npy,,,failed,"PU-GCN inference failed (rc=1):
stdout:

stderr:
Traceback (most recent call last):
  File ""main.py"", line 2, in <module>
    from Upsampling.model import Model
  File ""/home/woody/iwnt/iwnt189h/thesis_pointcloud/modelnet40_experiments/external_lab_migrated/PU-GCN/Upsampling/model.py"", line 9, in <module>
    from Upsampling.discriminator import Discriminator
  File ""/home/woody/iwnt/iwnt189h/thesis_pointcloud/modelnet40_experiments/external_lab_migrated/PU-GCN/Upsampling/discriminator.py"", line 8, in <module>
    from Common import ops
  File ""/home/woody/iwnt/iwnt189h/thesis_pointcloud/modelnet40_experiments/external_lab_migrated/PU-GCN/Common/ops.py"", line 4, in <module>
    from tf_ops.grouping.tf_grouping import knn_point_2
  File ""/home/woody/iwnt/iwnt189h/thesis_pointcloud/modelnet40_experiments/external_lab_migrated/PU-GCN/tf_ops/grouping/tf_grouping.py"", line 11, in <module>
    os.path.join(BASE_DIR, 'tf_grouping_so.so'))
  File ""/home/hpc/iwnt/iwnt189h/.conda/envs/tf15_upsampling/lib/python3.7/site-packages/tensorflow_core/python/framework/load_library.py"", line 61, in load_op_library
    lib_handle = py_tf.TF_LoadLibrary(library_filename)
tensorflow.python.framework.errors_impl.NotFoundError: libcudart.so.10.0: cannot open shared object file: No such file or directory

Traceback (most recent call last):
  File ""scripts/run_upsampling_x4_smoke.py"", line 72, in process_sample
    raw_xyz = upsampler.upsample_xyz(points, sample_name=sample_name)
  File ""/home/woody/iwnt/iwnt189h/thesis_pointcloud/modelnet40_pointnet2_upsampling/scripts/pugcn_modelnet40_utils.py"", line 115, in upsample_xyz
    f""PU-GCN inference failed (rc={proc.returncode}):\n""
RuntimeError: PU-GCN inference failed (rc=1):
stdout:

stderr:
Traceback (most recent call last):
  File ""main.py"", line 2, in <module>
    from Upsampling.model import Model
  File ""/home/woody/iwnt/iwnt189h/thesis_pointcloud/modelnet40_experiments/external_lab_migrated/PU-GCN/Upsampling/model.py"", line 9, in <module>
    from Upsampling.discriminator import Discriminator
  File ""/home/woody/iwnt/iwnt189h/thesis_pointcloud/modelnet40_experiments/external_lab_migrated/PU-GCN/Upsampling/discriminator.py"", line 8, in <module>
    from Common import ops
  File ""/home/woody/iwnt/iwnt189h/thesis_pointcloud/modelnet40_experiments/external_lab_migrated/PU-GCN/Common/ops.py"", line 4, in <module>
    from tf_ops.grouping.tf_grouping import knn_point_2
  File ""/home/woody/iwnt/iwnt189h/thesis_pointcloud/modelnet40_experiments/external_lab_migrated/PU-GCN/tf_ops/grouping/tf_grouping.py"", line 11, in <module>
    os.path.join(BASE_DIR, 'tf_grouping_so.so'))
  File ""/home/hpc/iwnt/iwnt189h/.conda/envs/tf15_upsampling/lib/python3.7/site-packages/tensorflow_core/python/framework/load_library.py"", line 61, in load_op_library
    lib_handle = py_tf.TF_LoadLibrary(library_filename)
tensorflow.python.framework.errors_impl.NotFoundError: libcudart.so.10.0: cannot open shared object file: No such file or directory

"
pugcn,B,test,bathtub,1,bathtub_0107,downsampled50,/home/woody/iwnt/iwnt189h/thesis_pointcloud/modelnet40_pointnet2_upsampling/datasets/smoke_inputs/downsampled50/test/bathtub/bathtub_0107.npy,512,2048,,/home/woody/iwnt/iwnt189h/thesis_pointcloud/modelnet40_pointnet2_upsampling/datasets/modelnet40_downsampled50_up/pugcn_x4_smoke_rerun/test/bathtub/bathtub_0107.npy,,,failed,"Cannot call rmtree on a symbolic link
Traceback (most recent call last):
  File ""scripts/run_upsampling_x4_smoke.py"", line 72, in process_sample
    raw_xyz = upsampler.upsample_xyz(points, sample_name=sample_name)
  File ""/home/woody/iwnt/iwnt189h/thesis_pointcloud/modelnet40_pointnet2_upsampling/scripts/pugcn_modelnet40_utils.py"", line 69, in upsample_xyz
    shutil.rmtree(result_dir)
  File ""/home/hpc/iwnt/iwnt189h/.conda/envs/tf15_upsampling/lib/python3.7/shutil.py"", line 504, in rmtree
    onerror(os.path.islink, path, sys.exc_info())
  File ""/home/hpc/iwnt/iwnt189h/.conda/envs/tf15_upsampling/lib/python3.7/shutil.py"", line 502, in rmtree
    raise OSError(""Cannot call rmtree on a symbolic link"")
OSError: Cannot call rmtree on a symbolic link
"
pugcn,B,test,bed,2,bed_0516,downsampled50,/home/woody/iwnt/iwnt189h/thesis_pointcloud/modelnet40_pointnet2_upsampling/datasets/smoke_inputs/downsampled50/test/bed/bed_0516.npy,512,2048,,/home/woody/iwnt/iwnt189h/thesis_pointcloud/modelnet40_pointnet2_upsampling/datasets/modelnet40_downsampled50_up/pugcn_x4_smoke_rerun/test/bed/bed_0516.npy,,,failed,"PU-GCN inference failed (rc=1):
stdout:

stderr:
Traceback (most recent call last):
  File ""main.py"", line 2, in <module>
    from Upsampling.model import Model
  File ""/home/woody/iwnt/iwnt189h/thesis_pointcloud/modelnet40_experiments/external_lab_migrated/PU-GCN/Upsampling/model.py"", line 9, in <module>
    from Upsampling.discriminator import Discriminator
  File ""/home/woody/iwnt/iwnt189h/thesis_pointcloud/modelnet40_experiments/external_lab_migrated/PU-GCN/Upsampling/discriminator.py"", line 8, in <module>
    from Common import ops
  File ""/home/woody/iwnt/iwnt189h/thesis_pointcloud/modelnet40_experiments/external_lab_migrated/PU-GCN/Common/ops.py"", line 4, in <module>
    from tf_ops.grouping.tf_grouping import knn_point_2
  File ""/home/woody/iwnt/iwnt189h/thesis_pointcloud/modelnet40_experiments/external_lab_migrated/PU-GCN/tf_ops/grouping/tf_grouping.py"", line 11, in <module>
    os.path.join(BASE_DIR, 'tf_grouping_so.so'))
  File ""/home/hpc/iwnt/iwnt189h/.conda/envs/tf15_upsampling/lib/python3.7/site-packages/tensorflow_core/python/framework/load_library.py"", line 61, in load_op_library
    lib_handle = py_tf.TF_LoadLibrary(library_filename)
tensorflow.python.framework.errors_impl.NotFoundError: libcudart.so.10.0: cannot open shared object file: No such file or directory

Traceback (most recent call last):
  File ""scripts/run_upsampling_x4_smoke.py"", line 72, in process_sample
    raw_xyz = upsampler.upsample_xyz(points, sample_name=sample_name)
  File ""/home/woody/iwnt/iwnt189h/thesis_pointcloud/modelnet40_pointnet2_upsampling/scripts/pugcn_modelnet40_utils.py"", line 115, in upsample_xyz
    f""PU-GCN inference failed (rc={proc.returncode}):\n""
RuntimeError: PU-GCN inference failed (rc=1):
stdout:

stderr:
Traceback (most recent call last):
  File ""main.py"", line 2, in <module>
    from Upsampling.model import Model
  File ""/home/woody/iwnt/iwnt189h/thesis_pointcloud/modelnet40_experiments/external_lab_migrated/PU-GCN/Upsampling/model.py"", line 9, in <module>
    from Upsampling.discriminator import Discriminator
  File ""/home/woody/iwnt/iwnt189h/thesis_pointcloud/modelnet40_experiments/external_lab_migrated/PU-GCN/Upsampling/discriminator.py"", line 8, in <module>
    from Common import ops
  File ""/home/woody/iwnt/iwnt189h/thesis_pointcloud/modelnet40_experiments/external_lab_migrated/PU-GCN/Common/ops.py"", line 4, in <module>
    from tf_ops.grouping.tf_grouping import knn_point_2
  File ""/home/woody/iwnt/iwnt189h/thesis_pointcloud/modelnet40_experiments/external_lab_migrated/PU-GCN/tf_ops/grouping/tf_grouping.py"", line 11, in <module>
    os.path.join(BASE_DIR, 'tf_grouping_so.so'))
  File ""/home/hpc/iwnt/iwnt189h/.conda/envs/tf15_upsampling/lib/python3.7/site-packages/tensorflow_core/python/framework/load_library.py"", line 61, in load_op_library
    lib_handle = py_tf.TF_LoadLibrary(library_filename)
tensorflow.python.framework.errors_impl.NotFoundError: libcudart.so.10.0: cannot open shared object file: No such file or directory

"
pugcn,B,test,bench,3,bench_0174,downsampled50,/home/woody/iwnt/iwnt189h/thesis_pointcloud/modelnet40_pointnet2_upsampling/datasets/smoke_inputs/downsampled50/test/bench/bench_0174.npy,512,2048,,/home/woody/iwnt/iwnt189h/thesis_pointcloud/modelnet40_pointnet2_upsampling/datasets/modelnet40_downsampled50_up/pugcn_x4_smoke_rerun/test/bench/bench_0174.npy,,,failed,"PU-GCN inference failed (rc=1):
stdout:

stderr:
Traceback (most recent call last):
  File ""main.py"", line 2, in <module>
    from Upsampling.model import Model
  File ""/home/woody/iwnt/iwnt189h/thesis_pointcloud/modelnet40_experiments/external_lab_migrated/PU-GCN/Upsampling/model.py"", line 9, in <module>
    from Upsampling.discriminator import Discriminator
  File ""/home/woody/iwnt/iwnt189h/thesis_pointcloud/modelnet40_experiments/external_lab_migrated/PU-GCN/Upsampling/discriminator.py"", line 8, in <module>
    from Common import ops
  File ""/home/woody/iwnt/iwnt189h/thesis_pointcloud/modelnet40_experiments/external_lab_migrated/PU-GCN/Common/ops.py"", line 4, in <module>
    from tf_ops.grouping.tf_grouping import knn_point_2
  File ""/home/woody/iwnt/iwnt189h/thesis_pointcloud/modelnet40_experiments/external_lab_migrated/PU-GCN/tf_ops/grouping/tf_grouping.py"", line 11, in <module>
    os.path.join(BASE_DIR, 'tf_grouping_so.so'))
  File ""/home/hpc/iwnt/iwnt189h/.conda/envs/tf15_upsampling/lib/python3.7/site-packages/tensorflow_core/python/framework/load_library.py"", line 61, in load_op_library
    lib_handle = py_tf.TF_LoadLibrary(library_filename)
tensorflow.python.framework.errors_impl.NotFoundError: libcudart.so.10.0: cannot open shared object file: No such file or directory

Traceback (most recent call last):
  File ""scripts/run_upsampling_x4_smoke.py"", line 72, in process_sample
    raw_xyz = upsampler.upsample_xyz(points, sample_name=sample_name)
  File ""/home/woody/iwnt/iwnt189h/thesis_pointcloud/modelnet40_pointnet2_upsampling/scripts/pugcn_modelnet40_utils.py"", line 115, in upsample_xyz
    f""PU-GCN inference failed (rc={proc.returncode}):\n""
RuntimeError: PU-GCN inference failed (rc=1):
stdout:

stderr:
Traceback (most recent call last):
  File ""main.py"", line 2, in <module>
    from Upsampling.model import Model
  File ""/home/woody/iwnt/iwnt189h/thesis_pointcloud/modelnet40_experiments/external_lab_migrated/PU-GCN/Upsampling/model.py"", line 9, in <module>
    from Upsampling.discriminator import Discriminator
  File ""/home/woody/iwnt/iwnt189h/thesis_pointcloud/modelnet40_experiments/external_lab_migrated/PU-GCN/Upsampling/discriminator.py"", line 8, in <module>
    from Common import ops
  File ""/home/woody/iwnt/iwnt189h/thesis_pointcloud/modelnet40_experiments/external_lab_migrated/PU-GCN/Common/ops.py"", line 4, in <module>
    from tf_ops.grouping.tf_grouping import knn_point_2
  File ""/home/woody/iwnt/iwnt189h/thesis_pointcloud/modelnet40_experiments/external_lab_migrated/PU-GCN/tf_ops/grouping/tf_grouping.py"", line 11, in <module>
    os.path.join(BASE_DIR, 'tf_grouping_so.so'))
  File ""/home/hpc/iwnt/iwnt189h/.conda/envs/tf15_upsampling/lib/python3.7/site-packages/tensorflow_core/python/framework/load_library.py"", line 61, in load_op_library
    lib_handle = py_tf.TF_LoadLibrary(library_filename)
tensorflow.python.framework.errors_impl.NotFoundError: libcudart.so.10.0: cannot open shared object file: No such file or directory

"
pugcn,B,test,bookshelf,4,bookshelf_0573,downsampled50,/home/woody/iwnt/iwnt189h/thesis_pointcloud/modelnet40_pointnet2_upsampling/datasets/smoke_inputs/downsampled50/test/bookshelf/bookshelf_0573.npy,512,2048,,/home/woody/iwnt/iwnt189h/thesis_pointcloud/modelnet40_pointnet2_upsampling/datasets/modelnet40_downsampled50_up/pugcn_x4_smoke_rerun/test/bookshelf/bookshelf_0573.npy,,,failed,"PU-GCN inference failed (rc=1):
stdout:

stderr:
Traceback (most recent call last):
  File ""main.py"", line 2, in <module>
    from Upsampling.model import Model
  File ""/home/woody/iwnt/iwnt189h/thesis_pointcloud/modelnet40_experiments/external_lab_migrated/PU-GCN/Upsampling/model.py"", line 9, in <module>
    from Upsampling.discriminator import Discriminator
  File ""/home/woody/iwnt/iwnt189h/thesis_pointcloud/modelnet40_experiments/external_lab_migrated/PU-GCN/Upsampling/discriminator.py"", line 8, in <module>
    from Common import ops
  File ""/home/woody/iwnt/iwnt189h/thesis_pointcloud/modelnet40_experiments/external_lab_migrated/PU-GCN/Common/ops.py"", line 4, in <module>
    from tf_ops.grouping.tf_grouping import knn_point_2
  File ""/home/woody/iwnt/iwnt189h/thesis_pointcloud/modelnet40_experiments/external_lab_migrated/PU-GCN/tf_ops/grouping/tf_grouping.py"", line 11, in <module>
    os.path.join(BASE_DIR, 'tf_grouping_so.so'))
  File ""/home/hpc/iwnt/iwnt189h/.conda/envs/tf15_upsampling/lib/python3.7/site-packages/tensorflow_core/python/framework/load_library.py"", line 61, in load_op_library
    lib_handle = py_tf.TF_LoadLibrary(library_filename)
tensorflow.python.framework.errors_impl.NotFoundError: libcudart.so.10.0: cannot open shared object file: No such file or directory

Traceback (most recent call last):
  File ""scripts/run_upsampling_x4_smoke.py"", line 72, in process_sample
    raw_xyz = upsampler.upsample_xyz(points, sample_name=sample_name)
  File ""/home/woody/iwnt/iwnt189h/thesis_pointcloud/modelnet40_pointnet2_upsampling/scripts/pugcn_modelnet40_utils.py"", line 115, in upsample_xyz
    f""PU-GCN inference failed (rc={proc.returncode}):\n""
RuntimeError: PU-GCN inference failed (rc=1):
stdout:

stderr:
Traceback (most recent call last):
  File ""main.py"", line 2, in <module>
    from Upsampling.model import Model
  File ""/home/woody/iwnt/iwnt189h/thesis_pointcloud/modelnet40_experiments/external_lab_migrated/PU-GCN/Upsampling/model.py"", line 9, in <module>
    from Upsampling.discriminator import Discriminator
  File ""/home/woody/iwnt/iwnt189h/thesis_pointcloud/modelnet40_experiments/external_lab_migrated/PU-GCN/Upsampling/discriminator.py"", line 8, in <module>
    from Common import ops
  File ""/home/woody/iwnt/iwnt189h/thesis_pointcloud/modelnet40_experiments/external_lab_migrated/PU-GCN/Common/ops.py"", line 4, in <module>
    from tf_ops.grouping.tf_grouping import knn_point_2
  File ""/home/woody/iwnt/iwnt189h/thesis_pointcloud/modelnet40_experiments/external_lab_migrated/PU-GCN/tf_ops/grouping/tf_grouping.py"", line 11, in <module>
    os.path.join(BASE_DIR, 'tf_grouping_so.so'))
  File ""/home/hpc/iwnt/iwnt189h/.conda/envs/tf15_upsampling/lib/python3.7/site-packages/tensorflow_core/python/framework/load_library.py"", line 61, in load_op_library
    lib_handle = py_tf.TF_LoadLibrary(library_filename)
tensorflow.python.framework.errors_impl.NotFoundError: libcudart.so.10.0: cannot open shared object file: No such file or directory

"
pugcn,B,test,bottle,5,bottle_0336,downsampled50,/home/woody/iwnt/iwnt189h/thesis_pointcloud/modelnet40_pointnet2_upsampling/datasets/smoke_inputs/downsampled50/test/bottle/bottle_0336.npy,512,2048,,/home/woody/iwnt/iwnt189h/thesis_pointcloud/modelnet40_pointnet2_upsampling/datasets/modelnet40_downsampled50_up/pugcn_x4_smoke_rerun/test/bottle/bottle_0336.npy,,,failed,"PU-GCN inference failed (rc=1):
stdout:

stderr:
Traceback (most recent call last):
  File ""main.py"", line 2, in <module>
    from Upsampling.model import Model
  File ""/home/woody/iwnt/iwnt189h/thesis_pointcloud/modelnet40_experiments/external_lab_migrated/PU-GCN/Upsampling/model.py"", line 9, in <module>
    from Upsampling.discriminator import Discriminator
  File ""/home/woody/iwnt/iwnt189h/thesis_pointcloud/modelnet40_experiments/external_lab_migrated/PU-GCN/Upsampling/discriminator.py"", line 8, in <module>
    from Common import ops
  File ""/home/woody/iwnt/iwnt189h/thesis_pointcloud/modelnet40_experiments/external_lab_migrated/PU-GCN/Common/ops.py"", line 4, in <module>
    from tf_ops.grouping.tf_grouping import knn_point_2
  File ""/home/woody/iwnt/iwnt189h/thesis_pointcloud/modelnet40_experiments/external_lab_migrated/PU-GCN/tf_ops/grouping/tf_grouping.py"", line 11, in <module>
    os.path.join(BASE_DIR, 'tf_grouping_so.so'))
  File ""/home/hpc/iwnt/iwnt189h/.conda/envs/tf15_upsampling/lib/python3.7/site-packages/tensorflow_core/python/framework/load_library.py"", line 61, in load_op_library
    lib_handle = py_tf.TF_LoadLibrary(library_filename)
tensorflow.python.framework.errors_impl.NotFoundError: libcudart.so.10.0: cannot open shared object file: No such file or directory

Traceback (most recent call last):
  File ""scripts/run_upsampling_x4_smoke.py"", line 72, in process_sample
    raw_xyz = upsampler.upsample_xyz(points, sample_name=sample_name)
  File ""/home/woody/iwnt/iwnt189h/thesis_pointcloud/modelnet40_pointnet2_upsampling/scripts/pugcn_modelnet40_utils.py"", line 115, in upsample_xyz
    f""PU-GCN inference failed (rc={proc.returncode}):\n""
RuntimeError: PU-GCN inference failed (rc=1):
stdout:

stderr:
Traceback (most recent call last):
  File ""main.py"", line 2, in <module>
    from Upsampling.model import Model
  File ""/home/woody/iwnt/iwnt189h/thesis_pointcloud/modelnet40_experiments/external_lab_migrated/PU-GCN/Upsampling/model.py"", line 9, in <module>
    from Upsampling.discriminator import Discriminator
  File ""/home/woody/iwnt/iwnt189h/thesis_pointcloud/modelnet40_experiments/external_lab_migrated/PU-GCN/Upsampling/discriminator.py"", line 8, in <module>
    from Common import ops
  File ""/home/woody/iwnt/iwnt189h/thesis_pointcloud/modelnet40_experiments/external_lab_migrated/PU-GCN/Common/ops.py"", line 4, in <module>
    from tf_ops.grouping.tf_grouping import knn_point_2
  File ""/home/woody/iwnt/iwnt189h/thesis_pointcloud/modelnet40_experiments/external_lab_migrated/PU-GCN/tf_ops/grouping/tf_grouping.py"", line 11, in <module>
    os.path.join(BASE_DIR, 'tf_grouping_so.so'))
  File ""/home/hpc/iwnt/iwnt189h/.conda/envs/tf15_upsampling/lib/python3.7/site-packages/tensorflow_core/python/framework/load_library.py"", line 61, in load_op_library
    lib_handle = py_tf.TF_LoadLibrary(library_filename)
tensorflow.python.framework.errors_impl.NotFoundError: libcudart.so.10.0: cannot open shared object file: No such file or directory

"
pugcn,B,test,bowl,6,bowl_0065,downsampled50,/home/woody/iwnt/iwnt189h/thesis_pointcloud/modelnet40_pointnet2_upsampling/datasets/smoke_inputs/downsampled50/test/bowl/bowl_0065.npy,512,2048,,/home/woody/iwnt/iwnt189h/thesis_pointcloud/modelnet40_pointnet2_upsampling/datasets/modelnet40_downsampled50_up/pugcn_x4_smoke_rerun/test/bowl/bowl_0065.npy,,,failed,"PU-GCN inference failed (rc=1):
stdout:

stderr:
Traceback (most recent call last):
  File ""main.py"", line 2, in <module>
    from Upsampling.model import Model
  File ""/home/woody/iwnt/iwnt189h/thesis_pointcloud/modelnet40_experiments/external_lab_migrated/PU-GCN/Upsampling/model.py"", line 9, in <module>
    from Upsampling.discriminator import Discriminator
  File ""/home/woody/iwnt/iwnt189h/thesis_pointcloud/modelnet40_experiments/external_lab_migrated/PU-GCN/Upsampling/discriminator.py"", line 8, in <module>
    from Common import ops
  File ""/home/woody/iwnt/iwnt189h/thesis_pointcloud/modelnet40_experiments/external_lab_migrated/PU-GCN/Common/ops.py"", line 4, in <module>
    from tf_ops.grouping.tf_grouping import knn_point_2
  File ""/home/woody/iwnt/iwnt189h/thesis_pointcloud/modelnet40_experiments/external_lab_migrated/PU-GCN/tf_ops/grouping/tf_grouping.py"", line 11, in <module>
    os.path.join(BASE_DIR, 'tf_grouping_so.so'))
  File ""/home/hpc/iwnt/iwnt189h/.conda/envs/tf15_upsampling/lib/python3.7/site-packages/tensorflow_core/python/framework/load_library.py"", line 61, in load_op_library
    lib_handle = py_tf.TF_LoadLibrary(library_filename)
tensorflow.python.framework.errors_impl.NotFoundError: libcudart.so.10.0: cannot open shared object file: No such file or directory

Traceback (most recent call last):
  File ""scripts/run_upsampling_x4_smoke.py"", line 72, in process_sample
    raw_xyz = upsampler.upsample_xyz(points, sample_name=sample_name)
  File ""/home/woody/iwnt/iwnt189h/thesis_pointcloud/modelnet40_pointnet2_upsampling/scripts/pugcn_modelnet40_utils.py"", line 115, in upsample_xyz
    f""PU-GCN inference failed (rc={proc.returncode}):\n""
RuntimeError: PU-GCN inference failed (rc=1):
stdout:

stderr:
Traceback (most recent call last):
  File ""main.py"", line 2, in <module>
    from Upsampling.model import Model
  File ""/home/woody/iwnt/iwnt189h/thesis_pointcloud/modelnet40_experiments/external_lab_migrated/PU-GCN/Upsampling/model.py"", line 9, in <module>
    from Upsampling.discriminator import Discriminator
  File ""/home/woody/iwnt/iwnt189h/thesis_pointcloud/modelnet40_experiments/external_lab_migrated/PU-GCN/Upsampling/discriminator.py"", line 8, in <module>
    from Common import ops
  File ""/home/woody/iwnt/iwnt189h/thesis_pointcloud/modelnet40_experiments/external_lab_migrated/PU-GCN/Common/ops.py"", line 4, in <module>
    from tf_ops.grouping.tf_grouping import knn_point_2
  File ""/home/woody/iwnt/iwnt189h/thesis_pointcloud/modelnet40_experiments/external_lab_migrated/PU-GCN/tf_ops/grouping/tf_grouping.py"", line 11, in <module>
    os.path.join(BASE_DIR, 'tf_grouping_so.so'))
  File ""/home/hpc/iwnt/iwnt189h/.conda/envs/tf15_upsampling/lib/python3.7/site-packages/tensorflow_core/python/framework/load_library.py"", line 61, in load_op_library
    lib_handle = py_tf.TF_LoadLibrary(library_filename)
tensorflow.python.framework.errors_impl.NotFoundError: libcudart.so.10.0: cannot open shared object file: No such file or directory

"
pugcn,B,test,car,7,car_0198,downsampled50,/home/woody/iwnt/iwnt189h/thesis_pointcloud/modelnet40_pointnet2_upsampling/datasets/smoke_inputs/downsampled50/test/car/car_0198.npy,512,2048,,/home/woody/iwnt/iwnt189h/thesis_pointcloud/modelnet40_pointnet2_upsampling/datasets/modelnet40_downsampled50_up/pugcn_x4_smoke_rerun/test/car/car_0198.npy,,,failed,"PU-GCN inference failed (rc=1):
stdout:

stderr:
Traceback (most recent call last):
  File ""main.py"", line 2, in <module>
    from Upsampling.model import Model
  File ""/home/woody/iwnt/iwnt189h/thesis_pointcloud/modelnet40_experiments/external_lab_migrated/PU-GCN/Upsampling/model.py"", line 9, in <module>
    from Upsampling.discriminator import Discriminator
  File ""/home/woody/iwnt/iwnt189h/thesis_pointcloud/modelnet40_experiments/external_lab_migrated/PU-GCN/Upsampling/discriminator.py"", line 8, in <module>
    from Common import ops
  File ""/home/woody/iwnt/iwnt189h/thesis_pointcloud/modelnet40_experiments/external_lab_migrated/PU-GCN/Common/ops.py"", line 4, in <module>
    from tf_ops.grouping.tf_grouping import knn_point_2
  File ""/home/woody/iwnt/iwnt189h/thesis_pointcloud/modelnet40_experiments/external_lab_migrated/PU-GCN/tf_ops/grouping/tf_grouping.py"", line 11, in <module>
    os.path.join(BASE_DIR, 'tf_grouping_so.so'))
  File ""/home/hpc/iwnt/iwnt189h/.conda/envs/tf15_upsampling/lib/python3.7/site-packages/tensorflow_core/python/framework/load_library.py"", line 61, in load_op_library
    lib_handle = py_tf.TF_LoadLibrary(library_filename)
tensorflow.python.framework.errors_impl.NotFoundError: libcudart.so.10.0: cannot open shared object file: No such file or directory

Traceback (most recent call last):
  File ""scripts/run_upsampling_x4_smoke.py"", line 72, in process_sample
    raw_xyz = upsampler.upsample_xyz(points, sample_name=sample_name)
  File ""/home/woody/iwnt/iwnt189h/thesis_pointcloud/modelnet40_pointnet2_upsampling/scripts/pugcn_modelnet40_utils.py"", line 115, in upsample_xyz
    f""PU-GCN inference failed (rc={proc.returncode}):\n""
RuntimeError: PU-GCN inference failed (rc=1):
stdout:

stderr:
Traceback (most recent call last):
  File ""main.py"", line 2, in <module>
    from Upsampling.model import Model
  File ""/home/woody/iwnt/iwnt189h/thesis_pointcloud/modelnet40_experiments/external_lab_migrated/PU-GCN/Upsampling/model.py"", line 9, in <module>
    from Upsampling.discriminator import Discriminator
  File ""/home/woody/iwnt/iwnt189h/thesis_pointcloud/modelnet40_experiments/external_lab_migrated/PU-GCN/Upsampling/discriminator.py"", line 8, in <module>
    from Common import ops
  File ""/home/woody/iwnt/iwnt189h/thesis_pointcloud/modelnet40_experiments/external_lab_migrated/PU-GCN/Common/ops.py"", line 4, in <module>
    from tf_ops.grouping.tf_grouping import knn_point_2
  File ""/home/woody/iwnt/iwnt189h/thesis_pointcloud/modelnet40_experiments/external_lab_migrated/PU-GCN/tf_ops/grouping/tf_grouping.py"", line 11, in <module>
    os.path.join(BASE_DIR, 'tf_grouping_so.so'))
  File ""/home/hpc/iwnt/iwnt189h/.conda/envs/tf15_upsampling/lib/python3.7/site-packages/tensorflow_core/python/framework/load_library.py"", line 61, in load_op_library
    lib_handle = py_tf.TF_LoadLibrary(library_filename)
tensorflow.python.framework.errors_impl.NotFoundError: libcudart.so.10.0: cannot open shared object file: No such file or directory

"
pugcn,B,test,chair,8,chair_0890,downsampled50,/home/woody/iwnt/iwnt189h/thesis_pointcloud/modelnet40_pointnet2_upsampling/datasets/smoke_inputs/downsampled50/test/chair/chair_0890.npy,512,2048,,/home/woody/iwnt/iwnt189h/thesis_pointcloud/modelnet40_pointnet2_upsampling/datasets/modelnet40_downsampled50_up/pugcn_x4_smoke_rerun/test/chair/chair_0890.npy,,,failed,"PU-GCN inference failed (rc=1):
stdout:

stderr:
Traceback (most recent call last):
  File ""main.py"", line 2, in <module>
    from Upsampling.model import Model
  File ""/home/woody/iwnt/iwnt189h/thesis_pointcloud/modelnet40_experiments/external_lab_migrated/PU-GCN/Upsampling/model.py"", line 9, in <module>
    from Upsampling.discriminator import Discriminator
  File ""/home/woody/iwnt/iwnt189h/thesis_pointcloud/modelnet40_experiments/external_lab_migrated/PU-GCN/Upsampling/discriminator.py"", line 8, in <module>
    from Common import ops
  File ""/home/woody/iwnt/iwnt189h/thesis_pointcloud/modelnet40_experiments/external_lab_migrated/PU-GCN/Common/ops.py"", line 4, in <module>
    from tf_ops.grouping.tf_grouping import knn_point_2
  File ""/home/woody/iwnt/iwnt189h/thesis_pointcloud/modelnet40_experiments/external_lab_migrated/PU-GCN/tf_ops/grouping/tf_grouping.py"", line 11, in <module>
    os.path.join(BASE_DIR, 'tf_grouping_so.so'))
  File ""/home/hpc/iwnt/iwnt189h/.conda/envs/tf15_upsampling/lib/python3.7/site-packages/tensorflow_core/python/framework/load_library.py"", line 61, in load_op_library
    lib_handle = py_tf.TF_LoadLibrary(library_filename)
tensorflow.python.framework.errors_impl.NotFoundError: libcudart.so.10.0: cannot open shared object file: No such file or directory

Traceback (most recent call last):
  File ""scripts/run_upsampling_x4_smoke.py"", line 72, in process_sample
    raw_xyz = upsampler.upsample_xyz(points, sample_name=sample_name)
  File ""/home/woody/iwnt/iwnt189h/thesis_pointcloud/modelnet40_pointnet2_upsampling/scripts/pugcn_modelnet40_utils.py"", line 115, in upsample_xyz
    f""PU-GCN inference failed (rc={proc.returncode}):\n""
RuntimeError: PU-GCN inference failed (rc=1):
stdout:

stderr:
Traceback (most recent call last):
  File ""main.py"", line 2, in <module>
    from Upsampling.model import Model
  File ""/home/woody/iwnt/iwnt189h/thesis_pointcloud/modelnet40_experiments/external_lab_migrated/PU-GCN/Upsampling/model.py"", line 9, in <module>
    from Upsampling.discriminator import Discriminator
  File ""/home/woody/iwnt/iwnt189h/thesis_pointcloud/modelnet40_experiments/external_lab_migrated/PU-GCN/Upsampling/discriminator.py"", line 8, in <module>
    from Common import ops
  File ""/home/woody/iwnt/iwnt189h/thesis_pointcloud/modelnet40_experiments/external_lab_migrated/PU-GCN/Common/ops.py"", line 4, in <module>
    from tf_ops.grouping.tf_grouping import knn_point_2
  File ""/home/woody/iwnt/iwnt189h/thesis_pointcloud/modelnet40_experiments/external_lab_migrated/PU-GCN/tf_ops/grouping/tf_grouping.py"", line 11, in <module>
    os.path.join(BASE_DIR, 'tf_grouping_so.so'))
  File ""/home/hpc/iwnt/iwnt189h/.conda/envs/tf15_upsampling/lib/python3.7/site-packages/tensorflow_core/python/framework/load_library.py"", line 61, in load_op_library
    lib_handle = py_tf.TF_LoadLibrary(library_filename)
tensorflow.python.framework.errors_impl.NotFoundError: libcudart.so.10.0: cannot open shared object file: No such file or directory

"
pugcn,B,test,cone,9,cone_0168,downsampled50,/home/woody/iwnt/iwnt189h/thesis_pointcloud/modelnet40_pointnet2_upsampling/datasets/smoke_inputs/downsampled50/test/cone/cone_0168.npy,512,2048,,/home/woody/iwnt/iwnt189h/thesis_pointcloud/modelnet40_pointnet2_upsampling/datasets/modelnet40_downsampled50_up/pugcn_x4_smoke_rerun/test/cone/cone_0168.npy,,,failed,"PU-GCN inference failed (rc=1):
stdout:

stderr:
Traceback (most recent call last):
  File ""main.py"", line 2, in <module>
    from Upsampling.model import Model
  File ""/home/woody/iwnt/iwnt189h/thesis_pointcloud/modelnet40_experiments/external_lab_migrated/PU-GCN/Upsampling/model.py"", line 9, in <module>
    from Upsampling.discriminator import Discriminator
  File ""/home/woody/iwnt/iwnt189h/thesis_pointcloud/modelnet40_experiments/external_lab_migrated/PU-GCN/Upsampling/discriminator.py"", line 8, in <module>
    from Common import ops
  File ""/home/woody/iwnt/iwnt189h/thesis_pointcloud/modelnet40_experiments/external_lab_migrated/PU-GCN/Common/ops.py"", line 4, in <module>
    from tf_ops.grouping.tf_grouping import knn_point_2
  File ""/home/woody/iwnt/iwnt189h/thesis_pointcloud/modelnet40_experiments/external_lab_migrated/PU-GCN/tf_ops/grouping/tf_grouping.py"", line 11, in <module>
    os.path.join(BASE_DIR, 'tf_grouping_so.so'))
  File ""/home/hpc/iwnt/iwnt189h/.conda/envs/tf15_upsampling/lib/python3.7/site-packages/tensorflow_core/python/framework/load_library.py"", line 61, in load_op_library
    lib_handle = py_tf.TF_LoadLibrary(library_filename)
tensorflow.python.framework.errors_impl.NotFoundError: libcudart.so.10.0: cannot open shared object file: No such file or directory

Traceback (most recent call last):
  File ""scripts/run_upsampling_x4_smoke.py"", line 72, in process_sample
    raw_xyz = upsampler.upsample_xyz(points, sample_name=sample_name)
  File ""/home/woody/iwnt/iwnt189h/thesis_pointcloud/modelnet40_pointnet2_upsampling/scripts/pugcn_modelnet40_utils.py"", line 115, in upsample_xyz
    f""PU-GCN inference failed (rc={proc.returncode}):\n""
RuntimeError: PU-GCN inference failed (rc=1):
stdout:

stderr:
Traceback (most recent call last):
  File ""main.py"", line 2, in <module>
    from Upsampling.model import Model
  File ""/home/woody/iwnt/iwnt189h/thesis_pointcloud/modelnet40_experiments/external_lab_migrated/PU-GCN/Upsampling/model.py"", line 9, in <module>
    from Upsampling.discriminator import Discriminator
  File ""/home/woody/iwnt/iwnt189h/thesis_pointcloud/modelnet40_experiments/external_lab_migrated/PU-GCN/Upsampling/discriminator.py"", line 8, in <module>
    from Common import ops
  File ""/home/woody/iwnt/iwnt189h/thesis_pointcloud/modelnet40_experiments/external_lab_migrated/PU-GCN/Common/ops.py"", line 4, in <module>
    from tf_ops.grouping.tf_grouping import knn_point_2
  File ""/home/woody/iwnt/iwnt189h/thesis_pointcloud/modelnet40_experiments/external_lab_migrated/PU-GCN/tf_ops/grouping/tf_grouping.py"", line 11, in <module>
    os.path.join(BASE_DIR, 'tf_grouping_so.so'))
  File ""/home/hpc/iwnt/iwnt189h/.conda/envs/tf15_upsampling/lib/python3.7/site-packages/tensorflow_core/python/framework/load_library.py"", line 61, in load_op_library
    lib_handle = py_tf.TF_LoadLibrary(library_filename)
tensorflow.python.framework.errors_impl.NotFoundError: libcudart.so.10.0: cannot open shared object file: No such file or directory

"
pugcn,B,test,cup,10,cup_0080,downsampled50,/home/woody/iwnt/iwnt189h/thesis_pointcloud/modelnet40_pointnet2_upsampling/datasets/smoke_inputs/downsampled50/test/cup/cup_0080.npy,512,2048,,/home/woody/iwnt/iwnt189h/thesis_pointcloud/modelnet40_pointnet2_upsampling/datasets/modelnet40_downsampled50_up/pugcn_x4_smoke_rerun/test/cup/cup_0080.npy,,,failed,"PU-GCN inference failed (rc=1):
stdout:

stderr:
Traceback (most recent call last):
  File ""main.py"", line 2, in <module>
    from Upsampling.model import Model
  File ""/home/woody/iwnt/iwnt189h/thesis_pointcloud/modelnet40_experiments/external_lab_migrated/PU-GCN/Upsampling/model.py"", line 9, in <module>
    from Upsampling.discriminator import Discriminator
  File ""/home/woody/iwnt/iwnt189h/thesis_pointcloud/modelnet40_experiments/external_lab_migrated/PU-GCN/Upsampling/discriminator.py"", line 8, in <module>
    from Common import ops
  File ""/home/woody/iwnt/iwnt189h/thesis_pointcloud/modelnet40_experiments/external_lab_migrated/PU-GCN/Common/ops.py"", line 4, in <module>
    from tf_ops.grouping.tf_grouping import knn_point_2
  File ""/home/woody/iwnt/iwnt189h/thesis_pointcloud/modelnet40_experiments/external_lab_migrated/PU-GCN/tf_ops/grouping/tf_grouping.py"", line 11, in <module>
    os.path.join(BASE_DIR, 'tf_grouping_so.so'))
  File ""/home/hpc/iwnt/iwnt189h/.conda/envs/tf15_upsampling/lib/python3.7/site-packages/tensorflow_core/python/framework/load_library.py"", line 61, in load_op_library
    lib_handle = py_tf.TF_LoadLibrary(library_filename)
tensorflow.python.framework.errors_impl.NotFoundError: libcudart.so.10.0: cannot open shared object file: No such file or directory

Traceback (most recent call last):
  File ""scripts/run_upsampling_x4_smoke.py"", line 72, in process_sample
    raw_xyz = upsampler.upsample_xyz(points, sample_name=sample_name)
  File ""/home/woody/iwnt/iwnt189h/thesis_pointcloud/modelnet40_pointnet2_upsampling/scripts/pugcn_modelnet40_utils.py"", line 115, in upsample_xyz
    f""PU-GCN inference failed (rc={proc.returncode}):\n""
RuntimeError: PU-GCN inference failed (rc=1):
stdout:

stderr:
Traceback (most recent call last):
  File ""main.py"", line 2, in <module>
    from Upsampling.model import Model
  File ""/home/woody/iwnt/iwnt189h/thesis_pointcloud/modelnet40_experiments/external_lab_migrated/PU-GCN/Upsampling/model.py"", line 9, in <module>
    from Upsampling.discriminator import Discriminator
  File ""/home/woody/iwnt/iwnt189h/thesis_pointcloud/modelnet40_experiments/external_lab_migrated/PU-GCN/Upsampling/discriminator.py"", line 8, in <module>
    from Common import ops
  File ""/home/woody/iwnt/iwnt189h/thesis_pointcloud/modelnet40_experiments/external_lab_migrated/PU-GCN/Common/ops.py"", line 4, in <module>
    from tf_ops.grouping.tf_grouping import knn_point_2
  File ""/home/woody/iwnt/iwnt189h/thesis_pointcloud/modelnet40_experiments/external_lab_migrated/PU-GCN/tf_ops/grouping/tf_grouping.py"", line 11, in <module>
    os.path.join(BASE_DIR, 'tf_grouping_so.so'))
  File ""/home/hpc/iwnt/iwnt189h/.conda/envs/tf15_upsampling/lib/python3.7/site-packages/tensorflow_core/python/framework/load_library.py"", line 61, in load_op_library
    lib_handle = py_tf.TF_LoadLibrary(library_filename)
tensorflow.python.framework.errors_impl.NotFoundError: libcudart.so.10.0: cannot open shared object file: No such file or directory

"
pugcn,B,test,curtain,11,curtain_0139,downsampled50,/home/woody/iwnt/iwnt189h/thesis_pointcloud/modelnet40_pointnet2_upsampling/datasets/smoke_inputs/downsampled50/test/curtain/curtain_0139.npy,512,2048,,/home/woody/iwnt/iwnt189h/thesis_pointcloud/modelnet40_pointnet2_upsampling/datasets/modelnet40_downsampled50_up/pugcn_x4_smoke_rerun/test/curtain/curtain_0139.npy,,,failed,"PU-GCN inference failed (rc=1):
stdout:

stderr:
Traceback (most recent call last):
  File ""main.py"", line 2, in <module>
    from Upsampling.model import Model
  File ""/home/woody/iwnt/iwnt189h/thesis_pointcloud/modelnet40_experiments/external_lab_migrated/PU-GCN/Upsampling/model.py"", line 9, in <module>
    from Upsampling.discriminator import Discriminator
  File ""/home/woody/iwnt/iwnt189h/thesis_pointcloud/modelnet40_experiments/external_lab_migrated/PU-GCN/Upsampling/discriminator.py"", line 8, in <module>
    from Common import ops
  File ""/home/woody/iwnt/iwnt189h/thesis_pointcloud/modelnet40_experiments/external_lab_migrated/PU-GCN/Common/ops.py"", line 4, in <module>
    from tf_ops.grouping.tf_grouping import knn_point_2
  File ""/home/woody/iwnt/iwnt189h/thesis_pointcloud/modelnet40_experiments/external_lab_migrated/PU-GCN/tf_ops/grouping/tf_grouping.py"", line 11, in <module>
    os.path.join(BASE_DIR, 'tf_grouping_so.so'))
  File ""/home/hpc/iwnt/iwnt189h/.conda/envs/tf15_upsampling/lib/python3.7/site-packages/tensorflow_core/python/framework/load_library.py"", line 61, in load_op_library
    lib_handle = py_tf.TF_LoadLibrary(library_filename)
tensorflow.python.framework.errors_impl.NotFoundError: libcudart.so.10.0: cannot open shared object file: No such file or directory

Traceback (most recent call last):
  File ""scripts/run_upsampling_x4_smoke.py"", line 72, in process_sample
    raw_xyz = upsampler.upsample_xyz(points, sample_name=sample_name)
  File ""/home/woody/iwnt/iwnt189h/thesis_pointcloud/modelnet40_pointnet2_upsampling/scripts/pugcn_modelnet40_utils.py"", line 115, in upsample_xyz
    f""PU-GCN inference failed (rc={proc.returncode}):\n""
RuntimeError: PU-GCN inference failed (rc=1):
stdout:

stderr:
Traceback (most recent call last):
  File ""main.py"", line 2, in <module>
    from Upsampling.model import Model
  File ""/home/woody/iwnt/iwnt189h/thesis_pointcloud/modelnet40_experiments/external_lab_migrated/PU-GCN/Upsampling/model.py"", line 9, in <module>
    from Upsampling.discriminator import Discriminator
  File ""/home/woody/iwnt/iwnt189h/thesis_pointcloud/modelnet40_experiments/external_lab_migrated/PU-GCN/Upsampling/discriminator.py"", line 8, in <module>
    from Common import ops
  File ""/home/woody/iwnt/iwnt189h/thesis_pointcloud/modelnet40_experiments/external_lab_migrated/PU-GCN/Common/ops.py"", line 4, in <module>
    from tf_ops.grouping.tf_grouping import knn_point_2
  File ""/home/woody/iwnt/iwnt189h/thesis_pointcloud/modelnet40_experiments/external_lab_migrated/PU-GCN/tf_ops/grouping/tf_grouping.py"", line 11, in <module>
    os.path.join(BASE_DIR, 'tf_grouping_so.so'))
  File ""/home/hpc/iwnt/iwnt189h/.conda/envs/tf15_upsampling/lib/python3.7/site-packages/tensorflow_core/python/framework/load_library.py"", line 61, in load_op_library
    lib_handle = py_tf.TF_LoadLibrary(library_filename)
tensorflow.python.framework.errors_impl.NotFoundError: libcudart.so.10.0: cannot open shared object file: No such file or directory

"
pugcn,B,test,desk,12,desk_0201,downsampled50,/home/woody/iwnt/iwnt189h/thesis_pointcloud/modelnet40_pointnet2_upsampling/datasets/smoke_inputs/downsampled50/test/desk/desk_0201.npy,512,2048,,/home/woody/iwnt/iwnt189h/thesis_pointcloud/modelnet40_pointnet2_upsampling/datasets/modelnet40_downsampled50_up/pugcn_x4_smoke_rerun/test/desk/desk_0201.npy,,,failed,"PU-GCN inference failed (rc=1):
stdout:

stderr:
Traceback (most recent call last):
  File ""main.py"", line 2, in <module>
    from Upsampling.model import Model
  File ""/home/woody/iwnt/iwnt189h/thesis_pointcloud/modelnet40_experiments/external_lab_migrated/PU-GCN/Upsampling/model.py"", line 9, in <module>
    from Upsampling.discriminator import Discriminator
  File ""/home/woody/iwnt/iwnt189h/thesis_pointcloud/modelnet40_experiments/external_lab_migrated/PU-GCN/Upsampling/discriminator.py"", line 8, in <module>
    from Common import ops
  File ""/home/woody/iwnt/iwnt189h/thesis_pointcloud/modelnet40_experiments/external_lab_migrated/PU-GCN/Common/ops.py"", line 4, in <module>
    from tf_ops.grouping.tf_grouping import knn_point_2
  File ""/home/woody/iwnt/iwnt189h/thesis_pointcloud/modelnet40_experiments/external_lab_migrated/PU-GCN/tf_ops/grouping/tf_grouping.py"", line 11, in <module>
    os.path.join(BASE_DIR, 'tf_grouping_so.so'))
  File ""/home/hpc/iwnt/iwnt189h/.conda/envs/tf15_upsampling/lib/python3.7/site-packages/tensorflow_core/python/framework/load_library.py"", line 61, in load_op_library
    lib_handle = py_tf.TF_LoadLibrary(library_filename)
tensorflow.python.framework.errors_impl.NotFoundError: libcudart.so.10.0: cannot open shared object file: No such file or directory

Traceback (most recent call last):
  File ""scripts/run_upsampling_x4_smoke.py"", line 72, in process_sample
    raw_xyz = upsampler.upsample_xyz(points, sample_name=sample_name)
  File ""/home/woody/iwnt/iwnt189h/thesis_pointcloud/modelnet40_pointnet2_upsampling/scripts/pugcn_modelnet40_utils.py"", line 115, in upsample_xyz
    f""PU-GCN inference failed (rc={proc.returncode}):\n""
RuntimeError: PU-GCN inference failed (rc=1):
stdout:

stderr:
Traceback (most recent call last):
  File ""main.py"", line 2, in <module>
    from Upsampling.model import Model
  File ""/home/woody/iwnt/iwnt189h/thesis_pointcloud/modelnet40_experiments/external_lab_migrated/PU-GCN/Upsampling/model.py"", line 9, in <module>
    from Upsampling.discriminator import Discriminator
  File ""/home/woody/iwnt/iwnt189h/thesis_pointcloud/modelnet40_experiments/external_lab_migrated/PU-GCN/Upsampling/discriminator.py"", line 8, in <module>
    from Common import ops
  File ""/home/woody/iwnt/iwnt189h/thesis_pointcloud/modelnet40_experiments/external_lab_migrated/PU-GCN/Common/ops.py"", line 4, in <module>
    from tf_ops.grouping.tf_grouping import knn_point_2
  File ""/home/woody/iwnt/iwnt189h/thesis_pointcloud/modelnet40_experiments/external_lab_migrated/PU-GCN/tf_ops/grouping/tf_grouping.py"", line 11, in <module>
    os.path.join(BASE_DIR, 'tf_grouping_so.so'))
  File ""/home/hpc/iwnt/iwnt189h/.conda/envs/tf15_upsampling/lib/python3.7/site-packages/tensorflow_core/python/framework/load_library.py"", line 61, in load_op_library
    lib_handle = py_tf.TF_LoadLibrary(library_filename)
tensorflow.python.framework.errors_impl.NotFoundError: libcudart.so.10.0: cannot open shared object file: No such file or directory

"
pugcn,B,test,door,13,door_0110,downsampled50,/home/woody/iwnt/iwnt189h/thesis_pointcloud/modelnet40_pointnet2_upsampling/datasets/smoke_inputs/downsampled50/test/door/door_0110.npy,512,2048,,/home/woody/iwnt/iwnt189h/thesis_pointcloud/modelnet40_pointnet2_upsampling/datasets/modelnet40_downsampled50_up/pugcn_x4_smoke_rerun/test/door/door_0110.npy,,,failed,"PU-GCN inference failed (rc=1):
stdout:

stderr:
Traceback (most recent call last):
  File ""main.py"", line 2, in <module>
    from Upsampling.model import Model
  File ""/home/woody/iwnt/iwnt189h/thesis_pointcloud/modelnet40_experiments/external_lab_migrated/PU-GCN/Upsampling/model.py"", line 9, in <module>
    from Upsampling.discriminator import Discriminator
  File ""/home/woody/iwnt/iwnt189h/thesis_pointcloud/modelnet40_experiments/external_lab_migrated/PU-GCN/Upsampling/discriminator.py"", line 8, in <module>
    from Common import ops
  File ""/home/woody/iwnt/iwnt189h/thesis_pointcloud/modelnet40_experiments/external_lab_migrated/PU-GCN/Common/ops.py"", line 4, in <module>
    from tf_ops.grouping.tf_grouping import knn_point_2
  File ""/home/woody/iwnt/iwnt189h/thesis_pointcloud/modelnet40_experiments/external_lab_migrated/PU-GCN/tf_ops/grouping/tf_grouping.py"", line 11, in <module>
    os.path.join(BASE_DIR, 'tf_grouping_so.so'))
  File ""/home/hpc/iwnt/iwnt189h/.conda/envs/tf15_upsampling/lib/python3.7/site-packages/tensorflow_core/python/framework/load_library.py"", line 61, in load_op_library
    lib_handle = py_tf.TF_LoadLibrary(library_filename)
tensorflow.python.framework.errors_impl.NotFoundError: libcudart.so.10.0: cannot open shared object file: No such file or directory

Traceback (most recent call last):
  File ""scripts/run_upsampling_x4_smoke.py"", line 72, in process_sample
    raw_xyz = upsampler.upsample_xyz(points, sample_name=sample_name)
  File ""/home/woody/iwnt/iwnt189h/thesis_pointcloud/modelnet40_pointnet2_upsampling/scripts/pugcn_modelnet40_utils.py"", line 115, in upsample_xyz
    f""PU-GCN inference failed (rc={proc.returncode}):\n""
RuntimeError: PU-GCN inference failed (rc=1):
stdout:

stderr:
Traceback (most recent call last):
  File ""main.py"", line 2, in <module>
    from Upsampling.model import Model
  File ""/home/woody/iwnt/iwnt189h/thesis_pointcloud/modelnet40_experiments/external_lab_migrated/PU-GCN/Upsampling/model.py"", line 9, in <module>
    from Upsampling.discriminator import Discriminator
  File ""/home/woody/iwnt/iwnt189h/thesis_pointcloud/modelnet40_experiments/external_lab_migrated/PU-GCN/Upsampling/discriminator.py"", line 8, in <module>
    from Common import ops
  File ""/home/woody/iwnt/iwnt189h/thesis_pointcloud/modelnet40_experiments/external_lab_migrated/PU-GCN/Common/ops.py"", line 4, in <module>
    from tf_ops.grouping.tf_grouping import knn_point_2
  File ""/home/woody/iwnt/iwnt189h/thesis_pointcloud/modelnet40_experiments/external_lab_migrated/PU-GCN/tf_ops/grouping/tf_grouping.py"", line 11, in <module>
    os.path.join(BASE_DIR, 'tf_grouping_so.so'))
  File ""/home/hpc/iwnt/iwnt189h/.conda/envs/tf15_upsampling/lib/python3.7/site-packages/tensorflow_core/python/framework/load_library.py"", line 61, in load_op_library
    lib_handle = py_tf.TF_LoadLibrary(library_filename)
tensorflow.python.framework.errors_impl.NotFoundError: libcudart.so.10.0: cannot open shared object file: No such file or directory

"
pugcn,B,test,dresser,14,dresser_0201,downsampled50,/home/woody/iwnt/iwnt189h/thesis_pointcloud/modelnet40_pointnet2_upsampling/datasets/smoke_inputs/downsampled50/test/dresser/dresser_0201.npy,512,2048,,/home/woody/iwnt/iwnt189h/thesis_pointcloud/modelnet40_pointnet2_upsampling/datasets/modelnet40_downsampled50_up/pugcn_x4_smoke_rerun/test/dresser/dresser_0201.npy,,,failed,"PU-GCN inference failed (rc=1):
stdout:

stderr:
Traceback (most recent call last):
  File ""main.py"", line 2, in <module>
    from Upsampling.model import Model
  File ""/home/woody/iwnt/iwnt189h/thesis_pointcloud/modelnet40_experiments/external_lab_migrated/PU-GCN/Upsampling/model.py"", line 9, in <module>
    from Upsampling.discriminator import Discriminator
  File ""/home/woody/iwnt/iwnt189h/thesis_pointcloud/modelnet40_experiments/external_lab_migrated/PU-GCN/Upsampling/discriminator.py"", line 8, in <module>
    from Common import ops
  File ""/home/woody/iwnt/iwnt189h/thesis_pointcloud/modelnet40_experiments/external_lab_migrated/PU-GCN/Common/ops.py"", line 4, in <module>
    from tf_ops.grouping.tf_grouping import knn_point_2
  File ""/home/woody/iwnt/iwnt189h/thesis_pointcloud/modelnet40_experiments/external_lab_migrated/PU-GCN/tf_ops/grouping/tf_grouping.py"", line 11, in <module>
    os.path.join(BASE_DIR, 'tf_grouping_so.so'))
  File ""/home/hpc/iwnt/iwnt189h/.conda/envs/tf15_upsampling/lib/python3.7/site-packages/tensorflow_core/python/framework/load_library.py"", line 61, in load_op_library
    lib_handle = py_tf.TF_LoadLibrary(library_filename)
tensorflow.python.framework.errors_impl.NotFoundError: libcudart.so.10.0: cannot open shared object file: No such file or directory

Traceback (most recent call last):
  File ""scripts/run_upsampling_x4_smoke.py"", line 72, in process_sample
    raw_xyz = upsampler.upsample_xyz(points, sample_name=sample_name)
  File ""/home/woody/iwnt/iwnt189h/thesis_pointcloud/modelnet40_pointnet2_upsampling/scripts/pugcn_modelnet40_utils.py"", line 115, in upsample_xyz
    f""PU-GCN inference failed (rc={proc.returncode}):\n""
RuntimeError: PU-GCN inference failed (rc=1):
stdout:

stderr:
Traceback (most recent call last):
  File ""main.py"", line 2, in <module>
    from Upsampling.model import Model
  File ""/home/woody/iwnt/iwnt189h/thesis_pointcloud/modelnet40_experiments/external_lab_migrated/PU-GCN/Upsampling/model.py"", line 9, in <module>
    from Upsampling.discriminator import Discriminator
  File ""/home/woody/iwnt/iwnt189h/thesis_pointcloud/modelnet40_experiments/external_lab_migrated/PU-GCN/Upsampling/discriminator.py"", line 8, in <module>
    from Common import ops
  File ""/home/woody/iwnt/iwnt189h/thesis_pointcloud/modelnet40_experiments/external_lab_migrated/PU-GCN/Common/ops.py"", line 4, in <module>
    from tf_ops.grouping.tf_grouping import knn_point_2
  File ""/home/woody/iwnt/iwnt189h/thesis_pointcloud/modelnet40_experiments/external_lab_migrated/PU-GCN/tf_ops/grouping/tf_grouping.py"", line 11, in <module>
    os.path.join(BASE_DIR, 'tf_grouping_so.so'))
  File ""/home/hpc/iwnt/iwnt189h/.conda/envs/tf15_upsampling/lib/python3.7/site-packages/tensorflow_core/python/framework/load_library.py"", line 61, in load_op_library
    lib_handle = py_tf.TF_LoadLibrary(library_filename)
tensorflow.python.framework.errors_impl.NotFoundError: libcudart.so.10.0: cannot open shared object file: No such file or directory

"
pugcn,B,test,flower_pot,15,flower_pot_0150,downsampled50,/home/woody/iwnt/iwnt189h/thesis_pointcloud/modelnet40_pointnet2_upsampling/datasets/smoke_inputs/downsampled50/test/flower_pot/flower_pot_0150.npy,512,2048,,/home/woody/iwnt/iwnt189h/thesis_pointcloud/modelnet40_pointnet2_upsampling/datasets/modelnet40_downsampled50_up/pugcn_x4_smoke_rerun/test/flower_pot/flower_pot_0150.npy,,,failed,"PU-GCN inference failed (rc=1):
stdout:

stderr:
Traceback (most recent call last):
  File ""main.py"", line 2, in <module>
    from Upsampling.model import Model
  File ""/home/woody/iwnt/iwnt189h/thesis_pointcloud/modelnet40_experiments/external_lab_migrated/PU-GCN/Upsampling/model.py"", line 9, in <module>
    from Upsampling.discriminator import Discriminator
  File ""/home/woody/iwnt/iwnt189h/thesis_pointcloud/modelnet40_experiments/external_lab_migrated/PU-GCN/Upsampling/discriminator.py"", line 8, in <module>
    from Common import ops
  File ""/home/woody/iwnt/iwnt189h/thesis_pointcloud/modelnet40_experiments/external_lab_migrated/PU-GCN/Common/ops.py"", line 4, in <module>
    from tf_ops.grouping.tf_grouping import knn_point_2
  File ""/home/woody/iwnt/iwnt189h/thesis_pointcloud/modelnet40_experiments/external_lab_migrated/PU-GCN/tf_ops/grouping/tf_grouping.py"", line 11, in <module>
    os.path.join(BASE_DIR, 'tf_grouping_so.so'))
  File ""/home/hpc/iwnt/iwnt189h/.conda/envs/tf15_upsampling/lib/python3.7/site-packages/tensorflow_core/python/framework/load_library.py"", line 61, in load_op_library
    lib_handle = py_tf.TF_LoadLibrary(library_filename)
tensorflow.python.framework.errors_impl.NotFoundError: libcudart.so.10.0: cannot open shared object file: No such file or directory

Traceback (most recent call last):
  File ""scripts/run_upsampling_x4_smoke.py"", line 72, in process_sample
    raw_xyz = upsampler.upsample_xyz(points, sample_name=sample_name)
  File ""/home/woody/iwnt/iwnt189h/thesis_pointcloud/modelnet40_pointnet2_upsampling/scripts/pugcn_modelnet40_utils.py"", line 115, in upsample_xyz
    f""PU-GCN inference failed (rc={proc.returncode}):\n""
RuntimeError: PU-GCN inference failed (rc=1):
stdout:

stderr:
Traceback (most recent call last):
  File ""main.py"", line 2, in <module>
    from Upsampling.model import Model
  File ""/home/woody/iwnt/iwnt189h/thesis_pointcloud/modelnet40_experiments/external_lab_migrated/PU-GCN/Upsampling/model.py"", line 9, in <module>
    from Upsampling.discriminator import Discriminator
  File ""/home/woody/iwnt/iwnt189h/thesis_pointcloud/modelnet40_experiments/external_lab_migrated/PU-GCN/Upsampling/discriminator.py"", line 8, in <module>
    from Common import ops
  File ""/home/woody/iwnt/iwnt189h/thesis_pointcloud/modelnet40_experiments/external_lab_migrated/PU-GCN/Common/ops.py"", line 4, in <module>
    from tf_ops.grouping.tf_grouping import knn_point_2
  File ""/home/woody/iwnt/iwnt189h/thesis_pointcloud/modelnet40_experiments/external_lab_migrated/PU-GCN/tf_ops/grouping/tf_grouping.py"", line 11, in <module>
    os.path.join(BASE_DIR, 'tf_grouping_so.so'))
  File ""/home/hpc/iwnt/iwnt189h/.conda/envs/tf15_upsampling/lib/python3.7/site-packages/tensorflow_core/python/framework/load_library.py"", line 61, in load_op_library
    lib_handle = py_tf.TF_LoadLibrary(library_filename)
tensorflow.python.framework.errors_impl.NotFoundError: libcudart.so.10.0: cannot open shared object file: No such file or directory

"
pugcn,B,test,glass_box,16,glass_box_0172,downsampled50,/home/woody/iwnt/iwnt189h/thesis_pointcloud/modelnet40_pointnet2_upsampling/datasets/smoke_inputs/downsampled50/test/glass_box/glass_box_0172.npy,512,2048,,/home/woody/iwnt/iwnt189h/thesis_pointcloud/modelnet40_pointnet2_upsampling/datasets/modelnet40_downsampled50_up/pugcn_x4_smoke_rerun/test/glass_box/glass_box_0172.npy,,,failed,"PU-GCN inference failed (rc=1):
stdout:

stderr:
Traceback (most recent call last):
  File ""main.py"", line 2, in <module>
    from Upsampling.model import Model
  File ""/home/woody/iwnt/iwnt189h/thesis_pointcloud/modelnet40_experiments/external_lab_migrated/PU-GCN/Upsampling/model.py"", line 9, in <module>
    from Upsampling.discriminator import Discriminator
  File ""/home/woody/iwnt/iwnt189h/thesis_pointcloud/modelnet40_experiments/external_lab_migrated/PU-GCN/Upsampling/discriminator.py"", line 8, in <module>
    from Common import ops
  File ""/home/woody/iwnt/iwnt189h/thesis_pointcloud/modelnet40_experiments/external_lab_migrated/PU-GCN/Common/ops.py"", line 4, in <module>
    from tf_ops.grouping.tf_grouping import knn_point_2
  File ""/home/woody/iwnt/iwnt189h/thesis_pointcloud/modelnet40_experiments/external_lab_migrated/PU-GCN/tf_ops/grouping/tf_grouping.py"", line 11, in <module>
    os.path.join(BASE_DIR, 'tf_grouping_so.so'))
  File ""/home/hpc/iwnt/iwnt189h/.conda/envs/tf15_upsampling/lib/python3.7/site-packages/tensorflow_core/python/framework/load_library.py"", line 61, in load_op_library
    lib_handle = py_tf.TF_LoadLibrary(library_filename)
tensorflow.python.framework.errors_impl.NotFoundError: libcudart.so.10.0: cannot open shared object file: No such file or directory

Traceback (most recent call last):
  File ""scripts/run_upsampling_x4_smoke.py"", line 72, in process_sample
    raw_xyz = upsampler.upsample_xyz(points, sample_name=sample_name)
  File ""/home/woody/iwnt/iwnt189h/thesis_pointcloud/modelnet40_pointnet2_upsampling/scripts/pugcn_modelnet40_utils.py"", line 115, in upsample_xyz
    f""PU-GCN inference failed (rc={proc.returncode}):\n""
RuntimeError: PU-GCN inference failed (rc=1):
stdout:

stderr:
Traceback (most recent call last):
  File ""main.py"", line 2, in <module>
    from Upsampling.model import Model
  File ""/home/woody/iwnt/iwnt189h/thesis_pointcloud/modelnet40_experiments/external_lab_migrated/PU-GCN/Upsampling/model.py"", line 9, in <module>
    from Upsampling.discriminator import Discriminator
  File ""/home/woody/iwnt/iwnt189h/thesis_pointcloud/modelnet40_experiments/external_lab_migrated/PU-GCN/Upsampling/discriminator.py"", line 8, in <module>
    from Common import ops
  File ""/home/woody/iwnt/iwnt189h/thesis_pointcloud/modelnet40_experiments/external_lab_migrated/PU-GCN/Common/ops.py"", line 4, in <module>
    from tf_ops.grouping.tf_grouping import knn_point_2
  File ""/home/woody/iwnt/iwnt189h/thesis_pointcloud/modelnet40_experiments/external_lab_migrated/PU-GCN/tf_ops/grouping/tf_grouping.py"", line 11, in <module>
    os.path.join(BASE_DIR, 'tf_grouping_so.so'))
  File ""/home/hpc/iwnt/iwnt189h/.conda/envs/tf15_upsampling/lib/python3.7/site-packages/tensorflow_core/python/framework/load_library.py"", line 61, in load_op_library
    lib_handle = py_tf.TF_LoadLibrary(library_filename)
tensorflow.python.framework.errors_impl.NotFoundError: libcudart.so.10.0: cannot open shared object file: No such file or directory

"
pugcn,B,test,guitar,17,guitar_0156,downsampled50,/home/woody/iwnt/iwnt189h/thesis_pointcloud/modelnet40_pointnet2_upsampling/datasets/smoke_inputs/downsampled50/test/guitar/guitar_0156.npy,512,2048,,/home/woody/iwnt/iwnt189h/thesis_pointcloud/modelnet40_pointnet2_upsampling/datasets/modelnet40_downsampled50_up/pugcn_x4_smoke_rerun/test/guitar/guitar_0156.npy,,,failed,"PU-GCN inference failed (rc=1):
stdout:

stderr:
Traceback (most recent call last):
  File ""main.py"", line 2, in <module>
    from Upsampling.model import Model
  File ""/home/woody/iwnt/iwnt189h/thesis_pointcloud/modelnet40_experiments/external_lab_migrated/PU-GCN/Upsampling/model.py"", line 9, in <module>
    from Upsampling.discriminator import Discriminator
  File ""/home/woody/iwnt/iwnt189h/thesis_pointcloud/modelnet40_experiments/external_lab_migrated/PU-GCN/Upsampling/discriminator.py"", line 8, in <module>
    from Common import ops
  File ""/home/woody/iwnt/iwnt189h/thesis_pointcloud/modelnet40_experiments/external_lab_migrated/PU-GCN/Common/ops.py"", line 4, in <module>
    from tf_ops.grouping.tf_grouping import knn_point_2
  File ""/home/woody/iwnt/iwnt189h/thesis_pointcloud/modelnet40_experiments/external_lab_migrated/PU-GCN/tf_ops/grouping/tf_grouping.py"", line 11, in <module>
    os.path.join(BASE_DIR, 'tf_grouping_so.so'))
  File ""/home/hpc/iwnt/iwnt189h/.conda/envs/tf15_upsampling/lib/python3.7/site-packages/tensorflow_core/python/framework/load_library.py"", line 61, in load_op_library
    lib_handle = py_tf.TF_LoadLibrary(library_filename)
tensorflow.python.framework.errors_impl.NotFoundError: libcudart.so.10.0: cannot open shared object file: No such file or directory

Traceback (most recent call last):
  File ""scripts/run_upsampling_x4_smoke.py"", line 72, in process_sample
    raw_xyz = upsampler.upsample_xyz(points, sample_name=sample_name)
  File ""/home/woody/iwnt/iwnt189h/thesis_pointcloud/modelnet40_pointnet2_upsampling/scripts/pugcn_modelnet40_utils.py"", line 115, in upsample_xyz
    f""PU-GCN inference failed (rc={proc.returncode}):\n""
RuntimeError: PU-GCN inference failed (rc=1):
stdout:

stderr:
Traceback (most recent call last):
  File ""main.py"", line 2, in <module>
    from Upsampling.model import Model
  File ""/home/woody/iwnt/iwnt189h/thesis_pointcloud/modelnet40_experiments/external_lab_migrated/PU-GCN/Upsampling/model.py"", line 9, in <module>
    from Upsampling.discriminator import Discriminator
  File ""/home/woody/iwnt/iwnt189h/thesis_pointcloud/modelnet40_experiments/external_lab_migrated/PU-GCN/Upsampling/discriminator.py"", line 8, in <module>
    from Common import ops
  File ""/home/woody/iwnt/iwnt189h/thesis_pointcloud/modelnet40_experiments/external_lab_migrated/PU-GCN/Common/ops.py"", line 4, in <module>
    from tf_ops.grouping.tf_grouping import knn_point_2
  File ""/home/woody/iwnt/iwnt189h/thesis_pointcloud/modelnet40_experiments/external_lab_migrated/PU-GCN/tf_ops/grouping/tf_grouping.py"", line 11, in <module>
    os.path.join(BASE_DIR, 'tf_grouping_so.so'))
  File ""/home/hpc/iwnt/iwnt189h/.conda/envs/tf15_upsampling/lib/python3.7/site-packages/tensorflow_core/python/framework/load_library.py"", line 61, in load_op_library
    lib_handle = py_tf.TF_LoadLibrary(library_filename)
tensorflow.python.framework.errors_impl.NotFoundError: libcudart.so.10.0: cannot open shared object file: No such file or directory

"
pugcn,B,test,keyboard,18,keyboard_0146,downsampled50,/home/woody/iwnt/iwnt189h/thesis_pointcloud/modelnet40_pointnet2_upsampling/datasets/smoke_inputs/downsampled50/test/keyboard/keyboard_0146.npy,512,2048,,/home/woody/iwnt/iwnt189h/thesis_pointcloud/modelnet40_pointnet2_upsampling/datasets/modelnet40_downsampled50_up/pugcn_x4_smoke_rerun/test/keyboard/keyboard_0146.npy,,,failed,"PU-GCN inference failed (rc=1):
stdout:

stderr:
Traceback (most recent call last):
  File ""main.py"", line 2, in <module>
    from Upsampling.model import Model
  File ""/home/woody/iwnt/iwnt189h/thesis_pointcloud/modelnet40_experiments/external_lab_migrated/PU-GCN/Upsampling/model.py"", line 9, in <module>
    from Upsampling.discriminator import Discriminator
  File ""/home/woody/iwnt/iwnt189h/thesis_pointcloud/modelnet40_experiments/external_lab_migrated/PU-GCN/Upsampling/discriminator.py"", line 8, in <module>
    from Common import ops
  File ""/home/woody/iwnt/iwnt189h/thesis_pointcloud/modelnet40_experiments/external_lab_migrated/PU-GCN/Common/ops.py"", line 4, in <module>
    from tf_ops.grouping.tf_grouping import knn_point_2
  File ""/home/woody/iwnt/iwnt189h/thesis_pointcloud/modelnet40_experiments/external_lab_migrated/PU-GCN/tf_ops/grouping/tf_grouping.py"", line 11, in <module>
    os.path.join(BASE_DIR, 'tf_grouping_so.so'))
  File ""/home/hpc/iwnt/iwnt189h/.conda/envs/tf15_upsampling/lib/python3.7/site-packages/tensorflow_core/python/framework/load_library.py"", line 61, in load_op_library
    lib_handle = py_tf.TF_LoadLibrary(library_filename)
tensorflow.python.framework.errors_impl.NotFoundError: libcudart.so.10.0: cannot open shared object file: No such file or directory

Traceback (most recent call last):
  File ""scripts/run_upsampling_x4_smoke.py"", line 72, in process_sample
    raw_xyz = upsampler.upsample_xyz(points, sample_name=sample_name)
  File ""/home/woody/iwnt/iwnt189h/thesis_pointcloud/modelnet40_pointnet2_upsampling/scripts/pugcn_modelnet40_utils.py"", line 115, in upsample_xyz
    f""PU-GCN inference failed (rc={proc.returncode}):\n""
RuntimeError: PU-GCN inference failed (rc=1):
stdout:

stderr:
Traceback (most recent call last):
  File ""main.py"", line 2, in <module>
    from Upsampling.model import Model
  File ""/home/woody/iwnt/iwnt189h/thesis_pointcloud/modelnet40_experiments/external_lab_migrated/PU-GCN/Upsampling/model.py"", line 9, in <module>
    from Upsampling.discriminator import Discriminator
  File ""/home/woody/iwnt/iwnt189h/thesis_pointcloud/modelnet40_experiments/external_lab_migrated/PU-GCN/Upsampling/discriminator.py"", line 8, in <module>
    from Common import ops
  File ""/home/woody/iwnt/iwnt189h/thesis_pointcloud/modelnet40_experiments/external_lab_migrated/PU-GCN/Common/ops.py"", line 4, in <module>
    from tf_ops.grouping.tf_grouping import knn_point_2
  File ""/home/woody/iwnt/iwnt189h/thesis_pointcloud/modelnet40_experiments/external_lab_migrated/PU-GCN/tf_ops/grouping/tf_grouping.py"", line 11, in <module>
    os.path.join(BASE_DIR, 'tf_grouping_so.so'))
  File ""/home/hpc/iwnt/iwnt189h/.conda/envs/tf15_upsampling/lib/python3.7/site-packages/tensorflow_core/python/framework/load_library.py"", line 61, in load_op_library
    lib_handle = py_tf.TF_LoadLibrary(library_filename)
tensorflow.python.framework.errors_impl.NotFoundError: libcudart.so.10.0: cannot open shared object file: No such file or directory

"
pugcn,B,test,lamp,19,lamp_0125,downsampled50,/home/woody/iwnt/iwnt189h/thesis_pointcloud/modelnet40_pointnet2_upsampling/datasets/smoke_inputs/downsampled50/test/lamp/lamp_0125.npy,512,2048,,/home/woody/iwnt/iwnt189h/thesis_pointcloud/modelnet40_pointnet2_upsampling/datasets/modelnet40_downsampled50_up/pugcn_x4_smoke_rerun/test/lamp/lamp_0125.npy,,,failed,"PU-GCN inference failed (rc=1):
stdout:

stderr:
Traceback (most recent call last):
  File ""main.py"", line 2, in <module>
    from Upsampling.model import Model
  File ""/home/woody/iwnt/iwnt189h/thesis_pointcloud/modelnet40_experiments/external_lab_migrated/PU-GCN/Upsampling/model.py"", line 9, in <module>
    from Upsampling.discriminator import Discriminator
  File ""/home/woody/iwnt/iwnt189h/thesis_pointcloud/modelnet40_experiments/external_lab_migrated/PU-GCN/Upsampling/discriminator.py"", line 8, in <module>
    from Common import ops
  File ""/home/woody/iwnt/iwnt189h/thesis_pointcloud/modelnet40_experiments/external_lab_migrated/PU-GCN/Common/ops.py"", line 4, in <module>
    from tf_ops.grouping.tf_grouping import knn_point_2
  File ""/home/woody/iwnt/iwnt189h/thesis_pointcloud/modelnet40_experiments/external_lab_migrated/PU-GCN/tf_ops/grouping/tf_grouping.py"", line 11, in <module>
    os.path.join(BASE_DIR, 'tf_grouping_so.so'))
  File ""/home/hpc/iwnt/iwnt189h/.conda/envs/tf15_upsampling/lib/python3.7/site-packages/tensorflow_core/python/framework/load_library.py"", line 61, in load_op_library
    lib_handle = py_tf.TF_LoadLibrary(library_filename)
tensorflow.python.framework.errors_impl.NotFoundError: libcudart.so.10.0: cannot open shared object file: No such file or directory

Traceback (most recent call last):
  File ""scripts/run_upsampling_x4_smoke.py"", line 72, in process_sample
    raw_xyz = upsampler.upsample_xyz(points, sample_name=sample_name)
  File ""/home/woody/iwnt/iwnt189h/thesis_pointcloud/modelnet40_pointnet2_upsampling/scripts/pugcn_modelnet40_utils.py"", line 115, in upsample_xyz
    f""PU-GCN inference failed (rc={proc.returncode}):\n""
RuntimeError: PU-GCN inference failed (rc=1):
stdout:

stderr:
Traceback (most recent call last):
  File ""main.py"", line 2, in <module>
    from Upsampling.model import Model
  File ""/home/woody/iwnt/iwnt189h/thesis_pointcloud/modelnet40_experiments/external_lab_migrated/PU-GCN/Upsampling/model.py"", line 9, in <module>
    from Upsampling.discriminator import Discriminator
  File ""/home/woody/iwnt/iwnt189h/thesis_pointcloud/modelnet40_experiments/external_lab_migrated/PU-GCN/Upsampling/discriminator.py"", line 8, in <module>
    from Common import ops
  File ""/home/woody/iwnt/iwnt189h/thesis_pointcloud/modelnet40_experiments/external_lab_migrated/PU-GCN/Common/ops.py"", line 4, in <module>
    from tf_ops.grouping.tf_grouping import knn_point_2
  File ""/home/woody/iwnt/iwnt189h/thesis_pointcloud/modelnet40_experiments/external_lab_migrated/PU-GCN/tf_ops/grouping/tf_grouping.py"", line 11, in <module>
    os.path.join(BASE_DIR, 'tf_grouping_so.so'))
  File ""/home/hpc/iwnt/iwnt189h/.conda/envs/tf15_upsampling/lib/python3.7/site-packages/tensorflow_core/python/framework/load_library.py"", line 61, in load_op_library
    lib_handle = py_tf.TF_LoadLibrary(library_filename)
tensorflow.python.framework.errors_impl.NotFoundError: libcudart.so.10.0: cannot open shared object file: No such file or directory

"
